2025-05-26T03:00:42.485Z 日志开始 - 2025-05-26T03:00:42.485Z - 应用版本: 2.1.2 - 运行环境: 开发环境
2025-05-26T03:00:42.495Z 系统信息: win32 x64 - Node.js 18.18.2
2025-05-26T03:00:42.496Z App路径: D:\code\cursor\looklook
2025-05-26T03:00:42.496Z 可执行文件路径: D:\code\cursor\looklook\node_modules\electron\dist\electron.exe
2025-05-26T03:00:42.496Z [LOG] 日志文件已创建: D:\code\cursor\looklook\userdata\logs\app-2025-05-26.log
2025-05-26T03:00:42.497Z [ERROR] 设置控制台编码失败: process.stdout.setEncoding is not a function
2025-05-26T03:00:42.497Z [LOG] 应用准备就绪
2025-05-26T03:00:42.497Z [ENV] 运行模式: 开发环境
2025-05-26T03:00:42.497Z [ENV] 应用路径: D:\code\cursor\looklook
2025-05-26T03:00:42.497Z [ENV] 可执行文件路径: D:\code\cursor\looklook\node_modules\electron\dist\electron.exe
2025-05-26T03:00:42.497Z [ENV] 用户数据路径: D:\code\cursor\looklook\userdata
2025-05-26T03:00:42.498Z [FFMPEG_COPY] 开发环境中无需复制FFmpeg和FFprobe
2025-05-26T03:00:42.498Z [LOG] 用户数据目录: D:\code\cursor\looklook\userdata
2025-05-26T03:00:42.499Z [LOG] 缩略图目录: D:\code\cursor\looklook\userdata\thumbnails
2025-05-26T03:00:42.499Z [LOG] 设置文件不存在，创建默认设置文件
2025-05-26T03:00:42.500Z [LOG] 已创建默认设置文件: D:\code\cursor\looklook\userdata\settings.json
2025-05-26T03:00:42.503Z [LOG] 打包状态: 开发环境
2025-05-26T03:00:42.503Z [LOG] App Path: D:\code\cursor\looklook
2025-05-26T03:00:42.503Z [LOG] Exe Path: D:\code\cursor\looklook\node_modules\electron\dist\electron.exe
2025-05-26T03:00:42.503Z [LOG] 应用目录: D:\code\cursor\looklook\node_modules\electron\dist
2025-05-26T03:00:42.504Z [LOG] 资源目录: D:\code\cursor\looklook\node_modules\electron\dist\resources
2025-05-26T03:00:42.504Z [TEST] 开始测试FFmpeg和FFprobe可执行性
2025-05-26T03:00:42.504Z [TEST] 打包状态: 开发环境
2025-05-26T03:00:42.504Z [TEST] App路径: D:\code\cursor\looklook
2025-05-26T03:00:42.505Z [TEST] 可执行文件路径: D:\code\cursor\looklook\node_modules\electron\dist\electron.exe
2025-05-26T03:00:42.505Z [TEST] 应用目录: D:\code\cursor\looklook\node_modules\electron\dist
2025-05-26T03:00:42.505Z [TEST] 资源目录: D:\code\cursor\looklook\node_modules\electron\dist\resources
2025-05-26T03:00:42.505Z [LOG] 检查node_modules路径: D:\code\cursor\looklook\node_modules\electron\dist\resources\node_modules, 存在: false
2025-05-26T03:00:42.505Z [TEST] 检查node_modules路径: D:\code\cursor\looklook\node_modules\electron\dist\resources\node_modules, 存在: false
2025-05-26T03:00:42.505Z [LOG] 检查node_modules路径: D:\code\cursor\looklook\node_modules\electron\dist\node_modules, 存在: false
2025-05-26T03:00:42.506Z [TEST] 检查node_modules路径: D:\code\cursor\looklook\node_modules\electron\dist\node_modules, 存在: false
2025-05-26T03:00:42.506Z [LOG] 检查node_modules路径: D:\code\cursor\looklook\node_modules, 存在: true
2025-05-26T03:00:42.506Z [TEST] 检查node_modules路径: D:\code\cursor\looklook\node_modules, 存在: true
2025-05-26T03:00:42.506Z [TEST] D:\code\cursor\looklook\node_modules 中内容: .bin, .package-lock.json, 7zip-bin, @derhuerst, @develar, @electron, @isaacs, @malept, @pkgjs, @sindresorhus, @szmarczak, @tootallnate, @types, @xmldom, agent-base, ajv, ajv-formats, ajv-keywords, ansi-regex, ansi-styles, app-builder-bin, app-builder-lib, archiver, archiver-utils, argparse, async, async-exit-hook, asynckit, at-least-node, atomically, balanced-match, base64-js, binary-search-tree, bl, bluebird, bluebird-lst, boolean, brace-expansion, buffer, buffer-crc32, buffer-equal, buffer-from, builder-util, builder-util-runtime, cacheable-lookup, cacheable-request, call-bind-apply-helpers, caseless, chalk, chownr, chromium-pickle-js, ci-info, cliui, clone-response, color-convert, color-name, combined-stream, commander, compare-version, compress-commons, concat-map, concat-stream, conf, config-file-ts, core-util-is, crc-32, crc32-stream, cross-spawn, debounce-fn, debug, decompress-response, defer-to-connect, define-data-property, define-properties, delayed-stream, detect-node, dir-compare, dmg-builder, dot-prop, dotenv, dotenv-expand, dunder-proto, eastasianwidth, ejs, electron, electron-builder, electron-builder-squirrel-windows, electron-publish, electron-store, emoji-regex, end-of-stream, env-paths, err-code, es-define-property, es-errors, es-object-atoms, es-set-tostringtag, es6-error, escalade, escape-string-regexp, extract-zip, fast-deep-equal, fast-json-stable-stringify, fast-uri, fd-slicer, ffmpeg-static, ffprobe-static, filelist, fluent-ffmpeg, foreground-child, form-data, fs-constants, fs-extra, fs-minipass, fs.realpath, function-bind, get-caller-file, get-intrinsic, get-proto, get-stream, glob, global-agent, globalthis, gopd, got, graceful-fs, has-flag, has-property-descriptors, has-symbols, has-tostringtag, hasown, hosted-git-info, http-cache-semantics, http-proxy-agent, http-response-object, http2-wrapper, https-proxy-agent, iconv-lite, ieee754, immediate, inflight, inherits, is-ci, is-fullwidth-code-point, isarray, isbinaryfile, isexe, jackspeak, jake, js-yaml, json-buffer, json-schema-traverse, json-schema-typed, json-stringify-safe, json5, jsonfile, keyv, lazy-val, lazystream, lie, localforage, lodash, lodash.defaults, lodash.difference, lodash.flatten, lodash.isplainobject, lodash.union, lowercase-keys, lru-cache, matcher, math-intrinsics, mime, mime-db, mime-types, mimic-function, mimic-response, minimatch, minimist, minipass, minizlib, mkdirp, ms, nedb, normalize-path, normalize-url, object-keys, once, p-cancelable, package-json-from-dist, parse-cache-control, path-is-absolute, path-key, path-scurry, pend, plist, process-nextick-args, progress, promise-retry, pump, punycode, quick-lru, read-config-file, readable-stream, readdir-glob, require-directory, require-from-string, resolve-alpn, responselike, retry, rimraf, roarr, safe-buffer, safer-buffer, sanitize-filename, sax, semver, semver-compare, serialize-error, shebang-command, shebang-regex, signal-exit, simple-update-notifier, source-map, source-map-support, sprintf-js, stat-mode, string-width, string-width-cjs, string_decoder, strip-ansi, strip-ansi-cjs, stubborn-fs, sumchecker, supports-color, tar, tar-stream, temp-file, tmp, tmp-promise, truncate-utf8-bytes, type-fest, typedarray, typescript, uint8array-extras, underscore, undici-types, universalify, uri-js, utf8-byte-length, util-deprecate, when-exit, which, wrap-ansi, wrap-ansi-cjs, wrappy, xmlbuilder, y18n, yallist, yargs, yargs-parser, yauzl, zip-stream
2025-05-26T03:00:42.506Z [TEST] ffmpeg-static存在于 D:\code\cursor\looklook\node_modules\ffmpeg-static
2025-05-26T03:00:42.506Z [TEST] ffmpeg-static内容: example.js, ffmpeg.exe, index.js, install.js, LICENSE, package.json, README.md, types
2025-05-26T03:00:42.507Z [TEST] ffprobe-static存在于 D:\code\cursor\looklook\node_modules\ffprobe-static
2025-05-26T03:00:42.507Z [TEST] ffprobe-static内容: bin, index.js, LICENSE, package.json, README.md, tests
2025-05-26T03:00:42.507Z [TEST] ffprobe-static/bin内容: darwin, linux, win32
2025-05-26T03:00:42.507Z [TEST] ffprobe-static/bin/win32内容: ia32, x64
2025-05-26T03:00:42.507Z [TEST] ffprobe-static/bin/win32/x64内容: ffprobe.exe
2025-05-26T03:00:42.508Z [LOG] 测试FFmpeg可执行性...
2025-05-26T03:00:42.508Z [TEST] 开始测试FFmpeg可执行性
2025-05-26T03:00:42.509Z [LOG] FFmpeg文件存在: D:\code\cursor\looklook\node_modules\ffmpeg-static\ffmpeg.exe
2025-05-26T03:00:42.509Z [TEST] FFmpeg文件存在: D:\code\cursor\looklook\node_modules\ffmpeg-static\ffmpeg.exe
2025-05-26T03:00:42.510Z [LOG] FFmpeg有执行权限
2025-05-26T03:00:42.510Z [TEST] FFmpeg有执行权限
2025-05-26T03:00:42.539Z [LOG] 测试FFprobe可执行性...
2025-05-26T03:00:42.540Z [LOG] FFprobe文件存在: D:\code\cursor\looklook\node_modules\ffprobe-static\bin\win32\x64\ffprobe.exe
2025-05-26T03:00:42.540Z [LOG] FFprobe有执行权限
2025-05-26T03:00:42.601Z [LOG] 注册IPC事件处理程序...
2025-05-26T03:00:42.602Z [LOG] IPC事件处理程序注册完成
2025-05-26T03:00:42.607Z [LOG] FFprobe执行测试成功: ffprobe version 4.0.2 Copyright (c) 2007-2018 the FFmpeg developers
2025-05-26T03:00:42.608Z [LOG] FFmpeg执行测试成功: ffmpeg version 7.1.1-essentials_build-www.gyan.dev Copyright (c) 2000-2025 the FFmpeg developers
2025-05-26T03:00:42.608Z [TEST] FFmpeg执行测试成功: ffmpeg version 7.1.1-essentials_build-www.gyan.dev Copyright (c) 2000-2025 the FFmpeg developers
2025-05-26T03:00:42.608Z [LOG] FFprobe执行测试成功: ffprobe version 4.0.2 Copyright (c) 2007-2018 the FFmpeg developers
2025-05-26T03:00:42.609Z [LOG] FFmpeg执行测试成功: ffmpeg version 7.1.1-essentials_build-www.gyan.dev Copyright (c) 2000-2025 the FFmpeg developers
2025-05-26T03:00:42.609Z [TEST] FFmpeg执行测试成功: ffmpeg version 7.1.1-essentials_build-www.gyan.dev Copyright (c) 2000-2025 the FFmpeg developers
2025-05-26T03:00:42.639Z [LOG] 已加载 0 个视频记录
2025-05-26T03:00:42.639Z [LOG] 没有视频数据，无需清理重复
2025-05-26T03:00:42.640Z [LOG] 已加载枚举值[collection]: 0个
2025-05-26T03:00:42.641Z [LOG] 已加载枚举值[actors]: 0个
2025-05-26T03:00:42.641Z [LOG] 添加默认标签: 路径异常
2025-05-26T03:00:42.642Z [LOG] 添加默认标签: 压缩前
2025-05-26T03:00:42.644Z [LOG] 添加默认标签: 已压缩_高效感知无损
2025-05-26T03:00:42.645Z [LOG] 添加默认标签: 已压缩_完全无损
2025-05-26T03:00:42.646Z [LOG] 没有视频数据，无需检查文件存在性
2025-05-26T03:00:42.647Z [LOG] 开始清理无效预览图...
2025-05-26T03:00:42.647Z [CLEANUP] 开始清理无效预览图
2025-05-26T03:00:42.647Z [LOG] 缩略图目录中没有图片文件
2025-05-26T03:00:42.647Z [CLEANUP] 缩略图目录中没有图片文件
2025-05-26T03:00:42.648Z [LOG] 数据库模块初始化完成
2025-05-26T03:00:42.756Z [LOG] 处理get-videos请求
2025-05-26T03:00:42.759Z [LOG] 处理get-enum-values请求: collection
2025-05-26T03:00:42.760Z [LOG] 处理get-enum-values请求: actors
2025-05-26T03:00:42.766Z [LOG] 处理get-enum-values请求: collection
2025-05-26T03:00:42.767Z [LOG] 处理get-enum-values请求: actors
2025-05-26T03:17:52.504Z 日志开始 - 2025-05-26T03:17:52.504Z - 应用版本: 2.1.2 - 运行环境: 开发环境
2025-05-26T03:17:52.504Z 系统信息: win32 x64 - Node.js 18.18.2
2025-05-26T03:17:52.504Z App路径: D:\code\cursor\looklook
2025-05-26T03:17:52.504Z 可执行文件路径: D:\code\cursor\looklook\node_modules\electron\dist\electron.exe
2025-05-26T03:17:52.505Z [LOG] 日志文件已创建: D:\code\cursor\looklook\userdata\logs\app-2025-05-26.log
2025-05-26T03:17:52.505Z [ERROR] 设置控制台编码失败: process.stdout.setEncoding is not a function
2025-05-26T03:17:52.506Z [LOG] 应用准备就绪
2025-05-26T03:17:52.506Z [ENV] 运行模式: 开发环境
2025-05-26T03:17:52.506Z [ENV] 应用路径: D:\code\cursor\looklook
2025-05-26T03:17:52.506Z [ENV] 可执行文件路径: D:\code\cursor\looklook\node_modules\electron\dist\electron.exe
2025-05-26T03:17:52.506Z [ENV] 用户数据路径: D:\code\cursor\looklook\userdata
2025-05-26T03:17:52.507Z [FFMPEG_COPY] 开发环境中无需复制FFmpeg和FFprobe
2025-05-26T03:17:52.507Z [LOG] 用户数据目录: D:\code\cursor\looklook\userdata
2025-05-26T03:17:52.507Z [LOG] 缩略图目录: D:\code\cursor\looklook\userdata\thumbnails
2025-05-26T03:17:52.507Z [LOG] 设置文件已存在，无需创建默认设置
2025-05-26T03:17:52.511Z [LOG] 打包状态: 开发环境
2025-05-26T03:17:52.511Z [LOG] App Path: D:\code\cursor\looklook
2025-05-26T03:17:52.511Z [LOG] Exe Path: D:\code\cursor\looklook\node_modules\electron\dist\electron.exe
2025-05-26T03:17:52.512Z [LOG] 应用目录: D:\code\cursor\looklook\node_modules\electron\dist
2025-05-26T03:17:52.512Z [LOG] 资源目录: D:\code\cursor\looklook\node_modules\electron\dist\resources
2025-05-26T03:17:52.512Z [TEST] 开始测试FFmpeg和FFprobe可执行性
2025-05-26T03:17:52.512Z [TEST] 打包状态: 开发环境
2025-05-26T03:17:52.513Z [TEST] App路径: D:\code\cursor\looklook
2025-05-26T03:17:52.513Z [TEST] 可执行文件路径: D:\code\cursor\looklook\node_modules\electron\dist\electron.exe
2025-05-26T03:17:52.513Z [TEST] 应用目录: D:\code\cursor\looklook\node_modules\electron\dist
2025-05-26T03:17:52.513Z [TEST] 资源目录: D:\code\cursor\looklook\node_modules\electron\dist\resources
2025-05-26T03:17:52.514Z [LOG] 检查node_modules路径: D:\code\cursor\looklook\node_modules\electron\dist\resources\node_modules, 存在: false
2025-05-26T03:17:52.514Z [TEST] 检查node_modules路径: D:\code\cursor\looklook\node_modules\electron\dist\resources\node_modules, 存在: false
2025-05-26T03:17:52.514Z [LOG] 检查node_modules路径: D:\code\cursor\looklook\node_modules\electron\dist\node_modules, 存在: false
2025-05-26T03:17:52.515Z [TEST] 检查node_modules路径: D:\code\cursor\looklook\node_modules\electron\dist\node_modules, 存在: false
2025-05-26T03:17:52.515Z [LOG] 检查node_modules路径: D:\code\cursor\looklook\node_modules, 存在: true
2025-05-26T03:17:52.515Z [TEST] 检查node_modules路径: D:\code\cursor\looklook\node_modules, 存在: true
2025-05-26T03:17:52.516Z [TEST] D:\code\cursor\looklook\node_modules 中内容: .bin, .package-lock.json, 7zip-bin, @derhuerst, @develar, @electron, @isaacs, @malept, @pkgjs, @sindresorhus, @szmarczak, @tootallnate, @types, @xmldom, agent-base, ajv, ajv-formats, ajv-keywords, ansi-regex, ansi-styles, app-builder-bin, app-builder-lib, archiver, archiver-utils, argparse, async, async-exit-hook, asynckit, at-least-node, atomically, balanced-match, base64-js, binary-search-tree, bl, bluebird, bluebird-lst, boolean, brace-expansion, buffer, buffer-crc32, buffer-equal, buffer-from, builder-util, builder-util-runtime, cacheable-lookup, cacheable-request, call-bind-apply-helpers, caseless, chalk, chownr, chromium-pickle-js, ci-info, cliui, clone-response, color-convert, color-name, combined-stream, commander, compare-version, compress-commons, concat-map, concat-stream, conf, config-file-ts, core-util-is, crc-32, crc32-stream, cross-spawn, debounce-fn, debug, decompress-response, defer-to-connect, define-data-property, define-properties, delayed-stream, detect-node, dir-compare, dmg-builder, dot-prop, dotenv, dotenv-expand, dunder-proto, eastasianwidth, ejs, electron, electron-builder, electron-builder-squirrel-windows, electron-publish, electron-store, emoji-regex, end-of-stream, env-paths, err-code, es-define-property, es-errors, es-object-atoms, es-set-tostringtag, es6-error, escalade, escape-string-regexp, extract-zip, fast-deep-equal, fast-json-stable-stringify, fast-uri, fd-slicer, ffmpeg-static, ffprobe-static, filelist, fluent-ffmpeg, foreground-child, form-data, fs-constants, fs-extra, fs-minipass, fs.realpath, function-bind, get-caller-file, get-intrinsic, get-proto, get-stream, glob, global-agent, globalthis, gopd, got, graceful-fs, has-flag, has-property-descriptors, has-symbols, has-tostringtag, hasown, hosted-git-info, http-cache-semantics, http-proxy-agent, http-response-object, http2-wrapper, https-proxy-agent, iconv-lite, ieee754, immediate, inflight, inherits, is-ci, is-fullwidth-code-point, isarray, isbinaryfile, isexe, jackspeak, jake, js-yaml, json-buffer, json-schema-traverse, json-schema-typed, json-stringify-safe, json5, jsonfile, keyv, lazy-val, lazystream, lie, localforage, lodash, lodash.defaults, lodash.difference, lodash.flatten, lodash.isplainobject, lodash.union, lowercase-keys, lru-cache, matcher, math-intrinsics, mime, mime-db, mime-types, mimic-function, mimic-response, minimatch, minimist, minipass, minizlib, mkdirp, ms, nedb, normalize-path, normalize-url, object-keys, once, p-cancelable, package-json-from-dist, parse-cache-control, path-is-absolute, path-key, path-scurry, pend, plist, process-nextick-args, progress, promise-retry, pump, punycode, quick-lru, read-config-file, readable-stream, readdir-glob, require-directory, require-from-string, resolve-alpn, responselike, retry, rimraf, roarr, safe-buffer, safer-buffer, sanitize-filename, sax, semver, semver-compare, serialize-error, shebang-command, shebang-regex, signal-exit, simple-update-notifier, source-map, source-map-support, sprintf-js, stat-mode, string-width, string-width-cjs, string_decoder, strip-ansi, strip-ansi-cjs, stubborn-fs, sumchecker, supports-color, tar, tar-stream, temp-file, tmp, tmp-promise, truncate-utf8-bytes, type-fest, typedarray, typescript, uint8array-extras, underscore, undici-types, universalify, uri-js, utf8-byte-length, util-deprecate, when-exit, which, wrap-ansi, wrap-ansi-cjs, wrappy, xmlbuilder, y18n, yallist, yargs, yargs-parser, yauzl, zip-stream
2025-05-26T03:17:52.516Z [TEST] ffmpeg-static存在于 D:\code\cursor\looklook\node_modules\ffmpeg-static
2025-05-26T03:17:52.516Z [TEST] ffmpeg-static内容: example.js, ffmpeg.exe, index.js, install.js, LICENSE, package.json, README.md, types
2025-05-26T03:17:52.516Z [TEST] ffprobe-static存在于 D:\code\cursor\looklook\node_modules\ffprobe-static
2025-05-26T03:17:52.516Z [TEST] ffprobe-static内容: bin, index.js, LICENSE, package.json, README.md, tests
2025-05-26T03:17:52.516Z [TEST] ffprobe-static/bin内容: darwin, linux, win32
2025-05-26T03:17:52.517Z [TEST] ffprobe-static/bin/win32内容: ia32, x64
2025-05-26T03:17:52.517Z [TEST] ffprobe-static/bin/win32/x64内容: ffprobe.exe
2025-05-26T03:17:52.517Z [LOG] 测试FFmpeg可执行性...
2025-05-26T03:17:52.517Z [TEST] 开始测试FFmpeg可执行性
2025-05-26T03:17:52.518Z [LOG] FFmpeg文件存在: D:\code\cursor\looklook\node_modules\ffmpeg-static\ffmpeg.exe
2025-05-26T03:17:52.518Z [TEST] FFmpeg文件存在: D:\code\cursor\looklook\node_modules\ffmpeg-static\ffmpeg.exe
2025-05-26T03:17:52.518Z [LOG] FFmpeg有执行权限
2025-05-26T03:17:52.519Z [TEST] FFmpeg有执行权限
2025-05-26T03:17:52.548Z [LOG] 测试FFprobe可执行性...
2025-05-26T03:17:52.548Z [LOG] FFprobe文件存在: D:\code\cursor\looklook\node_modules\ffprobe-static\bin\win32\x64\ffprobe.exe
2025-05-26T03:17:52.549Z [LOG] FFprobe有执行权限
2025-05-26T03:17:52.604Z [LOG] 注册IPC事件处理程序...
2025-05-26T03:17:52.604Z [LOG] IPC事件处理程序注册完成
2025-05-26T03:17:52.609Z [LOG] FFprobe执行测试成功: ffprobe version 4.0.2 Copyright (c) 2007-2018 the FFmpeg developers
2025-05-26T03:17:52.609Z [LOG] FFmpeg执行测试成功: ffmpeg version 7.1.1-essentials_build-www.gyan.dev Copyright (c) 2000-2025 the FFmpeg developers
2025-05-26T03:17:52.609Z [TEST] FFmpeg执行测试成功: ffmpeg version 7.1.1-essentials_build-www.gyan.dev Copyright (c) 2000-2025 the FFmpeg developers
2025-05-26T03:17:52.610Z [LOG] FFprobe执行测试成功: ffprobe version 4.0.2 Copyright (c) 2007-2018 the FFmpeg developers
2025-05-26T03:17:52.610Z [LOG] FFmpeg执行测试成功: ffmpeg version 7.1.1-essentials_build-www.gyan.dev Copyright (c) 2000-2025 the FFmpeg developers
2025-05-26T03:17:52.610Z [TEST] FFmpeg执行测试成功: ffmpeg version 7.1.1-essentials_build-www.gyan.dev Copyright (c) 2000-2025 the FFmpeg developers
2025-05-26T03:17:52.636Z [LOG] 已加载 0 个视频记录
2025-05-26T03:17:52.636Z [LOG] 没有视频数据，无需清理重复
2025-05-26T03:17:52.637Z [LOG] 已加载枚举值[collection]: 4个
2025-05-26T03:17:52.638Z [LOG] 已加载枚举值[actors]: 0个
2025-05-26T03:17:52.638Z [LOG] 没有视频数据，无需检查文件存在性
2025-05-26T03:17:52.639Z [LOG] 开始清理无效预览图...
2025-05-26T03:17:52.639Z [CLEANUP] 开始清理无效预览图
2025-05-26T03:17:52.639Z [LOG] 缩略图目录中没有图片文件
2025-05-26T03:17:52.639Z [CLEANUP] 缩略图目录中没有图片文件
2025-05-26T03:17:52.640Z [LOG] 数据库模块初始化完成
2025-05-26T03:17:52.781Z [LOG] 处理get-videos请求
2025-05-26T03:17:52.784Z [LOG] 处理get-enum-values请求: collection
2025-05-26T03:17:52.785Z [LOG] 处理get-enum-values请求: actors
2025-05-26T03:17:52.793Z [LOG] 处理get-enum-values请求: collection
2025-05-26T03:17:52.794Z [LOG] 处理get-enum-values请求: actors
2025-05-26T03:17:55.063Z [LOG] 处理import-folder请求
2025-05-26T03:17:56.229Z [LOG] 用户选择了文件夹: D:\Users\Videos\测试
2025-05-26T03:17:56.230Z [LOG] 开始搜索文件夹 D:\Users\Videos\测试 中的视频文件
2025-05-26T03:17:56.230Z [LOG] 搜索文件夹: D:\Users\Videos\测试
2025-05-26T03:17:56.231Z [LOG] 在文件夹中找到 34 个视频文件
2025-05-26T03:17:56.231Z [LOG] 当前数据库中有 0 个视频记录
2025-05-26T03:17:56.232Z [LOG] 其中新增视频 34 个，重复视频 0 个
2025-05-26T03:17:56.232Z [LOG] 设置已加载
2025-05-26T03:17:56.232Z [LOG] 获取视频分辨率: D:\Users\Videos\测试\153151IPZZ-005.AVI
2025-05-26T03:17:56.232Z [MAIN] 开始获取视频分辨率: D:\Users\Videos\测试\153151IPZZ-005.AVI
2025-05-26T03:17:56.233Z [LOG] 直接获取视频分辨率
2025-05-26T03:17:56.233Z [RESOLUTION] 开始获取视频分辨率: D:\Users\Videos\测试\153151IPZZ-005.AVI
2025-05-26T03:17:56.233Z [PATH] 尝试获取FFprobe路径
2025-05-26T03:17:56.233Z [LOG] 使用配置的FFprobe路径: D:\code\cursor\looklook\node_modules\ffprobe-static\bin\win32\x64\ffprobe.exe
2025-05-26T03:17:56.233Z [PATH] 使用配置的FFprobe路径: D:\code\cursor\looklook\node_modules\ffprobe-static\bin\win32\x64\ffprobe.exe
2025-05-26T03:17:56.233Z [RESOLUTION] 在开发环境中使用ffprobe路径: D:\code\cursor\looklook\node_modules\ffprobe-static\bin\win32\x64\ffprobe.exe
2025-05-26T03:17:56.234Z [RESOLUTION] 检查ffprobe可执行文件是否存在: true
2025-05-26T03:17:56.234Z [LOG] 执行命令: "D:\code\cursor\looklook\node_modules\ffprobe-static\bin\win32\x64\ffprobe.exe" -v error -select_streams v:0 -show_entries stream=width,height -of csv=s=x:p=0 "D:\Users\Videos\测试\153151IPZZ-005.AVI"
2025-05-26T03:17:56.234Z [RESOLUTION] 开始执行命令获取分辨率: "D:\code\cursor\looklook\node_modules\ffprobe-static\bin\win32\x64\ffprobe.exe" -v error -select_streams v:0 -show_entries stream=width,height -of csv=s=x:p=0 "D:\Users\Videos\测试\153151IPZZ-005.AVI"
2025-05-26T03:17:56.295Z [RESOLUTION] 命令输出: "320x240"
2025-05-26T03:17:56.296Z [LOG] 成功解析分辨率: 320×240
2025-05-26T03:17:56.296Z [RESOLUTION] 成功解析分辨率: 320×240
2025-05-26T03:17:56.296Z [LOG] 获取视频时长: D:\Users\Videos\测试\153151IPZZ-005.AVI
2025-05-26T03:17:56.297Z [MAIN] 开始获取视频时长: D:\Users\Videos\测试\153151IPZZ-005.AVI
2025-05-26T03:17:56.297Z [LOG] 直接获取视频时长
2025-05-26T03:17:56.297Z [DURATION] 开始获取视频时长: D:\Users\Videos\测试\153151IPZZ-005.AVI
2025-05-26T03:17:56.297Z [PATH] 尝试获取FFprobe路径
2025-05-26T03:17:56.297Z [LOG] 使用配置的FFprobe路径: D:\code\cursor\looklook\node_modules\ffprobe-static\bin\win32\x64\ffprobe.exe
2025-05-26T03:17:56.297Z [PATH] 使用配置的FFprobe路径: D:\code\cursor\looklook\node_modules\ffprobe-static\bin\win32\x64\ffprobe.exe
2025-05-26T03:17:56.298Z [DURATION] 在开发环境中使用ffprobe路径: D:\code\cursor\looklook\node_modules\ffprobe-static\bin\win32\x64\ffprobe.exe
2025-05-26T03:17:56.298Z [DURATION] 检查ffprobe可执行文件是否存在: true
2025-05-26T03:17:56.298Z [LOG] 执行命令: "D:\code\cursor\looklook\node_modules\ffprobe-static\bin\win32\x64\ffprobe.exe" -v error -show_entries format=duration -of default=noprint_wrappers=1:nokey=1 "D:\Users\Videos\测试\153151IPZZ-005.AVI"
2025-05-26T03:17:56.298Z [DURATION] 开始执行命令获取时长: "D:\code\cursor\looklook\node_modules\ffprobe-static\bin\win32\x64\ffprobe.exe" -v error -show_entries format=duration -of default=noprint_wrappers=1:nokey=1 "D:\Users\Videos\测试\153151IPZZ-005.AVI"
2025-05-26T03:17:56.361Z [DURATION] 命令输出: "125.952000"
2025-05-26T03:17:56.362Z [LOG] 成功解析时长: 00:02:05
2025-05-26T03:17:56.362Z [DURATION] 成功解析时长: 00:02:05
2025-05-26T03:17:56.362Z [LOG] 开始生成缩略图，视频路径: D:\Users\Videos\测试\153151IPZZ-005.AVI
2025-05-26T03:17:56.362Z [LOG] 缩略图输出路径: D:\code\cursor\looklook\userdata\thumbnails\1748229476500-RDpcVXNl.jpg
2025-05-26T03:17:56.363Z [LOG] 生成随机时间点: 00:00:48
2025-05-26T03:17:56.363Z [LOG] 使用直接命令行ffmpeg生成缩略图
2025-05-26T03:17:56.363Z [PATH] 尝试获取FFmpeg路径
2025-05-26T03:17:56.364Z [LOG] 使用配置的FFmpeg路径: D:\code\cursor\looklook\node_modules\ffmpeg-static\ffmpeg.exe
2025-05-26T03:17:56.364Z [PATH] 使用配置的FFmpeg路径: D:\code\cursor\looklook\node_modules\ffmpeg-static\ffmpeg.exe
2025-05-26T03:17:56.364Z [LOG] 将使用时间点 00:00:48 生成缩略图
2025-05-26T03:17:56.364Z [LOG] 执行命令: D:\code\cursor\looklook\node_modules\ffmpeg-static\ffmpeg.exe -ss 00:00:48 -i D:\Users\Videos\测试\153151IPZZ-005.AVI -vframes 1 -s 320x180 -y D:\code\cursor\looklook\userdata\thumbnails\1748229476500-RDpcVXNl.jpg
2025-05-26T03:17:56.439Z [LOG] 直接ffmpeg成功生成缩略图: D:\code\cursor\looklook\userdata\thumbnails\1748229476500-RDpcVXNl.jpg
2025-05-26T03:17:56.439Z [LOG] 通过直接ffmpeg命令生成缩略图成功
2025-05-26T03:17:56.440Z [LOG] 设置已加载
2025-05-26T03:17:56.440Z [LOG] 获取视频分辨率: D:\Users\Videos\测试\8888F897_1745215698544.mp4
2025-05-26T03:17:56.440Z [MAIN] 开始获取视频分辨率: D:\Users\Videos\测试\8888F897_1745215698544.mp4
2025-05-26T03:17:56.441Z [LOG] 直接获取视频分辨率
2025-05-26T03:17:56.441Z [RESOLUTION] 开始获取视频分辨率: D:\Users\Videos\测试\8888F897_1745215698544.mp4
2025-05-26T03:17:56.441Z [PATH] 尝试获取FFprobe路径
2025-05-26T03:17:56.441Z [LOG] 使用配置的FFprobe路径: D:\code\cursor\looklook\node_modules\ffprobe-static\bin\win32\x64\ffprobe.exe
2025-05-26T03:17:56.441Z [PATH] 使用配置的FFprobe路径: D:\code\cursor\looklook\node_modules\ffprobe-static\bin\win32\x64\ffprobe.exe
2025-05-26T03:17:56.441Z [RESOLUTION] 在开发环境中使用ffprobe路径: D:\code\cursor\looklook\node_modules\ffprobe-static\bin\win32\x64\ffprobe.exe
2025-05-26T03:17:56.441Z [RESOLUTION] 检查ffprobe可执行文件是否存在: true
2025-05-26T03:17:56.442Z [LOG] 执行命令: "D:\code\cursor\looklook\node_modules\ffprobe-static\bin\win32\x64\ffprobe.exe" -v error -select_streams v:0 -show_entries stream=width,height -of csv=s=x:p=0 "D:\Users\Videos\测试\8888F897_1745215698544.mp4"
2025-05-26T03:17:56.442Z [RESOLUTION] 开始执行命令获取分辨率: "D:\code\cursor\looklook\node_modules\ffprobe-static\bin\win32\x64\ffprobe.exe" -v error -select_streams v:0 -show_entries stream=width,height -of csv=s=x:p=0 "D:\Users\Videos\测试\8888F897_1745215698544.mp4"
2025-05-26T03:17:56.512Z [RESOLUTION] 命令输出: "1280x720"
2025-05-26T03:17:56.512Z [LOG] 成功解析分辨率: 1280×720
2025-05-26T03:17:56.512Z [RESOLUTION] 成功解析分辨率: 1280×720
2025-05-26T03:17:56.513Z [LOG] 获取视频时长: D:\Users\Videos\测试\8888F897_1745215698544.mp4
2025-05-26T03:17:56.513Z [MAIN] 开始获取视频时长: D:\Users\Videos\测试\8888F897_1745215698544.mp4
2025-05-26T03:17:56.513Z [LOG] 直接获取视频时长
2025-05-26T03:17:56.513Z [DURATION] 开始获取视频时长: D:\Users\Videos\测试\8888F897_1745215698544.mp4
2025-05-26T03:17:56.513Z [PATH] 尝试获取FFprobe路径
2025-05-26T03:17:56.514Z [LOG] 使用配置的FFprobe路径: D:\code\cursor\looklook\node_modules\ffprobe-static\bin\win32\x64\ffprobe.exe
2025-05-26T03:17:56.514Z [PATH] 使用配置的FFprobe路径: D:\code\cursor\looklook\node_modules\ffprobe-static\bin\win32\x64\ffprobe.exe
2025-05-26T03:17:56.514Z [DURATION] 在开发环境中使用ffprobe路径: D:\code\cursor\looklook\node_modules\ffprobe-static\bin\win32\x64\ffprobe.exe
2025-05-26T03:17:56.514Z [DURATION] 检查ffprobe可执行文件是否存在: true
2025-05-26T03:17:56.514Z [LOG] 执行命令: "D:\code\cursor\looklook\node_modules\ffprobe-static\bin\win32\x64\ffprobe.exe" -v error -show_entries format=duration -of default=noprint_wrappers=1:nokey=1 "D:\Users\Videos\测试\8888F897_1745215698544.mp4"
2025-05-26T03:17:56.514Z [DURATION] 开始执行命令获取时长: "D:\code\cursor\looklook\node_modules\ffprobe-static\bin\win32\x64\ffprobe.exe" -v error -show_entries format=duration -of default=noprint_wrappers=1:nokey=1 "D:\Users\Videos\测试\8888F897_1745215698544.mp4"
2025-05-26T03:17:56.585Z [DURATION] 命令输出: "33.493333"
2025-05-26T03:17:56.586Z [LOG] 成功解析时长: 00:00:33
2025-05-26T03:17:56.586Z [DURATION] 成功解析时长: 00:00:33
2025-05-26T03:17:56.586Z [LOG] 开始生成缩略图，视频路径: D:\Users\Videos\测试\8888F897_1745215698544.mp4
2025-05-26T03:17:56.587Z [LOG] 缩略图输出路径: D:\code\cursor\looklook\userdata\thumbnails\1748229476546-RDpcVXNl.jpg
2025-05-26T03:17:56.587Z [LOG] 生成随机时间点: 00:00:28
2025-05-26T03:17:56.587Z [LOG] 使用直接命令行ffmpeg生成缩略图
2025-05-26T03:17:56.587Z [PATH] 尝试获取FFmpeg路径
2025-05-26T03:17:56.588Z [LOG] 使用配置的FFmpeg路径: D:\code\cursor\looklook\node_modules\ffmpeg-static\ffmpeg.exe
2025-05-26T03:17:56.588Z [PATH] 使用配置的FFmpeg路径: D:\code\cursor\looklook\node_modules\ffmpeg-static\ffmpeg.exe
2025-05-26T03:17:56.588Z [LOG] 将使用时间点 00:00:28 生成缩略图
2025-05-26T03:17:56.588Z [LOG] 执行命令: D:\code\cursor\looklook\node_modules\ffmpeg-static\ffmpeg.exe -ss 00:00:28 -i D:\Users\Videos\测试\8888F897_1745215698544.mp4 -vframes 1 -s 320x180 -y D:\code\cursor\looklook\userdata\thumbnails\1748229476546-RDpcVXNl.jpg
2025-05-26T03:17:56.694Z [LOG] 直接ffmpeg成功生成缩略图: D:\code\cursor\looklook\userdata\thumbnails\1748229476546-RDpcVXNl.jpg
2025-05-26T03:17:56.694Z [LOG] 通过直接ffmpeg命令生成缩略图成功
2025-05-26T03:17:56.694Z [LOG] 设置已加载
2025-05-26T03:17:56.695Z [LOG] 获取视频分辨率: D:\Users\Videos\测试\IPX-001asdfasd.mp4
2025-05-26T03:17:56.695Z [MAIN] 开始获取视频分辨率: D:\Users\Videos\测试\IPX-001asdfasd.mp4
2025-05-26T03:17:56.695Z [LOG] 直接获取视频分辨率
2025-05-26T03:17:56.695Z [RESOLUTION] 开始获取视频分辨率: D:\Users\Videos\测试\IPX-001asdfasd.mp4
2025-05-26T03:17:56.695Z [PATH] 尝试获取FFprobe路径
2025-05-26T03:17:56.695Z [LOG] 使用配置的FFprobe路径: D:\code\cursor\looklook\node_modules\ffprobe-static\bin\win32\x64\ffprobe.exe
2025-05-26T03:17:56.696Z [PATH] 使用配置的FFprobe路径: D:\code\cursor\looklook\node_modules\ffprobe-static\bin\win32\x64\ffprobe.exe
2025-05-26T03:17:56.696Z [RESOLUTION] 在开发环境中使用ffprobe路径: D:\code\cursor\looklook\node_modules\ffprobe-static\bin\win32\x64\ffprobe.exe
2025-05-26T03:17:56.696Z [RESOLUTION] 检查ffprobe可执行文件是否存在: true
2025-05-26T03:17:56.696Z [LOG] 执行命令: "D:\code\cursor\looklook\node_modules\ffprobe-static\bin\win32\x64\ffprobe.exe" -v error -select_streams v:0 -show_entries stream=width,height -of csv=s=x:p=0 "D:\Users\Videos\测试\IPX-001asdfasd.mp4"
2025-05-26T03:17:56.696Z [RESOLUTION] 开始执行命令获取分辨率: "D:\code\cursor\looklook\node_modules\ffprobe-static\bin\win32\x64\ffprobe.exe" -v error -select_streams v:0 -show_entries stream=width,height -of csv=s=x:p=0 "D:\Users\Videos\测试\IPX-001asdfasd.mp4"
2025-05-26T03:17:56.759Z [RESOLUTION] 命令输出: "320x240"
2025-05-26T03:17:56.760Z [LOG] 成功解析分辨率: 320×240
2025-05-26T03:17:56.760Z [RESOLUTION] 成功解析分辨率: 320×240
2025-05-26T03:17:56.760Z [LOG] 获取视频时长: D:\Users\Videos\测试\IPX-001asdfasd.mp4
2025-05-26T03:17:56.760Z [MAIN] 开始获取视频时长: D:\Users\Videos\测试\IPX-001asdfasd.mp4
2025-05-26T03:17:56.761Z [LOG] 直接获取视频时长
2025-05-26T03:17:56.761Z [DURATION] 开始获取视频时长: D:\Users\Videos\测试\IPX-001asdfasd.mp4
2025-05-26T03:17:56.761Z [PATH] 尝试获取FFprobe路径
2025-05-26T03:17:56.761Z [LOG] 使用配置的FFprobe路径: D:\code\cursor\looklook\node_modules\ffprobe-static\bin\win32\x64\ffprobe.exe
2025-05-26T03:17:56.761Z [PATH] 使用配置的FFprobe路径: D:\code\cursor\looklook\node_modules\ffprobe-static\bin\win32\x64\ffprobe.exe
2025-05-26T03:17:56.762Z [DURATION] 在开发环境中使用ffprobe路径: D:\code\cursor\looklook\node_modules\ffprobe-static\bin\win32\x64\ffprobe.exe
2025-05-26T03:17:56.762Z [DURATION] 检查ffprobe可执行文件是否存在: true
2025-05-26T03:17:56.762Z [LOG] 执行命令: "D:\code\cursor\looklook\node_modules\ffprobe-static\bin\win32\x64\ffprobe.exe" -v error -show_entries format=duration -of default=noprint_wrappers=1:nokey=1 "D:\Users\Videos\测试\IPX-001asdfasd.mp4"
2025-05-26T03:17:56.762Z [DURATION] 开始执行命令获取时长: "D:\code\cursor\looklook\node_modules\ffprobe-static\bin\win32\x64\ffprobe.exe" -v error -show_entries format=duration -of default=noprint_wrappers=1:nokey=1 "D:\Users\Videos\测试\IPX-001asdfasd.mp4"
2025-05-26T03:17:56.826Z [DURATION] 命令输出: "64.896000"
2025-05-26T03:17:56.826Z [LOG] 成功解析时长: 00:01:04
2025-05-26T03:17:56.826Z [DURATION] 成功解析时长: 00:01:04
2025-05-26T03:17:56.826Z [LOG] 开始生成缩略图，视频路径: D:\Users\Videos\测试\IPX-001asdfasd.mp4
2025-05-26T03:17:56.827Z [LOG] 缩略图输出路径: D:\code\cursor\looklook\userdata\thumbnails\1748229476896-RDpcVXNl.jpg
2025-05-26T03:17:56.827Z [LOG] 生成随机时间点: 00:00:32
2025-05-26T03:17:56.828Z [LOG] 使用直接命令行ffmpeg生成缩略图
2025-05-26T03:17:56.828Z [PATH] 尝试获取FFmpeg路径
2025-05-26T03:17:56.828Z [LOG] 使用配置的FFmpeg路径: D:\code\cursor\looklook\node_modules\ffmpeg-static\ffmpeg.exe
2025-05-26T03:17:56.828Z [PATH] 使用配置的FFmpeg路径: D:\code\cursor\looklook\node_modules\ffmpeg-static\ffmpeg.exe
2025-05-26T03:17:56.828Z [LOG] 将使用时间点 00:00:32 生成缩略图
2025-05-26T03:17:56.829Z [LOG] 执行命令: D:\code\cursor\looklook\node_modules\ffmpeg-static\ffmpeg.exe -ss 00:00:32 -i D:\Users\Videos\测试\IPX-001asdfasd.mp4 -vframes 1 -s 320x180 -y D:\code\cursor\looklook\userdata\thumbnails\1748229476896-RDpcVXNl.jpg
2025-05-26T03:17:56.914Z [LOG] 直接ffmpeg成功生成缩略图: D:\code\cursor\looklook\userdata\thumbnails\1748229476896-RDpcVXNl.jpg
2025-05-26T03:17:56.914Z [LOG] 通过直接ffmpeg命令生成缩略图成功
2025-05-26T03:17:56.915Z [LOG] 设置已加载
2025-05-26T03:17:56.915Z [LOG] 获取视频分辨率: D:\Users\Videos\测试\LUXU-1234 好好好.avi
2025-05-26T03:17:56.915Z [MAIN] 开始获取视频分辨率: D:\Users\Videos\测试\LUXU-1234 好好好.avi
2025-05-26T03:17:56.915Z [LOG] 直接获取视频分辨率
2025-05-26T03:17:56.915Z [RESOLUTION] 开始获取视频分辨率: D:\Users\Videos\测试\LUXU-1234 好好好.avi
2025-05-26T03:17:56.915Z [PATH] 尝试获取FFprobe路径
2025-05-26T03:17:56.916Z [LOG] 使用配置的FFprobe路径: D:\code\cursor\looklook\node_modules\ffprobe-static\bin\win32\x64\ffprobe.exe
2025-05-26T03:17:56.916Z [PATH] 使用配置的FFprobe路径: D:\code\cursor\looklook\node_modules\ffprobe-static\bin\win32\x64\ffprobe.exe
2025-05-26T03:17:56.916Z [RESOLUTION] 在开发环境中使用ffprobe路径: D:\code\cursor\looklook\node_modules\ffprobe-static\bin\win32\x64\ffprobe.exe
2025-05-26T03:17:56.916Z [RESOLUTION] 检查ffprobe可执行文件是否存在: true
2025-05-26T03:17:56.916Z [LOG] 执行命令: "D:\code\cursor\looklook\node_modules\ffprobe-static\bin\win32\x64\ffprobe.exe" -v error -select_streams v:0 -show_entries stream=width,height -of csv=s=x:p=0 "D:\Users\Videos\测试\LUXU-1234 好好好.avi"
2025-05-26T03:17:56.916Z [RESOLUTION] 开始执行命令获取分辨率: "D:\code\cursor\looklook\node_modules\ffprobe-static\bin\win32\x64\ffprobe.exe" -v error -select_streams v:0 -show_entries stream=width,height -of csv=s=x:p=0 "D:\Users\Videos\测试\LUXU-1234 好好好.avi"
2025-05-26T03:17:56.977Z [RESOLUTION] 命令输出: "640x368"
2025-05-26T03:17:56.977Z [LOG] 成功解析分辨率: 640×368
2025-05-26T03:17:56.977Z [RESOLUTION] 成功解析分辨率: 640×368
2025-05-26T03:17:56.977Z [LOG] 获取视频时长: D:\Users\Videos\测试\LUXU-1234 好好好.avi
2025-05-26T03:17:56.978Z [MAIN] 开始获取视频时长: D:\Users\Videos\测试\LUXU-1234 好好好.avi
2025-05-26T03:17:56.978Z [LOG] 直接获取视频时长
2025-05-26T03:17:56.978Z [DURATION] 开始获取视频时长: D:\Users\Videos\测试\LUXU-1234 好好好.avi
2025-05-26T03:17:56.978Z [PATH] 尝试获取FFprobe路径
2025-05-26T03:17:56.978Z [LOG] 使用配置的FFprobe路径: D:\code\cursor\looklook\node_modules\ffprobe-static\bin\win32\x64\ffprobe.exe
2025-05-26T03:17:56.978Z [PATH] 使用配置的FFprobe路径: D:\code\cursor\looklook\node_modules\ffprobe-static\bin\win32\x64\ffprobe.exe
2025-05-26T03:17:56.978Z [DURATION] 在开发环境中使用ffprobe路径: D:\code\cursor\looklook\node_modules\ffprobe-static\bin\win32\x64\ffprobe.exe
2025-05-26T03:17:56.978Z [DURATION] 检查ffprobe可执行文件是否存在: true
2025-05-26T03:17:56.979Z [LOG] 执行命令: "D:\code\cursor\looklook\node_modules\ffprobe-static\bin\win32\x64\ffprobe.exe" -v error -show_entries format=duration -of default=noprint_wrappers=1:nokey=1 "D:\Users\Videos\测试\LUXU-1234 好好好.avi"
2025-05-26T03:17:56.979Z [DURATION] 开始执行命令获取时长: "D:\code\cursor\looklook\node_modules\ffprobe-static\bin\win32\x64\ffprobe.exe" -v error -show_entries format=duration -of default=noprint_wrappers=1:nokey=1 "D:\Users\Videos\测试\LUXU-1234 好好好.avi"
2025-05-26T03:17:57.040Z [DURATION] 命令输出: "6.400000"
2025-05-26T03:17:57.040Z [LOG] 成功解析时长: 00:00:06
2025-05-26T03:17:57.041Z [DURATION] 成功解析时长: 00:00:06
2025-05-26T03:17:57.041Z [LOG] 开始生成缩略图，视频路径: D:\Users\Videos\测试\LUXU-1234 好好好.avi
2025-05-26T03:17:57.041Z [LOG] 缩略图输出路径: D:\code\cursor\looklook\userdata\thumbnails\1748229477295-RDpcVXNl.jpg
2025-05-26T03:17:57.041Z [LOG] 生成随机时间点: 00:00:25
2025-05-26T03:17:57.042Z [LOG] 使用直接命令行ffmpeg生成缩略图
2025-05-26T03:17:57.042Z [PATH] 尝试获取FFmpeg路径
2025-05-26T03:17:57.042Z [LOG] 使用配置的FFmpeg路径: D:\code\cursor\looklook\node_modules\ffmpeg-static\ffmpeg.exe
2025-05-26T03:17:57.042Z [PATH] 使用配置的FFmpeg路径: D:\code\cursor\looklook\node_modules\ffmpeg-static\ffmpeg.exe
2025-05-26T03:17:57.042Z [LOG] 将使用时间点 00:00:25 生成缩略图
2025-05-26T03:17:57.042Z [LOG] 执行命令: D:\code\cursor\looklook\node_modules\ffmpeg-static\ffmpeg.exe -ss 00:00:25 -i D:\Users\Videos\测试\LUXU-1234 好好好.avi -vframes 1 -s 320x180 -y D:\code\cursor\looklook\userdata\thumbnails\1748229477295-RDpcVXNl.jpg
2025-05-26T03:17:57.624Z [ERROR] 直接ffmpeg生成缩略图失败: Command failed: D:\code\cursor\looklook\node_modules\ffmpeg-static\ffmpeg.exe -ss 00:00:25 -i D:\Users\Videos\测试\LUXU-1234 好好好.avi -vframes 1 -s 320x180 -y D:\code\cursor\looklook\userdata\thumbnails\1748229477295-RDpcVXNl.jpg
ffmpeg version 7.1.1-essentials_build-www.gyan.dev Copyright (c) 2000-2025 the FFmpeg developers
  built with gcc 14.2.0 (Rev1, Built by MSYS2 project)
  configuration: --enable-gpl --enable-version3 --enable-static --disable-w32threads --disable-autodetect --enable-fontconfig --enable-iconv --enable-gnutls --enable-libxml2 --enable-gmp --enable-bzlib --enable-lzma --enable-zlib --enable-libsrt --enable-libssh --enable-libzmq --enable-avisynth --enable-sdl2 --enable-libwebp --enable-libx264 --enable-libx265 --enable-libxvid --enable-libaom --enable-libopenjpeg --enable-libvpx --enable-mediafoundation --enable-libass --enable-libfreetype --enable-libfribidi --enable-libharfbuzz --enable-libvidstab --enable-libvmaf --enable-libzimg --enable-amf --enable-cuda-llvm --enable-cuvid --enable-dxva2 --enable-d3d11va --enable-d3d12va --enable-ffnvcodec --enable-libvpl --enable-nvdec --enable-nvenc --enable-vaapi --enable-libgme --enable-libopenmpt --enable-libopencore-amrwb --enable-libmp3lame --enable-libtheora --enable-libvo-amrwbenc --enable-libgsm --enable-libopencore-amrnb --enable-libopus --enable-libspeex --enable-libvorbis --enable-librubberband
  libavutil      59. 39.100 / 59. 39.100
  libavcodec     61. 19.101 / 61. 19.101
  libavformat    61.  7.100 / 61.  7.100
  libavdevice    61.  3.100 / 61.  3.100
  libavfilter    10.  4.100 / 10.  4.100
  libswscale      8.  3.100 /  8.  3.100
  libswresample   5.  3.100 /  5.  3.100
  libpostproc    58.  3.100 / 58.  3.100
Input #0, mov,mp4,m4a,3gp,3g2,mj2, from 'D:\Users\Videos\测试\LUXU-1234 好好好.avi':
  Metadata:
    major_brand     : isom
    minor_version   : 512
    compatible_brands: isomiso2mp41
    creation_time   : 1970-01-01T00:00:00.000000Z
    encoder         : Lavf53.24.2
  Duration: 00:00:06.40, start: 0.000000, bitrate: 1321 kb/s
  Stream #0:0[0x1](und): Video: mpeg4 (Simple Profile) (mp4v / 0x7634706D), yuv420p, 640x368 [SAR 1:1 DAR 40:23], 932 kb/s, 25 fps, 25 tbr, 12800 tbn (default)
      Metadata:
        creation_time   : 1970-01-01T00:00:00.000000Z
        handler_name    : VideoHandler
        vendor_id       : [0][0][0][0]
  Stream #0:1[0x2](und): Audio: aac (LC) (mp4a / 0x6134706D), 48000 Hz, 5.1, fltp, 383 kb/s (default)
      Metadata:
        creation_time   : 1970-01-01T00:00:00.000000Z
        handler_name    : SoundHandler
        vendor_id       : [0][0][0][0]
Stream mapping:
  Stream #0:0 -> #0:0 (mpeg4 (native) -> mjpeg (native))
Press [q] to stop, [?] for help
[vf#0:0 @ 00000000027a0440] No filtered frames for output stream, trying to initialize anyway.
[mjpeg @ 0000000002782240] Non full-range YUV is non-standard, set strict_std_compliance to at most unofficial to use it.
[vost#0:0/mjpeg @ 0000000002781fc0] Error while opening encoder - maybe incorrect parameters such as bit_rate, rate, width or height.
[vf#0:0 @ 0000000002782840] Task finished with error code: -22 (Invalid argument)
[vf#0:0 @ 0000000002782840] Terminating thread with return code -22 (Invalid argument)
[vost#0:0/mjpeg @ 0000000002781fc0] Could not open encoder before EOF
[vost#0:0/mjpeg @ 0000000002781fc0] Task finished with error code: -22 (Invalid argument)
[vost#0:0/mjpeg @ 0000000002781fc0] Terminating thread with return code -22 (Invalid argument)
[out#0/image2 @ 00000000026e4b80] Nothing was written into output file, because at least one of its streams received no packets.
frame=    0 fps=0.0 q=0.0 Lsize=       0KiB time=N/A bitrate=N/A speed=N/A    
Conversion failed!

2025-05-26T03:17:57.628Z [ERROR] STDERR: ffmpeg version 7.1.1-essentials_build-www.gyan.dev Copyright (c) 2000-2025 the FFmpeg developers
  built with gcc 14.2.0 (Rev1, Built by MSYS2 project)
  configuration: --enable-gpl --enable-version3 --enable-static --disable-w32threads --disable-autodetect --enable-fontconfig --enable-iconv --enable-gnutls --enable-libxml2 --enable-gmp --enable-bzlib --enable-lzma --enable-zlib --enable-libsrt --enable-libssh --enable-libzmq --enable-avisynth --enable-sdl2 --enable-libwebp --enable-libx264 --enable-libx265 --enable-libxvid --enable-libaom --enable-libopenjpeg --enable-libvpx --enable-mediafoundation --enable-libass --enable-libfreetype --enable-libfribidi --enable-libharfbuzz --enable-libvidstab --enable-libvmaf --enable-libzimg --enable-amf --enable-cuda-llvm --enable-cuvid --enable-dxva2 --enable-d3d11va --enable-d3d12va --enable-ffnvcodec --enable-libvpl --enable-nvdec --enable-nvenc --enable-vaapi --enable-libgme --enable-libopenmpt --enable-libopencore-amrwb --enable-libmp3lame --enable-libtheora --enable-libvo-amrwbenc --enable-libgsm --enable-libopencore-amrnb --enable-libopus --enable-libspeex --enable-libvorbis --enable-librubberband
  libavutil      59. 39.100 / 59. 39.100
  libavcodec     61. 19.101 / 61. 19.101
  libavformat    61.  7.100 / 61.  7.100
  libavdevice    61.  3.100 / 61.  3.100
  libavfilter    10.  4.100 / 10.  4.100
  libswscale      8.  3.100 /  8.  3.100
  libswresample   5.  3.100 /  5.  3.100
  libpostproc    58.  3.100 / 58.  3.100
Input #0, mov,mp4,m4a,3gp,3g2,mj2, from 'D:\Users\Videos\测试\LUXU-1234 好好好.avi':
  Metadata:
    major_brand     : isom
    minor_version   : 512
    compatible_brands: isomiso2mp41
    creation_time   : 1970-01-01T00:00:00.000000Z
    encoder         : Lavf53.24.2
  Duration: 00:00:06.40, start: 0.000000, bitrate: 1321 kb/s
  Stream #0:0[0x1](und): Video: mpeg4 (Simple Profile) (mp4v / 0x7634706D), yuv420p, 640x368 [SAR 1:1 DAR 40:23], 932 kb/s, 25 fps, 25 tbr, 12800 tbn (default)
      Metadata:
        creation_time   : 1970-01-01T00:00:00.000000Z
        handler_name    : VideoHandler
        vendor_id       : [0][0][0][0]
  Stream #0:1[0x2](und): Audio: aac (LC) (mp4a / 0x6134706D), 48000 Hz, 5.1, fltp, 383 kb/s (default)
      Metadata:
        creation_time   : 1970-01-01T00:00:00.000000Z
        handler_name    : SoundHandler
        vendor_id       : [0][0][0][0]
Stream mapping:
  Stream #0:0 -> #0:0 (mpeg4 (native) -> mjpeg (native))
Press [q] to stop, [?] for help
[vf#0:0 @ 00000000027a0440] No filtered frames for output stream, trying to initialize anyway.
[mjpeg @ 0000000002782240] Non full-range YUV is non-standard, set strict_std_compliance to at most unofficial to use it.
[vost#0:0/mjpeg @ 0000000002781fc0] Error while opening encoder - maybe incorrect parameters such as bit_rate, rate, width or height.
[vf#0:0 @ 0000000002782840] Task finished with error code: -22 (Invalid argument)
[vf#0:0 @ 0000000002782840] Terminating thread with return code -22 (Invalid argument)
[vost#0:0/mjpeg @ 0000000002781fc0] Could not open encoder before EOF
[vost#0:0/mjpeg @ 0000000002781fc0] Task finished with error code: -22 (Invalid argument)
[vost#0:0/mjpeg @ 0000000002781fc0] Terminating thread with return code -22 (Invalid argument)
[out#0/image2 @ 00000000026e4b80] Nothing was written into output file, because at least one of its streams received no packets.
frame=    0 fps=0.0 q=0.0 Lsize=       0KiB time=N/A bitrate=N/A speed=N/A    
Conversion failed!

2025-05-26T03:17:57.631Z [ERROR] 直接ffmpeg命令生成缩略图失败: Command failed: D:\code\cursor\looklook\node_modules\ffmpeg-static\ffmpeg.exe -ss 00:00:25 -i D:\Users\Videos\测试\LUXU-1234 好好好.avi -vframes 1 -s 320x180 -y D:\code\cursor\looklook\userdata\thumbnails\1748229477295-RDpcVXNl.jpg
ffmpeg version 7.1.1-essentials_build-www.gyan.dev Copyright (c) 2000-2025 the FFmpeg developers
  built with gcc 14.2.0 (Rev1, Built by MSYS2 project)
  configuration: --enable-gpl --enable-version3 --enable-static --disable-w32threads --disable-autodetect --enable-fontconfig --enable-iconv --enable-gnutls --enable-libxml2 --enable-gmp --enable-bzlib --enable-lzma --enable-zlib --enable-libsrt --enable-libssh --enable-libzmq --enable-avisynth --enable-sdl2 --enable-libwebp --enable-libx264 --enable-libx265 --enable-libxvid --enable-libaom --enable-libopenjpeg --enable-libvpx --enable-mediafoundation --enable-libass --enable-libfreetype --enable-libfribidi --enable-libharfbuzz --enable-libvidstab --enable-libvmaf --enable-libzimg --enable-amf --enable-cuda-llvm --enable-cuvid --enable-dxva2 --enable-d3d11va --enable-d3d12va --enable-ffnvcodec --enable-libvpl --enable-nvdec --enable-nvenc --enable-vaapi --enable-libgme --enable-libopenmpt --enable-libopencore-amrwb --enable-libmp3lame --enable-libtheora --enable-libvo-amrwbenc --enable-libgsm --enable-libopencore-amrnb --enable-libopus --enable-libspeex --enable-libvorbis --enable-librubberband
  libavutil      59. 39.100 / 59. 39.100
  libavcodec     61. 19.101 / 61. 19.101
  libavformat    61.  7.100 / 61.  7.100
  libavdevice    61.  3.100 / 61.  3.100
  libavfilter    10.  4.100 / 10.  4.100
  libswscale      8.  3.100 /  8.  3.100
  libswresample   5.  3.100 /  5.  3.100
  libpostproc    58.  3.100 / 58.  3.100
Input #0, mov,mp4,m4a,3gp,3g2,mj2, from 'D:\Users\Videos\测试\LUXU-1234 好好好.avi':
  Metadata:
    major_brand     : isom
    minor_version   : 512
    compatible_brands: isomiso2mp41
    creation_time   : 1970-01-01T00:00:00.000000Z
    encoder         : Lavf53.24.2
  Duration: 00:00:06.40, start: 0.000000, bitrate: 1321 kb/s
  Stream #0:0[0x1](und): Video: mpeg4 (Simple Profile) (mp4v / 0x7634706D), yuv420p, 640x368 [SAR 1:1 DAR 40:23], 932 kb/s, 25 fps, 25 tbr, 12800 tbn (default)
      Metadata:
        creation_time   : 1970-01-01T00:00:00.000000Z
        handler_name    : VideoHandler
        vendor_id       : [0][0][0][0]
  Stream #0:1[0x2](und): Audio: aac (LC) (mp4a / 0x6134706D), 48000 Hz, 5.1, fltp, 383 kb/s (default)
      Metadata:
        creation_time   : 1970-01-01T00:00:00.000000Z
        handler_name    : SoundHandler
        vendor_id       : [0][0][0][0]
Stream mapping:
  Stream #0:0 -> #0:0 (mpeg4 (native) -> mjpeg (native))
Press [q] to stop, [?] for help
[vf#0:0 @ 00000000027a0440] No filtered frames for output stream, trying to initialize anyway.
[mjpeg @ 0000000002782240] Non full-range YUV is non-standard, set strict_std_compliance to at most unofficial to use it.
[vost#0:0/mjpeg @ 0000000002781fc0] Error while opening encoder - maybe incorrect parameters such as bit_rate, rate, width or height.
[vf#0:0 @ 0000000002782840] Task finished with error code: -22 (Invalid argument)
[vf#0:0 @ 0000000002782840] Terminating thread with return code -22 (Invalid argument)
[vost#0:0/mjpeg @ 0000000002781fc0] Could not open encoder before EOF
[vost#0:0/mjpeg @ 0000000002781fc0] Task finished with error code: -22 (Invalid argument)
[vost#0:0/mjpeg @ 0000000002781fc0] Terminating thread with return code -22 (Invalid argument)
[out#0/image2 @ 00000000026e4b80] Nothing was written into output file, because at least one of its streams received no packets.
frame=    0 fps=0.0 q=0.0 Lsize=       0KiB time=N/A bitrate=N/A speed=N/A    
Conversion failed!

2025-05-26T03:17:57.632Z [LOG] 尝试使用直接命令行方式生成缩略图
2025-05-26T03:17:57.633Z [LOG] 直接获取视频时长（秒数）
2025-05-26T03:17:57.633Z [PATH] 尝试获取FFprobe路径
2025-05-26T03:17:57.634Z [LOG] 使用配置的FFprobe路径: D:\code\cursor\looklook\node_modules\ffprobe-static\bin\win32\x64\ffprobe.exe
2025-05-26T03:17:57.634Z [PATH] 使用配置的FFprobe路径: D:\code\cursor\looklook\node_modules\ffprobe-static\bin\win32\x64\ffprobe.exe
2025-05-26T03:17:57.634Z [LOG] 在开发环境中使用ffprobe路径: D:\code\cursor\looklook\node_modules\ffprobe-static\bin\win32\x64\ffprobe.exe
2025-05-26T03:17:57.635Z [LOG] 执行命令: D:\code\cursor\looklook\node_modules\ffprobe-static\bin\win32\x64\ffprobe.exe -v error -show_entries format=duration -of default=noprint_wrappers=1:nokey=1 D:\Users\Videos\测试\LUXU-1234 好好好.avi
2025-05-26T03:17:57.695Z [LOG] 时长命令输出: 6.400000
2025-05-26T03:17:57.695Z [LOG] 成功获取视频时长: 6.4 秒
2025-05-26T03:17:57.695Z [LOG] 获取到视频时长: 6.4 秒, 准备截取缩略图
2025-05-26T03:17:57.696Z [LOG] 将在视频的 3 秒处截取缩略图 (随机生成)
2025-05-26T03:17:57.696Z [PATH] 尝试获取FFmpeg路径
2025-05-26T03:17:57.696Z [LOG] 使用配置的FFmpeg路径: D:\code\cursor\looklook\node_modules\ffmpeg-static\ffmpeg.exe
2025-05-26T03:17:57.696Z [PATH] 使用配置的FFmpeg路径: D:\code\cursor\looklook\node_modules\ffmpeg-static\ffmpeg.exe
2025-05-26T03:17:57.696Z [LOG] 执行命令: D:\code\cursor\looklook\node_modules\ffmpeg-static\ffmpeg.exe -i D:\Users\Videos\测试\LUXU-1234 好好好.avi -ss 3 -vframes 1 -s 320x180 -y D:\code\cursor\looklook\userdata\thumbnails\1748229477295-RDpcVXNl.jpg
2025-05-26T03:17:57.774Z [LOG] 命令行方式成功生成缩略图: D:\code\cursor\looklook\userdata\thumbnails\1748229477295-RDpcVXNl.jpg
2025-05-26T03:17:57.774Z [LOG] 通过多步骤方法成功生成缩略图
2025-05-26T03:17:57.775Z [LOG] 设置已加载
2025-05-26T03:17:57.775Z [LOG] 获取视频分辨率: D:\Users\Videos\测试\PRED-777 dsfafsdfs.mp4
2025-05-26T03:17:57.775Z [MAIN] 开始获取视频分辨率: D:\Users\Videos\测试\PRED-777 dsfafsdfs.mp4
2025-05-26T03:17:57.776Z [LOG] 直接获取视频分辨率
2025-05-26T03:17:57.776Z [RESOLUTION] 开始获取视频分辨率: D:\Users\Videos\测试\PRED-777 dsfafsdfs.mp4
2025-05-26T03:17:57.776Z [PATH] 尝试获取FFprobe路径
2025-05-26T03:17:57.776Z [LOG] 使用配置的FFprobe路径: D:\code\cursor\looklook\node_modules\ffprobe-static\bin\win32\x64\ffprobe.exe
2025-05-26T03:17:57.776Z [PATH] 使用配置的FFprobe路径: D:\code\cursor\looklook\node_modules\ffprobe-static\bin\win32\x64\ffprobe.exe
2025-05-26T03:17:57.776Z [RESOLUTION] 在开发环境中使用ffprobe路径: D:\code\cursor\looklook\node_modules\ffprobe-static\bin\win32\x64\ffprobe.exe
2025-05-26T03:17:57.776Z [RESOLUTION] 检查ffprobe可执行文件是否存在: true
2025-05-26T03:17:57.777Z [LOG] 执行命令: "D:\code\cursor\looklook\node_modules\ffprobe-static\bin\win32\x64\ffprobe.exe" -v error -select_streams v:0 -show_entries stream=width,height -of csv=s=x:p=0 "D:\Users\Videos\测试\PRED-777 dsfafsdfs.mp4"
2025-05-26T03:17:57.777Z [RESOLUTION] 开始执行命令获取分辨率: "D:\code\cursor\looklook\node_modules\ffprobe-static\bin\win32\x64\ffprobe.exe" -v error -select_streams v:0 -show_entries stream=width,height -of csv=s=x:p=0 "D:\Users\Videos\测试\PRED-777 dsfafsdfs.mp4"
2025-05-26T03:17:57.840Z [RESOLUTION] 命令输出: "320x240"
2025-05-26T03:17:57.841Z [LOG] 成功解析分辨率: 320×240
2025-05-26T03:17:57.841Z [RESOLUTION] 成功解析分辨率: 320×240
2025-05-26T03:17:57.841Z [LOG] 获取视频时长: D:\Users\Videos\测试\PRED-777 dsfafsdfs.mp4
2025-05-26T03:17:57.841Z [MAIN] 开始获取视频时长: D:\Users\Videos\测试\PRED-777 dsfafsdfs.mp4
2025-05-26T03:17:57.842Z [LOG] 直接获取视频时长
2025-05-26T03:17:57.842Z [DURATION] 开始获取视频时长: D:\Users\Videos\测试\PRED-777 dsfafsdfs.mp4
2025-05-26T03:17:57.842Z [PATH] 尝试获取FFprobe路径
2025-05-26T03:17:57.842Z [LOG] 使用配置的FFprobe路径: D:\code\cursor\looklook\node_modules\ffprobe-static\bin\win32\x64\ffprobe.exe
2025-05-26T03:17:57.843Z [PATH] 使用配置的FFprobe路径: D:\code\cursor\looklook\node_modules\ffprobe-static\bin\win32\x64\ffprobe.exe
2025-05-26T03:17:57.843Z [DURATION] 在开发环境中使用ffprobe路径: D:\code\cursor\looklook\node_modules\ffprobe-static\bin\win32\x64\ffprobe.exe
2025-05-26T03:17:57.843Z [DURATION] 检查ffprobe可执行文件是否存在: true
2025-05-26T03:17:57.843Z [LOG] 执行命令: "D:\code\cursor\looklook\node_modules\ffprobe-static\bin\win32\x64\ffprobe.exe" -v error -show_entries format=duration -of default=noprint_wrappers=1:nokey=1 "D:\Users\Videos\测试\PRED-777 dsfafsdfs.mp4"
2025-05-26T03:17:57.843Z [DURATION] 开始执行命令获取时长: "D:\code\cursor\looklook\node_modules\ffprobe-static\bin\win32\x64\ffprobe.exe" -v error -show_entries format=duration -of default=noprint_wrappers=1:nokey=1 "D:\Users\Videos\测试\PRED-777 dsfafsdfs.mp4"
2025-05-26T03:17:57.906Z [DURATION] 命令输出: "245.291000"
2025-05-26T03:17:57.907Z [LOG] 成功解析时长: 00:04:05
2025-05-26T03:17:57.907Z [DURATION] 成功解析时长: 00:04:05
2025-05-26T03:17:57.907Z [LOG] 开始生成缩略图，视频路径: D:\Users\Videos\测试\PRED-777 dsfafsdfs.mp4
2025-05-26T03:17:57.907Z [LOG] 缩略图输出路径: D:\code\cursor\looklook\userdata\thumbnails\1748229478258-RDpcVXNl.jpg
2025-05-26T03:17:57.908Z [LOG] 生成随机时间点: 00:00:16
2025-05-26T03:17:57.908Z [LOG] 使用直接命令行ffmpeg生成缩略图
2025-05-26T03:17:57.908Z [PATH] 尝试获取FFmpeg路径
2025-05-26T03:17:57.908Z [LOG] 使用配置的FFmpeg路径: D:\code\cursor\looklook\node_modules\ffmpeg-static\ffmpeg.exe
2025-05-26T03:17:57.908Z [PATH] 使用配置的FFmpeg路径: D:\code\cursor\looklook\node_modules\ffmpeg-static\ffmpeg.exe
2025-05-26T03:17:57.909Z [LOG] 将使用时间点 00:00:16 生成缩略图
2025-05-26T03:17:57.909Z [LOG] 执行命令: D:\code\cursor\looklook\node_modules\ffmpeg-static\ffmpeg.exe -ss 00:00:16 -i D:\Users\Videos\测试\PRED-777 dsfafsdfs.mp4 -vframes 1 -s 320x180 -y D:\code\cursor\looklook\userdata\thumbnails\1748229478258-RDpcVXNl.jpg
2025-05-26T03:17:57.996Z [LOG] 直接ffmpeg成功生成缩略图: D:\code\cursor\looklook\userdata\thumbnails\1748229478258-RDpcVXNl.jpg
2025-05-26T03:17:57.996Z [LOG] 通过直接ffmpeg命令生成缩略图成功
2025-05-26T03:17:57.996Z [LOG] 设置已加载
2025-05-26T03:17:57.997Z [LOG] 获取视频分辨率: D:\Users\Videos\测试\SampleVideo_1280x720_10mb.flv
2025-05-26T03:17:57.997Z [MAIN] 开始获取视频分辨率: D:\Users\Videos\测试\SampleVideo_1280x720_10mb.flv
2025-05-26T03:17:57.997Z [LOG] 直接获取视频分辨率
2025-05-26T03:17:57.997Z [RESOLUTION] 开始获取视频分辨率: D:\Users\Videos\测试\SampleVideo_1280x720_10mb.flv
2025-05-26T03:17:57.997Z [PATH] 尝试获取FFprobe路径
2025-05-26T03:17:57.997Z [LOG] 使用配置的FFprobe路径: D:\code\cursor\looklook\node_modules\ffprobe-static\bin\win32\x64\ffprobe.exe
2025-05-26T03:17:57.998Z [PATH] 使用配置的FFprobe路径: D:\code\cursor\looklook\node_modules\ffprobe-static\bin\win32\x64\ffprobe.exe
2025-05-26T03:17:57.998Z [RESOLUTION] 在开发环境中使用ffprobe路径: D:\code\cursor\looklook\node_modules\ffprobe-static\bin\win32\x64\ffprobe.exe
2025-05-26T03:17:57.998Z [RESOLUTION] 检查ffprobe可执行文件是否存在: true
2025-05-26T03:17:57.998Z [LOG] 执行命令: "D:\code\cursor\looklook\node_modules\ffprobe-static\bin\win32\x64\ffprobe.exe" -v error -select_streams v:0 -show_entries stream=width,height -of csv=s=x:p=0 "D:\Users\Videos\测试\SampleVideo_1280x720_10mb.flv"
2025-05-26T03:17:57.998Z [RESOLUTION] 开始执行命令获取分辨率: "D:\code\cursor\looklook\node_modules\ffprobe-static\bin\win32\x64\ffprobe.exe" -v error -select_streams v:0 -show_entries stream=width,height -of csv=s=x:p=0 "D:\Users\Videos\测试\SampleVideo_1280x720_10mb.flv"
2025-05-26T03:17:58.062Z [RESOLUTION] 命令输出: "1280x720"
2025-05-26T03:17:58.063Z [LOG] 成功解析分辨率: 1280×720
2025-05-26T03:17:58.063Z [RESOLUTION] 成功解析分辨率: 1280×720
2025-05-26T03:17:58.063Z [LOG] 获取视频时长: D:\Users\Videos\测试\SampleVideo_1280x720_10mb.flv
2025-05-26T03:17:58.063Z [MAIN] 开始获取视频时长: D:\Users\Videos\测试\SampleVideo_1280x720_10mb.flv
2025-05-26T03:17:58.063Z [LOG] 直接获取视频时长
2025-05-26T03:17:58.064Z [DURATION] 开始获取视频时长: D:\Users\Videos\测试\SampleVideo_1280x720_10mb.flv
2025-05-26T03:17:58.064Z [PATH] 尝试获取FFprobe路径
2025-05-26T03:17:58.064Z [LOG] 使用配置的FFprobe路径: D:\code\cursor\looklook\node_modules\ffprobe-static\bin\win32\x64\ffprobe.exe
2025-05-26T03:17:58.064Z [PATH] 使用配置的FFprobe路径: D:\code\cursor\looklook\node_modules\ffprobe-static\bin\win32\x64\ffprobe.exe
2025-05-26T03:17:58.064Z [DURATION] 在开发环境中使用ffprobe路径: D:\code\cursor\looklook\node_modules\ffprobe-static\bin\win32\x64\ffprobe.exe
2025-05-26T03:17:58.064Z [DURATION] 检查ffprobe可执行文件是否存在: true
2025-05-26T03:17:58.064Z [LOG] 执行命令: "D:\code\cursor\looklook\node_modules\ffprobe-static\bin\win32\x64\ffprobe.exe" -v error -show_entries format=duration -of default=noprint_wrappers=1:nokey=1 "D:\Users\Videos\测试\SampleVideo_1280x720_10mb.flv"
2025-05-26T03:17:58.065Z [DURATION] 开始执行命令获取时长: "D:\code\cursor\looklook\node_modules\ffprobe-static\bin\win32\x64\ffprobe.exe" -v error -show_entries format=duration -of default=noprint_wrappers=1:nokey=1 "D:\Users\Videos\测试\SampleVideo_1280x720_10mb.flv"
2025-05-26T03:17:58.131Z [DURATION] 命令输出: "54.082000"
2025-05-26T03:17:58.132Z [LOG] 成功解析时长: 00:00:54
2025-05-26T03:17:58.132Z [DURATION] 成功解析时长: 00:00:54
2025-05-26T03:17:58.132Z [LOG] 开始生成缩略图，视频路径: D:\Users\Videos\测试\SampleVideo_1280x720_10mb.flv
2025-05-26T03:17:58.133Z [LOG] 缩略图输出路径: D:\code\cursor\looklook\userdata\thumbnails\1748229478423-RDpcVXNl.jpg
2025-05-26T03:17:58.133Z [LOG] 生成随机时间点: 00:00:37
2025-05-26T03:17:58.133Z [LOG] 使用直接命令行ffmpeg生成缩略图
2025-05-26T03:17:58.133Z [PATH] 尝试获取FFmpeg路径
2025-05-26T03:17:58.133Z [LOG] 使用配置的FFmpeg路径: D:\code\cursor\looklook\node_modules\ffmpeg-static\ffmpeg.exe
2025-05-26T03:17:58.134Z [PATH] 使用配置的FFmpeg路径: D:\code\cursor\looklook\node_modules\ffmpeg-static\ffmpeg.exe
2025-05-26T03:17:58.134Z [LOG] 将使用时间点 00:00:37 生成缩略图
2025-05-26T03:17:58.134Z [LOG] 执行命令: D:\code\cursor\looklook\node_modules\ffmpeg-static\ffmpeg.exe -ss 00:00:37 -i D:\Users\Videos\测试\SampleVideo_1280x720_10mb.flv -vframes 1 -s 320x180 -y D:\code\cursor\looklook\userdata\thumbnails\1748229478423-RDpcVXNl.jpg
2025-05-26T03:17:58.246Z [LOG] 直接ffmpeg成功生成缩略图: D:\code\cursor\looklook\userdata\thumbnails\1748229478423-RDpcVXNl.jpg
2025-05-26T03:17:58.246Z [LOG] 通过直接ffmpeg命令生成缩略图成功
2025-05-26T03:17:58.247Z [LOG] 设置已加载
2025-05-26T03:17:58.247Z [LOG] 获取视频分辨率: D:\Users\Videos\测试\SampleVideo_1280x720_10mb.mkv
2025-05-26T03:17:58.247Z [MAIN] 开始获取视频分辨率: D:\Users\Videos\测试\SampleVideo_1280x720_10mb.mkv
2025-05-26T03:17:58.247Z [LOG] 直接获取视频分辨率
2025-05-26T03:17:58.248Z [RESOLUTION] 开始获取视频分辨率: D:\Users\Videos\测试\SampleVideo_1280x720_10mb.mkv
2025-05-26T03:17:58.248Z [PATH] 尝试获取FFprobe路径
2025-05-26T03:17:58.248Z [LOG] 使用配置的FFprobe路径: D:\code\cursor\looklook\node_modules\ffprobe-static\bin\win32\x64\ffprobe.exe
2025-05-26T03:17:58.248Z [PATH] 使用配置的FFprobe路径: D:\code\cursor\looklook\node_modules\ffprobe-static\bin\win32\x64\ffprobe.exe
2025-05-26T03:17:58.248Z [RESOLUTION] 在开发环境中使用ffprobe路径: D:\code\cursor\looklook\node_modules\ffprobe-static\bin\win32\x64\ffprobe.exe
2025-05-26T03:17:58.248Z [RESOLUTION] 检查ffprobe可执行文件是否存在: true
2025-05-26T03:17:58.248Z [LOG] 执行命令: "D:\code\cursor\looklook\node_modules\ffprobe-static\bin\win32\x64\ffprobe.exe" -v error -select_streams v:0 -show_entries stream=width,height -of csv=s=x:p=0 "D:\Users\Videos\测试\SampleVideo_1280x720_10mb.mkv"
2025-05-26T03:17:58.248Z [RESOLUTION] 开始执行命令获取分辨率: "D:\code\cursor\looklook\node_modules\ffprobe-static\bin\win32\x64\ffprobe.exe" -v error -select_streams v:0 -show_entries stream=width,height -of csv=s=x:p=0 "D:\Users\Videos\测试\SampleVideo_1280x720_10mb.mkv"
2025-05-26T03:17:58.313Z [RESOLUTION] 命令输出: "1280x720"
2025-05-26T03:17:58.313Z [LOG] 成功解析分辨率: 1280×720
2025-05-26T03:17:58.314Z [RESOLUTION] 成功解析分辨率: 1280×720
2025-05-26T03:17:58.314Z [LOG] 获取视频时长: D:\Users\Videos\测试\SampleVideo_1280x720_10mb.mkv
2025-05-26T03:17:58.314Z [MAIN] 开始获取视频时长: D:\Users\Videos\测试\SampleVideo_1280x720_10mb.mkv
2025-05-26T03:17:58.314Z [LOG] 直接获取视频时长
2025-05-26T03:17:58.314Z [DURATION] 开始获取视频时长: D:\Users\Videos\测试\SampleVideo_1280x720_10mb.mkv
2025-05-26T03:17:58.315Z [PATH] 尝试获取FFprobe路径
2025-05-26T03:17:58.315Z [LOG] 使用配置的FFprobe路径: D:\code\cursor\looklook\node_modules\ffprobe-static\bin\win32\x64\ffprobe.exe
2025-05-26T03:17:58.315Z [PATH] 使用配置的FFprobe路径: D:\code\cursor\looklook\node_modules\ffprobe-static\bin\win32\x64\ffprobe.exe
2025-05-26T03:17:58.315Z [DURATION] 在开发环境中使用ffprobe路径: D:\code\cursor\looklook\node_modules\ffprobe-static\bin\win32\x64\ffprobe.exe
2025-05-26T03:17:58.315Z [DURATION] 检查ffprobe可执行文件是否存在: true
2025-05-26T03:17:58.315Z [LOG] 执行命令: "D:\code\cursor\looklook\node_modules\ffprobe-static\bin\win32\x64\ffprobe.exe" -v error -show_entries format=duration -of default=noprint_wrappers=1:nokey=1 "D:\Users\Videos\测试\SampleVideo_1280x720_10mb.mkv"
2025-05-26T03:17:58.315Z [DURATION] 开始执行命令获取时长: "D:\code\cursor\looklook\node_modules\ffprobe-static\bin\win32\x64\ffprobe.exe" -v error -show_entries format=duration -of default=noprint_wrappers=1:nokey=1 "D:\Users\Videos\测试\SampleVideo_1280x720_10mb.mkv"
2025-05-26T03:17:58.376Z [DURATION] 命令输出: "56.200000"
2025-05-26T03:17:58.377Z [LOG] 成功解析时长: 00:00:56
2025-05-26T03:17:58.377Z [DURATION] 成功解析时长: 00:00:56
2025-05-26T03:17:58.377Z [LOG] 开始生成缩略图，视频路径: D:\Users\Videos\测试\SampleVideo_1280x720_10mb.mkv
2025-05-26T03:17:58.378Z [LOG] 缩略图输出路径: D:\code\cursor\looklook\userdata\thumbnails\1748229478668-RDpcVXNl.jpg
2025-05-26T03:17:58.378Z [LOG] 生成随机时间点: 00:00:21
2025-05-26T03:17:58.378Z [LOG] 使用直接命令行ffmpeg生成缩略图
2025-05-26T03:17:58.378Z [PATH] 尝试获取FFmpeg路径
2025-05-26T03:17:58.379Z [LOG] 使用配置的FFmpeg路径: D:\code\cursor\looklook\node_modules\ffmpeg-static\ffmpeg.exe
2025-05-26T03:17:58.379Z [PATH] 使用配置的FFmpeg路径: D:\code\cursor\looklook\node_modules\ffmpeg-static\ffmpeg.exe
2025-05-26T03:17:58.379Z [LOG] 将使用时间点 00:00:21 生成缩略图
2025-05-26T03:17:58.379Z [LOG] 执行命令: D:\code\cursor\looklook\node_modules\ffmpeg-static\ffmpeg.exe -ss 00:00:21 -i D:\Users\Videos\测试\SampleVideo_1280x720_10mb.mkv -vframes 1 -s 320x180 -y D:\code\cursor\looklook\userdata\thumbnails\1748229478668-RDpcVXNl.jpg
2025-05-26T03:17:58.485Z [LOG] 直接ffmpeg成功生成缩略图: D:\code\cursor\looklook\userdata\thumbnails\1748229478668-RDpcVXNl.jpg
2025-05-26T03:17:58.485Z [LOG] 通过直接ffmpeg命令生成缩略图成功
2025-05-26T03:17:58.486Z [LOG] 设置已加载
2025-05-26T03:17:58.486Z [LOG] 获取视频分辨率: D:\Users\Videos\测试\SampleVideo_1280x720_10mb.mp4
2025-05-26T03:17:58.486Z [MAIN] 开始获取视频分辨率: D:\Users\Videos\测试\SampleVideo_1280x720_10mb.mp4
2025-05-26T03:17:58.486Z [LOG] 直接获取视频分辨率
2025-05-26T03:17:58.487Z [RESOLUTION] 开始获取视频分辨率: D:\Users\Videos\测试\SampleVideo_1280x720_10mb.mp4
2025-05-26T03:17:58.487Z [PATH] 尝试获取FFprobe路径
2025-05-26T03:17:58.487Z [LOG] 使用配置的FFprobe路径: D:\code\cursor\looklook\node_modules\ffprobe-static\bin\win32\x64\ffprobe.exe
2025-05-26T03:17:58.487Z [PATH] 使用配置的FFprobe路径: D:\code\cursor\looklook\node_modules\ffprobe-static\bin\win32\x64\ffprobe.exe
2025-05-26T03:17:58.487Z [RESOLUTION] 在开发环境中使用ffprobe路径: D:\code\cursor\looklook\node_modules\ffprobe-static\bin\win32\x64\ffprobe.exe
2025-05-26T03:17:58.487Z [RESOLUTION] 检查ffprobe可执行文件是否存在: true
2025-05-26T03:17:58.488Z [LOG] 执行命令: "D:\code\cursor\looklook\node_modules\ffprobe-static\bin\win32\x64\ffprobe.exe" -v error -select_streams v:0 -show_entries stream=width,height -of csv=s=x:p=0 "D:\Users\Videos\测试\SampleVideo_1280x720_10mb.mp4"
2025-05-26T03:17:58.488Z [RESOLUTION] 开始执行命令获取分辨率: "D:\code\cursor\looklook\node_modules\ffprobe-static\bin\win32\x64\ffprobe.exe" -v error -select_streams v:0 -show_entries stream=width,height -of csv=s=x:p=0 "D:\Users\Videos\测试\SampleVideo_1280x720_10mb.mp4"
2025-05-26T03:17:58.569Z [RESOLUTION] 命令输出: "1280x720"
2025-05-26T03:17:58.570Z [LOG] 成功解析分辨率: 1280×720
2025-05-26T03:17:58.570Z [RESOLUTION] 成功解析分辨率: 1280×720
2025-05-26T03:17:58.571Z [LOG] 获取视频时长: D:\Users\Videos\测试\SampleVideo_1280x720_10mb.mp4
2025-05-26T03:17:58.571Z [MAIN] 开始获取视频时长: D:\Users\Videos\测试\SampleVideo_1280x720_10mb.mp4
2025-05-26T03:17:58.571Z [LOG] 直接获取视频时长
2025-05-26T03:17:58.571Z [DURATION] 开始获取视频时长: D:\Users\Videos\测试\SampleVideo_1280x720_10mb.mp4
2025-05-26T03:17:58.571Z [PATH] 尝试获取FFprobe路径
2025-05-26T03:17:58.571Z [LOG] 使用配置的FFprobe路径: D:\code\cursor\looklook\node_modules\ffprobe-static\bin\win32\x64\ffprobe.exe
2025-05-26T03:17:58.572Z [PATH] 使用配置的FFprobe路径: D:\code\cursor\looklook\node_modules\ffprobe-static\bin\win32\x64\ffprobe.exe
2025-05-26T03:17:58.572Z [DURATION] 在开发环境中使用ffprobe路径: D:\code\cursor\looklook\node_modules\ffprobe-static\bin\win32\x64\ffprobe.exe
2025-05-26T03:17:58.572Z [DURATION] 检查ffprobe可执行文件是否存在: true
2025-05-26T03:17:58.572Z [LOG] 执行命令: "D:\code\cursor\looklook\node_modules\ffprobe-static\bin\win32\x64\ffprobe.exe" -v error -show_entries format=duration -of default=noprint_wrappers=1:nokey=1 "D:\Users\Videos\测试\SampleVideo_1280x720_10mb.mp4"
2025-05-26T03:17:58.572Z [DURATION] 开始执行命令获取时长: "D:\code\cursor\looklook\node_modules\ffprobe-static\bin\win32\x64\ffprobe.exe" -v error -show_entries format=duration -of default=noprint_wrappers=1:nokey=1 "D:\Users\Videos\测试\SampleVideo_1280x720_10mb.mp4"
2025-05-26T03:17:58.647Z [DURATION] 命令输出: "62.315000"
2025-05-26T03:17:58.648Z [LOG] 成功解析时长: 00:01:02
2025-05-26T03:17:58.648Z [DURATION] 成功解析时长: 00:01:02
2025-05-26T03:17:58.649Z [LOG] 开始生成缩略图，视频路径: D:\Users\Videos\测试\SampleVideo_1280x720_10mb.mp4
2025-05-26T03:17:58.649Z [LOG] 缩略图输出路径: D:\code\cursor\looklook\userdata\thumbnails\1748229479122-RDpcVXNl.jpg
2025-05-26T03:17:58.650Z [LOG] 生成随机时间点: 00:00:48
2025-05-26T03:17:58.650Z [LOG] 使用直接命令行ffmpeg生成缩略图
2025-05-26T03:17:58.650Z [PATH] 尝试获取FFmpeg路径
2025-05-26T03:17:58.651Z [LOG] 使用配置的FFmpeg路径: D:\code\cursor\looklook\node_modules\ffmpeg-static\ffmpeg.exe
2025-05-26T03:17:58.651Z [PATH] 使用配置的FFmpeg路径: D:\code\cursor\looklook\node_modules\ffmpeg-static\ffmpeg.exe
2025-05-26T03:17:58.651Z [LOG] 将使用时间点 00:00:48 生成缩略图
2025-05-26T03:17:58.651Z [LOG] 执行命令: D:\code\cursor\looklook\node_modules\ffmpeg-static\ffmpeg.exe -ss 00:00:48 -i D:\Users\Videos\测试\SampleVideo_1280x720_10mb.mp4 -vframes 1 -s 320x180 -y D:\code\cursor\looklook\userdata\thumbnails\1748229479122-RDpcVXNl.jpg
2025-05-26T03:17:58.775Z [LOG] 直接ffmpeg成功生成缩略图: D:\code\cursor\looklook\userdata\thumbnails\1748229479122-RDpcVXNl.jpg
2025-05-26T03:17:58.775Z [LOG] 通过直接ffmpeg命令生成缩略图成功
2025-05-26T03:17:58.776Z [LOG] 设置已加载
2025-05-26T03:17:58.776Z [LOG] 获取视频分辨率: D:\Users\Videos\测试\SampleVideo_1280x720_1mb.flv
2025-05-26T03:17:58.776Z [MAIN] 开始获取视频分辨率: D:\Users\Videos\测试\SampleVideo_1280x720_1mb.flv
2025-05-26T03:17:58.776Z [LOG] 直接获取视频分辨率
2025-05-26T03:17:58.776Z [RESOLUTION] 开始获取视频分辨率: D:\Users\Videos\测试\SampleVideo_1280x720_1mb.flv
2025-05-26T03:17:58.777Z [PATH] 尝试获取FFprobe路径
2025-05-26T03:17:58.777Z [LOG] 使用配置的FFprobe路径: D:\code\cursor\looklook\node_modules\ffprobe-static\bin\win32\x64\ffprobe.exe
2025-05-26T03:17:58.777Z [PATH] 使用配置的FFprobe路径: D:\code\cursor\looklook\node_modules\ffprobe-static\bin\win32\x64\ffprobe.exe
2025-05-26T03:17:58.777Z [RESOLUTION] 在开发环境中使用ffprobe路径: D:\code\cursor\looklook\node_modules\ffprobe-static\bin\win32\x64\ffprobe.exe
2025-05-26T03:17:58.777Z [RESOLUTION] 检查ffprobe可执行文件是否存在: true
2025-05-26T03:17:58.777Z [LOG] 执行命令: "D:\code\cursor\looklook\node_modules\ffprobe-static\bin\win32\x64\ffprobe.exe" -v error -select_streams v:0 -show_entries stream=width,height -of csv=s=x:p=0 "D:\Users\Videos\测试\SampleVideo_1280x720_1mb.flv"
2025-05-26T03:17:58.777Z [RESOLUTION] 开始执行命令获取分辨率: "D:\code\cursor\looklook\node_modules\ffprobe-static\bin\win32\x64\ffprobe.exe" -v error -select_streams v:0 -show_entries stream=width,height -of csv=s=x:p=0 "D:\Users\Videos\测试\SampleVideo_1280x720_1mb.flv"
2025-05-26T03:17:58.838Z [RESOLUTION] 命令输出: "1280x720"
2025-05-26T03:17:58.839Z [LOG] 成功解析分辨率: 1280×720
2025-05-26T03:17:58.839Z [RESOLUTION] 成功解析分辨率: 1280×720
2025-05-26T03:17:58.839Z [LOG] 获取视频时长: D:\Users\Videos\测试\SampleVideo_1280x720_1mb.flv
2025-05-26T03:17:58.840Z [MAIN] 开始获取视频时长: D:\Users\Videos\测试\SampleVideo_1280x720_1mb.flv
2025-05-26T03:17:58.840Z [LOG] 直接获取视频时长
2025-05-26T03:17:58.840Z [DURATION] 开始获取视频时长: D:\Users\Videos\测试\SampleVideo_1280x720_1mb.flv
2025-05-26T03:17:58.840Z [PATH] 尝试获取FFprobe路径
2025-05-26T03:17:58.840Z [LOG] 使用配置的FFprobe路径: D:\code\cursor\looklook\node_modules\ffprobe-static\bin\win32\x64\ffprobe.exe
2025-05-26T03:17:58.840Z [PATH] 使用配置的FFprobe路径: D:\code\cursor\looklook\node_modules\ffprobe-static\bin\win32\x64\ffprobe.exe
2025-05-26T03:17:58.840Z [DURATION] 在开发环境中使用ffprobe路径: D:\code\cursor\looklook\node_modules\ffprobe-static\bin\win32\x64\ffprobe.exe
2025-05-26T03:17:58.840Z [DURATION] 检查ffprobe可执行文件是否存在: true
2025-05-26T03:17:58.841Z [LOG] 执行命令: "D:\code\cursor\looklook\node_modules\ffprobe-static\bin\win32\x64\ffprobe.exe" -v error -show_entries format=duration -of default=noprint_wrappers=1:nokey=1 "D:\Users\Videos\测试\SampleVideo_1280x720_1mb.flv"
2025-05-26T03:17:58.841Z [DURATION] 开始执行命令获取时长: "D:\code\cursor\looklook\node_modules\ffprobe-static\bin\win32\x64\ffprobe.exe" -v error -show_entries format=duration -of default=noprint_wrappers=1:nokey=1 "D:\Users\Videos\测试\SampleVideo_1280x720_1mb.flv"
2025-05-26T03:17:58.904Z [DURATION] 命令输出: "5.160000"
2025-05-26T03:17:58.904Z [LOG] 成功解析时长: 00:00:05
2025-05-26T03:17:58.904Z [DURATION] 成功解析时长: 00:00:05
2025-05-26T03:17:58.904Z [LOG] 开始生成缩略图，视频路径: D:\Users\Videos\测试\SampleVideo_1280x720_1mb.flv
2025-05-26T03:17:58.905Z [LOG] 缩略图输出路径: D:\code\cursor\looklook\userdata\thumbnails\1748229479340-RDpcVXNl.jpg
2025-05-26T03:17:58.905Z [LOG] 生成随机时间点: 00:00:22
2025-05-26T03:17:58.905Z [LOG] 使用直接命令行ffmpeg生成缩略图
2025-05-26T03:17:58.905Z [PATH] 尝试获取FFmpeg路径
2025-05-26T03:17:58.906Z [LOG] 使用配置的FFmpeg路径: D:\code\cursor\looklook\node_modules\ffmpeg-static\ffmpeg.exe
2025-05-26T03:17:58.906Z [PATH] 使用配置的FFmpeg路径: D:\code\cursor\looklook\node_modules\ffmpeg-static\ffmpeg.exe
2025-05-26T03:17:58.906Z [LOG] 将使用时间点 00:00:22 生成缩略图
2025-05-26T03:17:58.906Z [LOG] 执行命令: D:\code\cursor\looklook\node_modules\ffmpeg-static\ffmpeg.exe -ss 00:00:22 -i D:\Users\Videos\测试\SampleVideo_1280x720_1mb.flv -vframes 1 -s 320x180 -y D:\code\cursor\looklook\userdata\thumbnails\1748229479340-RDpcVXNl.jpg
2025-05-26T03:17:59.481Z [ERROR] 直接ffmpeg生成缩略图失败: Command failed: D:\code\cursor\looklook\node_modules\ffmpeg-static\ffmpeg.exe -ss 00:00:22 -i D:\Users\Videos\测试\SampleVideo_1280x720_1mb.flv -vframes 1 -s 320x180 -y D:\code\cursor\looklook\userdata\thumbnails\1748229479340-RDpcVXNl.jpg
ffmpeg version 7.1.1-essentials_build-www.gyan.dev Copyright (c) 2000-2025 the FFmpeg developers
  built with gcc 14.2.0 (Rev1, Built by MSYS2 project)
  configuration: --enable-gpl --enable-version3 --enable-static --disable-w32threads --disable-autodetect --enable-fontconfig --enable-iconv --enable-gnutls --enable-libxml2 --enable-gmp --enable-bzlib --enable-lzma --enable-zlib --enable-libsrt --enable-libssh --enable-libzmq --enable-avisynth --enable-sdl2 --enable-libwebp --enable-libx264 --enable-libx265 --enable-libxvid --enable-libaom --enable-libopenjpeg --enable-libvpx --enable-mediafoundation --enable-libass --enable-libfreetype --enable-libfribidi --enable-libharfbuzz --enable-libvidstab --enable-libvmaf --enable-libzimg --enable-amf --enable-cuda-llvm --enable-cuvid --enable-dxva2 --enable-d3d11va --enable-d3d12va --enable-ffnvcodec --enable-libvpl --enable-nvdec --enable-nvenc --enable-vaapi --enable-libgme --enable-libopenmpt --enable-libopencore-amrwb --enable-libmp3lame --enable-libtheora --enable-libvo-amrwbenc --enable-libgsm --enable-libopencore-amrnb --enable-libopus --enable-libspeex --enable-libvorbis --enable-librubberband
  libavutil      59. 39.100 / 59. 39.100
  libavcodec     61. 19.101 / 61. 19.101
  libavformat    61.  7.100 / 61.  7.100
  libavdevice    61.  3.100 / 61.  3.100
  libavfilter    10.  4.100 / 10.  4.100
  libswscale      8.  3.100 /  8.  3.100
  libswresample   5.  3.100 /  5.  3.100
  libpostproc    58.  3.100 / 58.  3.100
Input #0, flv, from 'D:\Users\Videos\测试\SampleVideo_1280x720_1mb.flv':
  Metadata:
    encoder         : Lavf53.24.2
  Duration: 00:00:05.16, start: 0.000000, bitrate: 1629 kb/s
  Stream #0:0: Audio: aac (LC), 48000 Hz, 5.1, fltp, 384 kb/s
  Stream #0:1: Video: flv1 (flv), yuv420p, 1280x720, 1200 kb/s, 1k fps, 25 tbr, 1k tbn
Stream mapping:
  Stream #0:1 -> #0:0 (flv1 (flv) -> mjpeg (native))
Press [q] to stop, [?] for help
[vf#0:0 @ 0000000002b60940] No filtered frames for output stream, trying to initialize anyway.
[mjpeg @ 0000000002b600c0] Non full-range YUV is non-standard, set strict_std_compliance to at most unofficial to use it.
[vost#0:0/mjpeg @ 00000000026a6900] Error while opening encoder - maybe incorrect parameters such as bit_rate, rate, width or height.
[vf#0:0 @ 0000000002b605c0] Task finished with error code: -22 (Invalid argument)
[vf#0:0 @ 0000000002b605c0] Terminating thread with return code -22 (Invalid argument)
[vost#0:0/mjpeg @ 00000000026a6900] Could not open encoder before EOF
[vost#0:0/mjpeg @ 00000000026a6900] Task finished with error code: -22 (Invalid argument)
[vost#0:0/mjpeg @ 00000000026a6900] Terminating thread with return code -22 (Invalid argument)
[out#0/image2 @ 00000000026973c0] Nothing was written into output file, because at least one of its streams received no packets.
frame=    0 fps=0.0 q=0.0 Lsize=       0KiB time=N/A bitrate=N/A speed=N/A    
Conversion failed!

2025-05-26T03:17:59.484Z [ERROR] STDERR: ffmpeg version 7.1.1-essentials_build-www.gyan.dev Copyright (c) 2000-2025 the FFmpeg developers
  built with gcc 14.2.0 (Rev1, Built by MSYS2 project)
  configuration: --enable-gpl --enable-version3 --enable-static --disable-w32threads --disable-autodetect --enable-fontconfig --enable-iconv --enable-gnutls --enable-libxml2 --enable-gmp --enable-bzlib --enable-lzma --enable-zlib --enable-libsrt --enable-libssh --enable-libzmq --enable-avisynth --enable-sdl2 --enable-libwebp --enable-libx264 --enable-libx265 --enable-libxvid --enable-libaom --enable-libopenjpeg --enable-libvpx --enable-mediafoundation --enable-libass --enable-libfreetype --enable-libfribidi --enable-libharfbuzz --enable-libvidstab --enable-libvmaf --enable-libzimg --enable-amf --enable-cuda-llvm --enable-cuvid --enable-dxva2 --enable-d3d11va --enable-d3d12va --enable-ffnvcodec --enable-libvpl --enable-nvdec --enable-nvenc --enable-vaapi --enable-libgme --enable-libopenmpt --enable-libopencore-amrwb --enable-libmp3lame --enable-libtheora --enable-libvo-amrwbenc --enable-libgsm --enable-libopencore-amrnb --enable-libopus --enable-libspeex --enable-libvorbis --enable-librubberband
  libavutil      59. 39.100 / 59. 39.100
  libavcodec     61. 19.101 / 61. 19.101
  libavformat    61.  7.100 / 61.  7.100
  libavdevice    61.  3.100 / 61.  3.100
  libavfilter    10.  4.100 / 10.  4.100
  libswscale      8.  3.100 /  8.  3.100
  libswresample   5.  3.100 /  5.  3.100
  libpostproc    58.  3.100 / 58.  3.100
Input #0, flv, from 'D:\Users\Videos\测试\SampleVideo_1280x720_1mb.flv':
  Metadata:
    encoder         : Lavf53.24.2
  Duration: 00:00:05.16, start: 0.000000, bitrate: 1629 kb/s
  Stream #0:0: Audio: aac (LC), 48000 Hz, 5.1, fltp, 384 kb/s
  Stream #0:1: Video: flv1 (flv), yuv420p, 1280x720, 1200 kb/s, 1k fps, 25 tbr, 1k tbn
Stream mapping:
  Stream #0:1 -> #0:0 (flv1 (flv) -> mjpeg (native))
Press [q] to stop, [?] for help
[vf#0:0 @ 0000000002b60940] No filtered frames for output stream, trying to initialize anyway.
[mjpeg @ 0000000002b600c0] Non full-range YUV is non-standard, set strict_std_compliance to at most unofficial to use it.
[vost#0:0/mjpeg @ 00000000026a6900] Error while opening encoder - maybe incorrect parameters such as bit_rate, rate, width or height.
[vf#0:0 @ 0000000002b605c0] Task finished with error code: -22 (Invalid argument)
[vf#0:0 @ 0000000002b605c0] Terminating thread with return code -22 (Invalid argument)
[vost#0:0/mjpeg @ 00000000026a6900] Could not open encoder before EOF
[vost#0:0/mjpeg @ 00000000026a6900] Task finished with error code: -22 (Invalid argument)
[vost#0:0/mjpeg @ 00000000026a6900] Terminating thread with return code -22 (Invalid argument)
[out#0/image2 @ 00000000026973c0] Nothing was written into output file, because at least one of its streams received no packets.
frame=    0 fps=0.0 q=0.0 Lsize=       0KiB time=N/A bitrate=N/A speed=N/A    
Conversion failed!

2025-05-26T03:17:59.487Z [ERROR] 直接ffmpeg命令生成缩略图失败: Command failed: D:\code\cursor\looklook\node_modules\ffmpeg-static\ffmpeg.exe -ss 00:00:22 -i D:\Users\Videos\测试\SampleVideo_1280x720_1mb.flv -vframes 1 -s 320x180 -y D:\code\cursor\looklook\userdata\thumbnails\1748229479340-RDpcVXNl.jpg
ffmpeg version 7.1.1-essentials_build-www.gyan.dev Copyright (c) 2000-2025 the FFmpeg developers
  built with gcc 14.2.0 (Rev1, Built by MSYS2 project)
  configuration: --enable-gpl --enable-version3 --enable-static --disable-w32threads --disable-autodetect --enable-fontconfig --enable-iconv --enable-gnutls --enable-libxml2 --enable-gmp --enable-bzlib --enable-lzma --enable-zlib --enable-libsrt --enable-libssh --enable-libzmq --enable-avisynth --enable-sdl2 --enable-libwebp --enable-libx264 --enable-libx265 --enable-libxvid --enable-libaom --enable-libopenjpeg --enable-libvpx --enable-mediafoundation --enable-libass --enable-libfreetype --enable-libfribidi --enable-libharfbuzz --enable-libvidstab --enable-libvmaf --enable-libzimg --enable-amf --enable-cuda-llvm --enable-cuvid --enable-dxva2 --enable-d3d11va --enable-d3d12va --enable-ffnvcodec --enable-libvpl --enable-nvdec --enable-nvenc --enable-vaapi --enable-libgme --enable-libopenmpt --enable-libopencore-amrwb --enable-libmp3lame --enable-libtheora --enable-libvo-amrwbenc --enable-libgsm --enable-libopencore-amrnb --enable-libopus --enable-libspeex --enable-libvorbis --enable-librubberband
  libavutil      59. 39.100 / 59. 39.100
  libavcodec     61. 19.101 / 61. 19.101
  libavformat    61.  7.100 / 61.  7.100
  libavdevice    61.  3.100 / 61.  3.100
  libavfilter    10.  4.100 / 10.  4.100
  libswscale      8.  3.100 /  8.  3.100
  libswresample   5.  3.100 /  5.  3.100
  libpostproc    58.  3.100 / 58.  3.100
Input #0, flv, from 'D:\Users\Videos\测试\SampleVideo_1280x720_1mb.flv':
  Metadata:
    encoder         : Lavf53.24.2
  Duration: 00:00:05.16, start: 0.000000, bitrate: 1629 kb/s
  Stream #0:0: Audio: aac (LC), 48000 Hz, 5.1, fltp, 384 kb/s
  Stream #0:1: Video: flv1 (flv), yuv420p, 1280x720, 1200 kb/s, 1k fps, 25 tbr, 1k tbn
Stream mapping:
  Stream #0:1 -> #0:0 (flv1 (flv) -> mjpeg (native))
Press [q] to stop, [?] for help
[vf#0:0 @ 0000000002b60940] No filtered frames for output stream, trying to initialize anyway.
[mjpeg @ 0000000002b600c0] Non full-range YUV is non-standard, set strict_std_compliance to at most unofficial to use it.
[vost#0:0/mjpeg @ 00000000026a6900] Error while opening encoder - maybe incorrect parameters such as bit_rate, rate, width or height.
[vf#0:0 @ 0000000002b605c0] Task finished with error code: -22 (Invalid argument)
[vf#0:0 @ 0000000002b605c0] Terminating thread with return code -22 (Invalid argument)
[vost#0:0/mjpeg @ 00000000026a6900] Could not open encoder before EOF
[vost#0:0/mjpeg @ 00000000026a6900] Task finished with error code: -22 (Invalid argument)
[vost#0:0/mjpeg @ 00000000026a6900] Terminating thread with return code -22 (Invalid argument)
[out#0/image2 @ 00000000026973c0] Nothing was written into output file, because at least one of its streams received no packets.
frame=    0 fps=0.0 q=0.0 Lsize=       0KiB time=N/A bitrate=N/A speed=N/A    
Conversion failed!

2025-05-26T03:17:59.487Z [LOG] 尝试使用直接命令行方式生成缩略图
2025-05-26T03:17:59.487Z [LOG] 直接获取视频时长（秒数）
2025-05-26T03:17:59.487Z [PATH] 尝试获取FFprobe路径
2025-05-26T03:17:59.487Z [LOG] 使用配置的FFprobe路径: D:\code\cursor\looklook\node_modules\ffprobe-static\bin\win32\x64\ffprobe.exe
2025-05-26T03:17:59.488Z [PATH] 使用配置的FFprobe路径: D:\code\cursor\looklook\node_modules\ffprobe-static\bin\win32\x64\ffprobe.exe
2025-05-26T03:17:59.488Z [LOG] 在开发环境中使用ffprobe路径: D:\code\cursor\looklook\node_modules\ffprobe-static\bin\win32\x64\ffprobe.exe
2025-05-26T03:17:59.488Z [LOG] 执行命令: D:\code\cursor\looklook\node_modules\ffprobe-static\bin\win32\x64\ffprobe.exe -v error -show_entries format=duration -of default=noprint_wrappers=1:nokey=1 D:\Users\Videos\测试\SampleVideo_1280x720_1mb.flv
2025-05-26T03:17:59.542Z [LOG] 时长命令输出: 5.160000
2025-05-26T03:17:59.542Z [LOG] 成功获取视频时长: 5.16 秒
2025-05-26T03:17:59.542Z [LOG] 获取到视频时长: 5.16 秒, 准备截取缩略图
2025-05-26T03:17:59.543Z [LOG] 将在视频的 2 秒处截取缩略图 (随机生成)
2025-05-26T03:17:59.543Z [PATH] 尝试获取FFmpeg路径
2025-05-26T03:17:59.543Z [LOG] 使用配置的FFmpeg路径: D:\code\cursor\looklook\node_modules\ffmpeg-static\ffmpeg.exe
2025-05-26T03:17:59.543Z [PATH] 使用配置的FFmpeg路径: D:\code\cursor\looklook\node_modules\ffmpeg-static\ffmpeg.exe
2025-05-26T03:17:59.543Z [LOG] 执行命令: D:\code\cursor\looklook\node_modules\ffmpeg-static\ffmpeg.exe -i D:\Users\Videos\测试\SampleVideo_1280x720_1mb.flv -ss 2 -vframes 1 -s 320x180 -y D:\code\cursor\looklook\userdata\thumbnails\1748229479340-RDpcVXNl.jpg
2025-05-26T03:17:59.642Z [LOG] 命令行方式成功生成缩略图: D:\code\cursor\looklook\userdata\thumbnails\1748229479340-RDpcVXNl.jpg
2025-05-26T03:17:59.643Z [LOG] 通过多步骤方法成功生成缩略图
2025-05-26T03:17:59.643Z [LOG] 设置已加载
2025-05-26T03:17:59.644Z [LOG] 获取视频分辨率: D:\Users\Videos\测试\SampleVideo_1280x720_1mb.mkv
2025-05-26T03:17:59.644Z [MAIN] 开始获取视频分辨率: D:\Users\Videos\测试\SampleVideo_1280x720_1mb.mkv
2025-05-26T03:17:59.644Z [LOG] 直接获取视频分辨率
2025-05-26T03:17:59.644Z [RESOLUTION] 开始获取视频分辨率: D:\Users\Videos\测试\SampleVideo_1280x720_1mb.mkv
2025-05-26T03:17:59.644Z [PATH] 尝试获取FFprobe路径
2025-05-26T03:17:59.645Z [LOG] 使用配置的FFprobe路径: D:\code\cursor\looklook\node_modules\ffprobe-static\bin\win32\x64\ffprobe.exe
2025-05-26T03:17:59.645Z [PATH] 使用配置的FFprobe路径: D:\code\cursor\looklook\node_modules\ffprobe-static\bin\win32\x64\ffprobe.exe
2025-05-26T03:17:59.645Z [RESOLUTION] 在开发环境中使用ffprobe路径: D:\code\cursor\looklook\node_modules\ffprobe-static\bin\win32\x64\ffprobe.exe
2025-05-26T03:17:59.645Z [RESOLUTION] 检查ffprobe可执行文件是否存在: true
2025-05-26T03:17:59.645Z [LOG] 执行命令: "D:\code\cursor\looklook\node_modules\ffprobe-static\bin\win32\x64\ffprobe.exe" -v error -select_streams v:0 -show_entries stream=width,height -of csv=s=x:p=0 "D:\Users\Videos\测试\SampleVideo_1280x720_1mb.mkv"
2025-05-26T03:17:59.645Z [RESOLUTION] 开始执行命令获取分辨率: "D:\code\cursor\looklook\node_modules\ffprobe-static\bin\win32\x64\ffprobe.exe" -v error -select_streams v:0 -show_entries stream=width,height -of csv=s=x:p=0 "D:\Users\Videos\测试\SampleVideo_1280x720_1mb.mkv"
2025-05-26T03:17:59.708Z [RESOLUTION] 命令输出: "1280x720"
2025-05-26T03:17:59.708Z [LOG] 成功解析分辨率: 1280×720
2025-05-26T03:17:59.708Z [RESOLUTION] 成功解析分辨率: 1280×720
2025-05-26T03:17:59.709Z [LOG] 获取视频时长: D:\Users\Videos\测试\SampleVideo_1280x720_1mb.mkv
2025-05-26T03:17:59.709Z [MAIN] 开始获取视频时长: D:\Users\Videos\测试\SampleVideo_1280x720_1mb.mkv
2025-05-26T03:17:59.709Z [LOG] 直接获取视频时长
2025-05-26T03:17:59.709Z [DURATION] 开始获取视频时长: D:\Users\Videos\测试\SampleVideo_1280x720_1mb.mkv
2025-05-26T03:17:59.709Z [PATH] 尝试获取FFprobe路径
2025-05-26T03:17:59.710Z [LOG] 使用配置的FFprobe路径: D:\code\cursor\looklook\node_modules\ffprobe-static\bin\win32\x64\ffprobe.exe
2025-05-26T03:17:59.710Z [PATH] 使用配置的FFprobe路径: D:\code\cursor\looklook\node_modules\ffprobe-static\bin\win32\x64\ffprobe.exe
2025-05-26T03:17:59.710Z [DURATION] 在开发环境中使用ffprobe路径: D:\code\cursor\looklook\node_modules\ffprobe-static\bin\win32\x64\ffprobe.exe
2025-05-26T03:17:59.710Z [DURATION] 检查ffprobe可执行文件是否存在: true
2025-05-26T03:17:59.710Z [LOG] 执行命令: "D:\code\cursor\looklook\node_modules\ffprobe-static\bin\win32\x64\ffprobe.exe" -v error -show_entries format=duration -of default=noprint_wrappers=1:nokey=1 "D:\Users\Videos\测试\SampleVideo_1280x720_1mb.mkv"
2025-05-26T03:17:59.710Z [DURATION] 开始执行命令获取时长: "D:\code\cursor\looklook\node_modules\ffprobe-static\bin\win32\x64\ffprobe.exe" -v error -show_entries format=duration -of default=noprint_wrappers=1:nokey=1 "D:\Users\Videos\测试\SampleVideo_1280x720_1mb.mkv"
2025-05-26T03:17:59.774Z [DURATION] 命令输出: "3.600000"
2025-05-26T03:17:59.775Z [LOG] 成功解析时长: 00:00:03
2025-05-26T03:17:59.775Z [DURATION] 成功解析时长: 00:00:03
2025-05-26T03:17:59.775Z [LOG] 开始生成缩略图，视频路径: D:\Users\Videos\测试\SampleVideo_1280x720_1mb.mkv
2025-05-26T03:17:59.776Z [LOG] 缩略图输出路径: D:\code\cursor\looklook\userdata\thumbnails\1748229480536-RDpcVXNl.jpg
2025-05-26T03:17:59.776Z [LOG] 生成随机时间点: 00:00:34
2025-05-26T03:17:59.776Z [LOG] 使用直接命令行ffmpeg生成缩略图
2025-05-26T03:17:59.776Z [PATH] 尝试获取FFmpeg路径
2025-05-26T03:17:59.776Z [LOG] 使用配置的FFmpeg路径: D:\code\cursor\looklook\node_modules\ffmpeg-static\ffmpeg.exe
2025-05-26T03:17:59.777Z [PATH] 使用配置的FFmpeg路径: D:\code\cursor\looklook\node_modules\ffmpeg-static\ffmpeg.exe
2025-05-26T03:17:59.777Z [LOG] 将使用时间点 00:00:34 生成缩略图
2025-05-26T03:17:59.777Z [LOG] 执行命令: D:\code\cursor\looklook\node_modules\ffmpeg-static\ffmpeg.exe -ss 00:00:34 -i D:\Users\Videos\测试\SampleVideo_1280x720_1mb.mkv -vframes 1 -s 320x180 -y D:\code\cursor\looklook\userdata\thumbnails\1748229480536-RDpcVXNl.jpg
2025-05-26T03:18:00.355Z [ERROR] 直接ffmpeg生成缩略图失败: Command failed: D:\code\cursor\looklook\node_modules\ffmpeg-static\ffmpeg.exe -ss 00:00:34 -i D:\Users\Videos\测试\SampleVideo_1280x720_1mb.mkv -vframes 1 -s 320x180 -y D:\code\cursor\looklook\userdata\thumbnails\1748229480536-RDpcVXNl.jpg
ffmpeg version 7.1.1-essentials_build-www.gyan.dev Copyright (c) 2000-2025 the FFmpeg developers
  built with gcc 14.2.0 (Rev1, Built by MSYS2 project)
  configuration: --enable-gpl --enable-version3 --enable-static --disable-w32threads --disable-autodetect --enable-fontconfig --enable-iconv --enable-gnutls --enable-libxml2 --enable-gmp --enable-bzlib --enable-lzma --enable-zlib --enable-libsrt --enable-libssh --enable-libzmq --enable-avisynth --enable-sdl2 --enable-libwebp --enable-libx264 --enable-libx265 --enable-libxvid --enable-libaom --enable-libopenjpeg --enable-libvpx --enable-mediafoundation --enable-libass --enable-libfreetype --enable-libfribidi --enable-libharfbuzz --enable-libvidstab --enable-libvmaf --enable-libzimg --enable-amf --enable-cuda-llvm --enable-cuvid --enable-dxva2 --enable-d3d11va --enable-d3d12va --enable-ffnvcodec --enable-libvpl --enable-nvdec --enable-nvenc --enable-vaapi --enable-libgme --enable-libopenmpt --enable-libopencore-amrwb --enable-libmp3lame --enable-libtheora --enable-libvo-amrwbenc --enable-libgsm --enable-libopencore-amrnb --enable-libopus --enable-libspeex --enable-libvorbis --enable-librubberband
  libavutil      59. 39.100 / 59. 39.100
  libavcodec     61. 19.101 / 61. 19.101
  libavformat    61.  7.100 / 61.  7.100
  libavdevice    61.  3.100 / 61.  3.100
  libavfilter    10.  4.100 / 10.  4.100
  libswscale      8.  3.100 /  8.  3.100
  libswresample   5.  3.100 /  5.  3.100
  libpostproc    58.  3.100 / 58.  3.100
[in#0/matroska,webm @ 000000000273ff00] could not seek to position 34.000
Input #0, matroska,webm, from 'D:\Users\Videos\测试\SampleVideo_1280x720_1mb.mkv':
  Metadata:
    ENCODER         : Lavf53.24.2
  Duration: 00:00:03.60, bitrate: 2338 kb/s
  Stream #0:0: Video: mpeg4 (Simple Profile), yuv420p, 1280x720 [SAR 1:1 DAR 16:9], 25 fps, 25 tbr, 1k tbn (default)
  Stream #0:1: Audio: aac (LC), 48000 Hz, 5.1, fltp (default)
Stream mapping:
  Stream #0:0 -> #0:0 (mpeg4 (native) -> mjpeg (native))
Press [q] to stop, [?] for help
[vf#0:0 @ 0000000002ae3540] No filtered frames for output stream, trying to initialize anyway.
[mjpeg @ 0000000002810440] Non full-range YUV is non-standard, set strict_std_compliance to at most unofficial to use it.
[vost#0:0/mjpeg @ 00000000028100c0] Error while opening encoder - maybe incorrect parameters such as bit_rate, rate, width or height.
[vf#0:0 @ 0000000002810b80] Task finished with error code: -22 (Invalid argument)
[vf#0:0 @ 0000000002810b80] Terminating thread with return code -22 (Invalid argument)
[vost#0:0/mjpeg @ 00000000028100c0] Could not open encoder before EOF
[vost#0:0/mjpeg @ 00000000028100c0] Task finished with error code: -22 (Invalid argument)
[vost#0:0/mjpeg @ 00000000028100c0] Terminating thread with return code -22 (Invalid argument)
[out#0/image2 @ 0000000002740c80] Nothing was written into output file, because at least one of its streams received no packets.
frame=    0 fps=0.0 q=0.0 Lsize=       0KiB time=N/A bitrate=N/A speed=N/A    
Conversion failed!

2025-05-26T03:18:00.359Z [ERROR] STDERR: ffmpeg version 7.1.1-essentials_build-www.gyan.dev Copyright (c) 2000-2025 the FFmpeg developers
  built with gcc 14.2.0 (Rev1, Built by MSYS2 project)
  configuration: --enable-gpl --enable-version3 --enable-static --disable-w32threads --disable-autodetect --enable-fontconfig --enable-iconv --enable-gnutls --enable-libxml2 --enable-gmp --enable-bzlib --enable-lzma --enable-zlib --enable-libsrt --enable-libssh --enable-libzmq --enable-avisynth --enable-sdl2 --enable-libwebp --enable-libx264 --enable-libx265 --enable-libxvid --enable-libaom --enable-libopenjpeg --enable-libvpx --enable-mediafoundation --enable-libass --enable-libfreetype --enable-libfribidi --enable-libharfbuzz --enable-libvidstab --enable-libvmaf --enable-libzimg --enable-amf --enable-cuda-llvm --enable-cuvid --enable-dxva2 --enable-d3d11va --enable-d3d12va --enable-ffnvcodec --enable-libvpl --enable-nvdec --enable-nvenc --enable-vaapi --enable-libgme --enable-libopenmpt --enable-libopencore-amrwb --enable-libmp3lame --enable-libtheora --enable-libvo-amrwbenc --enable-libgsm --enable-libopencore-amrnb --enable-libopus --enable-libspeex --enable-libvorbis --enable-librubberband
  libavutil      59. 39.100 / 59. 39.100
  libavcodec     61. 19.101 / 61. 19.101
  libavformat    61.  7.100 / 61.  7.100
  libavdevice    61.  3.100 / 61.  3.100
  libavfilter    10.  4.100 / 10.  4.100
  libswscale      8.  3.100 /  8.  3.100
  libswresample   5.  3.100 /  5.  3.100
  libpostproc    58.  3.100 / 58.  3.100
[in#0/matroska,webm @ 000000000273ff00] could not seek to position 34.000
Input #0, matroska,webm, from 'D:\Users\Videos\测试\SampleVideo_1280x720_1mb.mkv':
  Metadata:
    ENCODER         : Lavf53.24.2
  Duration: 00:00:03.60, bitrate: 2338 kb/s
  Stream #0:0: Video: mpeg4 (Simple Profile), yuv420p, 1280x720 [SAR 1:1 DAR 16:9], 25 fps, 25 tbr, 1k tbn (default)
  Stream #0:1: Audio: aac (LC), 48000 Hz, 5.1, fltp (default)
Stream mapping:
  Stream #0:0 -> #0:0 (mpeg4 (native) -> mjpeg (native))
Press [q] to stop, [?] for help
[vf#0:0 @ 0000000002ae3540] No filtered frames for output stream, trying to initialize anyway.
[mjpeg @ 0000000002810440] Non full-range YUV is non-standard, set strict_std_compliance to at most unofficial to use it.
[vost#0:0/mjpeg @ 00000000028100c0] Error while opening encoder - maybe incorrect parameters such as bit_rate, rate, width or height.
[vf#0:0 @ 0000000002810b80] Task finished with error code: -22 (Invalid argument)
[vf#0:0 @ 0000000002810b80] Terminating thread with return code -22 (Invalid argument)
[vost#0:0/mjpeg @ 00000000028100c0] Could not open encoder before EOF
[vost#0:0/mjpeg @ 00000000028100c0] Task finished with error code: -22 (Invalid argument)
[vost#0:0/mjpeg @ 00000000028100c0] Terminating thread with return code -22 (Invalid argument)
[out#0/image2 @ 0000000002740c80] Nothing was written into output file, because at least one of its streams received no packets.
frame=    0 fps=0.0 q=0.0 Lsize=       0KiB time=N/A bitrate=N/A speed=N/A    
Conversion failed!

2025-05-26T03:18:00.363Z [ERROR] 直接ffmpeg命令生成缩略图失败: Command failed: D:\code\cursor\looklook\node_modules\ffmpeg-static\ffmpeg.exe -ss 00:00:34 -i D:\Users\Videos\测试\SampleVideo_1280x720_1mb.mkv -vframes 1 -s 320x180 -y D:\code\cursor\looklook\userdata\thumbnails\1748229480536-RDpcVXNl.jpg
ffmpeg version 7.1.1-essentials_build-www.gyan.dev Copyright (c) 2000-2025 the FFmpeg developers
  built with gcc 14.2.0 (Rev1, Built by MSYS2 project)
  configuration: --enable-gpl --enable-version3 --enable-static --disable-w32threads --disable-autodetect --enable-fontconfig --enable-iconv --enable-gnutls --enable-libxml2 --enable-gmp --enable-bzlib --enable-lzma --enable-zlib --enable-libsrt --enable-libssh --enable-libzmq --enable-avisynth --enable-sdl2 --enable-libwebp --enable-libx264 --enable-libx265 --enable-libxvid --enable-libaom --enable-libopenjpeg --enable-libvpx --enable-mediafoundation --enable-libass --enable-libfreetype --enable-libfribidi --enable-libharfbuzz --enable-libvidstab --enable-libvmaf --enable-libzimg --enable-amf --enable-cuda-llvm --enable-cuvid --enable-dxva2 --enable-d3d11va --enable-d3d12va --enable-ffnvcodec --enable-libvpl --enable-nvdec --enable-nvenc --enable-vaapi --enable-libgme --enable-libopenmpt --enable-libopencore-amrwb --enable-libmp3lame --enable-libtheora --enable-libvo-amrwbenc --enable-libgsm --enable-libopencore-amrnb --enable-libopus --enable-libspeex --enable-libvorbis --enable-librubberband
  libavutil      59. 39.100 / 59. 39.100
  libavcodec     61. 19.101 / 61. 19.101
  libavformat    61.  7.100 / 61.  7.100
  libavdevice    61.  3.100 / 61.  3.100
  libavfilter    10.  4.100 / 10.  4.100
  libswscale      8.  3.100 /  8.  3.100
  libswresample   5.  3.100 /  5.  3.100
  libpostproc    58.  3.100 / 58.  3.100
[in#0/matroska,webm @ 000000000273ff00] could not seek to position 34.000
Input #0, matroska,webm, from 'D:\Users\Videos\测试\SampleVideo_1280x720_1mb.mkv':
  Metadata:
    ENCODER         : Lavf53.24.2
  Duration: 00:00:03.60, bitrate: 2338 kb/s
  Stream #0:0: Video: mpeg4 (Simple Profile), yuv420p, 1280x720 [SAR 1:1 DAR 16:9], 25 fps, 25 tbr, 1k tbn (default)
  Stream #0:1: Audio: aac (LC), 48000 Hz, 5.1, fltp (default)
Stream mapping:
  Stream #0:0 -> #0:0 (mpeg4 (native) -> mjpeg (native))
Press [q] to stop, [?] for help
[vf#0:0 @ 0000000002ae3540] No filtered frames for output stream, trying to initialize anyway.
[mjpeg @ 0000000002810440] Non full-range YUV is non-standard, set strict_std_compliance to at most unofficial to use it.
[vost#0:0/mjpeg @ 00000000028100c0] Error while opening encoder - maybe incorrect parameters such as bit_rate, rate, width or height.
[vf#0:0 @ 0000000002810b80] Task finished with error code: -22 (Invalid argument)
[vf#0:0 @ 0000000002810b80] Terminating thread with return code -22 (Invalid argument)
[vost#0:0/mjpeg @ 00000000028100c0] Could not open encoder before EOF
[vost#0:0/mjpeg @ 00000000028100c0] Task finished with error code: -22 (Invalid argument)
[vost#0:0/mjpeg @ 00000000028100c0] Terminating thread with return code -22 (Invalid argument)
[out#0/image2 @ 0000000002740c80] Nothing was written into output file, because at least one of its streams received no packets.
frame=    0 fps=0.0 q=0.0 Lsize=       0KiB time=N/A bitrate=N/A speed=N/A    
Conversion failed!

2025-05-26T03:18:00.363Z [LOG] 尝试使用直接命令行方式生成缩略图
2025-05-26T03:18:00.363Z [LOG] 直接获取视频时长（秒数）
2025-05-26T03:18:00.364Z [PATH] 尝试获取FFprobe路径
2025-05-26T03:18:00.364Z [LOG] 使用配置的FFprobe路径: D:\code\cursor\looklook\node_modules\ffprobe-static\bin\win32\x64\ffprobe.exe
2025-05-26T03:18:00.364Z [PATH] 使用配置的FFprobe路径: D:\code\cursor\looklook\node_modules\ffprobe-static\bin\win32\x64\ffprobe.exe
2025-05-26T03:18:00.365Z [LOG] 在开发环境中使用ffprobe路径: D:\code\cursor\looklook\node_modules\ffprobe-static\bin\win32\x64\ffprobe.exe
2025-05-26T03:18:00.365Z [LOG] 执行命令: D:\code\cursor\looklook\node_modules\ffprobe-static\bin\win32\x64\ffprobe.exe -v error -show_entries format=duration -of default=noprint_wrappers=1:nokey=1 D:\Users\Videos\测试\SampleVideo_1280x720_1mb.mkv
2025-05-26T03:18:00.435Z [LOG] 时长命令输出: 3.600000
2025-05-26T03:18:00.436Z [LOG] 成功获取视频时长: 3.6 秒
2025-05-26T03:18:00.436Z [LOG] 获取到视频时长: 3.6 秒, 准备截取缩略图
2025-05-26T03:18:00.437Z [LOG] 将在视频的 0 秒处截取缩略图 (随机生成)
2025-05-26T03:18:00.437Z [PATH] 尝试获取FFmpeg路径
2025-05-26T03:18:00.437Z [LOG] 使用配置的FFmpeg路径: D:\code\cursor\looklook\node_modules\ffmpeg-static\ffmpeg.exe
2025-05-26T03:18:00.437Z [PATH] 使用配置的FFmpeg路径: D:\code\cursor\looklook\node_modules\ffmpeg-static\ffmpeg.exe
2025-05-26T03:18:00.438Z [LOG] 执行命令: D:\code\cursor\looklook\node_modules\ffmpeg-static\ffmpeg.exe -i D:\Users\Videos\测试\SampleVideo_1280x720_1mb.mkv -ss 0 -vframes 1 -s 320x180 -y D:\code\cursor\looklook\userdata\thumbnails\1748229480536-RDpcVXNl.jpg
2025-05-26T03:18:00.518Z [LOG] 命令行方式成功生成缩略图: D:\code\cursor\looklook\userdata\thumbnails\1748229480536-RDpcVXNl.jpg
2025-05-26T03:18:00.518Z [LOG] 通过多步骤方法成功生成缩略图
2025-05-26T03:18:00.519Z [LOG] 设置已加载
2025-05-26T03:18:00.519Z [LOG] 获取视频分辨率: D:\Users\Videos\测试\SampleVideo_1280x720_1mb.mp4
2025-05-26T03:18:00.519Z [MAIN] 开始获取视频分辨率: D:\Users\Videos\测试\SampleVideo_1280x720_1mb.mp4
2025-05-26T03:18:00.520Z [LOG] 直接获取视频分辨率
2025-05-26T03:18:00.520Z [RESOLUTION] 开始获取视频分辨率: D:\Users\Videos\测试\SampleVideo_1280x720_1mb.mp4
2025-05-26T03:18:00.520Z [PATH] 尝试获取FFprobe路径
2025-05-26T03:18:00.520Z [LOG] 使用配置的FFprobe路径: D:\code\cursor\looklook\node_modules\ffprobe-static\bin\win32\x64\ffprobe.exe
2025-05-26T03:18:00.520Z [PATH] 使用配置的FFprobe路径: D:\code\cursor\looklook\node_modules\ffprobe-static\bin\win32\x64\ffprobe.exe
2025-05-26T03:18:00.520Z [RESOLUTION] 在开发环境中使用ffprobe路径: D:\code\cursor\looklook\node_modules\ffprobe-static\bin\win32\x64\ffprobe.exe
2025-05-26T03:18:00.520Z [RESOLUTION] 检查ffprobe可执行文件是否存在: true
2025-05-26T03:18:00.520Z [LOG] 执行命令: "D:\code\cursor\looklook\node_modules\ffprobe-static\bin\win32\x64\ffprobe.exe" -v error -select_streams v:0 -show_entries stream=width,height -of csv=s=x:p=0 "D:\Users\Videos\测试\SampleVideo_1280x720_1mb.mp4"
2025-05-26T03:18:00.521Z [RESOLUTION] 开始执行命令获取分辨率: "D:\code\cursor\looklook\node_modules\ffprobe-static\bin\win32\x64\ffprobe.exe" -v error -select_streams v:0 -show_entries stream=width,height -of csv=s=x:p=0 "D:\Users\Videos\测试\SampleVideo_1280x720_1mb.mp4"
2025-05-26T03:18:00.594Z [RESOLUTION] 命令输出: "1280x720"
2025-05-26T03:18:00.595Z [LOG] 成功解析分辨率: 1280×720
2025-05-26T03:18:00.595Z [RESOLUTION] 成功解析分辨率: 1280×720
2025-05-26T03:18:00.596Z [LOG] 获取视频时长: D:\Users\Videos\测试\SampleVideo_1280x720_1mb.mp4
2025-05-26T03:18:00.596Z [MAIN] 开始获取视频时长: D:\Users\Videos\测试\SampleVideo_1280x720_1mb.mp4
2025-05-26T03:18:00.596Z [LOG] 直接获取视频时长
2025-05-26T03:18:00.596Z [DURATION] 开始获取视频时长: D:\Users\Videos\测试\SampleVideo_1280x720_1mb.mp4
2025-05-26T03:18:00.596Z [PATH] 尝试获取FFprobe路径
2025-05-26T03:18:00.596Z [LOG] 使用配置的FFprobe路径: D:\code\cursor\looklook\node_modules\ffprobe-static\bin\win32\x64\ffprobe.exe
2025-05-26T03:18:00.597Z [PATH] 使用配置的FFprobe路径: D:\code\cursor\looklook\node_modules\ffprobe-static\bin\win32\x64\ffprobe.exe
2025-05-26T03:18:00.597Z [DURATION] 在开发环境中使用ffprobe路径: D:\code\cursor\looklook\node_modules\ffprobe-static\bin\win32\x64\ffprobe.exe
2025-05-26T03:18:00.597Z [DURATION] 检查ffprobe可执行文件是否存在: true
2025-05-26T03:18:00.597Z [LOG] 执行命令: "D:\code\cursor\looklook\node_modules\ffprobe-static\bin\win32\x64\ffprobe.exe" -v error -show_entries format=duration -of default=noprint_wrappers=1:nokey=1 "D:\Users\Videos\测试\SampleVideo_1280x720_1mb.mp4"
2025-05-26T03:18:00.597Z [DURATION] 开始执行命令获取时长: "D:\code\cursor\looklook\node_modules\ffprobe-static\bin\win32\x64\ffprobe.exe" -v error -show_entries format=duration -of default=noprint_wrappers=1:nokey=1 "D:\Users\Videos\测试\SampleVideo_1280x720_1mb.mp4"
2025-05-26T03:18:00.671Z [DURATION] 命令输出: "5.312000"
2025-05-26T03:18:00.671Z [LOG] 成功解析时长: 00:00:05
2025-05-26T03:18:00.671Z [DURATION] 成功解析时长: 00:00:05
2025-05-26T03:18:00.672Z [LOG] 开始生成缩略图，视频路径: D:\Users\Videos\测试\SampleVideo_1280x720_1mb.mp4
2025-05-26T03:18:00.672Z [LOG] 缩略图输出路径: D:\code\cursor\looklook\userdata\thumbnails\1748229480790-RDpcVXNl.jpg
2025-05-26T03:18:00.672Z [LOG] 生成随机时间点: 00:00:21
2025-05-26T03:18:00.672Z [LOG] 使用直接命令行ffmpeg生成缩略图
2025-05-26T03:18:00.673Z [PATH] 尝试获取FFmpeg路径
2025-05-26T03:18:00.673Z [LOG] 使用配置的FFmpeg路径: D:\code\cursor\looklook\node_modules\ffmpeg-static\ffmpeg.exe
2025-05-26T03:18:00.673Z [PATH] 使用配置的FFmpeg路径: D:\code\cursor\looklook\node_modules\ffmpeg-static\ffmpeg.exe
2025-05-26T03:18:00.673Z [LOG] 将使用时间点 00:00:21 生成缩略图
2025-05-26T03:18:00.673Z [LOG] 执行命令: D:\code\cursor\looklook\node_modules\ffmpeg-static\ffmpeg.exe -ss 00:00:21 -i D:\Users\Videos\测试\SampleVideo_1280x720_1mb.mp4 -vframes 1 -s 320x180 -y D:\code\cursor\looklook\userdata\thumbnails\1748229480790-RDpcVXNl.jpg
2025-05-26T03:18:01.278Z [ERROR] 直接ffmpeg生成缩略图失败: Command failed: D:\code\cursor\looklook\node_modules\ffmpeg-static\ffmpeg.exe -ss 00:00:21 -i D:\Users\Videos\测试\SampleVideo_1280x720_1mb.mp4 -vframes 1 -s 320x180 -y D:\code\cursor\looklook\userdata\thumbnails\1748229480790-RDpcVXNl.jpg
ffmpeg version 7.1.1-essentials_build-www.gyan.dev Copyright (c) 2000-2025 the FFmpeg developers
  built with gcc 14.2.0 (Rev1, Built by MSYS2 project)
  configuration: --enable-gpl --enable-version3 --enable-static --disable-w32threads --disable-autodetect --enable-fontconfig --enable-iconv --enable-gnutls --enable-libxml2 --enable-gmp --enable-bzlib --enable-lzma --enable-zlib --enable-libsrt --enable-libssh --enable-libzmq --enable-avisynth --enable-sdl2 --enable-libwebp --enable-libx264 --enable-libx265 --enable-libxvid --enable-libaom --enable-libopenjpeg --enable-libvpx --enable-mediafoundation --enable-libass --enable-libfreetype --enable-libfribidi --enable-libharfbuzz --enable-libvidstab --enable-libvmaf --enable-libzimg --enable-amf --enable-cuda-llvm --enable-cuvid --enable-dxva2 --enable-d3d11va --enable-d3d12va --enable-ffnvcodec --enable-libvpl --enable-nvdec --enable-nvenc --enable-vaapi --enable-libgme --enable-libopenmpt --enable-libopencore-amrwb --enable-libmp3lame --enable-libtheora --enable-libvo-amrwbenc --enable-libgsm --enable-libopencore-amrnb --enable-libopus --enable-libspeex --enable-libvorbis --enable-librubberband
  libavutil      59. 39.100 / 59. 39.100
  libavcodec     61. 19.101 / 61. 19.101
  libavformat    61.  7.100 / 61.  7.100
  libavdevice    61.  3.100 / 61.  3.100
  libavfilter    10.  4.100 / 10.  4.100
  libswscale      8.  3.100 /  8.  3.100
  libswresample   5.  3.100 /  5.  3.100
  libpostproc    58.  3.100 / 58.  3.100
Input #0, mov,mp4,m4a,3gp,3g2,mj2, from 'D:\Users\Videos\测试\SampleVideo_1280x720_1mb.mp4':
  Metadata:
    major_brand     : isom
    minor_version   : 512
    compatible_brands: isomiso2avc1mp41
    creation_time   : 1970-01-01T00:00:00.000000Z
    encoder         : Lavf53.24.2
  Duration: 00:00:05.31, start: 0.000000, bitrate: 1589 kb/s
  Stream #0:0[0x1](und): Video: h264 (Main) (avc1 / 0x31637661), yuv420p(progressive), 1280x720 [SAR 1:1 DAR 16:9], 1205 kb/s, 25 fps, 25 tbr, 12800 tbn (default)
      Metadata:
        creation_time   : 1970-01-01T00:00:00.000000Z
        handler_name    : VideoHandler
        vendor_id       : [0][0][0][0]
  Stream #0:1[0x2](und): Audio: aac (LC) (mp4a / 0x6134706D), 48000 Hz, 5.1, fltp, 384 kb/s (default)
      Metadata:
        creation_time   : 1970-01-01T00:00:00.000000Z
        handler_name    : SoundHandler
        vendor_id       : [0][0][0][0]
Stream mapping:
  Stream #0:0 -> #0:0 (h264 (native) -> mjpeg (native))
Press [q] to stop, [?] for help
[vf#0:0 @ 000000000268c000] No filtered frames for output stream, trying to initialize anyway.
[mjpeg @ 000000000268bac0] Non full-range YUV is non-standard, set strict_std_compliance to at most unofficial to use it.
[vost#0:0/mjpeg @ 00000000026869c0] Error while opening encoder - maybe incorrect parameters such as bit_rate, rate, width or height.
[vf#0:0 @ 0000000002c56740] Task finished with error code: -22 (Invalid argument)
[vf#0:0 @ 0000000002c56740] Terminating thread with return code -22 (Invalid argument)
[vost#0:0/mjpeg @ 00000000026869c0] Could not open encoder before EOF
[vost#0:0/mjpeg @ 00000000026869c0] Task finished with error code: -22 (Invalid argument)
[vost#0:0/mjpeg @ 00000000026869c0] Terminating thread with return code -22 (Invalid argument)
[out#0/image2 @ 0000000002680780] Nothing was written into output file, because at least one of its streams received no packets.
frame=    0 fps=0.0 q=0.0 Lsize=       0KiB time=N/A bitrate=N/A speed=N/A    
Conversion failed!

2025-05-26T03:18:01.282Z [ERROR] STDERR: ffmpeg version 7.1.1-essentials_build-www.gyan.dev Copyright (c) 2000-2025 the FFmpeg developers
  built with gcc 14.2.0 (Rev1, Built by MSYS2 project)
  configuration: --enable-gpl --enable-version3 --enable-static --disable-w32threads --disable-autodetect --enable-fontconfig --enable-iconv --enable-gnutls --enable-libxml2 --enable-gmp --enable-bzlib --enable-lzma --enable-zlib --enable-libsrt --enable-libssh --enable-libzmq --enable-avisynth --enable-sdl2 --enable-libwebp --enable-libx264 --enable-libx265 --enable-libxvid --enable-libaom --enable-libopenjpeg --enable-libvpx --enable-mediafoundation --enable-libass --enable-libfreetype --enable-libfribidi --enable-libharfbuzz --enable-libvidstab --enable-libvmaf --enable-libzimg --enable-amf --enable-cuda-llvm --enable-cuvid --enable-dxva2 --enable-d3d11va --enable-d3d12va --enable-ffnvcodec --enable-libvpl --enable-nvdec --enable-nvenc --enable-vaapi --enable-libgme --enable-libopenmpt --enable-libopencore-amrwb --enable-libmp3lame --enable-libtheora --enable-libvo-amrwbenc --enable-libgsm --enable-libopencore-amrnb --enable-libopus --enable-libspeex --enable-libvorbis --enable-librubberband
  libavutil      59. 39.100 / 59. 39.100
  libavcodec     61. 19.101 / 61. 19.101
  libavformat    61.  7.100 / 61.  7.100
  libavdevice    61.  3.100 / 61.  3.100
  libavfilter    10.  4.100 / 10.  4.100
  libswscale      8.  3.100 /  8.  3.100
  libswresample   5.  3.100 /  5.  3.100
  libpostproc    58.  3.100 / 58.  3.100
Input #0, mov,mp4,m4a,3gp,3g2,mj2, from 'D:\Users\Videos\测试\SampleVideo_1280x720_1mb.mp4':
  Metadata:
    major_brand     : isom
    minor_version   : 512
    compatible_brands: isomiso2avc1mp41
    creation_time   : 1970-01-01T00:00:00.000000Z
    encoder         : Lavf53.24.2
  Duration: 00:00:05.31, start: 0.000000, bitrate: 1589 kb/s
  Stream #0:0[0x1](und): Video: h264 (Main) (avc1 / 0x31637661), yuv420p(progressive), 1280x720 [SAR 1:1 DAR 16:9], 1205 kb/s, 25 fps, 25 tbr, 12800 tbn (default)
      Metadata:
        creation_time   : 1970-01-01T00:00:00.000000Z
        handler_name    : VideoHandler
        vendor_id       : [0][0][0][0]
  Stream #0:1[0x2](und): Audio: aac (LC) (mp4a / 0x6134706D), 48000 Hz, 5.1, fltp, 384 kb/s (default)
      Metadata:
        creation_time   : 1970-01-01T00:00:00.000000Z
        handler_name    : SoundHandler
        vendor_id       : [0][0][0][0]
Stream mapping:
  Stream #0:0 -> #0:0 (h264 (native) -> mjpeg (native))
Press [q] to stop, [?] for help
[vf#0:0 @ 000000000268c000] No filtered frames for output stream, trying to initialize anyway.
[mjpeg @ 000000000268bac0] Non full-range YUV is non-standard, set strict_std_compliance to at most unofficial to use it.
[vost#0:0/mjpeg @ 00000000026869c0] Error while opening encoder - maybe incorrect parameters such as bit_rate, rate, width or height.
[vf#0:0 @ 0000000002c56740] Task finished with error code: -22 (Invalid argument)
[vf#0:0 @ 0000000002c56740] Terminating thread with return code -22 (Invalid argument)
[vost#0:0/mjpeg @ 00000000026869c0] Could not open encoder before EOF
[vost#0:0/mjpeg @ 00000000026869c0] Task finished with error code: -22 (Invalid argument)
[vost#0:0/mjpeg @ 00000000026869c0] Terminating thread with return code -22 (Invalid argument)
[out#0/image2 @ 0000000002680780] Nothing was written into output file, because at least one of its streams received no packets.
frame=    0 fps=0.0 q=0.0 Lsize=       0KiB time=N/A bitrate=N/A speed=N/A    
Conversion failed!

2025-05-26T03:18:01.286Z [ERROR] 直接ffmpeg命令生成缩略图失败: Command failed: D:\code\cursor\looklook\node_modules\ffmpeg-static\ffmpeg.exe -ss 00:00:21 -i D:\Users\Videos\测试\SampleVideo_1280x720_1mb.mp4 -vframes 1 -s 320x180 -y D:\code\cursor\looklook\userdata\thumbnails\1748229480790-RDpcVXNl.jpg
ffmpeg version 7.1.1-essentials_build-www.gyan.dev Copyright (c) 2000-2025 the FFmpeg developers
  built with gcc 14.2.0 (Rev1, Built by MSYS2 project)
  configuration: --enable-gpl --enable-version3 --enable-static --disable-w32threads --disable-autodetect --enable-fontconfig --enable-iconv --enable-gnutls --enable-libxml2 --enable-gmp --enable-bzlib --enable-lzma --enable-zlib --enable-libsrt --enable-libssh --enable-libzmq --enable-avisynth --enable-sdl2 --enable-libwebp --enable-libx264 --enable-libx265 --enable-libxvid --enable-libaom --enable-libopenjpeg --enable-libvpx --enable-mediafoundation --enable-libass --enable-libfreetype --enable-libfribidi --enable-libharfbuzz --enable-libvidstab --enable-libvmaf --enable-libzimg --enable-amf --enable-cuda-llvm --enable-cuvid --enable-dxva2 --enable-d3d11va --enable-d3d12va --enable-ffnvcodec --enable-libvpl --enable-nvdec --enable-nvenc --enable-vaapi --enable-libgme --enable-libopenmpt --enable-libopencore-amrwb --enable-libmp3lame --enable-libtheora --enable-libvo-amrwbenc --enable-libgsm --enable-libopencore-amrnb --enable-libopus --enable-libspeex --enable-libvorbis --enable-librubberband
  libavutil      59. 39.100 / 59. 39.100
  libavcodec     61. 19.101 / 61. 19.101
  libavformat    61.  7.100 / 61.  7.100
  libavdevice    61.  3.100 / 61.  3.100
  libavfilter    10.  4.100 / 10.  4.100
  libswscale      8.  3.100 /  8.  3.100
  libswresample   5.  3.100 /  5.  3.100
  libpostproc    58.  3.100 / 58.  3.100
Input #0, mov,mp4,m4a,3gp,3g2,mj2, from 'D:\Users\Videos\测试\SampleVideo_1280x720_1mb.mp4':
  Metadata:
    major_brand     : isom
    minor_version   : 512
    compatible_brands: isomiso2avc1mp41
    creation_time   : 1970-01-01T00:00:00.000000Z
    encoder         : Lavf53.24.2
  Duration: 00:00:05.31, start: 0.000000, bitrate: 1589 kb/s
  Stream #0:0[0x1](und): Video: h264 (Main) (avc1 / 0x31637661), yuv420p(progressive), 1280x720 [SAR 1:1 DAR 16:9], 1205 kb/s, 25 fps, 25 tbr, 12800 tbn (default)
      Metadata:
        creation_time   : 1970-01-01T00:00:00.000000Z
        handler_name    : VideoHandler
        vendor_id       : [0][0][0][0]
  Stream #0:1[0x2](und): Audio: aac (LC) (mp4a / 0x6134706D), 48000 Hz, 5.1, fltp, 384 kb/s (default)
      Metadata:
        creation_time   : 1970-01-01T00:00:00.000000Z
        handler_name    : SoundHandler
        vendor_id       : [0][0][0][0]
Stream mapping:
  Stream #0:0 -> #0:0 (h264 (native) -> mjpeg (native))
Press [q] to stop, [?] for help
[vf#0:0 @ 000000000268c000] No filtered frames for output stream, trying to initialize anyway.
[mjpeg @ 000000000268bac0] Non full-range YUV is non-standard, set strict_std_compliance to at most unofficial to use it.
[vost#0:0/mjpeg @ 00000000026869c0] Error while opening encoder - maybe incorrect parameters such as bit_rate, rate, width or height.
[vf#0:0 @ 0000000002c56740] Task finished with error code: -22 (Invalid argument)
[vf#0:0 @ 0000000002c56740] Terminating thread with return code -22 (Invalid argument)
[vost#0:0/mjpeg @ 00000000026869c0] Could not open encoder before EOF
[vost#0:0/mjpeg @ 00000000026869c0] Task finished with error code: -22 (Invalid argument)
[vost#0:0/mjpeg @ 00000000026869c0] Terminating thread with return code -22 (Invalid argument)
[out#0/image2 @ 0000000002680780] Nothing was written into output file, because at least one of its streams received no packets.
frame=    0 fps=0.0 q=0.0 Lsize=       0KiB time=N/A bitrate=N/A speed=N/A    
Conversion failed!

2025-05-26T03:18:01.287Z [LOG] 尝试使用直接命令行方式生成缩略图
2025-05-26T03:18:01.287Z [LOG] 直接获取视频时长（秒数）
2025-05-26T03:18:01.287Z [PATH] 尝试获取FFprobe路径
2025-05-26T03:18:01.288Z [LOG] 使用配置的FFprobe路径: D:\code\cursor\looklook\node_modules\ffprobe-static\bin\win32\x64\ffprobe.exe
2025-05-26T03:18:01.288Z [PATH] 使用配置的FFprobe路径: D:\code\cursor\looklook\node_modules\ffprobe-static\bin\win32\x64\ffprobe.exe
2025-05-26T03:18:01.288Z [LOG] 在开发环境中使用ffprobe路径: D:\code\cursor\looklook\node_modules\ffprobe-static\bin\win32\x64\ffprobe.exe
2025-05-26T03:18:01.289Z [LOG] 执行命令: D:\code\cursor\looklook\node_modules\ffprobe-static\bin\win32\x64\ffprobe.exe -v error -show_entries format=duration -of default=noprint_wrappers=1:nokey=1 D:\Users\Videos\测试\SampleVideo_1280x720_1mb.mp4
2025-05-26T03:18:01.361Z [LOG] 时长命令输出: 5.312000
2025-05-26T03:18:01.361Z [LOG] 成功获取视频时长: 5.312 秒
2025-05-26T03:18:01.361Z [LOG] 获取到视频时长: 5.312 秒, 准备截取缩略图
2025-05-26T03:18:01.362Z [LOG] 将在视频的 2 秒处截取缩略图 (随机生成)
2025-05-26T03:18:01.362Z [PATH] 尝试获取FFmpeg路径
2025-05-26T03:18:01.362Z [LOG] 使用配置的FFmpeg路径: D:\code\cursor\looklook\node_modules\ffmpeg-static\ffmpeg.exe
2025-05-26T03:18:01.362Z [PATH] 使用配置的FFmpeg路径: D:\code\cursor\looklook\node_modules\ffmpeg-static\ffmpeg.exe
2025-05-26T03:18:01.362Z [LOG] 执行命令: D:\code\cursor\looklook\node_modules\ffmpeg-static\ffmpeg.exe -i D:\Users\Videos\测试\SampleVideo_1280x720_1mb.mp4 -ss 2 -vframes 1 -s 320x180 -y D:\code\cursor\looklook\userdata\thumbnails\1748229480790-RDpcVXNl.jpg
2025-05-26T03:18:01.488Z [LOG] 命令行方式成功生成缩略图: D:\code\cursor\looklook\userdata\thumbnails\1748229480790-RDpcVXNl.jpg
2025-05-26T03:18:01.488Z [LOG] 通过多步骤方法成功生成缩略图
2025-05-26T03:18:01.489Z [LOG] 设置已加载
2025-05-26T03:18:01.489Z [LOG] 获取视频分辨率: D:\Users\Videos\测试\SampleVideo_1280x720_20mb.flv
2025-05-26T03:18:01.489Z [MAIN] 开始获取视频分辨率: D:\Users\Videos\测试\SampleVideo_1280x720_20mb.flv
2025-05-26T03:18:01.489Z [LOG] 直接获取视频分辨率
2025-05-26T03:18:01.490Z [RESOLUTION] 开始获取视频分辨率: D:\Users\Videos\测试\SampleVideo_1280x720_20mb.flv
2025-05-26T03:18:01.490Z [PATH] 尝试获取FFprobe路径
2025-05-26T03:18:01.490Z [LOG] 使用配置的FFprobe路径: D:\code\cursor\looklook\node_modules\ffprobe-static\bin\win32\x64\ffprobe.exe
2025-05-26T03:18:01.490Z [PATH] 使用配置的FFprobe路径: D:\code\cursor\looklook\node_modules\ffprobe-static\bin\win32\x64\ffprobe.exe
2025-05-26T03:18:01.490Z [RESOLUTION] 在开发环境中使用ffprobe路径: D:\code\cursor\looklook\node_modules\ffprobe-static\bin\win32\x64\ffprobe.exe
2025-05-26T03:18:01.490Z [RESOLUTION] 检查ffprobe可执行文件是否存在: true
2025-05-26T03:18:01.491Z [LOG] 执行命令: "D:\code\cursor\looklook\node_modules\ffprobe-static\bin\win32\x64\ffprobe.exe" -v error -select_streams v:0 -show_entries stream=width,height -of csv=s=x:p=0 "D:\Users\Videos\测试\SampleVideo_1280x720_20mb.flv"
2025-05-26T03:18:01.491Z [RESOLUTION] 开始执行命令获取分辨率: "D:\code\cursor\looklook\node_modules\ffprobe-static\bin\win32\x64\ffprobe.exe" -v error -select_streams v:0 -show_entries stream=width,height -of csv=s=x:p=0 "D:\Users\Videos\测试\SampleVideo_1280x720_20mb.flv"
2025-05-26T03:18:01.552Z [RESOLUTION] 命令输出: "1280x720"
2025-05-26T03:18:01.553Z [LOG] 成功解析分辨率: 1280×720
2025-05-26T03:18:01.553Z [RESOLUTION] 成功解析分辨率: 1280×720
2025-05-26T03:18:01.553Z [LOG] 获取视频时长: D:\Users\Videos\测试\SampleVideo_1280x720_20mb.flv
2025-05-26T03:18:01.553Z [MAIN] 开始获取视频时长: D:\Users\Videos\测试\SampleVideo_1280x720_20mb.flv
2025-05-26T03:18:01.553Z [LOG] 直接获取视频时长
2025-05-26T03:18:01.554Z [DURATION] 开始获取视频时长: D:\Users\Videos\测试\SampleVideo_1280x720_20mb.flv
2025-05-26T03:18:01.554Z [PATH] 尝试获取FFprobe路径
2025-05-26T03:18:01.554Z [LOG] 使用配置的FFprobe路径: D:\code\cursor\looklook\node_modules\ffprobe-static\bin\win32\x64\ffprobe.exe
2025-05-26T03:18:01.554Z [PATH] 使用配置的FFprobe路径: D:\code\cursor\looklook\node_modules\ffprobe-static\bin\win32\x64\ffprobe.exe
2025-05-26T03:18:01.554Z [DURATION] 在开发环境中使用ffprobe路径: D:\code\cursor\looklook\node_modules\ffprobe-static\bin\win32\x64\ffprobe.exe
2025-05-26T03:18:01.554Z [DURATION] 检查ffprobe可执行文件是否存在: true
2025-05-26T03:18:01.554Z [LOG] 执行命令: "D:\code\cursor\looklook\node_modules\ffprobe-static\bin\win32\x64\ffprobe.exe" -v error -show_entries format=duration -of default=noprint_wrappers=1:nokey=1 "D:\Users\Videos\测试\SampleVideo_1280x720_20mb.flv"
2025-05-26T03:18:01.555Z [DURATION] 开始执行命令获取时长: "D:\code\cursor\looklook\node_modules\ffprobe-static\bin\win32\x64\ffprobe.exe" -v error -show_entries format=duration -of default=noprint_wrappers=1:nokey=1 "D:\Users\Videos\测试\SampleVideo_1280x720_20mb.flv"
2025-05-26T03:18:01.615Z [DURATION] 命令输出: "105.282000"
2025-05-26T03:18:01.616Z [LOG] 成功解析时长: 00:01:45
2025-05-26T03:18:01.616Z [DURATION] 成功解析时长: 00:01:45
2025-05-26T03:18:01.616Z [LOG] 开始生成缩略图，视频路径: D:\Users\Videos\测试\SampleVideo_1280x720_20mb.flv
2025-05-26T03:18:01.616Z [LOG] 缩略图输出路径: D:\code\cursor\looklook\userdata\thumbnails\1748229482016-RDpcVXNl.jpg
2025-05-26T03:18:01.617Z [LOG] 生成随机时间点: 00:00:32
2025-05-26T03:18:01.617Z [LOG] 使用直接命令行ffmpeg生成缩略图
2025-05-26T03:18:01.617Z [PATH] 尝试获取FFmpeg路径
2025-05-26T03:18:01.617Z [LOG] 使用配置的FFmpeg路径: D:\code\cursor\looklook\node_modules\ffmpeg-static\ffmpeg.exe
2025-05-26T03:18:01.617Z [PATH] 使用配置的FFmpeg路径: D:\code\cursor\looklook\node_modules\ffmpeg-static\ffmpeg.exe
2025-05-26T03:18:01.617Z [LOG] 将使用时间点 00:00:32 生成缩略图
2025-05-26T03:18:01.618Z [LOG] 执行命令: D:\code\cursor\looklook\node_modules\ffmpeg-static\ffmpeg.exe -ss 00:00:32 -i D:\Users\Videos\测试\SampleVideo_1280x720_20mb.flv -vframes 1 -s 320x180 -y D:\code\cursor\looklook\userdata\thumbnails\1748229482016-RDpcVXNl.jpg
2025-05-26T03:18:01.781Z [LOG] 直接ffmpeg成功生成缩略图: D:\code\cursor\looklook\userdata\thumbnails\1748229482016-RDpcVXNl.jpg
2025-05-26T03:18:01.782Z [LOG] 通过直接ffmpeg命令生成缩略图成功
2025-05-26T03:18:01.782Z [LOG] 设置已加载
2025-05-26T03:18:01.782Z [LOG] 获取视频分辨率: D:\Users\Videos\测试\SampleVideo_1280x720_20mb.mkv
2025-05-26T03:18:01.783Z [MAIN] 开始获取视频分辨率: D:\Users\Videos\测试\SampleVideo_1280x720_20mb.mkv
2025-05-26T03:18:01.783Z [LOG] 直接获取视频分辨率
2025-05-26T03:18:01.783Z [RESOLUTION] 开始获取视频分辨率: D:\Users\Videos\测试\SampleVideo_1280x720_20mb.mkv
2025-05-26T03:18:01.783Z [PATH] 尝试获取FFprobe路径
2025-05-26T03:18:01.783Z [LOG] 使用配置的FFprobe路径: D:\code\cursor\looklook\node_modules\ffprobe-static\bin\win32\x64\ffprobe.exe
2025-05-26T03:18:01.783Z [PATH] 使用配置的FFprobe路径: D:\code\cursor\looklook\node_modules\ffprobe-static\bin\win32\x64\ffprobe.exe
2025-05-26T03:18:01.783Z [RESOLUTION] 在开发环境中使用ffprobe路径: D:\code\cursor\looklook\node_modules\ffprobe-static\bin\win32\x64\ffprobe.exe
2025-05-26T03:18:01.783Z [RESOLUTION] 检查ffprobe可执行文件是否存在: true
2025-05-26T03:18:01.784Z [LOG] 执行命令: "D:\code\cursor\looklook\node_modules\ffprobe-static\bin\win32\x64\ffprobe.exe" -v error -select_streams v:0 -show_entries stream=width,height -of csv=s=x:p=0 "D:\Users\Videos\测试\SampleVideo_1280x720_20mb.mkv"
2025-05-26T03:18:01.784Z [RESOLUTION] 开始执行命令获取分辨率: "D:\code\cursor\looklook\node_modules\ffprobe-static\bin\win32\x64\ffprobe.exe" -v error -select_streams v:0 -show_entries stream=width,height -of csv=s=x:p=0 "D:\Users\Videos\测试\SampleVideo_1280x720_20mb.mkv"
2025-05-26T03:18:01.843Z [RESOLUTION] 命令输出: "1280x720"
2025-05-26T03:18:01.843Z [LOG] 成功解析分辨率: 1280×720
2025-05-26T03:18:01.844Z [RESOLUTION] 成功解析分辨率: 1280×720
2025-05-26T03:18:01.844Z [LOG] 获取视频时长: D:\Users\Videos\测试\SampleVideo_1280x720_20mb.mkv
2025-05-26T03:18:01.844Z [MAIN] 开始获取视频时长: D:\Users\Videos\测试\SampleVideo_1280x720_20mb.mkv
2025-05-26T03:18:01.844Z [LOG] 直接获取视频时长
2025-05-26T03:18:01.844Z [DURATION] 开始获取视频时长: D:\Users\Videos\测试\SampleVideo_1280x720_20mb.mkv
2025-05-26T03:18:01.845Z [PATH] 尝试获取FFprobe路径
2025-05-26T03:18:01.845Z [LOG] 使用配置的FFprobe路径: D:\code\cursor\looklook\node_modules\ffprobe-static\bin\win32\x64\ffprobe.exe
2025-05-26T03:18:01.845Z [PATH] 使用配置的FFprobe路径: D:\code\cursor\looklook\node_modules\ffprobe-static\bin\win32\x64\ffprobe.exe
2025-05-26T03:18:01.845Z [DURATION] 在开发环境中使用ffprobe路径: D:\code\cursor\looklook\node_modules\ffprobe-static\bin\win32\x64\ffprobe.exe
2025-05-26T03:18:01.845Z [DURATION] 检查ffprobe可执行文件是否存在: true
2025-05-26T03:18:01.845Z [LOG] 执行命令: "D:\code\cursor\looklook\node_modules\ffprobe-static\bin\win32\x64\ffprobe.exe" -v error -show_entries format=duration -of default=noprint_wrappers=1:nokey=1 "D:\Users\Videos\测试\SampleVideo_1280x720_20mb.mkv"
2025-05-26T03:18:01.846Z [DURATION] 开始执行命令获取时长: "D:\code\cursor\looklook\node_modules\ffprobe-static\bin\win32\x64\ffprobe.exe" -v error -show_entries format=duration -of default=noprint_wrappers=1:nokey=1 "D:\Users\Videos\测试\SampleVideo_1280x720_20mb.mkv"
2025-05-26T03:18:01.907Z [DURATION] 命令输出: "112.720000"
2025-05-26T03:18:01.908Z [LOG] 成功解析时长: 00:01:52
2025-05-26T03:18:01.908Z [DURATION] 成功解析时长: 00:01:52
2025-05-26T03:18:01.908Z [LOG] 开始生成缩略图，视频路径: D:\Users\Videos\测试\SampleVideo_1280x720_20mb.mkv
2025-05-26T03:18:01.909Z [LOG] 缩略图输出路径: D:\code\cursor\looklook\userdata\thumbnails\1748229482346-RDpcVXNl.jpg
2025-05-26T03:18:01.909Z [LOG] 生成随机时间点: 00:00:12
2025-05-26T03:18:01.909Z [LOG] 使用直接命令行ffmpeg生成缩略图
2025-05-26T03:18:01.910Z [PATH] 尝试获取FFmpeg路径
2025-05-26T03:18:01.910Z [LOG] 使用配置的FFmpeg路径: D:\code\cursor\looklook\node_modules\ffmpeg-static\ffmpeg.exe
2025-05-26T03:18:01.910Z [PATH] 使用配置的FFmpeg路径: D:\code\cursor\looklook\node_modules\ffmpeg-static\ffmpeg.exe
2025-05-26T03:18:01.910Z [LOG] 将使用时间点 00:00:12 生成缩略图
2025-05-26T03:18:01.910Z [LOG] 执行命令: D:\code\cursor\looklook\node_modules\ffmpeg-static\ffmpeg.exe -ss 00:00:12 -i D:\Users\Videos\测试\SampleVideo_1280x720_20mb.mkv -vframes 1 -s 320x180 -y D:\code\cursor\looklook\userdata\thumbnails\1748229482346-RDpcVXNl.jpg
2025-05-26T03:18:02.002Z [LOG] 直接ffmpeg成功生成缩略图: D:\code\cursor\looklook\userdata\thumbnails\1748229482346-RDpcVXNl.jpg
2025-05-26T03:18:02.002Z [LOG] 通过直接ffmpeg命令生成缩略图成功
2025-05-26T03:18:02.002Z [LOG] 设置已加载
2025-05-26T03:18:02.003Z [LOG] 获取视频分辨率: D:\Users\Videos\测试\SampleVideo_1280x720_20mb.mp4
2025-05-26T03:18:02.003Z [MAIN] 开始获取视频分辨率: D:\Users\Videos\测试\SampleVideo_1280x720_20mb.mp4
2025-05-26T03:18:02.003Z [LOG] 直接获取视频分辨率
2025-05-26T03:18:02.003Z [RESOLUTION] 开始获取视频分辨率: D:\Users\Videos\测试\SampleVideo_1280x720_20mb.mp4
2025-05-26T03:18:02.003Z [PATH] 尝试获取FFprobe路径
2025-05-26T03:18:02.004Z [LOG] 使用配置的FFprobe路径: D:\code\cursor\looklook\node_modules\ffprobe-static\bin\win32\x64\ffprobe.exe
2025-05-26T03:18:02.004Z [PATH] 使用配置的FFprobe路径: D:\code\cursor\looklook\node_modules\ffprobe-static\bin\win32\x64\ffprobe.exe
2025-05-26T03:18:02.004Z [RESOLUTION] 在开发环境中使用ffprobe路径: D:\code\cursor\looklook\node_modules\ffprobe-static\bin\win32\x64\ffprobe.exe
2025-05-26T03:18:02.004Z [RESOLUTION] 检查ffprobe可执行文件是否存在: true
2025-05-26T03:18:02.004Z [LOG] 执行命令: "D:\code\cursor\looklook\node_modules\ffprobe-static\bin\win32\x64\ffprobe.exe" -v error -select_streams v:0 -show_entries stream=width,height -of csv=s=x:p=0 "D:\Users\Videos\测试\SampleVideo_1280x720_20mb.mp4"
2025-05-26T03:18:02.004Z [RESOLUTION] 开始执行命令获取分辨率: "D:\code\cursor\looklook\node_modules\ffprobe-static\bin\win32\x64\ffprobe.exe" -v error -select_streams v:0 -show_entries stream=width,height -of csv=s=x:p=0 "D:\Users\Videos\测试\SampleVideo_1280x720_20mb.mp4"
2025-05-26T03:18:02.077Z [RESOLUTION] 命令输出: "1280x720"
2025-05-26T03:18:02.077Z [LOG] 成功解析分辨率: 1280×720
2025-05-26T03:18:02.077Z [RESOLUTION] 成功解析分辨率: 1280×720
2025-05-26T03:18:02.078Z [LOG] 获取视频时长: D:\Users\Videos\测试\SampleVideo_1280x720_20mb.mp4
2025-05-26T03:18:02.078Z [MAIN] 开始获取视频时长: D:\Users\Videos\测试\SampleVideo_1280x720_20mb.mp4
2025-05-26T03:18:02.078Z [LOG] 直接获取视频时长
2025-05-26T03:18:02.078Z [DURATION] 开始获取视频时长: D:\Users\Videos\测试\SampleVideo_1280x720_20mb.mp4
2025-05-26T03:18:02.078Z [PATH] 尝试获取FFprobe路径
2025-05-26T03:18:02.078Z [LOG] 使用配置的FFprobe路径: D:\code\cursor\looklook\node_modules\ffprobe-static\bin\win32\x64\ffprobe.exe
2025-05-26T03:18:02.079Z [PATH] 使用配置的FFprobe路径: D:\code\cursor\looklook\node_modules\ffprobe-static\bin\win32\x64\ffprobe.exe
2025-05-26T03:18:02.079Z [DURATION] 在开发环境中使用ffprobe路径: D:\code\cursor\looklook\node_modules\ffprobe-static\bin\win32\x64\ffprobe.exe
2025-05-26T03:18:02.079Z [DURATION] 检查ffprobe可执行文件是否存在: true
2025-05-26T03:18:02.079Z [LOG] 执行命令: "D:\code\cursor\looklook\node_modules\ffprobe-static\bin\win32\x64\ffprobe.exe" -v error -show_entries format=duration -of default=noprint_wrappers=1:nokey=1 "D:\Users\Videos\测试\SampleVideo_1280x720_20mb.mp4"
2025-05-26T03:18:02.079Z [DURATION] 开始执行命令获取时长: "D:\code\cursor\looklook\node_modules\ffprobe-static\bin\win32\x64\ffprobe.exe" -v error -show_entries format=duration -of default=noprint_wrappers=1:nokey=1 "D:\Users\Videos\测试\SampleVideo_1280x720_20mb.mp4"
2025-05-26T03:18:02.153Z [DURATION] 命令输出: "117.312000"
2025-05-26T03:18:02.153Z [LOG] 成功解析时长: 00:01:57
2025-05-26T03:18:02.154Z [DURATION] 成功解析时长: 00:01:57
2025-05-26T03:18:02.154Z [LOG] 开始生成缩略图，视频路径: D:\Users\Videos\测试\SampleVideo_1280x720_20mb.mp4
2025-05-26T03:18:02.154Z [LOG] 缩略图输出路径: D:\code\cursor\looklook\userdata\thumbnails\1748229482944-RDpcVXNl.jpg
2025-05-26T03:18:02.154Z [LOG] 生成随机时间点: 00:00:14
2025-05-26T03:18:02.154Z [LOG] 使用直接命令行ffmpeg生成缩略图
2025-05-26T03:18:02.155Z [PATH] 尝试获取FFmpeg路径
2025-05-26T03:18:02.155Z [LOG] 使用配置的FFmpeg路径: D:\code\cursor\looklook\node_modules\ffmpeg-static\ffmpeg.exe
2025-05-26T03:18:02.155Z [PATH] 使用配置的FFmpeg路径: D:\code\cursor\looklook\node_modules\ffmpeg-static\ffmpeg.exe
2025-05-26T03:18:02.155Z [LOG] 将使用时间点 00:00:14 生成缩略图
2025-05-26T03:18:02.155Z [LOG] 执行命令: D:\code\cursor\looklook\node_modules\ffmpeg-static\ffmpeg.exe -ss 00:00:14 -i D:\Users\Videos\测试\SampleVideo_1280x720_20mb.mp4 -vframes 1 -s 320x180 -y D:\code\cursor\looklook\userdata\thumbnails\1748229482944-RDpcVXNl.jpg
2025-05-26T03:18:02.269Z [LOG] 直接ffmpeg成功生成缩略图: D:\code\cursor\looklook\userdata\thumbnails\1748229482944-RDpcVXNl.jpg
2025-05-26T03:18:02.269Z [LOG] 通过直接ffmpeg命令生成缩略图成功
2025-05-26T03:18:02.270Z [LOG] 设置已加载
2025-05-26T03:18:02.270Z [LOG] 获取视频分辨率: D:\Users\Videos\测试\SampleVideo_1280x720_2mb.flv
2025-05-26T03:18:02.270Z [MAIN] 开始获取视频分辨率: D:\Users\Videos\测试\SampleVideo_1280x720_2mb.flv
2025-05-26T03:18:02.271Z [LOG] 直接获取视频分辨率
2025-05-26T03:18:02.271Z [RESOLUTION] 开始获取视频分辨率: D:\Users\Videos\测试\SampleVideo_1280x720_2mb.flv
2025-05-26T03:18:02.271Z [PATH] 尝试获取FFprobe路径
2025-05-26T03:18:02.271Z [LOG] 使用配置的FFprobe路径: D:\code\cursor\looklook\node_modules\ffprobe-static\bin\win32\x64\ffprobe.exe
2025-05-26T03:18:02.271Z [PATH] 使用配置的FFprobe路径: D:\code\cursor\looklook\node_modules\ffprobe-static\bin\win32\x64\ffprobe.exe
2025-05-26T03:18:02.271Z [RESOLUTION] 在开发环境中使用ffprobe路径: D:\code\cursor\looklook\node_modules\ffprobe-static\bin\win32\x64\ffprobe.exe
2025-05-26T03:18:02.271Z [RESOLUTION] 检查ffprobe可执行文件是否存在: true
2025-05-26T03:18:02.271Z [LOG] 执行命令: "D:\code\cursor\looklook\node_modules\ffprobe-static\bin\win32\x64\ffprobe.exe" -v error -select_streams v:0 -show_entries stream=width,height -of csv=s=x:p=0 "D:\Users\Videos\测试\SampleVideo_1280x720_2mb.flv"
2025-05-26T03:18:02.272Z [RESOLUTION] 开始执行命令获取分辨率: "D:\code\cursor\looklook\node_modules\ffprobe-static\bin\win32\x64\ffprobe.exe" -v error -select_streams v:0 -show_entries stream=width,height -of csv=s=x:p=0 "D:\Users\Videos\测试\SampleVideo_1280x720_2mb.flv"
2025-05-26T03:18:02.333Z [RESOLUTION] 命令输出: "1280x720"
2025-05-26T03:18:02.334Z [LOG] 成功解析分辨率: 1280×720
2025-05-26T03:18:02.334Z [RESOLUTION] 成功解析分辨率: 1280×720
2025-05-26T03:18:02.334Z [LOG] 获取视频时长: D:\Users\Videos\测试\SampleVideo_1280x720_2mb.flv
2025-05-26T03:18:02.334Z [MAIN] 开始获取视频时长: D:\Users\Videos\测试\SampleVideo_1280x720_2mb.flv
2025-05-26T03:18:02.334Z [LOG] 直接获取视频时长
2025-05-26T03:18:02.335Z [DURATION] 开始获取视频时长: D:\Users\Videos\测试\SampleVideo_1280x720_2mb.flv
2025-05-26T03:18:02.335Z [PATH] 尝试获取FFprobe路径
2025-05-26T03:18:02.335Z [LOG] 使用配置的FFprobe路径: D:\code\cursor\looklook\node_modules\ffprobe-static\bin\win32\x64\ffprobe.exe
2025-05-26T03:18:02.335Z [PATH] 使用配置的FFprobe路径: D:\code\cursor\looklook\node_modules\ffprobe-static\bin\win32\x64\ffprobe.exe
2025-05-26T03:18:02.335Z [DURATION] 在开发环境中使用ffprobe路径: D:\code\cursor\looklook\node_modules\ffprobe-static\bin\win32\x64\ffprobe.exe
2025-05-26T03:18:02.335Z [DURATION] 检查ffprobe可执行文件是否存在: true
2025-05-26T03:18:02.335Z [LOG] 执行命令: "D:\code\cursor\looklook\node_modules\ffprobe-static\bin\win32\x64\ffprobe.exe" -v error -show_entries format=duration -of default=noprint_wrappers=1:nokey=1 "D:\Users\Videos\测试\SampleVideo_1280x720_2mb.flv"
2025-05-26T03:18:02.336Z [DURATION] 开始执行命令获取时长: "D:\code\cursor\looklook\node_modules\ffprobe-static\bin\win32\x64\ffprobe.exe" -v error -show_entries format=duration -of default=noprint_wrappers=1:nokey=1 "D:\Users\Videos\测试\SampleVideo_1280x720_2mb.flv"
2025-05-26T03:18:02.397Z [DURATION] 命令输出: "11.000000"
2025-05-26T03:18:02.398Z [LOG] 成功解析时长: 00:00:11
2025-05-26T03:18:02.398Z [DURATION] 成功解析时长: 00:00:11
2025-05-26T03:18:02.398Z [LOG] 开始生成缩略图，视频路径: D:\Users\Videos\测试\SampleVideo_1280x720_2mb.flv
2025-05-26T03:18:02.399Z [LOG] 缩略图输出路径: D:\code\cursor\looklook\userdata\thumbnails\1748229483095-RDpcVXNl.jpg
2025-05-26T03:18:02.399Z [LOG] 生成随机时间点: 00:00:36
2025-05-26T03:18:02.399Z [LOG] 使用直接命令行ffmpeg生成缩略图
2025-05-26T03:18:02.399Z [PATH] 尝试获取FFmpeg路径
2025-05-26T03:18:02.399Z [LOG] 使用配置的FFmpeg路径: D:\code\cursor\looklook\node_modules\ffmpeg-static\ffmpeg.exe
2025-05-26T03:18:02.400Z [PATH] 使用配置的FFmpeg路径: D:\code\cursor\looklook\node_modules\ffmpeg-static\ffmpeg.exe
2025-05-26T03:18:02.400Z [LOG] 将使用时间点 00:00:36 生成缩略图
2025-05-26T03:18:02.400Z [LOG] 执行命令: D:\code\cursor\looklook\node_modules\ffmpeg-static\ffmpeg.exe -ss 00:00:36 -i D:\Users\Videos\测试\SampleVideo_1280x720_2mb.flv -vframes 1 -s 320x180 -y D:\code\cursor\looklook\userdata\thumbnails\1748229483095-RDpcVXNl.jpg
2025-05-26T03:18:02.978Z [ERROR] 直接ffmpeg生成缩略图失败: Command failed: D:\code\cursor\looklook\node_modules\ffmpeg-static\ffmpeg.exe -ss 00:00:36 -i D:\Users\Videos\测试\SampleVideo_1280x720_2mb.flv -vframes 1 -s 320x180 -y D:\code\cursor\looklook\userdata\thumbnails\1748229483095-RDpcVXNl.jpg
ffmpeg version 7.1.1-essentials_build-www.gyan.dev Copyright (c) 2000-2025 the FFmpeg developers
  built with gcc 14.2.0 (Rev1, Built by MSYS2 project)
  configuration: --enable-gpl --enable-version3 --enable-static --disable-w32threads --disable-autodetect --enable-fontconfig --enable-iconv --enable-gnutls --enable-libxml2 --enable-gmp --enable-bzlib --enable-lzma --enable-zlib --enable-libsrt --enable-libssh --enable-libzmq --enable-avisynth --enable-sdl2 --enable-libwebp --enable-libx264 --enable-libx265 --enable-libxvid --enable-libaom --enable-libopenjpeg --enable-libvpx --enable-mediafoundation --enable-libass --enable-libfreetype --enable-libfribidi --enable-libharfbuzz --enable-libvidstab --enable-libvmaf --enable-libzimg --enable-amf --enable-cuda-llvm --enable-cuvid --enable-dxva2 --enable-d3d11va --enable-d3d12va --enable-ffnvcodec --enable-libvpl --enable-nvdec --enable-nvenc --enable-vaapi --enable-libgme --enable-libopenmpt --enable-libopencore-amrwb --enable-libmp3lame --enable-libtheora --enable-libvo-amrwbenc --enable-libgsm --enable-libopencore-amrnb --enable-libopus --enable-libspeex --enable-libvorbis --enable-librubberband
  libavutil      59. 39.100 / 59. 39.100
  libavcodec     61. 19.101 / 61. 19.101
  libavformat    61.  7.100 / 61.  7.100
  libavdevice    61.  3.100 / 61.  3.100
  libavfilter    10.  4.100 / 10.  4.100
  libswscale      8.  3.100 /  8.  3.100
  libswresample   5.  3.100 /  5.  3.100
  libpostproc    58.  3.100 / 58.  3.100
Input #0, flv, from 'D:\Users\Videos\测试\SampleVideo_1280x720_2mb.flv':
  Metadata:
    encoder         : Lavf53.24.2
  Duration: 00:00:11.00, start: 0.000000, bitrate: 1525 kb/s
  Stream #0:0: Audio: aac (LC), 48000 Hz, 5.1, fltp, 384 kb/s
  Stream #0:1: Video: flv1 (flv), yuv420p, 1280x720, 1200 kb/s, 1k fps, 25 tbr, 1k tbn
Stream mapping:
  Stream #0:1 -> #0:0 (flv1 (flv) -> mjpeg (native))
Press [q] to stop, [?] for help
[vf#0:0 @ 0000000002b60940] No filtered frames for output stream, trying to initialize anyway.
[mjpeg @ 0000000002b600c0] Non full-range YUV is non-standard, set strict_std_compliance to at most unofficial to use it.
[vost#0:0/mjpeg @ 00000000026e6900] Error while opening encoder - maybe incorrect parameters such as bit_rate, rate, width or height.
[vf#0:0 @ 0000000002b605c0] Task finished with error code: -22 (Invalid argument)
[vf#0:0 @ 0000000002b605c0] Terminating thread with return code -22 (Invalid argument)
[vost#0:0/mjpeg @ 00000000026e6900] Could not open encoder before EOF
[vost#0:0/mjpeg @ 00000000026e6900] Task finished with error code: -22 (Invalid argument)
[vost#0:0/mjpeg @ 00000000026e6900] Terminating thread with return code -22 (Invalid argument)
[out#0/image2 @ 00000000026d73c0] Nothing was written into output file, because at least one of its streams received no packets.
frame=    0 fps=0.0 q=0.0 Lsize=       0KiB time=N/A bitrate=N/A speed=N/A    
Conversion failed!

2025-05-26T03:18:02.981Z [ERROR] STDERR: ffmpeg version 7.1.1-essentials_build-www.gyan.dev Copyright (c) 2000-2025 the FFmpeg developers
  built with gcc 14.2.0 (Rev1, Built by MSYS2 project)
  configuration: --enable-gpl --enable-version3 --enable-static --disable-w32threads --disable-autodetect --enable-fontconfig --enable-iconv --enable-gnutls --enable-libxml2 --enable-gmp --enable-bzlib --enable-lzma --enable-zlib --enable-libsrt --enable-libssh --enable-libzmq --enable-avisynth --enable-sdl2 --enable-libwebp --enable-libx264 --enable-libx265 --enable-libxvid --enable-libaom --enable-libopenjpeg --enable-libvpx --enable-mediafoundation --enable-libass --enable-libfreetype --enable-libfribidi --enable-libharfbuzz --enable-libvidstab --enable-libvmaf --enable-libzimg --enable-amf --enable-cuda-llvm --enable-cuvid --enable-dxva2 --enable-d3d11va --enable-d3d12va --enable-ffnvcodec --enable-libvpl --enable-nvdec --enable-nvenc --enable-vaapi --enable-libgme --enable-libopenmpt --enable-libopencore-amrwb --enable-libmp3lame --enable-libtheora --enable-libvo-amrwbenc --enable-libgsm --enable-libopencore-amrnb --enable-libopus --enable-libspeex --enable-libvorbis --enable-librubberband
  libavutil      59. 39.100 / 59. 39.100
  libavcodec     61. 19.101 / 61. 19.101
  libavformat    61.  7.100 / 61.  7.100
  libavdevice    61.  3.100 / 61.  3.100
  libavfilter    10.  4.100 / 10.  4.100
  libswscale      8.  3.100 /  8.  3.100
  libswresample   5.  3.100 /  5.  3.100
  libpostproc    58.  3.100 / 58.  3.100
Input #0, flv, from 'D:\Users\Videos\测试\SampleVideo_1280x720_2mb.flv':
  Metadata:
    encoder         : Lavf53.24.2
  Duration: 00:00:11.00, start: 0.000000, bitrate: 1525 kb/s
  Stream #0:0: Audio: aac (LC), 48000 Hz, 5.1, fltp, 384 kb/s
  Stream #0:1: Video: flv1 (flv), yuv420p, 1280x720, 1200 kb/s, 1k fps, 25 tbr, 1k tbn
Stream mapping:
  Stream #0:1 -> #0:0 (flv1 (flv) -> mjpeg (native))
Press [q] to stop, [?] for help
[vf#0:0 @ 0000000002b60940] No filtered frames for output stream, trying to initialize anyway.
[mjpeg @ 0000000002b600c0] Non full-range YUV is non-standard, set strict_std_compliance to at most unofficial to use it.
[vost#0:0/mjpeg @ 00000000026e6900] Error while opening encoder - maybe incorrect parameters such as bit_rate, rate, width or height.
[vf#0:0 @ 0000000002b605c0] Task finished with error code: -22 (Invalid argument)
[vf#0:0 @ 0000000002b605c0] Terminating thread with return code -22 (Invalid argument)
[vost#0:0/mjpeg @ 00000000026e6900] Could not open encoder before EOF
[vost#0:0/mjpeg @ 00000000026e6900] Task finished with error code: -22 (Invalid argument)
[vost#0:0/mjpeg @ 00000000026e6900] Terminating thread with return code -22 (Invalid argument)
[out#0/image2 @ 00000000026d73c0] Nothing was written into output file, because at least one of its streams received no packets.
frame=    0 fps=0.0 q=0.0 Lsize=       0KiB time=N/A bitrate=N/A speed=N/A    
Conversion failed!

2025-05-26T03:18:02.983Z [ERROR] 直接ffmpeg命令生成缩略图失败: Command failed: D:\code\cursor\looklook\node_modules\ffmpeg-static\ffmpeg.exe -ss 00:00:36 -i D:\Users\Videos\测试\SampleVideo_1280x720_2mb.flv -vframes 1 -s 320x180 -y D:\code\cursor\looklook\userdata\thumbnails\1748229483095-RDpcVXNl.jpg
ffmpeg version 7.1.1-essentials_build-www.gyan.dev Copyright (c) 2000-2025 the FFmpeg developers
  built with gcc 14.2.0 (Rev1, Built by MSYS2 project)
  configuration: --enable-gpl --enable-version3 --enable-static --disable-w32threads --disable-autodetect --enable-fontconfig --enable-iconv --enable-gnutls --enable-libxml2 --enable-gmp --enable-bzlib --enable-lzma --enable-zlib --enable-libsrt --enable-libssh --enable-libzmq --enable-avisynth --enable-sdl2 --enable-libwebp --enable-libx264 --enable-libx265 --enable-libxvid --enable-libaom --enable-libopenjpeg --enable-libvpx --enable-mediafoundation --enable-libass --enable-libfreetype --enable-libfribidi --enable-libharfbuzz --enable-libvidstab --enable-libvmaf --enable-libzimg --enable-amf --enable-cuda-llvm --enable-cuvid --enable-dxva2 --enable-d3d11va --enable-d3d12va --enable-ffnvcodec --enable-libvpl --enable-nvdec --enable-nvenc --enable-vaapi --enable-libgme --enable-libopenmpt --enable-libopencore-amrwb --enable-libmp3lame --enable-libtheora --enable-libvo-amrwbenc --enable-libgsm --enable-libopencore-amrnb --enable-libopus --enable-libspeex --enable-libvorbis --enable-librubberband
  libavutil      59. 39.100 / 59. 39.100
  libavcodec     61. 19.101 / 61. 19.101
  libavformat    61.  7.100 / 61.  7.100
  libavdevice    61.  3.100 / 61.  3.100
  libavfilter    10.  4.100 / 10.  4.100
  libswscale      8.  3.100 /  8.  3.100
  libswresample   5.  3.100 /  5.  3.100
  libpostproc    58.  3.100 / 58.  3.100
Input #0, flv, from 'D:\Users\Videos\测试\SampleVideo_1280x720_2mb.flv':
  Metadata:
    encoder         : Lavf53.24.2
  Duration: 00:00:11.00, start: 0.000000, bitrate: 1525 kb/s
  Stream #0:0: Audio: aac (LC), 48000 Hz, 5.1, fltp, 384 kb/s
  Stream #0:1: Video: flv1 (flv), yuv420p, 1280x720, 1200 kb/s, 1k fps, 25 tbr, 1k tbn
Stream mapping:
  Stream #0:1 -> #0:0 (flv1 (flv) -> mjpeg (native))
Press [q] to stop, [?] for help
[vf#0:0 @ 0000000002b60940] No filtered frames for output stream, trying to initialize anyway.
[mjpeg @ 0000000002b600c0] Non full-range YUV is non-standard, set strict_std_compliance to at most unofficial to use it.
[vost#0:0/mjpeg @ 00000000026e6900] Error while opening encoder - maybe incorrect parameters such as bit_rate, rate, width or height.
[vf#0:0 @ 0000000002b605c0] Task finished with error code: -22 (Invalid argument)
[vf#0:0 @ 0000000002b605c0] Terminating thread with return code -22 (Invalid argument)
[vost#0:0/mjpeg @ 00000000026e6900] Could not open encoder before EOF
[vost#0:0/mjpeg @ 00000000026e6900] Task finished with error code: -22 (Invalid argument)
[vost#0:0/mjpeg @ 00000000026e6900] Terminating thread with return code -22 (Invalid argument)
[out#0/image2 @ 00000000026d73c0] Nothing was written into output file, because at least one of its streams received no packets.
frame=    0 fps=0.0 q=0.0 Lsize=       0KiB time=N/A bitrate=N/A speed=N/A    
Conversion failed!

2025-05-26T03:18:02.984Z [LOG] 尝试使用直接命令行方式生成缩略图
2025-05-26T03:18:02.984Z [LOG] 直接获取视频时长（秒数）
2025-05-26T03:18:02.984Z [PATH] 尝试获取FFprobe路径
2025-05-26T03:18:02.985Z [LOG] 使用配置的FFprobe路径: D:\code\cursor\looklook\node_modules\ffprobe-static\bin\win32\x64\ffprobe.exe
2025-05-26T03:18:02.985Z [PATH] 使用配置的FFprobe路径: D:\code\cursor\looklook\node_modules\ffprobe-static\bin\win32\x64\ffprobe.exe
2025-05-26T03:18:02.985Z [LOG] 在开发环境中使用ffprobe路径: D:\code\cursor\looklook\node_modules\ffprobe-static\bin\win32\x64\ffprobe.exe
2025-05-26T03:18:02.986Z [LOG] 执行命令: D:\code\cursor\looklook\node_modules\ffprobe-static\bin\win32\x64\ffprobe.exe -v error -show_entries format=duration -of default=noprint_wrappers=1:nokey=1 D:\Users\Videos\测试\SampleVideo_1280x720_2mb.flv
2025-05-26T03:18:03.047Z [LOG] 时长命令输出: 11.000000
2025-05-26T03:18:03.048Z [LOG] 成功获取视频时长: 11 秒
2025-05-26T03:18:03.048Z [LOG] 获取到视频时长: 11 秒, 准备截取缩略图
2025-05-26T03:18:03.049Z [LOG] 将在视频的 4 秒处截取缩略图 (随机生成)
2025-05-26T03:18:03.049Z [PATH] 尝试获取FFmpeg路径
2025-05-26T03:18:03.049Z [LOG] 使用配置的FFmpeg路径: D:\code\cursor\looklook\node_modules\ffmpeg-static\ffmpeg.exe
2025-05-26T03:18:03.049Z [PATH] 使用配置的FFmpeg路径: D:\code\cursor\looklook\node_modules\ffmpeg-static\ffmpeg.exe
2025-05-26T03:18:03.050Z [LOG] 执行命令: D:\code\cursor\looklook\node_modules\ffmpeg-static\ffmpeg.exe -i D:\Users\Videos\测试\SampleVideo_1280x720_2mb.flv -ss 4 -vframes 1 -s 320x180 -y D:\code\cursor\looklook\userdata\thumbnails\1748229483095-RDpcVXNl.jpg
2025-05-26T03:18:03.160Z [LOG] 命令行方式成功生成缩略图: D:\code\cursor\looklook\userdata\thumbnails\1748229483095-RDpcVXNl.jpg
2025-05-26T03:18:03.160Z [LOG] 通过多步骤方法成功生成缩略图
2025-05-26T03:18:03.161Z [LOG] 设置已加载
2025-05-26T03:18:03.161Z [LOG] 获取视频分辨率: D:\Users\Videos\测试\SampleVideo_1280x720_2mb.mkv
2025-05-26T03:18:03.161Z [MAIN] 开始获取视频分辨率: D:\Users\Videos\测试\SampleVideo_1280x720_2mb.mkv
2025-05-26T03:18:03.162Z [LOG] 直接获取视频分辨率
2025-05-26T03:18:03.162Z [RESOLUTION] 开始获取视频分辨率: D:\Users\Videos\测试\SampleVideo_1280x720_2mb.mkv
2025-05-26T03:18:03.162Z [PATH] 尝试获取FFprobe路径
2025-05-26T03:18:03.162Z [LOG] 使用配置的FFprobe路径: D:\code\cursor\looklook\node_modules\ffprobe-static\bin\win32\x64\ffprobe.exe
2025-05-26T03:18:03.162Z [PATH] 使用配置的FFprobe路径: D:\code\cursor\looklook\node_modules\ffprobe-static\bin\win32\x64\ffprobe.exe
2025-05-26T03:18:03.162Z [RESOLUTION] 在开发环境中使用ffprobe路径: D:\code\cursor\looklook\node_modules\ffprobe-static\bin\win32\x64\ffprobe.exe
2025-05-26T03:18:03.162Z [RESOLUTION] 检查ffprobe可执行文件是否存在: true
2025-05-26T03:18:03.162Z [LOG] 执行命令: "D:\code\cursor\looklook\node_modules\ffprobe-static\bin\win32\x64\ffprobe.exe" -v error -select_streams v:0 -show_entries stream=width,height -of csv=s=x:p=0 "D:\Users\Videos\测试\SampleVideo_1280x720_2mb.mkv"
2025-05-26T03:18:03.162Z [RESOLUTION] 开始执行命令获取分辨率: "D:\code\cursor\looklook\node_modules\ffprobe-static\bin\win32\x64\ffprobe.exe" -v error -select_streams v:0 -show_entries stream=width,height -of csv=s=x:p=0 "D:\Users\Videos\测试\SampleVideo_1280x720_2mb.mkv"
2025-05-26T03:18:03.223Z [RESOLUTION] 命令输出: "1280x720"
2025-05-26T03:18:03.223Z [LOG] 成功解析分辨率: 1280×720
2025-05-26T03:18:03.224Z [RESOLUTION] 成功解析分辨率: 1280×720
2025-05-26T03:18:03.224Z [LOG] 获取视频时长: D:\Users\Videos\测试\SampleVideo_1280x720_2mb.mkv
2025-05-26T03:18:03.224Z [MAIN] 开始获取视频时长: D:\Users\Videos\测试\SampleVideo_1280x720_2mb.mkv
2025-05-26T03:18:03.224Z [LOG] 直接获取视频时长
2025-05-26T03:18:03.224Z [DURATION] 开始获取视频时长: D:\Users\Videos\测试\SampleVideo_1280x720_2mb.mkv
2025-05-26T03:18:03.224Z [PATH] 尝试获取FFprobe路径
2025-05-26T03:18:03.225Z [LOG] 使用配置的FFprobe路径: D:\code\cursor\looklook\node_modules\ffprobe-static\bin\win32\x64\ffprobe.exe
2025-05-26T03:18:03.225Z [PATH] 使用配置的FFprobe路径: D:\code\cursor\looklook\node_modules\ffprobe-static\bin\win32\x64\ffprobe.exe
2025-05-26T03:18:03.225Z [DURATION] 在开发环境中使用ffprobe路径: D:\code\cursor\looklook\node_modules\ffprobe-static\bin\win32\x64\ffprobe.exe
2025-05-26T03:18:03.225Z [DURATION] 检查ffprobe可执行文件是否存在: true
2025-05-26T03:18:03.225Z [LOG] 执行命令: "D:\code\cursor\looklook\node_modules\ffprobe-static\bin\win32\x64\ffprobe.exe" -v error -show_entries format=duration -of default=noprint_wrappers=1:nokey=1 "D:\Users\Videos\测试\SampleVideo_1280x720_2mb.mkv"
2025-05-26T03:18:03.225Z [DURATION] 开始执行命令获取时长: "D:\code\cursor\looklook\node_modules\ffprobe-static\bin\win32\x64\ffprobe.exe" -v error -show_entries format=duration -of default=noprint_wrappers=1:nokey=1 "D:\Users\Videos\测试\SampleVideo_1280x720_2mb.mkv"
2025-05-26T03:18:03.285Z [DURATION] 命令输出: "10.650000"
2025-05-26T03:18:03.285Z [LOG] 成功解析时长: 00:00:10
2025-05-26T03:18:03.285Z [DURATION] 成功解析时长: 00:00:10
2025-05-26T03:18:03.285Z [LOG] 开始生成缩略图，视频路径: D:\Users\Videos\测试\SampleVideo_1280x720_2mb.mkv
2025-05-26T03:18:03.286Z [LOG] 缩略图输出路径: D:\code\cursor\looklook\userdata\thumbnails\1748229483744-RDpcVXNl.jpg
2025-05-26T03:18:03.286Z [LOG] 生成随机时间点: 00:00:30
2025-05-26T03:18:03.286Z [LOG] 使用直接命令行ffmpeg生成缩略图
2025-05-26T03:18:03.287Z [PATH] 尝试获取FFmpeg路径
2025-05-26T03:18:03.287Z [LOG] 使用配置的FFmpeg路径: D:\code\cursor\looklook\node_modules\ffmpeg-static\ffmpeg.exe
2025-05-26T03:18:03.287Z [PATH] 使用配置的FFmpeg路径: D:\code\cursor\looklook\node_modules\ffmpeg-static\ffmpeg.exe
2025-05-26T03:18:03.287Z [LOG] 将使用时间点 00:00:30 生成缩略图
2025-05-26T03:18:03.287Z [LOG] 执行命令: D:\code\cursor\looklook\node_modules\ffmpeg-static\ffmpeg.exe -ss 00:00:30 -i D:\Users\Videos\测试\SampleVideo_1280x720_2mb.mkv -vframes 1 -s 320x180 -y D:\code\cursor\looklook\userdata\thumbnails\1748229483744-RDpcVXNl.jpg
2025-05-26T03:18:03.870Z [ERROR] 直接ffmpeg生成缩略图失败: Command failed: D:\code\cursor\looklook\node_modules\ffmpeg-static\ffmpeg.exe -ss 00:00:30 -i D:\Users\Videos\测试\SampleVideo_1280x720_2mb.mkv -vframes 1 -s 320x180 -y D:\code\cursor\looklook\userdata\thumbnails\1748229483744-RDpcVXNl.jpg
ffmpeg version 7.1.1-essentials_build-www.gyan.dev Copyright (c) 2000-2025 the FFmpeg developers
  built with gcc 14.2.0 (Rev1, Built by MSYS2 project)
  configuration: --enable-gpl --enable-version3 --enable-static --disable-w32threads --disable-autodetect --enable-fontconfig --enable-iconv --enable-gnutls --enable-libxml2 --enable-gmp --enable-bzlib --enable-lzma --enable-zlib --enable-libsrt --enable-libssh --enable-libzmq --enable-avisynth --enable-sdl2 --enable-libwebp --enable-libx264 --enable-libx265 --enable-libxvid --enable-libaom --enable-libopenjpeg --enable-libvpx --enable-mediafoundation --enable-libass --enable-libfreetype --enable-libfribidi --enable-libharfbuzz --enable-libvidstab --enable-libvmaf --enable-libzimg --enable-amf --enable-cuda-llvm --enable-cuvid --enable-dxva2 --enable-d3d11va --enable-d3d12va --enable-ffnvcodec --enable-libvpl --enable-nvdec --enable-nvenc --enable-vaapi --enable-libgme --enable-libopenmpt --enable-libopencore-amrwb --enable-libmp3lame --enable-libtheora --enable-libvo-amrwbenc --enable-libgsm --enable-libopencore-amrnb --enable-libopus --enable-libspeex --enable-libvorbis --enable-librubberband
  libavutil      59. 39.100 / 59. 39.100
  libavcodec     61. 19.101 / 61. 19.101
  libavformat    61.  7.100 / 61.  7.100
  libavdevice    61.  3.100 / 61.  3.100
  libavfilter    10.  4.100 / 10.  4.100
  libswscale      8.  3.100 /  8.  3.100
  libswresample   5.  3.100 /  5.  3.100
  libpostproc    58.  3.100 / 58.  3.100
Input #0, matroska,webm, from 'D:\Users\Videos\测试\SampleVideo_1280x720_2mb.mkv':
  Metadata:
    ENCODER         : Lavf53.24.2
  Duration: 00:00:10.65, bitrate: 1575 kb/s
  Stream #0:0: Video: mpeg4 (Simple Profile), yuv420p, 1280x720 [SAR 1:1 DAR 16:9], 25 fps, 25 tbr, 1k tbn (default)
  Stream #0:1: Audio: aac (LC), 48000 Hz, 5.1, fltp (default)
Stream mapping:
  Stream #0:0 -> #0:0 (mpeg4 (native) -> mjpeg (native))
Press [q] to stop, [?] for help
[vf#0:0 @ 0000000002b49500] No filtered frames for output stream, trying to initialize anyway.
[mjpeg @ 0000000002b43100] Non full-range YUV is non-standard, set strict_std_compliance to at most unofficial to use it.
[vost#0:0/mjpeg @ 0000000002b42e80] Error while opening encoder - maybe incorrect parameters such as bit_rate, rate, width or height.
[vf#0:0 @ 0000000002b1d580] Task finished with error code: -22 (Invalid argument)
[vf#0:0 @ 0000000002b1d580] Terminating thread with return code -22 (Invalid argument)
[vost#0:0/mjpeg @ 0000000002b42e80] Could not open encoder before EOF
[vost#0:0/mjpeg @ 0000000002b42e80] Task finished with error code: -22 (Invalid argument)
[vost#0:0/mjpeg @ 0000000002b42e80] Terminating thread with return code -22 (Invalid argument)
[out#0/image2 @ 0000000002870440] Nothing was written into output file, because at least one of its streams received no packets.
frame=    0 fps=0.0 q=0.0 Lsize=       0KiB time=N/A bitrate=N/A speed=N/A    
Conversion failed!

2025-05-26T03:18:03.874Z [ERROR] STDERR: ffmpeg version 7.1.1-essentials_build-www.gyan.dev Copyright (c) 2000-2025 the FFmpeg developers
  built with gcc 14.2.0 (Rev1, Built by MSYS2 project)
  configuration: --enable-gpl --enable-version3 --enable-static --disable-w32threads --disable-autodetect --enable-fontconfig --enable-iconv --enable-gnutls --enable-libxml2 --enable-gmp --enable-bzlib --enable-lzma --enable-zlib --enable-libsrt --enable-libssh --enable-libzmq --enable-avisynth --enable-sdl2 --enable-libwebp --enable-libx264 --enable-libx265 --enable-libxvid --enable-libaom --enable-libopenjpeg --enable-libvpx --enable-mediafoundation --enable-libass --enable-libfreetype --enable-libfribidi --enable-libharfbuzz --enable-libvidstab --enable-libvmaf --enable-libzimg --enable-amf --enable-cuda-llvm --enable-cuvid --enable-dxva2 --enable-d3d11va --enable-d3d12va --enable-ffnvcodec --enable-libvpl --enable-nvdec --enable-nvenc --enable-vaapi --enable-libgme --enable-libopenmpt --enable-libopencore-amrwb --enable-libmp3lame --enable-libtheora --enable-libvo-amrwbenc --enable-libgsm --enable-libopencore-amrnb --enable-libopus --enable-libspeex --enable-libvorbis --enable-librubberband
  libavutil      59. 39.100 / 59. 39.100
  libavcodec     61. 19.101 / 61. 19.101
  libavformat    61.  7.100 / 61.  7.100
  libavdevice    61.  3.100 / 61.  3.100
  libavfilter    10.  4.100 / 10.  4.100
  libswscale      8.  3.100 /  8.  3.100
  libswresample   5.  3.100 /  5.  3.100
  libpostproc    58.  3.100 / 58.  3.100
Input #0, matroska,webm, from 'D:\Users\Videos\测试\SampleVideo_1280x720_2mb.mkv':
  Metadata:
    ENCODER         : Lavf53.24.2
  Duration: 00:00:10.65, bitrate: 1575 kb/s
  Stream #0:0: Video: mpeg4 (Simple Profile), yuv420p, 1280x720 [SAR 1:1 DAR 16:9], 25 fps, 25 tbr, 1k tbn (default)
  Stream #0:1: Audio: aac (LC), 48000 Hz, 5.1, fltp (default)
Stream mapping:
  Stream #0:0 -> #0:0 (mpeg4 (native) -> mjpeg (native))
Press [q] to stop, [?] for help
[vf#0:0 @ 0000000002b49500] No filtered frames for output stream, trying to initialize anyway.
[mjpeg @ 0000000002b43100] Non full-range YUV is non-standard, set strict_std_compliance to at most unofficial to use it.
[vost#0:0/mjpeg @ 0000000002b42e80] Error while opening encoder - maybe incorrect parameters such as bit_rate, rate, width or height.
[vf#0:0 @ 0000000002b1d580] Task finished with error code: -22 (Invalid argument)
[vf#0:0 @ 0000000002b1d580] Terminating thread with return code -22 (Invalid argument)
[vost#0:0/mjpeg @ 0000000002b42e80] Could not open encoder before EOF
[vost#0:0/mjpeg @ 0000000002b42e80] Task finished with error code: -22 (Invalid argument)
[vost#0:0/mjpeg @ 0000000002b42e80] Terminating thread with return code -22 (Invalid argument)
[out#0/image2 @ 0000000002870440] Nothing was written into output file, because at least one of its streams received no packets.
frame=    0 fps=0.0 q=0.0 Lsize=       0KiB time=N/A bitrate=N/A speed=N/A    
Conversion failed!

2025-05-26T03:18:03.876Z [ERROR] 直接ffmpeg命令生成缩略图失败: Command failed: D:\code\cursor\looklook\node_modules\ffmpeg-static\ffmpeg.exe -ss 00:00:30 -i D:\Users\Videos\测试\SampleVideo_1280x720_2mb.mkv -vframes 1 -s 320x180 -y D:\code\cursor\looklook\userdata\thumbnails\1748229483744-RDpcVXNl.jpg
ffmpeg version 7.1.1-essentials_build-www.gyan.dev Copyright (c) 2000-2025 the FFmpeg developers
  built with gcc 14.2.0 (Rev1, Built by MSYS2 project)
  configuration: --enable-gpl --enable-version3 --enable-static --disable-w32threads --disable-autodetect --enable-fontconfig --enable-iconv --enable-gnutls --enable-libxml2 --enable-gmp --enable-bzlib --enable-lzma --enable-zlib --enable-libsrt --enable-libssh --enable-libzmq --enable-avisynth --enable-sdl2 --enable-libwebp --enable-libx264 --enable-libx265 --enable-libxvid --enable-libaom --enable-libopenjpeg --enable-libvpx --enable-mediafoundation --enable-libass --enable-libfreetype --enable-libfribidi --enable-libharfbuzz --enable-libvidstab --enable-libvmaf --enable-libzimg --enable-amf --enable-cuda-llvm --enable-cuvid --enable-dxva2 --enable-d3d11va --enable-d3d12va --enable-ffnvcodec --enable-libvpl --enable-nvdec --enable-nvenc --enable-vaapi --enable-libgme --enable-libopenmpt --enable-libopencore-amrwb --enable-libmp3lame --enable-libtheora --enable-libvo-amrwbenc --enable-libgsm --enable-libopencore-amrnb --enable-libopus --enable-libspeex --enable-libvorbis --enable-librubberband
  libavutil      59. 39.100 / 59. 39.100
  libavcodec     61. 19.101 / 61. 19.101
  libavformat    61.  7.100 / 61.  7.100
  libavdevice    61.  3.100 / 61.  3.100
  libavfilter    10.  4.100 / 10.  4.100
  libswscale      8.  3.100 /  8.  3.100
  libswresample   5.  3.100 /  5.  3.100
  libpostproc    58.  3.100 / 58.  3.100
Input #0, matroska,webm, from 'D:\Users\Videos\测试\SampleVideo_1280x720_2mb.mkv':
  Metadata:
    ENCODER         : Lavf53.24.2
  Duration: 00:00:10.65, bitrate: 1575 kb/s
  Stream #0:0: Video: mpeg4 (Simple Profile), yuv420p, 1280x720 [SAR 1:1 DAR 16:9], 25 fps, 25 tbr, 1k tbn (default)
  Stream #0:1: Audio: aac (LC), 48000 Hz, 5.1, fltp (default)
Stream mapping:
  Stream #0:0 -> #0:0 (mpeg4 (native) -> mjpeg (native))
Press [q] to stop, [?] for help
[vf#0:0 @ 0000000002b49500] No filtered frames for output stream, trying to initialize anyway.
[mjpeg @ 0000000002b43100] Non full-range YUV is non-standard, set strict_std_compliance to at most unofficial to use it.
[vost#0:0/mjpeg @ 0000000002b42e80] Error while opening encoder - maybe incorrect parameters such as bit_rate, rate, width or height.
[vf#0:0 @ 0000000002b1d580] Task finished with error code: -22 (Invalid argument)
[vf#0:0 @ 0000000002b1d580] Terminating thread with return code -22 (Invalid argument)
[vost#0:0/mjpeg @ 0000000002b42e80] Could not open encoder before EOF
[vost#0:0/mjpeg @ 0000000002b42e80] Task finished with error code: -22 (Invalid argument)
[vost#0:0/mjpeg @ 0000000002b42e80] Terminating thread with return code -22 (Invalid argument)
[out#0/image2 @ 0000000002870440] Nothing was written into output file, because at least one of its streams received no packets.
frame=    0 fps=0.0 q=0.0 Lsize=       0KiB time=N/A bitrate=N/A speed=N/A    
Conversion failed!

2025-05-26T03:18:03.877Z [LOG] 尝试使用直接命令行方式生成缩略图
2025-05-26T03:18:03.877Z [LOG] 直接获取视频时长（秒数）
2025-05-26T03:18:03.877Z [PATH] 尝试获取FFprobe路径
2025-05-26T03:18:03.878Z [LOG] 使用配置的FFprobe路径: D:\code\cursor\looklook\node_modules\ffprobe-static\bin\win32\x64\ffprobe.exe
2025-05-26T03:18:03.878Z [PATH] 使用配置的FFprobe路径: D:\code\cursor\looklook\node_modules\ffprobe-static\bin\win32\x64\ffprobe.exe
2025-05-26T03:18:03.878Z [LOG] 在开发环境中使用ffprobe路径: D:\code\cursor\looklook\node_modules\ffprobe-static\bin\win32\x64\ffprobe.exe
2025-05-26T03:18:03.879Z [LOG] 执行命令: D:\code\cursor\looklook\node_modules\ffprobe-static\bin\win32\x64\ffprobe.exe -v error -show_entries format=duration -of default=noprint_wrappers=1:nokey=1 D:\Users\Videos\测试\SampleVideo_1280x720_2mb.mkv
2025-05-26T03:18:03.942Z [LOG] 时长命令输出: 10.650000
2025-05-26T03:18:03.942Z [LOG] 成功获取视频时长: 10.65 秒
2025-05-26T03:18:03.943Z [LOG] 获取到视频时长: 10.65 秒, 准备截取缩略图
2025-05-26T03:18:03.943Z [LOG] 将在视频的 2 秒处截取缩略图 (随机生成)
2025-05-26T03:18:03.943Z [PATH] 尝试获取FFmpeg路径
2025-05-26T03:18:03.944Z [LOG] 使用配置的FFmpeg路径: D:\code\cursor\looklook\node_modules\ffmpeg-static\ffmpeg.exe
2025-05-26T03:18:03.944Z [PATH] 使用配置的FFmpeg路径: D:\code\cursor\looklook\node_modules\ffmpeg-static\ffmpeg.exe
2025-05-26T03:18:03.945Z [LOG] 执行命令: D:\code\cursor\looklook\node_modules\ffmpeg-static\ffmpeg.exe -i D:\Users\Videos\测试\SampleVideo_1280x720_2mb.mkv -ss 2 -vframes 1 -s 320x180 -y D:\code\cursor\looklook\userdata\thumbnails\1748229483744-RDpcVXNl.jpg
2025-05-26T03:18:04.055Z [LOG] 命令行方式成功生成缩略图: D:\code\cursor\looklook\userdata\thumbnails\1748229483744-RDpcVXNl.jpg
2025-05-26T03:18:04.055Z [LOG] 通过多步骤方法成功生成缩略图
2025-05-26T03:18:04.055Z [LOG] 设置已加载
2025-05-26T03:18:04.056Z [LOG] 获取视频分辨率: D:\Users\Videos\测试\SampleVideo_1280x720_2mb.mp4
2025-05-26T03:18:04.056Z [MAIN] 开始获取视频分辨率: D:\Users\Videos\测试\SampleVideo_1280x720_2mb.mp4
2025-05-26T03:18:04.056Z [LOG] 直接获取视频分辨率
2025-05-26T03:18:04.056Z [RESOLUTION] 开始获取视频分辨率: D:\Users\Videos\测试\SampleVideo_1280x720_2mb.mp4
2025-05-26T03:18:04.056Z [PATH] 尝试获取FFprobe路径
2025-05-26T03:18:04.056Z [LOG] 使用配置的FFprobe路径: D:\code\cursor\looklook\node_modules\ffprobe-static\bin\win32\x64\ffprobe.exe
2025-05-26T03:18:04.056Z [PATH] 使用配置的FFprobe路径: D:\code\cursor\looklook\node_modules\ffprobe-static\bin\win32\x64\ffprobe.exe
2025-05-26T03:18:04.056Z [RESOLUTION] 在开发环境中使用ffprobe路径: D:\code\cursor\looklook\node_modules\ffprobe-static\bin\win32\x64\ffprobe.exe
2025-05-26T03:18:04.057Z [RESOLUTION] 检查ffprobe可执行文件是否存在: true
2025-05-26T03:18:04.057Z [LOG] 执行命令: "D:\code\cursor\looklook\node_modules\ffprobe-static\bin\win32\x64\ffprobe.exe" -v error -select_streams v:0 -show_entries stream=width,height -of csv=s=x:p=0 "D:\Users\Videos\测试\SampleVideo_1280x720_2mb.mp4"
2025-05-26T03:18:04.057Z [RESOLUTION] 开始执行命令获取分辨率: "D:\code\cursor\looklook\node_modules\ffprobe-static\bin\win32\x64\ffprobe.exe" -v error -select_streams v:0 -show_entries stream=width,height -of csv=s=x:p=0 "D:\Users\Videos\测试\SampleVideo_1280x720_2mb.mp4"
2025-05-26T03:18:04.128Z [RESOLUTION] 命令输出: "1280x720"
2025-05-26T03:18:04.128Z [LOG] 成功解析分辨率: 1280×720
2025-05-26T03:18:04.128Z [RESOLUTION] 成功解析分辨率: 1280×720
2025-05-26T03:18:04.129Z [LOG] 获取视频时长: D:\Users\Videos\测试\SampleVideo_1280x720_2mb.mp4
2025-05-26T03:18:04.129Z [MAIN] 开始获取视频时长: D:\Users\Videos\测试\SampleVideo_1280x720_2mb.mp4
2025-05-26T03:18:04.129Z [LOG] 直接获取视频时长
2025-05-26T03:18:04.129Z [DURATION] 开始获取视频时长: D:\Users\Videos\测试\SampleVideo_1280x720_2mb.mp4
2025-05-26T03:18:04.129Z [PATH] 尝试获取FFprobe路径
2025-05-26T03:18:04.129Z [LOG] 使用配置的FFprobe路径: D:\code\cursor\looklook\node_modules\ffprobe-static\bin\win32\x64\ffprobe.exe
2025-05-26T03:18:04.130Z [PATH] 使用配置的FFprobe路径: D:\code\cursor\looklook\node_modules\ffprobe-static\bin\win32\x64\ffprobe.exe
2025-05-26T03:18:04.130Z [DURATION] 在开发环境中使用ffprobe路径: D:\code\cursor\looklook\node_modules\ffprobe-static\bin\win32\x64\ffprobe.exe
2025-05-26T03:18:04.130Z [DURATION] 检查ffprobe可执行文件是否存在: true
2025-05-26T03:18:04.130Z [LOG] 执行命令: "D:\code\cursor\looklook\node_modules\ffprobe-static\bin\win32\x64\ffprobe.exe" -v error -show_entries format=duration -of default=noprint_wrappers=1:nokey=1 "D:\Users\Videos\测试\SampleVideo_1280x720_2mb.mp4"
2025-05-26T03:18:04.130Z [DURATION] 开始执行命令获取时长: "D:\code\cursor\looklook\node_modules\ffprobe-static\bin\win32\x64\ffprobe.exe" -v error -show_entries format=duration -of default=noprint_wrappers=1:nokey=1 "D:\Users\Videos\测试\SampleVideo_1280x720_2mb.mp4"
2025-05-26T03:18:04.198Z [DURATION] 命令输出: "13.504000"
2025-05-26T03:18:04.198Z [LOG] 成功解析时长: 00:00:13
2025-05-26T03:18:04.198Z [DURATION] 成功解析时长: 00:00:13
2025-05-26T03:18:04.199Z [LOG] 开始生成缩略图，视频路径: D:\Users\Videos\测试\SampleVideo_1280x720_2mb.mp4
2025-05-26T03:18:04.199Z [LOG] 缩略图输出路径: D:\code\cursor\looklook\userdata\thumbnails\1748229485034-RDpcVXNl.jpg
2025-05-26T03:18:04.199Z [LOG] 生成随机时间点: 00:00:26
2025-05-26T03:18:04.200Z [LOG] 使用直接命令行ffmpeg生成缩略图
2025-05-26T03:18:04.200Z [PATH] 尝试获取FFmpeg路径
2025-05-26T03:18:04.200Z [LOG] 使用配置的FFmpeg路径: D:\code\cursor\looklook\node_modules\ffmpeg-static\ffmpeg.exe
2025-05-26T03:18:04.200Z [PATH] 使用配置的FFmpeg路径: D:\code\cursor\looklook\node_modules\ffmpeg-static\ffmpeg.exe
2025-05-26T03:18:04.200Z [LOG] 将使用时间点 00:00:26 生成缩略图
2025-05-26T03:18:04.201Z [LOG] 执行命令: D:\code\cursor\looklook\node_modules\ffmpeg-static\ffmpeg.exe -ss 00:00:26 -i D:\Users\Videos\测试\SampleVideo_1280x720_2mb.mp4 -vframes 1 -s 320x180 -y D:\code\cursor\looklook\userdata\thumbnails\1748229485034-RDpcVXNl.jpg
2025-05-26T03:18:04.807Z [ERROR] 直接ffmpeg生成缩略图失败: Command failed: D:\code\cursor\looklook\node_modules\ffmpeg-static\ffmpeg.exe -ss 00:00:26 -i D:\Users\Videos\测试\SampleVideo_1280x720_2mb.mp4 -vframes 1 -s 320x180 -y D:\code\cursor\looklook\userdata\thumbnails\1748229485034-RDpcVXNl.jpg
ffmpeg version 7.1.1-essentials_build-www.gyan.dev Copyright (c) 2000-2025 the FFmpeg developers
  built with gcc 14.2.0 (Rev1, Built by MSYS2 project)
  configuration: --enable-gpl --enable-version3 --enable-static --disable-w32threads --disable-autodetect --enable-fontconfig --enable-iconv --enable-gnutls --enable-libxml2 --enable-gmp --enable-bzlib --enable-lzma --enable-zlib --enable-libsrt --enable-libssh --enable-libzmq --enable-avisynth --enable-sdl2 --enable-libwebp --enable-libx264 --enable-libx265 --enable-libxvid --enable-libaom --enable-libopenjpeg --enable-libvpx --enable-mediafoundation --enable-libass --enable-libfreetype --enable-libfribidi --enable-libharfbuzz --enable-libvidstab --enable-libvmaf --enable-libzimg --enable-amf --enable-cuda-llvm --enable-cuvid --enable-dxva2 --enable-d3d11va --enable-d3d12va --enable-ffnvcodec --enable-libvpl --enable-nvdec --enable-nvenc --enable-vaapi --enable-libgme --enable-libopenmpt --enable-libopencore-amrwb --enable-libmp3lame --enable-libtheora --enable-libvo-amrwbenc --enable-libgsm --enable-libopencore-amrnb --enable-libopus --enable-libspeex --enable-libvorbis --enable-librubberband
  libavutil      59. 39.100 / 59. 39.100
  libavcodec     61. 19.101 / 61. 19.101
  libavformat    61.  7.100 / 61.  7.100
  libavdevice    61.  3.100 / 61.  3.100
  libavfilter    10.  4.100 / 10.  4.100
  libswscale      8.  3.100 /  8.  3.100
  libswresample   5.  3.100 /  5.  3.100
  libpostproc    58.  3.100 / 58.  3.100
Input #0, mov,mp4,m4a,3gp,3g2,mj2, from 'D:\Users\Videos\测试\SampleVideo_1280x720_2mb.mp4':
  Metadata:
    major_brand     : isom
    minor_version   : 512
    compatible_brands: isomiso2avc1mp41
    creation_time   : 1970-01-01T00:00:00.000000Z
    encoder         : Lavf53.24.2
  Duration: 00:00:13.50, start: 0.000000, bitrate: 1248 kb/s
  Stream #0:0[0x1](und): Video: h264 (Main) (avc1 / 0x31637661), yuv420p(progressive), 1280x720 [SAR 1:1 DAR 16:9], 862 kb/s, 25 fps, 25 tbr, 12800 tbn (default)
      Metadata:
        creation_time   : 1970-01-01T00:00:00.000000Z
        handler_name    : VideoHandler
        vendor_id       : [0][0][0][0]
  Stream #0:1[0x2](und): Audio: aac (LC) (mp4a / 0x6134706D), 48000 Hz, 5.1, fltp, 381 kb/s (default)
      Metadata:
        creation_time   : 1970-01-01T00:00:00.000000Z
        handler_name    : SoundHandler
        vendor_id       : [0][0][0][0]
Stream mapping:
  Stream #0:0 -> #0:0 (h264 (native) -> mjpeg (native))
Press [q] to stop, [?] for help
[vf#0:0 @ 0000000002990540] No filtered frames for output stream, trying to initialize anyway.
[mjpeg @ 00000000026e0f00] Non full-range YUV is non-standard, set strict_std_compliance to at most unofficial to use it.
[vost#0:0/mjpeg @ 00000000026cc600] Error while opening encoder - maybe incorrect parameters such as bit_rate, rate, width or height.
[vf#0:0 @ 00000000029900c0] Task finished with error code: -22 (Invalid argument)
[vf#0:0 @ 00000000029900c0] Terminating thread with return code -22 (Invalid argument)
[vost#0:0/mjpeg @ 00000000026cc600] Could not open encoder before EOF
[vost#0:0/mjpeg @ 00000000026cc600] Task finished with error code: -22 (Invalid argument)
[vost#0:0/mjpeg @ 00000000026cc600] Terminating thread with return code -22 (Invalid argument)
[out#0/image2 @ 00000000026d6fc0] Nothing was written into output file, because at least one of its streams received no packets.
frame=    0 fps=0.0 q=0.0 Lsize=       0KiB time=N/A bitrate=N/A speed=N/A    
Conversion failed!

2025-05-26T03:18:04.811Z [ERROR] STDERR: ffmpeg version 7.1.1-essentials_build-www.gyan.dev Copyright (c) 2000-2025 the FFmpeg developers
  built with gcc 14.2.0 (Rev1, Built by MSYS2 project)
  configuration: --enable-gpl --enable-version3 --enable-static --disable-w32threads --disable-autodetect --enable-fontconfig --enable-iconv --enable-gnutls --enable-libxml2 --enable-gmp --enable-bzlib --enable-lzma --enable-zlib --enable-libsrt --enable-libssh --enable-libzmq --enable-avisynth --enable-sdl2 --enable-libwebp --enable-libx264 --enable-libx265 --enable-libxvid --enable-libaom --enable-libopenjpeg --enable-libvpx --enable-mediafoundation --enable-libass --enable-libfreetype --enable-libfribidi --enable-libharfbuzz --enable-libvidstab --enable-libvmaf --enable-libzimg --enable-amf --enable-cuda-llvm --enable-cuvid --enable-dxva2 --enable-d3d11va --enable-d3d12va --enable-ffnvcodec --enable-libvpl --enable-nvdec --enable-nvenc --enable-vaapi --enable-libgme --enable-libopenmpt --enable-libopencore-amrwb --enable-libmp3lame --enable-libtheora --enable-libvo-amrwbenc --enable-libgsm --enable-libopencore-amrnb --enable-libopus --enable-libspeex --enable-libvorbis --enable-librubberband
  libavutil      59. 39.100 / 59. 39.100
  libavcodec     61. 19.101 / 61. 19.101
  libavformat    61.  7.100 / 61.  7.100
  libavdevice    61.  3.100 / 61.  3.100
  libavfilter    10.  4.100 / 10.  4.100
  libswscale      8.  3.100 /  8.  3.100
  libswresample   5.  3.100 /  5.  3.100
  libpostproc    58.  3.100 / 58.  3.100
Input #0, mov,mp4,m4a,3gp,3g2,mj2, from 'D:\Users\Videos\测试\SampleVideo_1280x720_2mb.mp4':
  Metadata:
    major_brand     : isom
    minor_version   : 512
    compatible_brands: isomiso2avc1mp41
    creation_time   : 1970-01-01T00:00:00.000000Z
    encoder         : Lavf53.24.2
  Duration: 00:00:13.50, start: 0.000000, bitrate: 1248 kb/s
  Stream #0:0[0x1](und): Video: h264 (Main) (avc1 / 0x31637661), yuv420p(progressive), 1280x720 [SAR 1:1 DAR 16:9], 862 kb/s, 25 fps, 25 tbr, 12800 tbn (default)
      Metadata:
        creation_time   : 1970-01-01T00:00:00.000000Z
        handler_name    : VideoHandler
        vendor_id       : [0][0][0][0]
  Stream #0:1[0x2](und): Audio: aac (LC) (mp4a / 0x6134706D), 48000 Hz, 5.1, fltp, 381 kb/s (default)
      Metadata:
        creation_time   : 1970-01-01T00:00:00.000000Z
        handler_name    : SoundHandler
        vendor_id       : [0][0][0][0]
Stream mapping:
  Stream #0:0 -> #0:0 (h264 (native) -> mjpeg (native))
Press [q] to stop, [?] for help
[vf#0:0 @ 0000000002990540] No filtered frames for output stream, trying to initialize anyway.
[mjpeg @ 00000000026e0f00] Non full-range YUV is non-standard, set strict_std_compliance to at most unofficial to use it.
[vost#0:0/mjpeg @ 00000000026cc600] Error while opening encoder - maybe incorrect parameters such as bit_rate, rate, width or height.
[vf#0:0 @ 00000000029900c0] Task finished with error code: -22 (Invalid argument)
[vf#0:0 @ 00000000029900c0] Terminating thread with return code -22 (Invalid argument)
[vost#0:0/mjpeg @ 00000000026cc600] Could not open encoder before EOF
[vost#0:0/mjpeg @ 00000000026cc600] Task finished with error code: -22 (Invalid argument)
[vost#0:0/mjpeg @ 00000000026cc600] Terminating thread with return code -22 (Invalid argument)
[out#0/image2 @ 00000000026d6fc0] Nothing was written into output file, because at least one of its streams received no packets.
frame=    0 fps=0.0 q=0.0 Lsize=       0KiB time=N/A bitrate=N/A speed=N/A    
Conversion failed!

2025-05-26T03:18:04.814Z [ERROR] 直接ffmpeg命令生成缩略图失败: Command failed: D:\code\cursor\looklook\node_modules\ffmpeg-static\ffmpeg.exe -ss 00:00:26 -i D:\Users\Videos\测试\SampleVideo_1280x720_2mb.mp4 -vframes 1 -s 320x180 -y D:\code\cursor\looklook\userdata\thumbnails\1748229485034-RDpcVXNl.jpg
ffmpeg version 7.1.1-essentials_build-www.gyan.dev Copyright (c) 2000-2025 the FFmpeg developers
  built with gcc 14.2.0 (Rev1, Built by MSYS2 project)
  configuration: --enable-gpl --enable-version3 --enable-static --disable-w32threads --disable-autodetect --enable-fontconfig --enable-iconv --enable-gnutls --enable-libxml2 --enable-gmp --enable-bzlib --enable-lzma --enable-zlib --enable-libsrt --enable-libssh --enable-libzmq --enable-avisynth --enable-sdl2 --enable-libwebp --enable-libx264 --enable-libx265 --enable-libxvid --enable-libaom --enable-libopenjpeg --enable-libvpx --enable-mediafoundation --enable-libass --enable-libfreetype --enable-libfribidi --enable-libharfbuzz --enable-libvidstab --enable-libvmaf --enable-libzimg --enable-amf --enable-cuda-llvm --enable-cuvid --enable-dxva2 --enable-d3d11va --enable-d3d12va --enable-ffnvcodec --enable-libvpl --enable-nvdec --enable-nvenc --enable-vaapi --enable-libgme --enable-libopenmpt --enable-libopencore-amrwb --enable-libmp3lame --enable-libtheora --enable-libvo-amrwbenc --enable-libgsm --enable-libopencore-amrnb --enable-libopus --enable-libspeex --enable-libvorbis --enable-librubberband
  libavutil      59. 39.100 / 59. 39.100
  libavcodec     61. 19.101 / 61. 19.101
  libavformat    61.  7.100 / 61.  7.100
  libavdevice    61.  3.100 / 61.  3.100
  libavfilter    10.  4.100 / 10.  4.100
  libswscale      8.  3.100 /  8.  3.100
  libswresample   5.  3.100 /  5.  3.100
  libpostproc    58.  3.100 / 58.  3.100
Input #0, mov,mp4,m4a,3gp,3g2,mj2, from 'D:\Users\Videos\测试\SampleVideo_1280x720_2mb.mp4':
  Metadata:
    major_brand     : isom
    minor_version   : 512
    compatible_brands: isomiso2avc1mp41
    creation_time   : 1970-01-01T00:00:00.000000Z
    encoder         : Lavf53.24.2
  Duration: 00:00:13.50, start: 0.000000, bitrate: 1248 kb/s
  Stream #0:0[0x1](und): Video: h264 (Main) (avc1 / 0x31637661), yuv420p(progressive), 1280x720 [SAR 1:1 DAR 16:9], 862 kb/s, 25 fps, 25 tbr, 12800 tbn (default)
      Metadata:
        creation_time   : 1970-01-01T00:00:00.000000Z
        handler_name    : VideoHandler
        vendor_id       : [0][0][0][0]
  Stream #0:1[0x2](und): Audio: aac (LC) (mp4a / 0x6134706D), 48000 Hz, 5.1, fltp, 381 kb/s (default)
      Metadata:
        creation_time   : 1970-01-01T00:00:00.000000Z
        handler_name    : SoundHandler
        vendor_id       : [0][0][0][0]
Stream mapping:
  Stream #0:0 -> #0:0 (h264 (native) -> mjpeg (native))
Press [q] to stop, [?] for help
[vf#0:0 @ 0000000002990540] No filtered frames for output stream, trying to initialize anyway.
[mjpeg @ 00000000026e0f00] Non full-range YUV is non-standard, set strict_std_compliance to at most unofficial to use it.
[vost#0:0/mjpeg @ 00000000026cc600] Error while opening encoder - maybe incorrect parameters such as bit_rate, rate, width or height.
[vf#0:0 @ 00000000029900c0] Task finished with error code: -22 (Invalid argument)
[vf#0:0 @ 00000000029900c0] Terminating thread with return code -22 (Invalid argument)
[vost#0:0/mjpeg @ 00000000026cc600] Could not open encoder before EOF
[vost#0:0/mjpeg @ 00000000026cc600] Task finished with error code: -22 (Invalid argument)
[vost#0:0/mjpeg @ 00000000026cc600] Terminating thread with return code -22 (Invalid argument)
[out#0/image2 @ 00000000026d6fc0] Nothing was written into output file, because at least one of its streams received no packets.
frame=    0 fps=0.0 q=0.0 Lsize=       0KiB time=N/A bitrate=N/A speed=N/A    
Conversion failed!

2025-05-26T03:18:04.815Z [LOG] 尝试使用直接命令行方式生成缩略图
2025-05-26T03:18:04.815Z [LOG] 直接获取视频时长（秒数）
2025-05-26T03:18:04.816Z [PATH] 尝试获取FFprobe路径
2025-05-26T03:18:04.816Z [LOG] 使用配置的FFprobe路径: D:\code\cursor\looklook\node_modules\ffprobe-static\bin\win32\x64\ffprobe.exe
2025-05-26T03:18:04.816Z [PATH] 使用配置的FFprobe路径: D:\code\cursor\looklook\node_modules\ffprobe-static\bin\win32\x64\ffprobe.exe
2025-05-26T03:18:04.817Z [LOG] 在开发环境中使用ffprobe路径: D:\code\cursor\looklook\node_modules\ffprobe-static\bin\win32\x64\ffprobe.exe
2025-05-26T03:18:04.817Z [LOG] 执行命令: D:\code\cursor\looklook\node_modules\ffprobe-static\bin\win32\x64\ffprobe.exe -v error -show_entries format=duration -of default=noprint_wrappers=1:nokey=1 D:\Users\Videos\测试\SampleVideo_1280x720_2mb.mp4
2025-05-26T03:18:04.880Z [LOG] 时长命令输出: 13.504000
2025-05-26T03:18:04.880Z [LOG] 成功获取视频时长: 13.504 秒
2025-05-26T03:18:04.881Z [LOG] 获取到视频时长: 13.504 秒, 准备截取缩略图
2025-05-26T03:18:04.881Z [LOG] 将在视频的 4 秒处截取缩略图 (随机生成)
2025-05-26T03:18:04.881Z [PATH] 尝试获取FFmpeg路径
2025-05-26T03:18:04.882Z [LOG] 使用配置的FFmpeg路径: D:\code\cursor\looklook\node_modules\ffmpeg-static\ffmpeg.exe
2025-05-26T03:18:04.882Z [PATH] 使用配置的FFmpeg路径: D:\code\cursor\looklook\node_modules\ffmpeg-static\ffmpeg.exe
2025-05-26T03:18:04.882Z [LOG] 执行命令: D:\code\cursor\looklook\node_modules\ffmpeg-static\ffmpeg.exe -i D:\Users\Videos\测试\SampleVideo_1280x720_2mb.mp4 -ss 4 -vframes 1 -s 320x180 -y D:\code\cursor\looklook\userdata\thumbnails\1748229485034-RDpcVXNl.jpg
2025-05-26T03:18:05.024Z [LOG] 命令行方式成功生成缩略图: D:\code\cursor\looklook\userdata\thumbnails\1748229485034-RDpcVXNl.jpg
2025-05-26T03:18:05.025Z [LOG] 通过多步骤方法成功生成缩略图
2025-05-26T03:18:05.025Z [LOG] 设置已加载
2025-05-26T03:18:05.025Z [LOG] 获取视频分辨率: D:\Users\Videos\测试\SampleVideo_1280x720_30mb.mp4
2025-05-26T03:18:05.025Z [MAIN] 开始获取视频分辨率: D:\Users\Videos\测试\SampleVideo_1280x720_30mb.mp4
2025-05-26T03:18:05.026Z [LOG] 直接获取视频分辨率
2025-05-26T03:18:05.026Z [RESOLUTION] 开始获取视频分辨率: D:\Users\Videos\测试\SampleVideo_1280x720_30mb.mp4
2025-05-26T03:18:05.026Z [PATH] 尝试获取FFprobe路径
2025-05-26T03:18:05.026Z [LOG] 使用配置的FFprobe路径: D:\code\cursor\looklook\node_modules\ffprobe-static\bin\win32\x64\ffprobe.exe
2025-05-26T03:18:05.026Z [PATH] 使用配置的FFprobe路径: D:\code\cursor\looklook\node_modules\ffprobe-static\bin\win32\x64\ffprobe.exe
2025-05-26T03:18:05.026Z [RESOLUTION] 在开发环境中使用ffprobe路径: D:\code\cursor\looklook\node_modules\ffprobe-static\bin\win32\x64\ffprobe.exe
2025-05-26T03:18:05.026Z [RESOLUTION] 检查ffprobe可执行文件是否存在: true
2025-05-26T03:18:05.026Z [LOG] 执行命令: "D:\code\cursor\looklook\node_modules\ffprobe-static\bin\win32\x64\ffprobe.exe" -v error -select_streams v:0 -show_entries stream=width,height -of csv=s=x:p=0 "D:\Users\Videos\测试\SampleVideo_1280x720_30mb.mp4"
2025-05-26T03:18:05.026Z [RESOLUTION] 开始执行命令获取分辨率: "D:\code\cursor\looklook\node_modules\ffprobe-static\bin\win32\x64\ffprobe.exe" -v error -select_streams v:0 -show_entries stream=width,height -of csv=s=x:p=0 "D:\Users\Videos\测试\SampleVideo_1280x720_30mb.mp4"
2025-05-26T03:18:05.095Z [RESOLUTION] 命令输出: "1280x720"
2025-05-26T03:18:05.096Z [LOG] 成功解析分辨率: 1280×720
2025-05-26T03:18:05.096Z [RESOLUTION] 成功解析分辨率: 1280×720
2025-05-26T03:18:05.096Z [LOG] 获取视频时长: D:\Users\Videos\测试\SampleVideo_1280x720_30mb.mp4
2025-05-26T03:18:05.096Z [MAIN] 开始获取视频时长: D:\Users\Videos\测试\SampleVideo_1280x720_30mb.mp4
2025-05-26T03:18:05.096Z [LOG] 直接获取视频时长
2025-05-26T03:18:05.096Z [DURATION] 开始获取视频时长: D:\Users\Videos\测试\SampleVideo_1280x720_30mb.mp4
2025-05-26T03:18:05.096Z [PATH] 尝试获取FFprobe路径
2025-05-26T03:18:05.097Z [LOG] 使用配置的FFprobe路径: D:\code\cursor\looklook\node_modules\ffprobe-static\bin\win32\x64\ffprobe.exe
2025-05-26T03:18:05.097Z [PATH] 使用配置的FFprobe路径: D:\code\cursor\looklook\node_modules\ffprobe-static\bin\win32\x64\ffprobe.exe
2025-05-26T03:18:05.097Z [DURATION] 在开发环境中使用ffprobe路径: D:\code\cursor\looklook\node_modules\ffprobe-static\bin\win32\x64\ffprobe.exe
2025-05-26T03:18:05.097Z [DURATION] 检查ffprobe可执行文件是否存在: true
2025-05-26T03:18:05.097Z [LOG] 执行命令: "D:\code\cursor\looklook\node_modules\ffprobe-static\bin\win32\x64\ffprobe.exe" -v error -show_entries format=duration -of default=noprint_wrappers=1:nokey=1 "D:\Users\Videos\测试\SampleVideo_1280x720_30mb.mp4"
2025-05-26T03:18:05.097Z [DURATION] 开始执行命令获取时长: "D:\code\cursor\looklook\node_modules\ffprobe-static\bin\win32\x64\ffprobe.exe" -v error -show_entries format=duration -of default=noprint_wrappers=1:nokey=1 "D:\Users\Videos\测试\SampleVideo_1280x720_30mb.mp4"
2025-05-26T03:18:05.167Z [DURATION] 命令输出: "170.859000"
2025-05-26T03:18:05.168Z [LOG] 成功解析时长: 00:02:50
2025-05-26T03:18:05.168Z [DURATION] 成功解析时长: 00:02:50
2025-05-26T03:18:05.168Z [LOG] 开始生成缩略图，视频路径: D:\Users\Videos\测试\SampleVideo_1280x720_30mb.mp4
2025-05-26T03:18:05.168Z [LOG] 缩略图输出路径: D:\code\cursor\looklook\userdata\thumbnails\1748229485691-RDpcVXNl.jpg
2025-05-26T03:18:05.169Z [LOG] 生成随机时间点: 00:00:12
2025-05-26T03:18:05.169Z [LOG] 使用直接命令行ffmpeg生成缩略图
2025-05-26T03:18:05.169Z [PATH] 尝试获取FFmpeg路径
2025-05-26T03:18:05.170Z [LOG] 使用配置的FFmpeg路径: D:\code\cursor\looklook\node_modules\ffmpeg-static\ffmpeg.exe
2025-05-26T03:18:05.170Z [PATH] 使用配置的FFmpeg路径: D:\code\cursor\looklook\node_modules\ffmpeg-static\ffmpeg.exe
2025-05-26T03:18:05.170Z [LOG] 将使用时间点 00:00:12 生成缩略图
2025-05-26T03:18:05.170Z [LOG] 执行命令: D:\code\cursor\looklook\node_modules\ffmpeg-static\ffmpeg.exe -ss 00:00:12 -i D:\Users\Videos\测试\SampleVideo_1280x720_30mb.mp4 -vframes 1 -s 320x180 -y D:\code\cursor\looklook\userdata\thumbnails\1748229485691-RDpcVXNl.jpg
2025-05-26T03:18:05.281Z [LOG] 直接ffmpeg成功生成缩略图: D:\code\cursor\looklook\userdata\thumbnails\1748229485691-RDpcVXNl.jpg
2025-05-26T03:18:05.281Z [LOG] 通过直接ffmpeg命令生成缩略图成功
2025-05-26T03:18:05.281Z [LOG] 设置已加载
2025-05-26T03:18:05.282Z [LOG] 获取视频分辨率: D:\Users\Videos\测试\SampleVideo_1280x720_5mb.flv
2025-05-26T03:18:05.282Z [MAIN] 开始获取视频分辨率: D:\Users\Videos\测试\SampleVideo_1280x720_5mb.flv
2025-05-26T03:18:05.282Z [LOG] 直接获取视频分辨率
2025-05-26T03:18:05.282Z [RESOLUTION] 开始获取视频分辨率: D:\Users\Videos\测试\SampleVideo_1280x720_5mb.flv
2025-05-26T03:18:05.282Z [PATH] 尝试获取FFprobe路径
2025-05-26T03:18:05.282Z [LOG] 使用配置的FFprobe路径: D:\code\cursor\looklook\node_modules\ffprobe-static\bin\win32\x64\ffprobe.exe
2025-05-26T03:18:05.282Z [PATH] 使用配置的FFprobe路径: D:\code\cursor\looklook\node_modules\ffprobe-static\bin\win32\x64\ffprobe.exe
2025-05-26T03:18:05.283Z [RESOLUTION] 在开发环境中使用ffprobe路径: D:\code\cursor\looklook\node_modules\ffprobe-static\bin\win32\x64\ffprobe.exe
2025-05-26T03:18:05.283Z [RESOLUTION] 检查ffprobe可执行文件是否存在: true
2025-05-26T03:18:05.283Z [LOG] 执行命令: "D:\code\cursor\looklook\node_modules\ffprobe-static\bin\win32\x64\ffprobe.exe" -v error -select_streams v:0 -show_entries stream=width,height -of csv=s=x:p=0 "D:\Users\Videos\测试\SampleVideo_1280x720_5mb.flv"
2025-05-26T03:18:05.283Z [RESOLUTION] 开始执行命令获取分辨率: "D:\code\cursor\looklook\node_modules\ffprobe-static\bin\win32\x64\ffprobe.exe" -v error -select_streams v:0 -show_entries stream=width,height -of csv=s=x:p=0 "D:\Users\Videos\测试\SampleVideo_1280x720_5mb.flv"
2025-05-26T03:18:05.344Z [RESOLUTION] 命令输出: "1280x720"
2025-05-26T03:18:05.344Z [LOG] 成功解析分辨率: 1280×720
2025-05-26T03:18:05.344Z [RESOLUTION] 成功解析分辨率: 1280×720
2025-05-26T03:18:05.345Z [LOG] 获取视频时长: D:\Users\Videos\测试\SampleVideo_1280x720_5mb.flv
2025-05-26T03:18:05.345Z [MAIN] 开始获取视频时长: D:\Users\Videos\测试\SampleVideo_1280x720_5mb.flv
2025-05-26T03:18:05.345Z [LOG] 直接获取视频时长
2025-05-26T03:18:05.345Z [DURATION] 开始获取视频时长: D:\Users\Videos\测试\SampleVideo_1280x720_5mb.flv
2025-05-26T03:18:05.345Z [PATH] 尝试获取FFprobe路径
2025-05-26T03:18:05.345Z [LOG] 使用配置的FFprobe路径: D:\code\cursor\looklook\node_modules\ffprobe-static\bin\win32\x64\ffprobe.exe
2025-05-26T03:18:05.346Z [PATH] 使用配置的FFprobe路径: D:\code\cursor\looklook\node_modules\ffprobe-static\bin\win32\x64\ffprobe.exe
2025-05-26T03:18:05.346Z [DURATION] 在开发环境中使用ffprobe路径: D:\code\cursor\looklook\node_modules\ffprobe-static\bin\win32\x64\ffprobe.exe
2025-05-26T03:18:05.346Z [DURATION] 检查ffprobe可执行文件是否存在: true
2025-05-26T03:18:05.346Z [LOG] 执行命令: "D:\code\cursor\looklook\node_modules\ffprobe-static\bin\win32\x64\ffprobe.exe" -v error -show_entries format=duration -of default=noprint_wrappers=1:nokey=1 "D:\Users\Videos\测试\SampleVideo_1280x720_5mb.flv"
2025-05-26T03:18:05.346Z [DURATION] 开始执行命令获取时长: "D:\code\cursor\looklook\node_modules\ffprobe-static\bin\win32\x64\ffprobe.exe" -v error -show_entries format=duration -of default=noprint_wrappers=1:nokey=1 "D:\Users\Videos\测试\SampleVideo_1280x720_5mb.flv"
2025-05-26T03:18:05.405Z [DURATION] 命令输出: "26.400000"
2025-05-26T03:18:05.406Z [LOG] 成功解析时长: 00:00:26
2025-05-26T03:18:05.406Z [DURATION] 成功解析时长: 00:00:26
2025-05-26T03:18:05.406Z [LOG] 开始生成缩略图，视频路径: D:\Users\Videos\测试\SampleVideo_1280x720_5mb.flv
2025-05-26T03:18:05.407Z [LOG] 缩略图输出路径: D:\code\cursor\looklook\userdata\thumbnails\1748229485926-RDpcVXNl.jpg
2025-05-26T03:18:05.407Z [LOG] 生成随机时间点: 00:00:51
2025-05-26T03:18:05.407Z [LOG] 使用直接命令行ffmpeg生成缩略图
2025-05-26T03:18:05.407Z [PATH] 尝试获取FFmpeg路径
2025-05-26T03:18:05.408Z [LOG] 使用配置的FFmpeg路径: D:\code\cursor\looklook\node_modules\ffmpeg-static\ffmpeg.exe
2025-05-26T03:18:05.408Z [PATH] 使用配置的FFmpeg路径: D:\code\cursor\looklook\node_modules\ffmpeg-static\ffmpeg.exe
2025-05-26T03:18:05.408Z [LOG] 将使用时间点 00:00:51 生成缩略图
2025-05-26T03:18:05.408Z [LOG] 执行命令: D:\code\cursor\looklook\node_modules\ffmpeg-static\ffmpeg.exe -ss 00:00:51 -i D:\Users\Videos\测试\SampleVideo_1280x720_5mb.flv -vframes 1 -s 320x180 -y D:\code\cursor\looklook\userdata\thumbnails\1748229485926-RDpcVXNl.jpg
2025-05-26T03:18:06.002Z [ERROR] 直接ffmpeg生成缩略图失败: Command failed: D:\code\cursor\looklook\node_modules\ffmpeg-static\ffmpeg.exe -ss 00:00:51 -i D:\Users\Videos\测试\SampleVideo_1280x720_5mb.flv -vframes 1 -s 320x180 -y D:\code\cursor\looklook\userdata\thumbnails\1748229485926-RDpcVXNl.jpg
ffmpeg version 7.1.1-essentials_build-www.gyan.dev Copyright (c) 2000-2025 the FFmpeg developers
  built with gcc 14.2.0 (Rev1, Built by MSYS2 project)
  configuration: --enable-gpl --enable-version3 --enable-static --disable-w32threads --disable-autodetect --enable-fontconfig --enable-iconv --enable-gnutls --enable-libxml2 --enable-gmp --enable-bzlib --enable-lzma --enable-zlib --enable-libsrt --enable-libssh --enable-libzmq --enable-avisynth --enable-sdl2 --enable-libwebp --enable-libx264 --enable-libx265 --enable-libxvid --enable-libaom --enable-libopenjpeg --enable-libvpx --enable-mediafoundation --enable-libass --enable-libfreetype --enable-libfribidi --enable-libharfbuzz --enable-libvidstab --enable-libvmaf --enable-libzimg --enable-amf --enable-cuda-llvm --enable-cuvid --enable-dxva2 --enable-d3d11va --enable-d3d12va --enable-ffnvcodec --enable-libvpl --enable-nvdec --enable-nvenc --enable-vaapi --enable-libgme --enable-libopenmpt --enable-libopencore-amrwb --enable-libmp3lame --enable-libtheora --enable-libvo-amrwbenc --enable-libgsm --enable-libopencore-amrnb --enable-libopus --enable-libspeex --enable-libvorbis --enable-librubberband
  libavutil      59. 39.100 / 59. 39.100
  libavcodec     61. 19.101 / 61. 19.101
  libavformat    61.  7.100 / 61.  7.100
  libavdevice    61.  3.100 / 61.  3.100
  libavfilter    10.  4.100 / 10.  4.100
  libswscale      8.  3.100 /  8.  3.100
  libswresample   5.  3.100 /  5.  3.100
  libpostproc    58.  3.100 / 58.  3.100
Input #0, flv, from 'D:\Users\Videos\测试\SampleVideo_1280x720_5mb.flv':
  Metadata:
    encoder         : Lavf53.24.2
  Duration: 00:00:26.40, start: 0.000000, bitrate: 1589 kb/s
  Stream #0:0: Audio: aac (LC), 48000 Hz, 5.1, fltp, 384 kb/s
  Stream #0:1: Video: flv1 (flv), yuv420p, 1280x720, 1200 kb/s, 1k fps, 25 tbr, 1k tbn
Stream mapping:
  Stream #0:1 -> #0:0 (flv1 (flv) -> mjpeg (native))
Press [q] to stop, [?] for help
[vf#0:0 @ 0000000002b65040] No filtered frames for output stream, trying to initialize anyway.
[mjpeg @ 0000000002b64780] Non full-range YUV is non-standard, set strict_std_compliance to at most unofficial to use it.
[vost#0:0/mjpeg @ 0000000002766900] Error while opening encoder - maybe incorrect parameters such as bit_rate, rate, width or height.
[vf#0:0 @ 0000000002b64cc0] Task finished with error code: -22 (Invalid argument)
[vf#0:0 @ 0000000002b64cc0] Terminating thread with return code -22 (Invalid argument)
[vost#0:0/mjpeg @ 0000000002766900] Could not open encoder before EOF
[vost#0:0/mjpeg @ 0000000002766900] Task finished with error code: -22 (Invalid argument)
[vost#0:0/mjpeg @ 0000000002766900] Terminating thread with return code -22 (Invalid argument)
[out#0/image2 @ 00000000027573c0] Nothing was written into output file, because at least one of its streams received no packets.
frame=    0 fps=0.0 q=0.0 Lsize=       0KiB time=N/A bitrate=N/A speed=N/A    
Conversion failed!

2025-05-26T03:18:06.006Z [ERROR] STDERR: ffmpeg version 7.1.1-essentials_build-www.gyan.dev Copyright (c) 2000-2025 the FFmpeg developers
  built with gcc 14.2.0 (Rev1, Built by MSYS2 project)
  configuration: --enable-gpl --enable-version3 --enable-static --disable-w32threads --disable-autodetect --enable-fontconfig --enable-iconv --enable-gnutls --enable-libxml2 --enable-gmp --enable-bzlib --enable-lzma --enable-zlib --enable-libsrt --enable-libssh --enable-libzmq --enable-avisynth --enable-sdl2 --enable-libwebp --enable-libx264 --enable-libx265 --enable-libxvid --enable-libaom --enable-libopenjpeg --enable-libvpx --enable-mediafoundation --enable-libass --enable-libfreetype --enable-libfribidi --enable-libharfbuzz --enable-libvidstab --enable-libvmaf --enable-libzimg --enable-amf --enable-cuda-llvm --enable-cuvid --enable-dxva2 --enable-d3d11va --enable-d3d12va --enable-ffnvcodec --enable-libvpl --enable-nvdec --enable-nvenc --enable-vaapi --enable-libgme --enable-libopenmpt --enable-libopencore-amrwb --enable-libmp3lame --enable-libtheora --enable-libvo-amrwbenc --enable-libgsm --enable-libopencore-amrnb --enable-libopus --enable-libspeex --enable-libvorbis --enable-librubberband
  libavutil      59. 39.100 / 59. 39.100
  libavcodec     61. 19.101 / 61. 19.101
  libavformat    61.  7.100 / 61.  7.100
  libavdevice    61.  3.100 / 61.  3.100
  libavfilter    10.  4.100 / 10.  4.100
  libswscale      8.  3.100 /  8.  3.100
  libswresample   5.  3.100 /  5.  3.100
  libpostproc    58.  3.100 / 58.  3.100
Input #0, flv, from 'D:\Users\Videos\测试\SampleVideo_1280x720_5mb.flv':
  Metadata:
    encoder         : Lavf53.24.2
  Duration: 00:00:26.40, start: 0.000000, bitrate: 1589 kb/s
  Stream #0:0: Audio: aac (LC), 48000 Hz, 5.1, fltp, 384 kb/s
  Stream #0:1: Video: flv1 (flv), yuv420p, 1280x720, 1200 kb/s, 1k fps, 25 tbr, 1k tbn
Stream mapping:
  Stream #0:1 -> #0:0 (flv1 (flv) -> mjpeg (native))
Press [q] to stop, [?] for help
[vf#0:0 @ 0000000002b65040] No filtered frames for output stream, trying to initialize anyway.
[mjpeg @ 0000000002b64780] Non full-range YUV is non-standard, set strict_std_compliance to at most unofficial to use it.
[vost#0:0/mjpeg @ 0000000002766900] Error while opening encoder - maybe incorrect parameters such as bit_rate, rate, width or height.
[vf#0:0 @ 0000000002b64cc0] Task finished with error code: -22 (Invalid argument)
[vf#0:0 @ 0000000002b64cc0] Terminating thread with return code -22 (Invalid argument)
[vost#0:0/mjpeg @ 0000000002766900] Could not open encoder before EOF
[vost#0:0/mjpeg @ 0000000002766900] Task finished with error code: -22 (Invalid argument)
[vost#0:0/mjpeg @ 0000000002766900] Terminating thread with return code -22 (Invalid argument)
[out#0/image2 @ 00000000027573c0] Nothing was written into output file, because at least one of its streams received no packets.
frame=    0 fps=0.0 q=0.0 Lsize=       0KiB time=N/A bitrate=N/A speed=N/A    
Conversion failed!

2025-05-26T03:18:06.009Z [ERROR] 直接ffmpeg命令生成缩略图失败: Command failed: D:\code\cursor\looklook\node_modules\ffmpeg-static\ffmpeg.exe -ss 00:00:51 -i D:\Users\Videos\测试\SampleVideo_1280x720_5mb.flv -vframes 1 -s 320x180 -y D:\code\cursor\looklook\userdata\thumbnails\1748229485926-RDpcVXNl.jpg
ffmpeg version 7.1.1-essentials_build-www.gyan.dev Copyright (c) 2000-2025 the FFmpeg developers
  built with gcc 14.2.0 (Rev1, Built by MSYS2 project)
  configuration: --enable-gpl --enable-version3 --enable-static --disable-w32threads --disable-autodetect --enable-fontconfig --enable-iconv --enable-gnutls --enable-libxml2 --enable-gmp --enable-bzlib --enable-lzma --enable-zlib --enable-libsrt --enable-libssh --enable-libzmq --enable-avisynth --enable-sdl2 --enable-libwebp --enable-libx264 --enable-libx265 --enable-libxvid --enable-libaom --enable-libopenjpeg --enable-libvpx --enable-mediafoundation --enable-libass --enable-libfreetype --enable-libfribidi --enable-libharfbuzz --enable-libvidstab --enable-libvmaf --enable-libzimg --enable-amf --enable-cuda-llvm --enable-cuvid --enable-dxva2 --enable-d3d11va --enable-d3d12va --enable-ffnvcodec --enable-libvpl --enable-nvdec --enable-nvenc --enable-vaapi --enable-libgme --enable-libopenmpt --enable-libopencore-amrwb --enable-libmp3lame --enable-libtheora --enable-libvo-amrwbenc --enable-libgsm --enable-libopencore-amrnb --enable-libopus --enable-libspeex --enable-libvorbis --enable-librubberband
  libavutil      59. 39.100 / 59. 39.100
  libavcodec     61. 19.101 / 61. 19.101
  libavformat    61.  7.100 / 61.  7.100
  libavdevice    61.  3.100 / 61.  3.100
  libavfilter    10.  4.100 / 10.  4.100
  libswscale      8.  3.100 /  8.  3.100
  libswresample   5.  3.100 /  5.  3.100
  libpostproc    58.  3.100 / 58.  3.100
Input #0, flv, from 'D:\Users\Videos\测试\SampleVideo_1280x720_5mb.flv':
  Metadata:
    encoder         : Lavf53.24.2
  Duration: 00:00:26.40, start: 0.000000, bitrate: 1589 kb/s
  Stream #0:0: Audio: aac (LC), 48000 Hz, 5.1, fltp, 384 kb/s
  Stream #0:1: Video: flv1 (flv), yuv420p, 1280x720, 1200 kb/s, 1k fps, 25 tbr, 1k tbn
Stream mapping:
  Stream #0:1 -> #0:0 (flv1 (flv) -> mjpeg (native))
Press [q] to stop, [?] for help
[vf#0:0 @ 0000000002b65040] No filtered frames for output stream, trying to initialize anyway.
[mjpeg @ 0000000002b64780] Non full-range YUV is non-standard, set strict_std_compliance to at most unofficial to use it.
[vost#0:0/mjpeg @ 0000000002766900] Error while opening encoder - maybe incorrect parameters such as bit_rate, rate, width or height.
[vf#0:0 @ 0000000002b64cc0] Task finished with error code: -22 (Invalid argument)
[vf#0:0 @ 0000000002b64cc0] Terminating thread with return code -22 (Invalid argument)
[vost#0:0/mjpeg @ 0000000002766900] Could not open encoder before EOF
[vost#0:0/mjpeg @ 0000000002766900] Task finished with error code: -22 (Invalid argument)
[vost#0:0/mjpeg @ 0000000002766900] Terminating thread with return code -22 (Invalid argument)
[out#0/image2 @ 00000000027573c0] Nothing was written into output file, because at least one of its streams received no packets.
frame=    0 fps=0.0 q=0.0 Lsize=       0KiB time=N/A bitrate=N/A speed=N/A    
Conversion failed!

2025-05-26T03:18:06.010Z [LOG] 尝试使用直接命令行方式生成缩略图
2025-05-26T03:18:06.010Z [LOG] 直接获取视频时长（秒数）
2025-05-26T03:18:06.010Z [PATH] 尝试获取FFprobe路径
2025-05-26T03:18:06.011Z [LOG] 使用配置的FFprobe路径: D:\code\cursor\looklook\node_modules\ffprobe-static\bin\win32\x64\ffprobe.exe
2025-05-26T03:18:06.011Z [PATH] 使用配置的FFprobe路径: D:\code\cursor\looklook\node_modules\ffprobe-static\bin\win32\x64\ffprobe.exe
2025-05-26T03:18:06.011Z [LOG] 在开发环境中使用ffprobe路径: D:\code\cursor\looklook\node_modules\ffprobe-static\bin\win32\x64\ffprobe.exe
2025-05-26T03:18:06.012Z [LOG] 执行命令: D:\code\cursor\looklook\node_modules\ffprobe-static\bin\win32\x64\ffprobe.exe -v error -show_entries format=duration -of default=noprint_wrappers=1:nokey=1 D:\Users\Videos\测试\SampleVideo_1280x720_5mb.flv
2025-05-26T03:18:06.070Z [LOG] 时长命令输出: 26.400000
2025-05-26T03:18:06.071Z [LOG] 成功获取视频时长: 26.4 秒
2025-05-26T03:18:06.071Z [LOG] 获取到视频时长: 26.4 秒, 准备截取缩略图
2025-05-26T03:18:06.071Z [LOG] 将在视频的 5 秒处截取缩略图 (随机生成)
2025-05-26T03:18:06.071Z [PATH] 尝试获取FFmpeg路径
2025-05-26T03:18:06.072Z [LOG] 使用配置的FFmpeg路径: D:\code\cursor\looklook\node_modules\ffmpeg-static\ffmpeg.exe
2025-05-26T03:18:06.072Z [PATH] 使用配置的FFmpeg路径: D:\code\cursor\looklook\node_modules\ffmpeg-static\ffmpeg.exe
2025-05-26T03:18:06.072Z [LOG] 执行命令: D:\code\cursor\looklook\node_modules\ffmpeg-static\ffmpeg.exe -i D:\Users\Videos\测试\SampleVideo_1280x720_5mb.flv -ss 5 -vframes 1 -s 320x180 -y D:\code\cursor\looklook\userdata\thumbnails\1748229485926-RDpcVXNl.jpg
2025-05-26T03:18:06.193Z [LOG] 命令行方式成功生成缩略图: D:\code\cursor\looklook\userdata\thumbnails\1748229485926-RDpcVXNl.jpg
2025-05-26T03:18:06.193Z [LOG] 通过多步骤方法成功生成缩略图
2025-05-26T03:18:06.193Z [LOG] 设置已加载
2025-05-26T03:18:06.194Z [LOG] 获取视频分辨率: D:\Users\Videos\测试\SampleVideo_1280x720_5mb.mkv
2025-05-26T03:18:06.194Z [MAIN] 开始获取视频分辨率: D:\Users\Videos\测试\SampleVideo_1280x720_5mb.mkv
2025-05-26T03:18:06.194Z [LOG] 直接获取视频分辨率
2025-05-26T03:18:06.194Z [RESOLUTION] 开始获取视频分辨率: D:\Users\Videos\测试\SampleVideo_1280x720_5mb.mkv
2025-05-26T03:18:06.194Z [PATH] 尝试获取FFprobe路径
2025-05-26T03:18:06.194Z [LOG] 使用配置的FFprobe路径: D:\code\cursor\looklook\node_modules\ffprobe-static\bin\win32\x64\ffprobe.exe
2025-05-26T03:18:06.194Z [PATH] 使用配置的FFprobe路径: D:\code\cursor\looklook\node_modules\ffprobe-static\bin\win32\x64\ffprobe.exe
2025-05-26T03:18:06.195Z [RESOLUTION] 在开发环境中使用ffprobe路径: D:\code\cursor\looklook\node_modules\ffprobe-static\bin\win32\x64\ffprobe.exe
2025-05-26T03:18:06.195Z [RESOLUTION] 检查ffprobe可执行文件是否存在: true
2025-05-26T03:18:06.195Z [LOG] 执行命令: "D:\code\cursor\looklook\node_modules\ffprobe-static\bin\win32\x64\ffprobe.exe" -v error -select_streams v:0 -show_entries stream=width,height -of csv=s=x:p=0 "D:\Users\Videos\测试\SampleVideo_1280x720_5mb.mkv"
2025-05-26T03:18:06.195Z [RESOLUTION] 开始执行命令获取分辨率: "D:\code\cursor\looklook\node_modules\ffprobe-static\bin\win32\x64\ffprobe.exe" -v error -select_streams v:0 -show_entries stream=width,height -of csv=s=x:p=0 "D:\Users\Videos\测试\SampleVideo_1280x720_5mb.mkv"
2025-05-26T03:18:06.261Z [RESOLUTION] 命令输出: "1280x720"
2025-05-26T03:18:06.261Z [LOG] 成功解析分辨率: 1280×720
2025-05-26T03:18:06.262Z [RESOLUTION] 成功解析分辨率: 1280×720
2025-05-26T03:18:06.262Z [LOG] 获取视频时长: D:\Users\Videos\测试\SampleVideo_1280x720_5mb.mkv
2025-05-26T03:18:06.262Z [MAIN] 开始获取视频时长: D:\Users\Videos\测试\SampleVideo_1280x720_5mb.mkv
2025-05-26T03:18:06.262Z [LOG] 直接获取视频时长
2025-05-26T03:18:06.262Z [DURATION] 开始获取视频时长: D:\Users\Videos\测试\SampleVideo_1280x720_5mb.mkv
2025-05-26T03:18:06.262Z [PATH] 尝试获取FFprobe路径
2025-05-26T03:18:06.263Z [LOG] 使用配置的FFprobe路径: D:\code\cursor\looklook\node_modules\ffprobe-static\bin\win32\x64\ffprobe.exe
2025-05-26T03:18:06.263Z [PATH] 使用配置的FFprobe路径: D:\code\cursor\looklook\node_modules\ffprobe-static\bin\win32\x64\ffprobe.exe
2025-05-26T03:18:06.263Z [DURATION] 在开发环境中使用ffprobe路径: D:\code\cursor\looklook\node_modules\ffprobe-static\bin\win32\x64\ffprobe.exe
2025-05-26T03:18:06.263Z [DURATION] 检查ffprobe可执行文件是否存在: true
2025-05-26T03:18:06.263Z [LOG] 执行命令: "D:\code\cursor\looklook\node_modules\ffprobe-static\bin\win32\x64\ffprobe.exe" -v error -show_entries format=duration -of default=noprint_wrappers=1:nokey=1 "D:\Users\Videos\测试\SampleVideo_1280x720_5mb.mkv"
2025-05-26T03:18:06.263Z [DURATION] 开始执行命令获取时长: "D:\code\cursor\looklook\node_modules\ffprobe-static\bin\win32\x64\ffprobe.exe" -v error -show_entries format=duration -of default=noprint_wrappers=1:nokey=1 "D:\Users\Videos\测试\SampleVideo_1280x720_5mb.mkv"
2025-05-26T03:18:06.328Z [DURATION] 命令输出: "26.330000"
2025-05-26T03:18:06.328Z [LOG] 成功解析时长: 00:00:26
2025-05-26T03:18:06.328Z [DURATION] 成功解析时长: 00:00:26
2025-05-26T03:18:06.329Z [LOG] 开始生成缩略图，视频路径: D:\Users\Videos\测试\SampleVideo_1280x720_5mb.mkv
2025-05-26T03:18:06.329Z [LOG] 缩略图输出路径: D:\code\cursor\looklook\userdata\thumbnails\1748229486700-RDpcVXNl.jpg
2025-05-26T03:18:06.330Z [LOG] 生成随机时间点: 00:00:46
2025-05-26T03:18:06.330Z [LOG] 使用直接命令行ffmpeg生成缩略图
2025-05-26T03:18:06.331Z [PATH] 尝试获取FFmpeg路径
2025-05-26T03:18:06.331Z [LOG] 使用配置的FFmpeg路径: D:\code\cursor\looklook\node_modules\ffmpeg-static\ffmpeg.exe
2025-05-26T03:18:06.331Z [PATH] 使用配置的FFmpeg路径: D:\code\cursor\looklook\node_modules\ffmpeg-static\ffmpeg.exe
2025-05-26T03:18:06.331Z [LOG] 将使用时间点 00:00:46 生成缩略图
2025-05-26T03:18:06.332Z [LOG] 执行命令: D:\code\cursor\looklook\node_modules\ffmpeg-static\ffmpeg.exe -ss 00:00:46 -i D:\Users\Videos\测试\SampleVideo_1280x720_5mb.mkv -vframes 1 -s 320x180 -y D:\code\cursor\looklook\userdata\thumbnails\1748229486700-RDpcVXNl.jpg
2025-05-26T03:18:06.922Z [ERROR] 直接ffmpeg生成缩略图失败: Command failed: D:\code\cursor\looklook\node_modules\ffmpeg-static\ffmpeg.exe -ss 00:00:46 -i D:\Users\Videos\测试\SampleVideo_1280x720_5mb.mkv -vframes 1 -s 320x180 -y D:\code\cursor\looklook\userdata\thumbnails\1748229486700-RDpcVXNl.jpg
ffmpeg version 7.1.1-essentials_build-www.gyan.dev Copyright (c) 2000-2025 the FFmpeg developers
  built with gcc 14.2.0 (Rev1, Built by MSYS2 project)
  configuration: --enable-gpl --enable-version3 --enable-static --disable-w32threads --disable-autodetect --enable-fontconfig --enable-iconv --enable-gnutls --enable-libxml2 --enable-gmp --enable-bzlib --enable-lzma --enable-zlib --enable-libsrt --enable-libssh --enable-libzmq --enable-avisynth --enable-sdl2 --enable-libwebp --enable-libx264 --enable-libx265 --enable-libxvid --enable-libaom --enable-libopenjpeg --enable-libvpx --enable-mediafoundation --enable-libass --enable-libfreetype --enable-libfribidi --enable-libharfbuzz --enable-libvidstab --enable-libvmaf --enable-libzimg --enable-amf --enable-cuda-llvm --enable-cuvid --enable-dxva2 --enable-d3d11va --enable-d3d12va --enable-ffnvcodec --enable-libvpl --enable-nvdec --enable-nvenc --enable-vaapi --enable-libgme --enable-libopenmpt --enable-libopencore-amrwb --enable-libmp3lame --enable-libtheora --enable-libvo-amrwbenc --enable-libgsm --enable-libopencore-amrnb --enable-libopus --enable-libspeex --enable-libvorbis --enable-librubberband
  libavutil      59. 39.100 / 59. 39.100
  libavcodec     61. 19.101 / 61. 19.101
  libavformat    61.  7.100 / 61.  7.100
  libavdevice    61.  3.100 / 61.  3.100
  libavfilter    10.  4.100 / 10.  4.100
  libswscale      8.  3.100 /  8.  3.100
  libswresample   5.  3.100 /  5.  3.100
  libpostproc    58.  3.100 / 58.  3.100
Input #0, matroska,webm, from 'D:\Users\Videos\测试\SampleVideo_1280x720_5mb.mkv':
  Metadata:
    ENCODER         : Lavf53.24.2
  Duration: 00:00:26.33, bitrate: 1594 kb/s
  Stream #0:0: Video: mpeg4 (Simple Profile), yuv420p, 1280x720 [SAR 1:1 DAR 16:9], 25 fps, 25 tbr, 1k tbn (default)
  Stream #0:1: Audio: aac (LC), 48000 Hz, 5.1, fltp (default)
Stream mapping:
  Stream #0:0 -> #0:0 (mpeg4 (native) -> mjpeg (native))
Press [q] to stop, [?] for help
[vf#0:0 @ 000000000264b880] No filtered frames for output stream, trying to initialize anyway.
[mjpeg @ 00000000029e3640] Non full-range YUV is non-standard, set strict_std_compliance to at most unofficial to use it.
[vost#0:0/mjpeg @ 00000000029e3240] Error while opening encoder - maybe incorrect parameters such as bit_rate, rate, width or height.
[vf#0:0 @ 00000000029e3d80] Task finished with error code: -22 (Invalid argument)
[vf#0:0 @ 00000000029e3d80] Terminating thread with return code -22 (Invalid argument)
[vost#0:0/mjpeg @ 00000000029e3240] Could not open encoder before EOF
[vost#0:0/mjpeg @ 00000000029e3240] Task finished with error code: -22 (Invalid argument)
[vost#0:0/mjpeg @ 00000000029e3240] Terminating thread with return code -22 (Invalid argument)
[out#0/image2 @ 0000000002710980] Nothing was written into output file, because at least one of its streams received no packets.
frame=    0 fps=0.0 q=0.0 Lsize=       0KiB time=N/A bitrate=N/A speed=N/A    
Conversion failed!

2025-05-26T03:18:06.925Z [ERROR] STDERR: ffmpeg version 7.1.1-essentials_build-www.gyan.dev Copyright (c) 2000-2025 the FFmpeg developers
  built with gcc 14.2.0 (Rev1, Built by MSYS2 project)
  configuration: --enable-gpl --enable-version3 --enable-static --disable-w32threads --disable-autodetect --enable-fontconfig --enable-iconv --enable-gnutls --enable-libxml2 --enable-gmp --enable-bzlib --enable-lzma --enable-zlib --enable-libsrt --enable-libssh --enable-libzmq --enable-avisynth --enable-sdl2 --enable-libwebp --enable-libx264 --enable-libx265 --enable-libxvid --enable-libaom --enable-libopenjpeg --enable-libvpx --enable-mediafoundation --enable-libass --enable-libfreetype --enable-libfribidi --enable-libharfbuzz --enable-libvidstab --enable-libvmaf --enable-libzimg --enable-amf --enable-cuda-llvm --enable-cuvid --enable-dxva2 --enable-d3d11va --enable-d3d12va --enable-ffnvcodec --enable-libvpl --enable-nvdec --enable-nvenc --enable-vaapi --enable-libgme --enable-libopenmpt --enable-libopencore-amrwb --enable-libmp3lame --enable-libtheora --enable-libvo-amrwbenc --enable-libgsm --enable-libopencore-amrnb --enable-libopus --enable-libspeex --enable-libvorbis --enable-librubberband
  libavutil      59. 39.100 / 59. 39.100
  libavcodec     61. 19.101 / 61. 19.101
  libavformat    61.  7.100 / 61.  7.100
  libavdevice    61.  3.100 / 61.  3.100
  libavfilter    10.  4.100 / 10.  4.100
  libswscale      8.  3.100 /  8.  3.100
  libswresample   5.  3.100 /  5.  3.100
  libpostproc    58.  3.100 / 58.  3.100
Input #0, matroska,webm, from 'D:\Users\Videos\测试\SampleVideo_1280x720_5mb.mkv':
  Metadata:
    ENCODER         : Lavf53.24.2
  Duration: 00:00:26.33, bitrate: 1594 kb/s
  Stream #0:0: Video: mpeg4 (Simple Profile), yuv420p, 1280x720 [SAR 1:1 DAR 16:9], 25 fps, 25 tbr, 1k tbn (default)
  Stream #0:1: Audio: aac (LC), 48000 Hz, 5.1, fltp (default)
Stream mapping:
  Stream #0:0 -> #0:0 (mpeg4 (native) -> mjpeg (native))
Press [q] to stop, [?] for help
[vf#0:0 @ 000000000264b880] No filtered frames for output stream, trying to initialize anyway.
[mjpeg @ 00000000029e3640] Non full-range YUV is non-standard, set strict_std_compliance to at most unofficial to use it.
[vost#0:0/mjpeg @ 00000000029e3240] Error while opening encoder - maybe incorrect parameters such as bit_rate, rate, width or height.
[vf#0:0 @ 00000000029e3d80] Task finished with error code: -22 (Invalid argument)
[vf#0:0 @ 00000000029e3d80] Terminating thread with return code -22 (Invalid argument)
[vost#0:0/mjpeg @ 00000000029e3240] Could not open encoder before EOF
[vost#0:0/mjpeg @ 00000000029e3240] Task finished with error code: -22 (Invalid argument)
[vost#0:0/mjpeg @ 00000000029e3240] Terminating thread with return code -22 (Invalid argument)
[out#0/image2 @ 0000000002710980] Nothing was written into output file, because at least one of its streams received no packets.
frame=    0 fps=0.0 q=0.0 Lsize=       0KiB time=N/A bitrate=N/A speed=N/A    
Conversion failed!

2025-05-26T03:18:06.928Z [ERROR] 直接ffmpeg命令生成缩略图失败: Command failed: D:\code\cursor\looklook\node_modules\ffmpeg-static\ffmpeg.exe -ss 00:00:46 -i D:\Users\Videos\测试\SampleVideo_1280x720_5mb.mkv -vframes 1 -s 320x180 -y D:\code\cursor\looklook\userdata\thumbnails\1748229486700-RDpcVXNl.jpg
ffmpeg version 7.1.1-essentials_build-www.gyan.dev Copyright (c) 2000-2025 the FFmpeg developers
  built with gcc 14.2.0 (Rev1, Built by MSYS2 project)
  configuration: --enable-gpl --enable-version3 --enable-static --disable-w32threads --disable-autodetect --enable-fontconfig --enable-iconv --enable-gnutls --enable-libxml2 --enable-gmp --enable-bzlib --enable-lzma --enable-zlib --enable-libsrt --enable-libssh --enable-libzmq --enable-avisynth --enable-sdl2 --enable-libwebp --enable-libx264 --enable-libx265 --enable-libxvid --enable-libaom --enable-libopenjpeg --enable-libvpx --enable-mediafoundation --enable-libass --enable-libfreetype --enable-libfribidi --enable-libharfbuzz --enable-libvidstab --enable-libvmaf --enable-libzimg --enable-amf --enable-cuda-llvm --enable-cuvid --enable-dxva2 --enable-d3d11va --enable-d3d12va --enable-ffnvcodec --enable-libvpl --enable-nvdec --enable-nvenc --enable-vaapi --enable-libgme --enable-libopenmpt --enable-libopencore-amrwb --enable-libmp3lame --enable-libtheora --enable-libvo-amrwbenc --enable-libgsm --enable-libopencore-amrnb --enable-libopus --enable-libspeex --enable-libvorbis --enable-librubberband
  libavutil      59. 39.100 / 59. 39.100
  libavcodec     61. 19.101 / 61. 19.101
  libavformat    61.  7.100 / 61.  7.100
  libavdevice    61.  3.100 / 61.  3.100
  libavfilter    10.  4.100 / 10.  4.100
  libswscale      8.  3.100 /  8.  3.100
  libswresample   5.  3.100 /  5.  3.100
  libpostproc    58.  3.100 / 58.  3.100
Input #0, matroska,webm, from 'D:\Users\Videos\测试\SampleVideo_1280x720_5mb.mkv':
  Metadata:
    ENCODER         : Lavf53.24.2
  Duration: 00:00:26.33, bitrate: 1594 kb/s
  Stream #0:0: Video: mpeg4 (Simple Profile), yuv420p, 1280x720 [SAR 1:1 DAR 16:9], 25 fps, 25 tbr, 1k tbn (default)
  Stream #0:1: Audio: aac (LC), 48000 Hz, 5.1, fltp (default)
Stream mapping:
  Stream #0:0 -> #0:0 (mpeg4 (native) -> mjpeg (native))
Press [q] to stop, [?] for help
[vf#0:0 @ 000000000264b880] No filtered frames for output stream, trying to initialize anyway.
[mjpeg @ 00000000029e3640] Non full-range YUV is non-standard, set strict_std_compliance to at most unofficial to use it.
[vost#0:0/mjpeg @ 00000000029e3240] Error while opening encoder - maybe incorrect parameters such as bit_rate, rate, width or height.
[vf#0:0 @ 00000000029e3d80] Task finished with error code: -22 (Invalid argument)
[vf#0:0 @ 00000000029e3d80] Terminating thread with return code -22 (Invalid argument)
[vost#0:0/mjpeg @ 00000000029e3240] Could not open encoder before EOF
[vost#0:0/mjpeg @ 00000000029e3240] Task finished with error code: -22 (Invalid argument)
[vost#0:0/mjpeg @ 00000000029e3240] Terminating thread with return code -22 (Invalid argument)
[out#0/image2 @ 0000000002710980] Nothing was written into output file, because at least one of its streams received no packets.
frame=    0 fps=0.0 q=0.0 Lsize=       0KiB time=N/A bitrate=N/A speed=N/A    
Conversion failed!

2025-05-26T03:18:06.928Z [LOG] 尝试使用直接命令行方式生成缩略图
2025-05-26T03:18:06.928Z [LOG] 直接获取视频时长（秒数）
2025-05-26T03:18:06.929Z [PATH] 尝试获取FFprobe路径
2025-05-26T03:18:06.929Z [LOG] 使用配置的FFprobe路径: D:\code\cursor\looklook\node_modules\ffprobe-static\bin\win32\x64\ffprobe.exe
2025-05-26T03:18:06.929Z [PATH] 使用配置的FFprobe路径: D:\code\cursor\looklook\node_modules\ffprobe-static\bin\win32\x64\ffprobe.exe
2025-05-26T03:18:06.930Z [LOG] 在开发环境中使用ffprobe路径: D:\code\cursor\looklook\node_modules\ffprobe-static\bin\win32\x64\ffprobe.exe
2025-05-26T03:18:06.930Z [LOG] 执行命令: D:\code\cursor\looklook\node_modules\ffprobe-static\bin\win32\x64\ffprobe.exe -v error -show_entries format=duration -of default=noprint_wrappers=1:nokey=1 D:\Users\Videos\测试\SampleVideo_1280x720_5mb.mkv
2025-05-26T03:18:06.992Z [LOG] 时长命令输出: 26.330000
2025-05-26T03:18:06.992Z [LOG] 成功获取视频时长: 26.33 秒
2025-05-26T03:18:06.993Z [LOG] 获取到视频时长: 26.33 秒, 准备截取缩略图
2025-05-26T03:18:06.993Z [LOG] 将在视频的 5 秒处截取缩略图 (随机生成)
2025-05-26T03:18:06.993Z [PATH] 尝试获取FFmpeg路径
2025-05-26T03:18:06.994Z [LOG] 使用配置的FFmpeg路径: D:\code\cursor\looklook\node_modules\ffmpeg-static\ffmpeg.exe
2025-05-26T03:18:06.994Z [PATH] 使用配置的FFmpeg路径: D:\code\cursor\looklook\node_modules\ffmpeg-static\ffmpeg.exe
2025-05-26T03:18:06.994Z [LOG] 执行命令: D:\code\cursor\looklook\node_modules\ffmpeg-static\ffmpeg.exe -i D:\Users\Videos\测试\SampleVideo_1280x720_5mb.mkv -ss 5 -vframes 1 -s 320x180 -y D:\code\cursor\looklook\userdata\thumbnails\1748229486700-RDpcVXNl.jpg
2025-05-26T03:18:07.135Z [LOG] 命令行方式成功生成缩略图: D:\code\cursor\looklook\userdata\thumbnails\1748229486700-RDpcVXNl.jpg
2025-05-26T03:18:07.135Z [LOG] 通过多步骤方法成功生成缩略图
2025-05-26T03:18:07.136Z [LOG] 设置已加载
2025-05-26T03:18:07.136Z [LOG] 获取视频分辨率: D:\Users\Videos\测试\SampleVideo_1280x720_5mb.mp4
2025-05-26T03:18:07.136Z [MAIN] 开始获取视频分辨率: D:\Users\Videos\测试\SampleVideo_1280x720_5mb.mp4
2025-05-26T03:18:07.137Z [LOG] 直接获取视频分辨率
2025-05-26T03:18:07.137Z [RESOLUTION] 开始获取视频分辨率: D:\Users\Videos\测试\SampleVideo_1280x720_5mb.mp4
2025-05-26T03:18:07.137Z [PATH] 尝试获取FFprobe路径
2025-05-26T03:18:07.137Z [LOG] 使用配置的FFprobe路径: D:\code\cursor\looklook\node_modules\ffprobe-static\bin\win32\x64\ffprobe.exe
2025-05-26T03:18:07.137Z [PATH] 使用配置的FFprobe路径: D:\code\cursor\looklook\node_modules\ffprobe-static\bin\win32\x64\ffprobe.exe
2025-05-26T03:18:07.137Z [RESOLUTION] 在开发环境中使用ffprobe路径: D:\code\cursor\looklook\node_modules\ffprobe-static\bin\win32\x64\ffprobe.exe
2025-05-26T03:18:07.138Z [RESOLUTION] 检查ffprobe可执行文件是否存在: true
2025-05-26T03:18:07.138Z [LOG] 执行命令: "D:\code\cursor\looklook\node_modules\ffprobe-static\bin\win32\x64\ffprobe.exe" -v error -select_streams v:0 -show_entries stream=width,height -of csv=s=x:p=0 "D:\Users\Videos\测试\SampleVideo_1280x720_5mb.mp4"
2025-05-26T03:18:07.138Z [RESOLUTION] 开始执行命令获取分辨率: "D:\code\cursor\looklook\node_modules\ffprobe-static\bin\win32\x64\ffprobe.exe" -v error -select_streams v:0 -show_entries stream=width,height -of csv=s=x:p=0 "D:\Users\Videos\测试\SampleVideo_1280x720_5mb.mp4"
2025-05-26T03:18:07.210Z [RESOLUTION] 命令输出: "1280x720"
2025-05-26T03:18:07.210Z [LOG] 成功解析分辨率: 1280×720
2025-05-26T03:18:07.210Z [RESOLUTION] 成功解析分辨率: 1280×720
2025-05-26T03:18:07.211Z [LOG] 获取视频时长: D:\Users\Videos\测试\SampleVideo_1280x720_5mb.mp4
2025-05-26T03:18:07.211Z [MAIN] 开始获取视频时长: D:\Users\Videos\测试\SampleVideo_1280x720_5mb.mp4
2025-05-26T03:18:07.211Z [LOG] 直接获取视频时长
2025-05-26T03:18:07.211Z [DURATION] 开始获取视频时长: D:\Users\Videos\测试\SampleVideo_1280x720_5mb.mp4
2025-05-26T03:18:07.211Z [PATH] 尝试获取FFprobe路径
2025-05-26T03:18:07.211Z [LOG] 使用配置的FFprobe路径: D:\code\cursor\looklook\node_modules\ffprobe-static\bin\win32\x64\ffprobe.exe
2025-05-26T03:18:07.211Z [PATH] 使用配置的FFprobe路径: D:\code\cursor\looklook\node_modules\ffprobe-static\bin\win32\x64\ffprobe.exe
2025-05-26T03:18:07.211Z [DURATION] 在开发环境中使用ffprobe路径: D:\code\cursor\looklook\node_modules\ffprobe-static\bin\win32\x64\ffprobe.exe
2025-05-26T03:18:07.212Z [DURATION] 检查ffprobe可执行文件是否存在: true
2025-05-26T03:18:07.212Z [LOG] 执行命令: "D:\code\cursor\looklook\node_modules\ffprobe-static\bin\win32\x64\ffprobe.exe" -v error -show_entries format=duration -of default=noprint_wrappers=1:nokey=1 "D:\Users\Videos\测试\SampleVideo_1280x720_5mb.mp4"
2025-05-26T03:18:07.212Z [DURATION] 开始执行命令获取时长: "D:\code\cursor\looklook\node_modules\ffprobe-static\bin\win32\x64\ffprobe.exe" -v error -show_entries format=duration -of default=noprint_wrappers=1:nokey=1 "D:\Users\Videos\测试\SampleVideo_1280x720_5mb.mp4"
2025-05-26T03:18:07.283Z [DURATION] 命令输出: "29.568000"
2025-05-26T03:18:07.284Z [LOG] 成功解析时长: 00:00:29
2025-05-26T03:18:07.284Z [DURATION] 成功解析时长: 00:00:29
2025-05-26T03:18:07.284Z [LOG] 开始生成缩略图，视频路径: D:\Users\Videos\测试\SampleVideo_1280x720_5mb.mp4
2025-05-26T03:18:07.285Z [LOG] 缩略图输出路径: D:\code\cursor\looklook\userdata\thumbnails\1748229487397-RDpcVXNl.jpg
2025-05-26T03:18:07.285Z [LOG] 生成随机时间点: 00:00:22
2025-05-26T03:18:07.285Z [LOG] 使用直接命令行ffmpeg生成缩略图
2025-05-26T03:18:07.286Z [PATH] 尝试获取FFmpeg路径
2025-05-26T03:18:07.286Z [LOG] 使用配置的FFmpeg路径: D:\code\cursor\looklook\node_modules\ffmpeg-static\ffmpeg.exe
2025-05-26T03:18:07.286Z [PATH] 使用配置的FFmpeg路径: D:\code\cursor\looklook\node_modules\ffmpeg-static\ffmpeg.exe
2025-05-26T03:18:07.286Z [LOG] 将使用时间点 00:00:22 生成缩略图
2025-05-26T03:18:07.286Z [LOG] 执行命令: D:\code\cursor\looklook\node_modules\ffmpeg-static\ffmpeg.exe -ss 00:00:22 -i D:\Users\Videos\测试\SampleVideo_1280x720_5mb.mp4 -vframes 1 -s 320x180 -y D:\code\cursor\looklook\userdata\thumbnails\1748229487397-RDpcVXNl.jpg
2025-05-26T03:18:07.381Z [LOG] 直接ffmpeg成功生成缩略图: D:\code\cursor\looklook\userdata\thumbnails\1748229487397-RDpcVXNl.jpg
2025-05-26T03:18:07.381Z [LOG] 通过直接ffmpeg命令生成缩略图成功
2025-05-26T03:18:07.382Z [LOG] 设置已加载
2025-05-26T03:18:07.382Z [LOG] 获取视频分辨率: D:\Users\Videos\测试\SampleVideo_360x240_10mb.mp4
2025-05-26T03:18:07.382Z [MAIN] 开始获取视频分辨率: D:\Users\Videos\测试\SampleVideo_360x240_10mb.mp4
2025-05-26T03:18:07.382Z [LOG] 直接获取视频分辨率
2025-05-26T03:18:07.382Z [RESOLUTION] 开始获取视频分辨率: D:\Users\Videos\测试\SampleVideo_360x240_10mb.mp4
2025-05-26T03:18:07.382Z [PATH] 尝试获取FFprobe路径
2025-05-26T03:18:07.383Z [LOG] 使用配置的FFprobe路径: D:\code\cursor\looklook\node_modules\ffprobe-static\bin\win32\x64\ffprobe.exe
2025-05-26T03:18:07.383Z [PATH] 使用配置的FFprobe路径: D:\code\cursor\looklook\node_modules\ffprobe-static\bin\win32\x64\ffprobe.exe
2025-05-26T03:18:07.383Z [RESOLUTION] 在开发环境中使用ffprobe路径: D:\code\cursor\looklook\node_modules\ffprobe-static\bin\win32\x64\ffprobe.exe
2025-05-26T03:18:07.383Z [RESOLUTION] 检查ffprobe可执行文件是否存在: true
2025-05-26T03:18:07.383Z [LOG] 执行命令: "D:\code\cursor\looklook\node_modules\ffprobe-static\bin\win32\x64\ffprobe.exe" -v error -select_streams v:0 -show_entries stream=width,height -of csv=s=x:p=0 "D:\Users\Videos\测试\SampleVideo_360x240_10mb.mp4"
2025-05-26T03:18:07.383Z [RESOLUTION] 开始执行命令获取分辨率: "D:\code\cursor\looklook\node_modules\ffprobe-static\bin\win32\x64\ffprobe.exe" -v error -select_streams v:0 -show_entries stream=width,height -of csv=s=x:p=0 "D:\Users\Videos\测试\SampleVideo_360x240_10mb.mp4"
2025-05-26T03:18:07.449Z [RESOLUTION] 命令输出: "320x240"
2025-05-26T03:18:07.450Z [LOG] 成功解析分辨率: 320×240
2025-05-26T03:18:07.450Z [RESOLUTION] 成功解析分辨率: 320×240
2025-05-26T03:18:07.450Z [LOG] 获取视频时长: D:\Users\Videos\测试\SampleVideo_360x240_10mb.mp4
2025-05-26T03:18:07.450Z [MAIN] 开始获取视频时长: D:\Users\Videos\测试\SampleVideo_360x240_10mb.mp4
2025-05-26T03:18:07.451Z [LOG] 直接获取视频时长
2025-05-26T03:18:07.451Z [DURATION] 开始获取视频时长: D:\Users\Videos\测试\SampleVideo_360x240_10mb.mp4
2025-05-26T03:18:07.451Z [PATH] 尝试获取FFprobe路径
2025-05-26T03:18:07.451Z [LOG] 使用配置的FFprobe路径: D:\code\cursor\looklook\node_modules\ffprobe-static\bin\win32\x64\ffprobe.exe
2025-05-26T03:18:07.451Z [PATH] 使用配置的FFprobe路径: D:\code\cursor\looklook\node_modules\ffprobe-static\bin\win32\x64\ffprobe.exe
2025-05-26T03:18:07.451Z [DURATION] 在开发环境中使用ffprobe路径: D:\code\cursor\looklook\node_modules\ffprobe-static\bin\win32\x64\ffprobe.exe
2025-05-26T03:18:07.451Z [DURATION] 检查ffprobe可执行文件是否存在: true
2025-05-26T03:18:07.452Z [LOG] 执行命令: "D:\code\cursor\looklook\node_modules\ffprobe-static\bin\win32\x64\ffprobe.exe" -v error -show_entries format=duration -of default=noprint_wrappers=1:nokey=1 "D:\Users\Videos\测试\SampleVideo_360x240_10mb.mp4"
2025-05-26T03:18:07.452Z [DURATION] 开始执行命令获取时长: "D:\code\cursor\looklook\node_modules\ffprobe-static\bin\win32\x64\ffprobe.exe" -v error -show_entries format=duration -of default=noprint_wrappers=1:nokey=1 "D:\Users\Videos\测试\SampleVideo_360x240_10mb.mp4"
2025-05-26T03:18:07.514Z [DURATION] 命令输出: "125.952000"
2025-05-26T03:18:07.515Z [LOG] 成功解析时长: 00:02:05
2025-05-26T03:18:07.515Z [DURATION] 成功解析时长: 00:02:05
2025-05-26T03:18:07.515Z [LOG] 开始生成缩略图，视频路径: D:\Users\Videos\测试\SampleVideo_360x240_10mb.mp4
2025-05-26T03:18:07.516Z [LOG] 缩略图输出路径: D:\code\cursor\looklook\userdata\thumbnails\1748229488313-RDpcVXNl.jpg
2025-05-26T03:18:07.516Z [LOG] 生成随机时间点: 00:00:25
2025-05-26T03:18:07.516Z [LOG] 使用直接命令行ffmpeg生成缩略图
2025-05-26T03:18:07.516Z [PATH] 尝试获取FFmpeg路径
2025-05-26T03:18:07.517Z [LOG] 使用配置的FFmpeg路径: D:\code\cursor\looklook\node_modules\ffmpeg-static\ffmpeg.exe
2025-05-26T03:18:07.517Z [PATH] 使用配置的FFmpeg路径: D:\code\cursor\looklook\node_modules\ffmpeg-static\ffmpeg.exe
2025-05-26T03:18:07.517Z [LOG] 将使用时间点 00:00:25 生成缩略图
2025-05-26T03:18:07.517Z [LOG] 执行命令: D:\code\cursor\looklook\node_modules\ffmpeg-static\ffmpeg.exe -ss 00:00:25 -i D:\Users\Videos\测试\SampleVideo_360x240_10mb.mp4 -vframes 1 -s 320x180 -y D:\code\cursor\looklook\userdata\thumbnails\1748229488313-RDpcVXNl.jpg
2025-05-26T03:18:07.599Z [LOG] 直接ffmpeg成功生成缩略图: D:\code\cursor\looklook\userdata\thumbnails\1748229488313-RDpcVXNl.jpg
2025-05-26T03:18:07.599Z [LOG] 通过直接ffmpeg命令生成缩略图成功
2025-05-26T03:18:07.600Z [LOG] 设置已加载
2025-05-26T03:18:07.600Z [LOG] 获取视频分辨率: D:\Users\Videos\测试\SampleVideo_360x240_20mb.mp4
2025-05-26T03:18:07.600Z [MAIN] 开始获取视频分辨率: D:\Users\Videos\测试\SampleVideo_360x240_20mb.mp4
2025-05-26T03:18:07.600Z [LOG] 直接获取视频分辨率
2025-05-26T03:18:07.600Z [RESOLUTION] 开始获取视频分辨率: D:\Users\Videos\测试\SampleVideo_360x240_20mb.mp4
2025-05-26T03:18:07.601Z [PATH] 尝试获取FFprobe路径
2025-05-26T03:18:07.601Z [LOG] 使用配置的FFprobe路径: D:\code\cursor\looklook\node_modules\ffprobe-static\bin\win32\x64\ffprobe.exe
2025-05-26T03:18:07.601Z [PATH] 使用配置的FFprobe路径: D:\code\cursor\looklook\node_modules\ffprobe-static\bin\win32\x64\ffprobe.exe
2025-05-26T03:18:07.601Z [RESOLUTION] 在开发环境中使用ffprobe路径: D:\code\cursor\looklook\node_modules\ffprobe-static\bin\win32\x64\ffprobe.exe
2025-05-26T03:18:07.601Z [RESOLUTION] 检查ffprobe可执行文件是否存在: true
2025-05-26T03:18:07.601Z [LOG] 执行命令: "D:\code\cursor\looklook\node_modules\ffprobe-static\bin\win32\x64\ffprobe.exe" -v error -select_streams v:0 -show_entries stream=width,height -of csv=s=x:p=0 "D:\Users\Videos\测试\SampleVideo_360x240_20mb.mp4"
2025-05-26T03:18:07.601Z [RESOLUTION] 开始执行命令获取分辨率: "D:\code\cursor\looklook\node_modules\ffprobe-static\bin\win32\x64\ffprobe.exe" -v error -select_streams v:0 -show_entries stream=width,height -of csv=s=x:p=0 "D:\Users\Videos\测试\SampleVideo_360x240_20mb.mp4"
2025-05-26T03:18:07.664Z [RESOLUTION] 命令输出: "320x240"
2025-05-26T03:18:07.664Z [LOG] 成功解析分辨率: 320×240
2025-05-26T03:18:07.664Z [RESOLUTION] 成功解析分辨率: 320×240
2025-05-26T03:18:07.665Z [LOG] 获取视频时长: D:\Users\Videos\测试\SampleVideo_360x240_20mb.mp4
2025-05-26T03:18:07.665Z [MAIN] 开始获取视频时长: D:\Users\Videos\测试\SampleVideo_360x240_20mb.mp4
2025-05-26T03:18:07.665Z [LOG] 直接获取视频时长
2025-05-26T03:18:07.665Z [DURATION] 开始获取视频时长: D:\Users\Videos\测试\SampleVideo_360x240_20mb.mp4
2025-05-26T03:18:07.665Z [PATH] 尝试获取FFprobe路径
2025-05-26T03:18:07.665Z [LOG] 使用配置的FFprobe路径: D:\code\cursor\looklook\node_modules\ffprobe-static\bin\win32\x64\ffprobe.exe
2025-05-26T03:18:07.666Z [PATH] 使用配置的FFprobe路径: D:\code\cursor\looklook\node_modules\ffprobe-static\bin\win32\x64\ffprobe.exe
2025-05-26T03:18:07.666Z [DURATION] 在开发环境中使用ffprobe路径: D:\code\cursor\looklook\node_modules\ffprobe-static\bin\win32\x64\ffprobe.exe
2025-05-26T03:18:07.666Z [DURATION] 检查ffprobe可执行文件是否存在: true
2025-05-26T03:18:07.666Z [LOG] 执行命令: "D:\code\cursor\looklook\node_modules\ffprobe-static\bin\win32\x64\ffprobe.exe" -v error -show_entries format=duration -of default=noprint_wrappers=1:nokey=1 "D:\Users\Videos\测试\SampleVideo_360x240_20mb.mp4"
2025-05-26T03:18:07.666Z [DURATION] 开始执行命令获取时长: "D:\code\cursor\looklook\node_modules\ffprobe-static\bin\win32\x64\ffprobe.exe" -v error -show_entries format=duration -of default=noprint_wrappers=1:nokey=1 "D:\Users\Videos\测试\SampleVideo_360x240_20mb.mp4"
2025-05-26T03:18:07.730Z [DURATION] 命令输出: "245.291000"
2025-05-26T03:18:07.731Z [LOG] 成功解析时长: 00:04:05
2025-05-26T03:18:07.731Z [DURATION] 成功解析时长: 00:04:05
2025-05-26T03:18:07.731Z [LOG] 开始生成缩略图，视频路径: D:\Users\Videos\测试\SampleVideo_360x240_20mb.mp4
2025-05-26T03:18:07.732Z [LOG] 缩略图输出路径: D:\code\cursor\looklook\userdata\thumbnails\1748229487798-RDpcVXNl.jpg
2025-05-26T03:18:07.732Z [LOG] 生成随机时间点: 00:00:55
2025-05-26T03:18:07.732Z [LOG] 使用直接命令行ffmpeg生成缩略图
2025-05-26T03:18:07.732Z [PATH] 尝试获取FFmpeg路径
2025-05-26T03:18:07.732Z [LOG] 使用配置的FFmpeg路径: D:\code\cursor\looklook\node_modules\ffmpeg-static\ffmpeg.exe
2025-05-26T03:18:07.733Z [PATH] 使用配置的FFmpeg路径: D:\code\cursor\looklook\node_modules\ffmpeg-static\ffmpeg.exe
2025-05-26T03:18:07.733Z [LOG] 将使用时间点 00:00:55 生成缩略图
2025-05-26T03:18:07.733Z [LOG] 执行命令: D:\code\cursor\looklook\node_modules\ffmpeg-static\ffmpeg.exe -ss 00:00:55 -i D:\Users\Videos\测试\SampleVideo_360x240_20mb.mp4 -vframes 1 -s 320x180 -y D:\code\cursor\looklook\userdata\thumbnails\1748229487798-RDpcVXNl.jpg
2025-05-26T03:18:07.811Z [LOG] 直接ffmpeg成功生成缩略图: D:\code\cursor\looklook\userdata\thumbnails\1748229487798-RDpcVXNl.jpg
2025-05-26T03:18:07.811Z [LOG] 通过直接ffmpeg命令生成缩略图成功
2025-05-26T03:18:07.812Z [LOG] 设置已加载
2025-05-26T03:18:07.812Z [LOG] 获取视频分辨率: D:\Users\Videos\测试\SampleVideo_360x240_30mb.mp4
2025-05-26T03:18:07.812Z [MAIN] 开始获取视频分辨率: D:\Users\Videos\测试\SampleVideo_360x240_30mb.mp4
2025-05-26T03:18:07.812Z [LOG] 直接获取视频分辨率
2025-05-26T03:18:07.812Z [RESOLUTION] 开始获取视频分辨率: D:\Users\Videos\测试\SampleVideo_360x240_30mb.mp4
2025-05-26T03:18:07.812Z [PATH] 尝试获取FFprobe路径
2025-05-26T03:18:07.813Z [LOG] 使用配置的FFprobe路径: D:\code\cursor\looklook\node_modules\ffprobe-static\bin\win32\x64\ffprobe.exe
2025-05-26T03:18:07.813Z [PATH] 使用配置的FFprobe路径: D:\code\cursor\looklook\node_modules\ffprobe-static\bin\win32\x64\ffprobe.exe
2025-05-26T03:18:07.813Z [RESOLUTION] 在开发环境中使用ffprobe路径: D:\code\cursor\looklook\node_modules\ffprobe-static\bin\win32\x64\ffprobe.exe
2025-05-26T03:18:07.813Z [RESOLUTION] 检查ffprobe可执行文件是否存在: true
2025-05-26T03:18:07.813Z [LOG] 执行命令: "D:\code\cursor\looklook\node_modules\ffprobe-static\bin\win32\x64\ffprobe.exe" -v error -select_streams v:0 -show_entries stream=width,height -of csv=s=x:p=0 "D:\Users\Videos\测试\SampleVideo_360x240_30mb.mp4"
2025-05-26T03:18:07.813Z [RESOLUTION] 开始执行命令获取分辨率: "D:\code\cursor\looklook\node_modules\ffprobe-static\bin\win32\x64\ffprobe.exe" -v error -select_streams v:0 -show_entries stream=width,height -of csv=s=x:p=0 "D:\Users\Videos\测试\SampleVideo_360x240_30mb.mp4"
2025-05-26T03:18:07.877Z [RESOLUTION] 命令输出: "320x240"
2025-05-26T03:18:07.877Z [LOG] 成功解析分辨率: 320×240
2025-05-26T03:18:07.877Z [RESOLUTION] 成功解析分辨率: 320×240
2025-05-26T03:18:07.878Z [LOG] 获取视频时长: D:\Users\Videos\测试\SampleVideo_360x240_30mb.mp4
2025-05-26T03:18:07.878Z [MAIN] 开始获取视频时长: D:\Users\Videos\测试\SampleVideo_360x240_30mb.mp4
2025-05-26T03:18:07.878Z [LOG] 直接获取视频时长
2025-05-26T03:18:07.878Z [DURATION] 开始获取视频时长: D:\Users\Videos\测试\SampleVideo_360x240_30mb.mp4
2025-05-26T03:18:07.878Z [PATH] 尝试获取FFprobe路径
2025-05-26T03:18:07.878Z [LOG] 使用配置的FFprobe路径: D:\code\cursor\looklook\node_modules\ffprobe-static\bin\win32\x64\ffprobe.exe
2025-05-26T03:18:07.879Z [PATH] 使用配置的FFprobe路径: D:\code\cursor\looklook\node_modules\ffprobe-static\bin\win32\x64\ffprobe.exe
2025-05-26T03:18:07.879Z [DURATION] 在开发环境中使用ffprobe路径: D:\code\cursor\looklook\node_modules\ffprobe-static\bin\win32\x64\ffprobe.exe
2025-05-26T03:18:07.879Z [DURATION] 检查ffprobe可执行文件是否存在: true
2025-05-26T03:18:07.879Z [LOG] 执行命令: "D:\code\cursor\looklook\node_modules\ffprobe-static\bin\win32\x64\ffprobe.exe" -v error -show_entries format=duration -of default=noprint_wrappers=1:nokey=1 "D:\Users\Videos\测试\SampleVideo_360x240_30mb.mp4"
2025-05-26T03:18:07.879Z [DURATION] 开始执行命令获取时长: "D:\code\cursor\looklook\node_modules\ffprobe-static\bin\win32\x64\ffprobe.exe" -v error -show_entries format=duration -of default=noprint_wrappers=1:nokey=1 "D:\Users\Videos\测试\SampleVideo_360x240_30mb.mp4"
2025-05-26T03:18:07.941Z [DURATION] 命令输出: "368.200000"
2025-05-26T03:18:07.942Z [LOG] 成功解析时长: 00:06:08
2025-05-26T03:18:07.942Z [DURATION] 成功解析时长: 00:06:08
2025-05-26T03:18:07.942Z [LOG] 开始生成缩略图，视频路径: D:\Users\Videos\测试\SampleVideo_360x240_30mb.mp4
2025-05-26T03:18:07.942Z [LOG] 缩略图输出路径: D:\code\cursor\looklook\userdata\thumbnails\1748229488629-RDpcVXNl.jpg
2025-05-26T03:18:07.943Z [LOG] 生成随机时间点: 00:00:47
2025-05-26T03:18:07.943Z [LOG] 使用直接命令行ffmpeg生成缩略图
2025-05-26T03:18:07.943Z [PATH] 尝试获取FFmpeg路径
2025-05-26T03:18:07.943Z [LOG] 使用配置的FFmpeg路径: D:\code\cursor\looklook\node_modules\ffmpeg-static\ffmpeg.exe
2025-05-26T03:18:07.943Z [PATH] 使用配置的FFmpeg路径: D:\code\cursor\looklook\node_modules\ffmpeg-static\ffmpeg.exe
2025-05-26T03:18:07.944Z [LOG] 将使用时间点 00:00:47 生成缩略图
2025-05-26T03:18:07.944Z [LOG] 执行命令: D:\code\cursor\looklook\node_modules\ffmpeg-static\ffmpeg.exe -ss 00:00:47 -i D:\Users\Videos\测试\SampleVideo_360x240_30mb.mp4 -vframes 1 -s 320x180 -y D:\code\cursor\looklook\userdata\thumbnails\1748229488629-RDpcVXNl.jpg
2025-05-26T03:18:08.018Z [LOG] 直接ffmpeg成功生成缩略图: D:\code\cursor\looklook\userdata\thumbnails\1748229488629-RDpcVXNl.jpg
2025-05-26T03:18:08.019Z [LOG] 通过直接ffmpeg命令生成缩略图成功
2025-05-26T03:18:08.019Z [LOG] 设置已加载
2025-05-26T03:18:08.020Z [LOG] 获取视频分辨率: D:\Users\Videos\测试\SampleVideo_360x240_5mb.mp4
2025-05-26T03:18:08.020Z [MAIN] 开始获取视频分辨率: D:\Users\Videos\测试\SampleVideo_360x240_5mb.mp4
2025-05-26T03:18:08.020Z [LOG] 直接获取视频分辨率
2025-05-26T03:18:08.020Z [RESOLUTION] 开始获取视频分辨率: D:\Users\Videos\测试\SampleVideo_360x240_5mb.mp4
2025-05-26T03:18:08.020Z [PATH] 尝试获取FFprobe路径
2025-05-26T03:18:08.020Z [LOG] 使用配置的FFprobe路径: D:\code\cursor\looklook\node_modules\ffprobe-static\bin\win32\x64\ffprobe.exe
2025-05-26T03:18:08.020Z [PATH] 使用配置的FFprobe路径: D:\code\cursor\looklook\node_modules\ffprobe-static\bin\win32\x64\ffprobe.exe
2025-05-26T03:18:08.020Z [RESOLUTION] 在开发环境中使用ffprobe路径: D:\code\cursor\looklook\node_modules\ffprobe-static\bin\win32\x64\ffprobe.exe
2025-05-26T03:18:08.020Z [RESOLUTION] 检查ffprobe可执行文件是否存在: true
2025-05-26T03:18:08.021Z [LOG] 执行命令: "D:\code\cursor\looklook\node_modules\ffprobe-static\bin\win32\x64\ffprobe.exe" -v error -select_streams v:0 -show_entries stream=width,height -of csv=s=x:p=0 "D:\Users\Videos\测试\SampleVideo_360x240_5mb.mp4"
2025-05-26T03:18:08.021Z [RESOLUTION] 开始执行命令获取分辨率: "D:\code\cursor\looklook\node_modules\ffprobe-static\bin\win32\x64\ffprobe.exe" -v error -select_streams v:0 -show_entries stream=width,height -of csv=s=x:p=0 "D:\Users\Videos\测试\SampleVideo_360x240_5mb.mp4"
2025-05-26T03:18:08.085Z [RESOLUTION] 命令输出: "320x240"
2025-05-26T03:18:08.086Z [LOG] 成功解析分辨率: 320×240
2025-05-26T03:18:08.086Z [RESOLUTION] 成功解析分辨率: 320×240
2025-05-26T03:18:08.086Z [LOG] 获取视频时长: D:\Users\Videos\测试\SampleVideo_360x240_5mb.mp4
2025-05-26T03:18:08.086Z [MAIN] 开始获取视频时长: D:\Users\Videos\测试\SampleVideo_360x240_5mb.mp4
2025-05-26T03:18:08.086Z [LOG] 直接获取视频时长
2025-05-26T03:18:08.087Z [DURATION] 开始获取视频时长: D:\Users\Videos\测试\SampleVideo_360x240_5mb.mp4
2025-05-26T03:18:08.087Z [PATH] 尝试获取FFprobe路径
2025-05-26T03:18:08.087Z [LOG] 使用配置的FFprobe路径: D:\code\cursor\looklook\node_modules\ffprobe-static\bin\win32\x64\ffprobe.exe
2025-05-26T03:18:08.087Z [PATH] 使用配置的FFprobe路径: D:\code\cursor\looklook\node_modules\ffprobe-static\bin\win32\x64\ffprobe.exe
2025-05-26T03:18:08.087Z [DURATION] 在开发环境中使用ffprobe路径: D:\code\cursor\looklook\node_modules\ffprobe-static\bin\win32\x64\ffprobe.exe
2025-05-26T03:18:08.087Z [DURATION] 检查ffprobe可执行文件是否存在: true
2025-05-26T03:18:08.087Z [LOG] 执行命令: "D:\code\cursor\looklook\node_modules\ffprobe-static\bin\win32\x64\ffprobe.exe" -v error -show_entries format=duration -of default=noprint_wrappers=1:nokey=1 "D:\Users\Videos\测试\SampleVideo_360x240_5mb.mp4"
2025-05-26T03:18:08.087Z [DURATION] 开始执行命令获取时长: "D:\code\cursor\looklook\node_modules\ffprobe-static\bin\win32\x64\ffprobe.exe" -v error -show_entries format=duration -of default=noprint_wrappers=1:nokey=1 "D:\Users\Videos\测试\SampleVideo_360x240_5mb.mp4"
2025-05-26T03:18:08.149Z [DURATION] 命令输出: "64.896000"
2025-05-26T03:18:08.149Z [LOG] 成功解析时长: 00:01:04
2025-05-26T03:18:08.150Z [DURATION] 成功解析时长: 00:01:04
2025-05-26T03:18:08.150Z [LOG] 开始生成缩略图，视频路径: D:\Users\Videos\测试\SampleVideo_360x240_5mb.mp4
2025-05-26T03:18:08.150Z [LOG] 缩略图输出路径: D:\code\cursor\looklook\userdata\thumbnails\1748229488130-RDpcVXNl.jpg
2025-05-26T03:18:08.151Z [LOG] 生成随机时间点: 00:00:49
2025-05-26T03:18:08.151Z [LOG] 使用直接命令行ffmpeg生成缩略图
2025-05-26T03:18:08.151Z [PATH] 尝试获取FFmpeg路径
2025-05-26T03:18:08.151Z [LOG] 使用配置的FFmpeg路径: D:\code\cursor\looklook\node_modules\ffmpeg-static\ffmpeg.exe
2025-05-26T03:18:08.151Z [PATH] 使用配置的FFmpeg路径: D:\code\cursor\looklook\node_modules\ffmpeg-static\ffmpeg.exe
2025-05-26T03:18:08.151Z [LOG] 将使用时间点 00:00:49 生成缩略图
2025-05-26T03:18:08.152Z [LOG] 执行命令: D:\code\cursor\looklook\node_modules\ffmpeg-static\ffmpeg.exe -ss 00:00:49 -i D:\Users\Videos\测试\SampleVideo_360x240_5mb.mp4 -vframes 1 -s 320x180 -y D:\code\cursor\looklook\userdata\thumbnails\1748229488130-RDpcVXNl.jpg
2025-05-26T03:18:08.231Z [LOG] 直接ffmpeg成功生成缩略图: D:\code\cursor\looklook\userdata\thumbnails\1748229488130-RDpcVXNl.jpg
2025-05-26T03:18:08.232Z [LOG] 通过直接ffmpeg命令生成缩略图成功
2025-05-26T03:18:08.232Z [LOG] 设置已加载
2025-05-26T03:18:08.232Z [LOG] 获取视频分辨率: D:\Users\Videos\测试\SampleVideo_640x360_1mb.mp4
2025-05-26T03:18:08.233Z [MAIN] 开始获取视频分辨率: D:\Users\Videos\测试\SampleVideo_640x360_1mb.mp4
2025-05-26T03:18:08.233Z [LOG] 直接获取视频分辨率
2025-05-26T03:18:08.233Z [RESOLUTION] 开始获取视频分辨率: D:\Users\Videos\测试\SampleVideo_640x360_1mb.mp4
2025-05-26T03:18:08.233Z [PATH] 尝试获取FFprobe路径
2025-05-26T03:18:08.233Z [LOG] 使用配置的FFprobe路径: D:\code\cursor\looklook\node_modules\ffprobe-static\bin\win32\x64\ffprobe.exe
2025-05-26T03:18:08.233Z [PATH] 使用配置的FFprobe路径: D:\code\cursor\looklook\node_modules\ffprobe-static\bin\win32\x64\ffprobe.exe
2025-05-26T03:18:08.233Z [RESOLUTION] 在开发环境中使用ffprobe路径: D:\code\cursor\looklook\node_modules\ffprobe-static\bin\win32\x64\ffprobe.exe
2025-05-26T03:18:08.233Z [RESOLUTION] 检查ffprobe可执行文件是否存在: true
2025-05-26T03:18:08.234Z [LOG] 执行命令: "D:\code\cursor\looklook\node_modules\ffprobe-static\bin\win32\x64\ffprobe.exe" -v error -select_streams v:0 -show_entries stream=width,height -of csv=s=x:p=0 "D:\Users\Videos\测试\SampleVideo_640x360_1mb.mp4"
2025-05-26T03:18:08.234Z [RESOLUTION] 开始执行命令获取分辨率: "D:\code\cursor\looklook\node_modules\ffprobe-static\bin\win32\x64\ffprobe.exe" -v error -select_streams v:0 -show_entries stream=width,height -of csv=s=x:p=0 "D:\Users\Videos\测试\SampleVideo_640x360_1mb.mp4"
2025-05-26T03:18:08.295Z [RESOLUTION] 命令输出: "640x368"
2025-05-26T03:18:08.295Z [LOG] 成功解析分辨率: 640×368
2025-05-26T03:18:08.295Z [RESOLUTION] 成功解析分辨率: 640×368
2025-05-26T03:18:08.296Z [LOG] 获取视频时长: D:\Users\Videos\测试\SampleVideo_640x360_1mb.mp4
2025-05-26T03:18:08.296Z [MAIN] 开始获取视频时长: D:\Users\Videos\测试\SampleVideo_640x360_1mb.mp4
2025-05-26T03:18:08.296Z [LOG] 直接获取视频时长
2025-05-26T03:18:08.296Z [DURATION] 开始获取视频时长: D:\Users\Videos\测试\SampleVideo_640x360_1mb.mp4
2025-05-26T03:18:08.296Z [PATH] 尝试获取FFprobe路径
2025-05-26T03:18:08.297Z [LOG] 使用配置的FFprobe路径: D:\code\cursor\looklook\node_modules\ffprobe-static\bin\win32\x64\ffprobe.exe
2025-05-26T03:18:08.297Z [PATH] 使用配置的FFprobe路径: D:\code\cursor\looklook\node_modules\ffprobe-static\bin\win32\x64\ffprobe.exe
2025-05-26T03:18:08.297Z [DURATION] 在开发环境中使用ffprobe路径: D:\code\cursor\looklook\node_modules\ffprobe-static\bin\win32\x64\ffprobe.exe
2025-05-26T03:18:08.297Z [DURATION] 检查ffprobe可执行文件是否存在: true
2025-05-26T03:18:08.297Z [LOG] 执行命令: "D:\code\cursor\looklook\node_modules\ffprobe-static\bin\win32\x64\ffprobe.exe" -v error -show_entries format=duration -of default=noprint_wrappers=1:nokey=1 "D:\Users\Videos\测试\SampleVideo_640x360_1mb.mp4"
2025-05-26T03:18:08.297Z [DURATION] 开始执行命令获取时长: "D:\code\cursor\looklook\node_modules\ffprobe-static\bin\win32\x64\ffprobe.exe" -v error -show_entries format=duration -of default=noprint_wrappers=1:nokey=1 "D:\Users\Videos\测试\SampleVideo_640x360_1mb.mp4"
2025-05-26T03:18:08.358Z [DURATION] 命令输出: "6.400000"
2025-05-26T03:18:08.359Z [LOG] 成功解析时长: 00:00:06
2025-05-26T03:18:08.359Z [DURATION] 成功解析时长: 00:00:06
2025-05-26T03:18:08.359Z [LOG] 开始生成缩略图，视频路径: D:\Users\Videos\测试\SampleVideo_640x360_1mb.mp4
2025-05-26T03:18:08.360Z [LOG] 缩略图输出路径: D:\code\cursor\looklook\userdata\thumbnails\1748229488433-RDpcVXNl.jpg
2025-05-26T03:18:08.360Z [LOG] 生成随机时间点: 00:00:11
2025-05-26T03:18:08.360Z [LOG] 使用直接命令行ffmpeg生成缩略图
2025-05-26T03:18:08.360Z [PATH] 尝试获取FFmpeg路径
2025-05-26T03:18:08.361Z [LOG] 使用配置的FFmpeg路径: D:\code\cursor\looklook\node_modules\ffmpeg-static\ffmpeg.exe
2025-05-26T03:18:08.361Z [PATH] 使用配置的FFmpeg路径: D:\code\cursor\looklook\node_modules\ffmpeg-static\ffmpeg.exe
2025-05-26T03:18:08.361Z [LOG] 将使用时间点 00:00:11 生成缩略图
2025-05-26T03:18:08.361Z [LOG] 执行命令: D:\code\cursor\looklook\node_modules\ffmpeg-static\ffmpeg.exe -ss 00:00:11 -i D:\Users\Videos\测试\SampleVideo_640x360_1mb.mp4 -vframes 1 -s 320x180 -y D:\code\cursor\looklook\userdata\thumbnails\1748229488433-RDpcVXNl.jpg
2025-05-26T03:18:08.942Z [ERROR] 直接ffmpeg生成缩略图失败: Command failed: D:\code\cursor\looklook\node_modules\ffmpeg-static\ffmpeg.exe -ss 00:00:11 -i D:\Users\Videos\测试\SampleVideo_640x360_1mb.mp4 -vframes 1 -s 320x180 -y D:\code\cursor\looklook\userdata\thumbnails\1748229488433-RDpcVXNl.jpg
ffmpeg version 7.1.1-essentials_build-www.gyan.dev Copyright (c) 2000-2025 the FFmpeg developers
  built with gcc 14.2.0 (Rev1, Built by MSYS2 project)
  configuration: --enable-gpl --enable-version3 --enable-static --disable-w32threads --disable-autodetect --enable-fontconfig --enable-iconv --enable-gnutls --enable-libxml2 --enable-gmp --enable-bzlib --enable-lzma --enable-zlib --enable-libsrt --enable-libssh --enable-libzmq --enable-avisynth --enable-sdl2 --enable-libwebp --enable-libx264 --enable-libx265 --enable-libxvid --enable-libaom --enable-libopenjpeg --enable-libvpx --enable-mediafoundation --enable-libass --enable-libfreetype --enable-libfribidi --enable-libharfbuzz --enable-libvidstab --enable-libvmaf --enable-libzimg --enable-amf --enable-cuda-llvm --enable-cuvid --enable-dxva2 --enable-d3d11va --enable-d3d12va --enable-ffnvcodec --enable-libvpl --enable-nvdec --enable-nvenc --enable-vaapi --enable-libgme --enable-libopenmpt --enable-libopencore-amrwb --enable-libmp3lame --enable-libtheora --enable-libvo-amrwbenc --enable-libgsm --enable-libopencore-amrnb --enable-libopus --enable-libspeex --enable-libvorbis --enable-librubberband
  libavutil      59. 39.100 / 59. 39.100
  libavcodec     61. 19.101 / 61. 19.101
  libavformat    61.  7.100 / 61.  7.100
  libavdevice    61.  3.100 / 61.  3.100
  libavfilter    10.  4.100 / 10.  4.100
  libswscale      8.  3.100 /  8.  3.100
  libswresample   5.  3.100 /  5.  3.100
  libpostproc    58.  3.100 / 58.  3.100
Input #0, mov,mp4,m4a,3gp,3g2,mj2, from 'D:\Users\Videos\测试\SampleVideo_640x360_1mb.mp4':
  Metadata:
    major_brand     : isom
    minor_version   : 512
    compatible_brands: isomiso2mp41
    creation_time   : 1970-01-01T00:00:00.000000Z
    encoder         : Lavf53.24.2
  Duration: 00:00:06.40, start: 0.000000, bitrate: 1321 kb/s
  Stream #0:0[0x1](und): Video: mpeg4 (Simple Profile) (mp4v / 0x7634706D), yuv420p, 640x368 [SAR 1:1 DAR 40:23], 932 kb/s, 25 fps, 25 tbr, 12800 tbn (default)
      Metadata:
        creation_time   : 1970-01-01T00:00:00.000000Z
        handler_name    : VideoHandler
        vendor_id       : [0][0][0][0]
  Stream #0:1[0x2](und): Audio: aac (LC) (mp4a / 0x6134706D), 48000 Hz, 5.1, fltp, 383 kb/s (default)
      Metadata:
        creation_time   : 1970-01-01T00:00:00.000000Z
        handler_name    : SoundHandler
        vendor_id       : [0][0][0][0]
Stream mapping:
  Stream #0:0 -> #0:0 (mpeg4 (native) -> mjpeg (native))
Press [q] to stop, [?] for help
[vf#0:0 @ 00000000028002c0] No filtered frames for output stream, trying to initialize anyway.
[mjpeg @ 0000000002772280] Non full-range YUV is non-standard, set strict_std_compliance to at most unofficial to use it.
[vost#0:0/mjpeg @ 00000000029eab80] Error while opening encoder - maybe incorrect parameters such as bit_rate, rate, width or height.
[vf#0:0 @ 00000000029af200] Task finished with error code: -22 (Invalid argument)
[vf#0:0 @ 00000000029af200] Terminating thread with return code -22 (Invalid argument)
[vost#0:0/mjpeg @ 00000000029eab80] Could not open encoder before EOF
[vost#0:0/mjpeg @ 00000000029eab80] Task finished with error code: -22 (Invalid argument)
[vost#0:0/mjpeg @ 00000000029eab80] Terminating thread with return code -22 (Invalid argument)
[out#0/image2 @ 00000000026d87c0] Nothing was written into output file, because at least one of its streams received no packets.
frame=    0 fps=0.0 q=0.0 Lsize=       0KiB time=N/A bitrate=N/A speed=N/A    
Conversion failed!

2025-05-26T03:18:08.946Z [ERROR] STDERR: ffmpeg version 7.1.1-essentials_build-www.gyan.dev Copyright (c) 2000-2025 the FFmpeg developers
  built with gcc 14.2.0 (Rev1, Built by MSYS2 project)
  configuration: --enable-gpl --enable-version3 --enable-static --disable-w32threads --disable-autodetect --enable-fontconfig --enable-iconv --enable-gnutls --enable-libxml2 --enable-gmp --enable-bzlib --enable-lzma --enable-zlib --enable-libsrt --enable-libssh --enable-libzmq --enable-avisynth --enable-sdl2 --enable-libwebp --enable-libx264 --enable-libx265 --enable-libxvid --enable-libaom --enable-libopenjpeg --enable-libvpx --enable-mediafoundation --enable-libass --enable-libfreetype --enable-libfribidi --enable-libharfbuzz --enable-libvidstab --enable-libvmaf --enable-libzimg --enable-amf --enable-cuda-llvm --enable-cuvid --enable-dxva2 --enable-d3d11va --enable-d3d12va --enable-ffnvcodec --enable-libvpl --enable-nvdec --enable-nvenc --enable-vaapi --enable-libgme --enable-libopenmpt --enable-libopencore-amrwb --enable-libmp3lame --enable-libtheora --enable-libvo-amrwbenc --enable-libgsm --enable-libopencore-amrnb --enable-libopus --enable-libspeex --enable-libvorbis --enable-librubberband
  libavutil      59. 39.100 / 59. 39.100
  libavcodec     61. 19.101 / 61. 19.101
  libavformat    61.  7.100 / 61.  7.100
  libavdevice    61.  3.100 / 61.  3.100
  libavfilter    10.  4.100 / 10.  4.100
  libswscale      8.  3.100 /  8.  3.100
  libswresample   5.  3.100 /  5.  3.100
  libpostproc    58.  3.100 / 58.  3.100
Input #0, mov,mp4,m4a,3gp,3g2,mj2, from 'D:\Users\Videos\测试\SampleVideo_640x360_1mb.mp4':
  Metadata:
    major_brand     : isom
    minor_version   : 512
    compatible_brands: isomiso2mp41
    creation_time   : 1970-01-01T00:00:00.000000Z
    encoder         : Lavf53.24.2
  Duration: 00:00:06.40, start: 0.000000, bitrate: 1321 kb/s
  Stream #0:0[0x1](und): Video: mpeg4 (Simple Profile) (mp4v / 0x7634706D), yuv420p, 640x368 [SAR 1:1 DAR 40:23], 932 kb/s, 25 fps, 25 tbr, 12800 tbn (default)
      Metadata:
        creation_time   : 1970-01-01T00:00:00.000000Z
        handler_name    : VideoHandler
        vendor_id       : [0][0][0][0]
  Stream #0:1[0x2](und): Audio: aac (LC) (mp4a / 0x6134706D), 48000 Hz, 5.1, fltp, 383 kb/s (default)
      Metadata:
        creation_time   : 1970-01-01T00:00:00.000000Z
        handler_name    : SoundHandler
        vendor_id       : [0][0][0][0]
Stream mapping:
  Stream #0:0 -> #0:0 (mpeg4 (native) -> mjpeg (native))
Press [q] to stop, [?] for help
[vf#0:0 @ 00000000028002c0] No filtered frames for output stream, trying to initialize anyway.
[mjpeg @ 0000000002772280] Non full-range YUV is non-standard, set strict_std_compliance to at most unofficial to use it.
[vost#0:0/mjpeg @ 00000000029eab80] Error while opening encoder - maybe incorrect parameters such as bit_rate, rate, width or height.
[vf#0:0 @ 00000000029af200] Task finished with error code: -22 (Invalid argument)
[vf#0:0 @ 00000000029af200] Terminating thread with return code -22 (Invalid argument)
[vost#0:0/mjpeg @ 00000000029eab80] Could not open encoder before EOF
[vost#0:0/mjpeg @ 00000000029eab80] Task finished with error code: -22 (Invalid argument)
[vost#0:0/mjpeg @ 00000000029eab80] Terminating thread with return code -22 (Invalid argument)
[out#0/image2 @ 00000000026d87c0] Nothing was written into output file, because at least one of its streams received no packets.
frame=    0 fps=0.0 q=0.0 Lsize=       0KiB time=N/A bitrate=N/A speed=N/A    
Conversion failed!

2025-05-26T03:18:08.949Z [ERROR] 直接ffmpeg命令生成缩略图失败: Command failed: D:\code\cursor\looklook\node_modules\ffmpeg-static\ffmpeg.exe -ss 00:00:11 -i D:\Users\Videos\测试\SampleVideo_640x360_1mb.mp4 -vframes 1 -s 320x180 -y D:\code\cursor\looklook\userdata\thumbnails\1748229488433-RDpcVXNl.jpg
ffmpeg version 7.1.1-essentials_build-www.gyan.dev Copyright (c) 2000-2025 the FFmpeg developers
  built with gcc 14.2.0 (Rev1, Built by MSYS2 project)
  configuration: --enable-gpl --enable-version3 --enable-static --disable-w32threads --disable-autodetect --enable-fontconfig --enable-iconv --enable-gnutls --enable-libxml2 --enable-gmp --enable-bzlib --enable-lzma --enable-zlib --enable-libsrt --enable-libssh --enable-libzmq --enable-avisynth --enable-sdl2 --enable-libwebp --enable-libx264 --enable-libx265 --enable-libxvid --enable-libaom --enable-libopenjpeg --enable-libvpx --enable-mediafoundation --enable-libass --enable-libfreetype --enable-libfribidi --enable-libharfbuzz --enable-libvidstab --enable-libvmaf --enable-libzimg --enable-amf --enable-cuda-llvm --enable-cuvid --enable-dxva2 --enable-d3d11va --enable-d3d12va --enable-ffnvcodec --enable-libvpl --enable-nvdec --enable-nvenc --enable-vaapi --enable-libgme --enable-libopenmpt --enable-libopencore-amrwb --enable-libmp3lame --enable-libtheora --enable-libvo-amrwbenc --enable-libgsm --enable-libopencore-amrnb --enable-libopus --enable-libspeex --enable-libvorbis --enable-librubberband
  libavutil      59. 39.100 / 59. 39.100
  libavcodec     61. 19.101 / 61. 19.101
  libavformat    61.  7.100 / 61.  7.100
  libavdevice    61.  3.100 / 61.  3.100
  libavfilter    10.  4.100 / 10.  4.100
  libswscale      8.  3.100 /  8.  3.100
  libswresample   5.  3.100 /  5.  3.100
  libpostproc    58.  3.100 / 58.  3.100
Input #0, mov,mp4,m4a,3gp,3g2,mj2, from 'D:\Users\Videos\测试\SampleVideo_640x360_1mb.mp4':
  Metadata:
    major_brand     : isom
    minor_version   : 512
    compatible_brands: isomiso2mp41
    creation_time   : 1970-01-01T00:00:00.000000Z
    encoder         : Lavf53.24.2
  Duration: 00:00:06.40, start: 0.000000, bitrate: 1321 kb/s
  Stream #0:0[0x1](und): Video: mpeg4 (Simple Profile) (mp4v / 0x7634706D), yuv420p, 640x368 [SAR 1:1 DAR 40:23], 932 kb/s, 25 fps, 25 tbr, 12800 tbn (default)
      Metadata:
        creation_time   : 1970-01-01T00:00:00.000000Z
        handler_name    : VideoHandler
        vendor_id       : [0][0][0][0]
  Stream #0:1[0x2](und): Audio: aac (LC) (mp4a / 0x6134706D), 48000 Hz, 5.1, fltp, 383 kb/s (default)
      Metadata:
        creation_time   : 1970-01-01T00:00:00.000000Z
        handler_name    : SoundHandler
        vendor_id       : [0][0][0][0]
Stream mapping:
  Stream #0:0 -> #0:0 (mpeg4 (native) -> mjpeg (native))
Press [q] to stop, [?] for help
[vf#0:0 @ 00000000028002c0] No filtered frames for output stream, trying to initialize anyway.
[mjpeg @ 0000000002772280] Non full-range YUV is non-standard, set strict_std_compliance to at most unofficial to use it.
[vost#0:0/mjpeg @ 00000000029eab80] Error while opening encoder - maybe incorrect parameters such as bit_rate, rate, width or height.
[vf#0:0 @ 00000000029af200] Task finished with error code: -22 (Invalid argument)
[vf#0:0 @ 00000000029af200] Terminating thread with return code -22 (Invalid argument)
[vost#0:0/mjpeg @ 00000000029eab80] Could not open encoder before EOF
[vost#0:0/mjpeg @ 00000000029eab80] Task finished with error code: -22 (Invalid argument)
[vost#0:0/mjpeg @ 00000000029eab80] Terminating thread with return code -22 (Invalid argument)
[out#0/image2 @ 00000000026d87c0] Nothing was written into output file, because at least one of its streams received no packets.
frame=    0 fps=0.0 q=0.0 Lsize=       0KiB time=N/A bitrate=N/A speed=N/A    
Conversion failed!

2025-05-26T03:18:08.950Z [LOG] 尝试使用直接命令行方式生成缩略图
2025-05-26T03:18:08.950Z [LOG] 直接获取视频时长（秒数）
2025-05-26T03:18:08.950Z [PATH] 尝试获取FFprobe路径
2025-05-26T03:18:08.950Z [LOG] 使用配置的FFprobe路径: D:\code\cursor\looklook\node_modules\ffprobe-static\bin\win32\x64\ffprobe.exe
2025-05-26T03:18:08.951Z [PATH] 使用配置的FFprobe路径: D:\code\cursor\looklook\node_modules\ffprobe-static\bin\win32\x64\ffprobe.exe
2025-05-26T03:18:08.951Z [LOG] 在开发环境中使用ffprobe路径: D:\code\cursor\looklook\node_modules\ffprobe-static\bin\win32\x64\ffprobe.exe
2025-05-26T03:18:08.951Z [LOG] 执行命令: D:\code\cursor\looklook\node_modules\ffprobe-static\bin\win32\x64\ffprobe.exe -v error -show_entries format=duration -of default=noprint_wrappers=1:nokey=1 D:\Users\Videos\测试\SampleVideo_640x360_1mb.mp4
2025-05-26T03:18:09.007Z [LOG] 时长命令输出: 6.400000
2025-05-26T03:18:09.007Z [LOG] 成功获取视频时长: 6.4 秒
2025-05-26T03:18:09.007Z [LOG] 获取到视频时长: 6.4 秒, 准备截取缩略图
2025-05-26T03:18:09.008Z [LOG] 将在视频的 3 秒处截取缩略图 (随机生成)
2025-05-26T03:18:09.008Z [PATH] 尝试获取FFmpeg路径
2025-05-26T03:18:09.008Z [LOG] 使用配置的FFmpeg路径: D:\code\cursor\looklook\node_modules\ffmpeg-static\ffmpeg.exe
2025-05-26T03:18:09.008Z [PATH] 使用配置的FFmpeg路径: D:\code\cursor\looklook\node_modules\ffmpeg-static\ffmpeg.exe
2025-05-26T03:18:09.008Z [LOG] 执行命令: D:\code\cursor\looklook\node_modules\ffmpeg-static\ffmpeg.exe -i D:\Users\Videos\测试\SampleVideo_640x360_1mb.mp4 -ss 3 -vframes 1 -s 320x180 -y D:\code\cursor\looklook\userdata\thumbnails\1748229488433-RDpcVXNl.jpg
2025-05-26T03:18:09.086Z [LOG] 命令行方式成功生成缩略图: D:\code\cursor\looklook\userdata\thumbnails\1748229488433-RDpcVXNl.jpg
2025-05-26T03:18:09.086Z [LOG] 通过多步骤方法成功生成缩略图
2025-05-26T03:18:09.086Z [LOG] 设置已加载
2025-05-26T03:18:09.087Z [LOG] 获取视频分辨率: D:\Users\Videos\测试\SampleVideo_640x360_2mb.mp4
2025-05-26T03:18:09.087Z [MAIN] 开始获取视频分辨率: D:\Users\Videos\测试\SampleVideo_640x360_2mb.mp4
2025-05-26T03:18:09.087Z [LOG] 直接获取视频分辨率
2025-05-26T03:18:09.087Z [RESOLUTION] 开始获取视频分辨率: D:\Users\Videos\测试\SampleVideo_640x360_2mb.mp4
2025-05-26T03:18:09.087Z [PATH] 尝试获取FFprobe路径
2025-05-26T03:18:09.087Z [LOG] 使用配置的FFprobe路径: D:\code\cursor\looklook\node_modules\ffprobe-static\bin\win32\x64\ffprobe.exe
2025-05-26T03:18:09.088Z [PATH] 使用配置的FFprobe路径: D:\code\cursor\looklook\node_modules\ffprobe-static\bin\win32\x64\ffprobe.exe
2025-05-26T03:18:09.088Z [RESOLUTION] 在开发环境中使用ffprobe路径: D:\code\cursor\looklook\node_modules\ffprobe-static\bin\win32\x64\ffprobe.exe
2025-05-26T03:18:09.088Z [RESOLUTION] 检查ffprobe可执行文件是否存在: true
2025-05-26T03:18:09.088Z [LOG] 执行命令: "D:\code\cursor\looklook\node_modules\ffprobe-static\bin\win32\x64\ffprobe.exe" -v error -select_streams v:0 -show_entries stream=width,height -of csv=s=x:p=0 "D:\Users\Videos\测试\SampleVideo_640x360_2mb.mp4"
2025-05-26T03:18:09.088Z [RESOLUTION] 开始执行命令获取分辨率: "D:\code\cursor\looklook\node_modules\ffprobe-static\bin\win32\x64\ffprobe.exe" -v error -select_streams v:0 -show_entries stream=width,height -of csv=s=x:p=0 "D:\Users\Videos\测试\SampleVideo_640x360_2mb.mp4"
2025-05-26T03:18:09.149Z [RESOLUTION] 命令输出: "640x368"
2025-05-26T03:18:09.150Z [LOG] 成功解析分辨率: 640×368
2025-05-26T03:18:09.150Z [RESOLUTION] 成功解析分辨率: 640×368
2025-05-26T03:18:09.150Z [LOG] 获取视频时长: D:\Users\Videos\测试\SampleVideo_640x360_2mb.mp4
2025-05-26T03:18:09.150Z [MAIN] 开始获取视频时长: D:\Users\Videos\测试\SampleVideo_640x360_2mb.mp4
2025-05-26T03:18:09.151Z [LOG] 直接获取视频时长
2025-05-26T03:18:09.151Z [DURATION] 开始获取视频时长: D:\Users\Videos\测试\SampleVideo_640x360_2mb.mp4
2025-05-26T03:18:09.151Z [PATH] 尝试获取FFprobe路径
2025-05-26T03:18:09.151Z [LOG] 使用配置的FFprobe路径: D:\code\cursor\looklook\node_modules\ffprobe-static\bin\win32\x64\ffprobe.exe
2025-05-26T03:18:09.151Z [PATH] 使用配置的FFprobe路径: D:\code\cursor\looklook\node_modules\ffprobe-static\bin\win32\x64\ffprobe.exe
2025-05-26T03:18:09.151Z [DURATION] 在开发环境中使用ffprobe路径: D:\code\cursor\looklook\node_modules\ffprobe-static\bin\win32\x64\ffprobe.exe
2025-05-26T03:18:09.151Z [DURATION] 检查ffprobe可执行文件是否存在: true
2025-05-26T03:18:09.152Z [LOG] 执行命令: "D:\code\cursor\looklook\node_modules\ffprobe-static\bin\win32\x64\ffprobe.exe" -v error -show_entries format=duration -of default=noprint_wrappers=1:nokey=1 "D:\Users\Videos\测试\SampleVideo_640x360_2mb.mp4"
2025-05-26T03:18:09.152Z [DURATION] 开始执行命令获取时长: "D:\code\cursor\looklook\node_modules\ffprobe-static\bin\win32\x64\ffprobe.exe" -v error -show_entries format=duration -of default=noprint_wrappers=1:nokey=1 "D:\Users\Videos\测试\SampleVideo_640x360_2mb.mp4"
2025-05-26T03:18:09.214Z [DURATION] 命令输出: "15.190000"
2025-05-26T03:18:09.214Z [LOG] 成功解析时长: 00:00:15
2025-05-26T03:18:09.214Z [DURATION] 成功解析时长: 00:00:15
2025-05-26T03:18:09.214Z [LOG] 开始生成缩略图，视频路径: D:\Users\Videos\测试\SampleVideo_640x360_2mb.mp4
2025-05-26T03:18:09.215Z [LOG] 缩略图输出路径: D:\code\cursor\looklook\userdata\thumbnails\1748229489927-RDpcVXNl.jpg
2025-05-26T03:18:09.215Z [LOG] 生成随机时间点: 00:00:48
2025-05-26T03:18:09.215Z [LOG] 使用直接命令行ffmpeg生成缩略图
2025-05-26T03:18:09.216Z [PATH] 尝试获取FFmpeg路径
2025-05-26T03:18:09.216Z [LOG] 使用配置的FFmpeg路径: D:\code\cursor\looklook\node_modules\ffmpeg-static\ffmpeg.exe
2025-05-26T03:18:09.216Z [PATH] 使用配置的FFmpeg路径: D:\code\cursor\looklook\node_modules\ffmpeg-static\ffmpeg.exe
2025-05-26T03:18:09.216Z [LOG] 将使用时间点 00:00:48 生成缩略图
2025-05-26T03:18:09.216Z [LOG] 执行命令: D:\code\cursor\looklook\node_modules\ffmpeg-static\ffmpeg.exe -ss 00:00:48 -i D:\Users\Videos\测试\SampleVideo_640x360_2mb.mp4 -vframes 1 -s 320x180 -y D:\code\cursor\looklook\userdata\thumbnails\1748229489927-RDpcVXNl.jpg
2025-05-26T03:18:09.796Z [ERROR] 直接ffmpeg生成缩略图失败: Command failed: D:\code\cursor\looklook\node_modules\ffmpeg-static\ffmpeg.exe -ss 00:00:48 -i D:\Users\Videos\测试\SampleVideo_640x360_2mb.mp4 -vframes 1 -s 320x180 -y D:\code\cursor\looklook\userdata\thumbnails\1748229489927-RDpcVXNl.jpg
ffmpeg version 7.1.1-essentials_build-www.gyan.dev Copyright (c) 2000-2025 the FFmpeg developers
  built with gcc 14.2.0 (Rev1, Built by MSYS2 project)
  configuration: --enable-gpl --enable-version3 --enable-static --disable-w32threads --disable-autodetect --enable-fontconfig --enable-iconv --enable-gnutls --enable-libxml2 --enable-gmp --enable-bzlib --enable-lzma --enable-zlib --enable-libsrt --enable-libssh --enable-libzmq --enable-avisynth --enable-sdl2 --enable-libwebp --enable-libx264 --enable-libx265 --enable-libxvid --enable-libaom --enable-libopenjpeg --enable-libvpx --enable-mediafoundation --enable-libass --enable-libfreetype --enable-libfribidi --enable-libharfbuzz --enable-libvidstab --enable-libvmaf --enable-libzimg --enable-amf --enable-cuda-llvm --enable-cuvid --enable-dxva2 --enable-d3d11va --enable-d3d12va --enable-ffnvcodec --enable-libvpl --enable-nvdec --enable-nvenc --enable-vaapi --enable-libgme --enable-libopenmpt --enable-libopencore-amrwb --enable-libmp3lame --enable-libtheora --enable-libvo-amrwbenc --enable-libgsm --enable-libopencore-amrnb --enable-libopus --enable-libspeex --enable-libvorbis --enable-librubberband
  libavutil      59. 39.100 / 59. 39.100
  libavcodec     61. 19.101 / 61. 19.101
  libavformat    61.  7.100 / 61.  7.100
  libavdevice    61.  3.100 / 61.  3.100
  libavfilter    10.  4.100 / 10.  4.100
  libswscale      8.  3.100 /  8.  3.100
  libswresample   5.  3.100 /  5.  3.100
  libpostproc    58.  3.100 / 58.  3.100
Input #0, mov,mp4,m4a,3gp,3g2,mj2, from 'D:\Users\Videos\测试\SampleVideo_640x360_2mb.mp4':
  Metadata:
    major_brand     : isom
    minor_version   : 512
    compatible_brands: isomiso2mp41
    creation_time   : 1970-01-01T00:00:00.000000Z
    encoder         : Lavf53.24.2
  Duration: 00:00:15.19, start: 0.000000, bitrate: 1109 kb/s
  Stream #0:0[0x1](und): Video: mpeg4 (Simple Profile) (mp4v / 0x7634706D), yuv420p, 640x368 [SAR 1:1 DAR 40:23], 723 kb/s, 25 fps, 25 tbr, 12800 tbn (default)
      Metadata:
        creation_time   : 1970-01-01T00:00:00.000000Z
        handler_name    : VideoHandler
        vendor_id       : [0][0][0][0]
  Stream #0:1[0x2](und): Audio: aac (LC) (mp4a / 0x6134706D), 48000 Hz, 5.1, fltp, 382 kb/s (default)
      Metadata:
        creation_time   : 1970-01-01T00:00:00.000000Z
        handler_name    : SoundHandler
        vendor_id       : [0][0][0][0]
Stream mapping:
  Stream #0:0 -> #0:0 (mpeg4 (native) -> mjpeg (native))
Press [q] to stop, [?] for help
[vf#0:0 @ 000000000264bc80] No filtered frames for output stream, trying to initialize anyway.
[mjpeg @ 0000000002710bc0] Non full-range YUV is non-standard, set strict_std_compliance to at most unofficial to use it.
[vost#0:0/mjpeg @ 0000000002710840] Error while opening encoder - maybe incorrect parameters such as bit_rate, rate, width or height.
[vf#0:0 @ 000000000264b300] Task finished with error code: -22 (Invalid argument)
[vf#0:0 @ 000000000264b300] Terminating thread with return code -22 (Invalid argument)
[vost#0:0/mjpeg @ 0000000002710840] Could not open encoder before EOF
[vost#0:0/mjpeg @ 0000000002710840] Task finished with error code: -22 (Invalid argument)
[vost#0:0/mjpeg @ 0000000002710840] Terminating thread with return code -22 (Invalid argument)
[out#0/image2 @ 0000000002640780] Nothing was written into output file, because at least one of its streams received no packets.
frame=    0 fps=0.0 q=0.0 Lsize=       0KiB time=N/A bitrate=N/A speed=N/A    
Conversion failed!

2025-05-26T03:18:09.799Z [ERROR] STDERR: ffmpeg version 7.1.1-essentials_build-www.gyan.dev Copyright (c) 2000-2025 the FFmpeg developers
  built with gcc 14.2.0 (Rev1, Built by MSYS2 project)
  configuration: --enable-gpl --enable-version3 --enable-static --disable-w32threads --disable-autodetect --enable-fontconfig --enable-iconv --enable-gnutls --enable-libxml2 --enable-gmp --enable-bzlib --enable-lzma --enable-zlib --enable-libsrt --enable-libssh --enable-libzmq --enable-avisynth --enable-sdl2 --enable-libwebp --enable-libx264 --enable-libx265 --enable-libxvid --enable-libaom --enable-libopenjpeg --enable-libvpx --enable-mediafoundation --enable-libass --enable-libfreetype --enable-libfribidi --enable-libharfbuzz --enable-libvidstab --enable-libvmaf --enable-libzimg --enable-amf --enable-cuda-llvm --enable-cuvid --enable-dxva2 --enable-d3d11va --enable-d3d12va --enable-ffnvcodec --enable-libvpl --enable-nvdec --enable-nvenc --enable-vaapi --enable-libgme --enable-libopenmpt --enable-libopencore-amrwb --enable-libmp3lame --enable-libtheora --enable-libvo-amrwbenc --enable-libgsm --enable-libopencore-amrnb --enable-libopus --enable-libspeex --enable-libvorbis --enable-librubberband
  libavutil      59. 39.100 / 59. 39.100
  libavcodec     61. 19.101 / 61. 19.101
  libavformat    61.  7.100 / 61.  7.100
  libavdevice    61.  3.100 / 61.  3.100
  libavfilter    10.  4.100 / 10.  4.100
  libswscale      8.  3.100 /  8.  3.100
  libswresample   5.  3.100 /  5.  3.100
  libpostproc    58.  3.100 / 58.  3.100
Input #0, mov,mp4,m4a,3gp,3g2,mj2, from 'D:\Users\Videos\测试\SampleVideo_640x360_2mb.mp4':
  Metadata:
    major_brand     : isom
    minor_version   : 512
    compatible_brands: isomiso2mp41
    creation_time   : 1970-01-01T00:00:00.000000Z
    encoder         : Lavf53.24.2
  Duration: 00:00:15.19, start: 0.000000, bitrate: 1109 kb/s
  Stream #0:0[0x1](und): Video: mpeg4 (Simple Profile) (mp4v / 0x7634706D), yuv420p, 640x368 [SAR 1:1 DAR 40:23], 723 kb/s, 25 fps, 25 tbr, 12800 tbn (default)
      Metadata:
        creation_time   : 1970-01-01T00:00:00.000000Z
        handler_name    : VideoHandler
        vendor_id       : [0][0][0][0]
  Stream #0:1[0x2](und): Audio: aac (LC) (mp4a / 0x6134706D), 48000 Hz, 5.1, fltp, 382 kb/s (default)
      Metadata:
        creation_time   : 1970-01-01T00:00:00.000000Z
        handler_name    : SoundHandler
        vendor_id       : [0][0][0][0]
Stream mapping:
  Stream #0:0 -> #0:0 (mpeg4 (native) -> mjpeg (native))
Press [q] to stop, [?] for help
[vf#0:0 @ 000000000264bc80] No filtered frames for output stream, trying to initialize anyway.
[mjpeg @ 0000000002710bc0] Non full-range YUV is non-standard, set strict_std_compliance to at most unofficial to use it.
[vost#0:0/mjpeg @ 0000000002710840] Error while opening encoder - maybe incorrect parameters such as bit_rate, rate, width or height.
[vf#0:0 @ 000000000264b300] Task finished with error code: -22 (Invalid argument)
[vf#0:0 @ 000000000264b300] Terminating thread with return code -22 (Invalid argument)
[vost#0:0/mjpeg @ 0000000002710840] Could not open encoder before EOF
[vost#0:0/mjpeg @ 0000000002710840] Task finished with error code: -22 (Invalid argument)
[vost#0:0/mjpeg @ 0000000002710840] Terminating thread with return code -22 (Invalid argument)
[out#0/image2 @ 0000000002640780] Nothing was written into output file, because at least one of its streams received no packets.
frame=    0 fps=0.0 q=0.0 Lsize=       0KiB time=N/A bitrate=N/A speed=N/A    
Conversion failed!

2025-05-26T03:18:09.804Z [ERROR] 直接ffmpeg命令生成缩略图失败: Command failed: D:\code\cursor\looklook\node_modules\ffmpeg-static\ffmpeg.exe -ss 00:00:48 -i D:\Users\Videos\测试\SampleVideo_640x360_2mb.mp4 -vframes 1 -s 320x180 -y D:\code\cursor\looklook\userdata\thumbnails\1748229489927-RDpcVXNl.jpg
ffmpeg version 7.1.1-essentials_build-www.gyan.dev Copyright (c) 2000-2025 the FFmpeg developers
  built with gcc 14.2.0 (Rev1, Built by MSYS2 project)
  configuration: --enable-gpl --enable-version3 --enable-static --disable-w32threads --disable-autodetect --enable-fontconfig --enable-iconv --enable-gnutls --enable-libxml2 --enable-gmp --enable-bzlib --enable-lzma --enable-zlib --enable-libsrt --enable-libssh --enable-libzmq --enable-avisynth --enable-sdl2 --enable-libwebp --enable-libx264 --enable-libx265 --enable-libxvid --enable-libaom --enable-libopenjpeg --enable-libvpx --enable-mediafoundation --enable-libass --enable-libfreetype --enable-libfribidi --enable-libharfbuzz --enable-libvidstab --enable-libvmaf --enable-libzimg --enable-amf --enable-cuda-llvm --enable-cuvid --enable-dxva2 --enable-d3d11va --enable-d3d12va --enable-ffnvcodec --enable-libvpl --enable-nvdec --enable-nvenc --enable-vaapi --enable-libgme --enable-libopenmpt --enable-libopencore-amrwb --enable-libmp3lame --enable-libtheora --enable-libvo-amrwbenc --enable-libgsm --enable-libopencore-amrnb --enable-libopus --enable-libspeex --enable-libvorbis --enable-librubberband
  libavutil      59. 39.100 / 59. 39.100
  libavcodec     61. 19.101 / 61. 19.101
  libavformat    61.  7.100 / 61.  7.100
  libavdevice    61.  3.100 / 61.  3.100
  libavfilter    10.  4.100 / 10.  4.100
  libswscale      8.  3.100 /  8.  3.100
  libswresample   5.  3.100 /  5.  3.100
  libpostproc    58.  3.100 / 58.  3.100
Input #0, mov,mp4,m4a,3gp,3g2,mj2, from 'D:\Users\Videos\测试\SampleVideo_640x360_2mb.mp4':
  Metadata:
    major_brand     : isom
    minor_version   : 512
    compatible_brands: isomiso2mp41
    creation_time   : 1970-01-01T00:00:00.000000Z
    encoder         : Lavf53.24.2
  Duration: 00:00:15.19, start: 0.000000, bitrate: 1109 kb/s
  Stream #0:0[0x1](und): Video: mpeg4 (Simple Profile) (mp4v / 0x7634706D), yuv420p, 640x368 [SAR 1:1 DAR 40:23], 723 kb/s, 25 fps, 25 tbr, 12800 tbn (default)
      Metadata:
        creation_time   : 1970-01-01T00:00:00.000000Z
        handler_name    : VideoHandler
        vendor_id       : [0][0][0][0]
  Stream #0:1[0x2](und): Audio: aac (LC) (mp4a / 0x6134706D), 48000 Hz, 5.1, fltp, 382 kb/s (default)
      Metadata:
        creation_time   : 1970-01-01T00:00:00.000000Z
        handler_name    : SoundHandler
        vendor_id       : [0][0][0][0]
Stream mapping:
  Stream #0:0 -> #0:0 (mpeg4 (native) -> mjpeg (native))
Press [q] to stop, [?] for help
[vf#0:0 @ 000000000264bc80] No filtered frames for output stream, trying to initialize anyway.
[mjpeg @ 0000000002710bc0] Non full-range YUV is non-standard, set strict_std_compliance to at most unofficial to use it.
[vost#0:0/mjpeg @ 0000000002710840] Error while opening encoder - maybe incorrect parameters such as bit_rate, rate, width or height.
[vf#0:0 @ 000000000264b300] Task finished with error code: -22 (Invalid argument)
[vf#0:0 @ 000000000264b300] Terminating thread with return code -22 (Invalid argument)
[vost#0:0/mjpeg @ 0000000002710840] Could not open encoder before EOF
[vost#0:0/mjpeg @ 0000000002710840] Task finished with error code: -22 (Invalid argument)
[vost#0:0/mjpeg @ 0000000002710840] Terminating thread with return code -22 (Invalid argument)
[out#0/image2 @ 0000000002640780] Nothing was written into output file, because at least one of its streams received no packets.
frame=    0 fps=0.0 q=0.0 Lsize=       0KiB time=N/A bitrate=N/A speed=N/A    
Conversion failed!

2025-05-26T03:18:09.805Z [LOG] 尝试使用直接命令行方式生成缩略图
2025-05-26T03:18:09.805Z [LOG] 直接获取视频时长（秒数）
2025-05-26T03:18:09.805Z [PATH] 尝试获取FFprobe路径
2025-05-26T03:18:09.806Z [LOG] 使用配置的FFprobe路径: D:\code\cursor\looklook\node_modules\ffprobe-static\bin\win32\x64\ffprobe.exe
2025-05-26T03:18:09.806Z [PATH] 使用配置的FFprobe路径: D:\code\cursor\looklook\node_modules\ffprobe-static\bin\win32\x64\ffprobe.exe
2025-05-26T03:18:09.806Z [LOG] 在开发环境中使用ffprobe路径: D:\code\cursor\looklook\node_modules\ffprobe-static\bin\win32\x64\ffprobe.exe
2025-05-26T03:18:09.807Z [LOG] 执行命令: D:\code\cursor\looklook\node_modules\ffprobe-static\bin\win32\x64\ffprobe.exe -v error -show_entries format=duration -of default=noprint_wrappers=1:nokey=1 D:\Users\Videos\测试\SampleVideo_640x360_2mb.mp4
2025-05-26T03:18:09.871Z [LOG] 时长命令输出: 15.190000
2025-05-26T03:18:09.871Z [LOG] 成功获取视频时长: 15.19 秒
2025-05-26T03:18:09.872Z [LOG] 获取到视频时长: 15.19 秒, 准备截取缩略图
2025-05-26T03:18:09.872Z [LOG] 将在视频的 4 秒处截取缩略图 (随机生成)
2025-05-26T03:18:09.872Z [PATH] 尝试获取FFmpeg路径
2025-05-26T03:18:09.872Z [LOG] 使用配置的FFmpeg路径: D:\code\cursor\looklook\node_modules\ffmpeg-static\ffmpeg.exe
2025-05-26T03:18:09.872Z [PATH] 使用配置的FFmpeg路径: D:\code\cursor\looklook\node_modules\ffmpeg-static\ffmpeg.exe
2025-05-26T03:18:09.872Z [LOG] 执行命令: D:\code\cursor\looklook\node_modules\ffmpeg-static\ffmpeg.exe -i D:\Users\Videos\测试\SampleVideo_640x360_2mb.mp4 -ss 4 -vframes 1 -s 320x180 -y D:\code\cursor\looklook\userdata\thumbnails\1748229489927-RDpcVXNl.jpg
2025-05-26T03:18:09.954Z [LOG] 命令行方式成功生成缩略图: D:\code\cursor\looklook\userdata\thumbnails\1748229489927-RDpcVXNl.jpg
2025-05-26T03:18:09.954Z [LOG] 通过多步骤方法成功生成缩略图
2025-05-26T03:18:09.955Z [LOG] 设置已加载
2025-05-26T03:18:09.955Z [LOG] 获取视频分辨率: D:\Users\Videos\测试\SampleVideo_720x480_10mb.mp4
2025-05-26T03:18:09.955Z [MAIN] 开始获取视频分辨率: D:\Users\Videos\测试\SampleVideo_720x480_10mb.mp4
2025-05-26T03:18:09.955Z [LOG] 直接获取视频分辨率
2025-05-26T03:18:09.955Z [RESOLUTION] 开始获取视频分辨率: D:\Users\Videos\测试\SampleVideo_720x480_10mb.mp4
2025-05-26T03:18:09.955Z [PATH] 尝试获取FFprobe路径
2025-05-26T03:18:09.956Z [LOG] 使用配置的FFprobe路径: D:\code\cursor\looklook\node_modules\ffprobe-static\bin\win32\x64\ffprobe.exe
2025-05-26T03:18:09.956Z [PATH] 使用配置的FFprobe路径: D:\code\cursor\looklook\node_modules\ffprobe-static\bin\win32\x64\ffprobe.exe
2025-05-26T03:18:09.956Z [RESOLUTION] 在开发环境中使用ffprobe路径: D:\code\cursor\looklook\node_modules\ffprobe-static\bin\win32\x64\ffprobe.exe
2025-05-26T03:18:09.956Z [RESOLUTION] 检查ffprobe可执行文件是否存在: true
2025-05-26T03:18:09.956Z [LOG] 执行命令: "D:\code\cursor\looklook\node_modules\ffprobe-static\bin\win32\x64\ffprobe.exe" -v error -select_streams v:0 -show_entries stream=width,height -of csv=s=x:p=0 "D:\Users\Videos\测试\SampleVideo_720x480_10mb.mp4"
2025-05-26T03:18:09.956Z [RESOLUTION] 开始执行命令获取分辨率: "D:\code\cursor\looklook\node_modules\ffprobe-static\bin\win32\x64\ffprobe.exe" -v error -select_streams v:0 -show_entries stream=width,height -of csv=s=x:p=0 "D:\Users\Videos\测试\SampleVideo_720x480_10mb.mp4"
2025-05-26T03:18:10.022Z [RESOLUTION] 命令输出: "640x480"
2025-05-26T03:18:10.022Z [LOG] 成功解析分辨率: 640×480
2025-05-26T03:18:10.022Z [RESOLUTION] 成功解析分辨率: 640×480
2025-05-26T03:18:10.023Z [LOG] 获取视频时长: D:\Users\Videos\测试\SampleVideo_720x480_10mb.mp4
2025-05-26T03:18:10.023Z [MAIN] 开始获取视频时长: D:\Users\Videos\测试\SampleVideo_720x480_10mb.mp4
2025-05-26T03:18:10.023Z [LOG] 直接获取视频时长
2025-05-26T03:18:10.023Z [DURATION] 开始获取视频时长: D:\Users\Videos\测试\SampleVideo_720x480_10mb.mp4
2025-05-26T03:18:10.023Z [PATH] 尝试获取FFprobe路径
2025-05-26T03:18:10.024Z [LOG] 使用配置的FFprobe路径: D:\code\cursor\looklook\node_modules\ffprobe-static\bin\win32\x64\ffprobe.exe
2025-05-26T03:18:10.024Z [PATH] 使用配置的FFprobe路径: D:\code\cursor\looklook\node_modules\ffprobe-static\bin\win32\x64\ffprobe.exe
2025-05-26T03:18:10.024Z [DURATION] 在开发环境中使用ffprobe路径: D:\code\cursor\looklook\node_modules\ffprobe-static\bin\win32\x64\ffprobe.exe
2025-05-26T03:18:10.024Z [DURATION] 检查ffprobe可执行文件是否存在: true
2025-05-26T03:18:10.024Z [LOG] 执行命令: "D:\code\cursor\looklook\node_modules\ffprobe-static\bin\win32\x64\ffprobe.exe" -v error -show_entries format=duration -of default=noprint_wrappers=1:nokey=1 "D:\Users\Videos\测试\SampleVideo_720x480_10mb.mp4"
2025-05-26T03:18:10.024Z [DURATION] 开始执行命令获取时长: "D:\code\cursor\looklook\node_modules\ffprobe-static\bin\win32\x64\ffprobe.exe" -v error -show_entries format=duration -of default=noprint_wrappers=1:nokey=1 "D:\Users\Videos\测试\SampleVideo_720x480_10mb.mp4"
2025-05-26T03:18:10.093Z [DURATION] 命令输出: "66.200000"
2025-05-26T03:18:10.093Z [LOG] 成功解析时长: 00:01:06
2025-05-26T03:18:10.093Z [DURATION] 成功解析时长: 00:01:06
2025-05-26T03:18:10.094Z [LOG] 开始生成缩略图，视频路径: D:\Users\Videos\测试\SampleVideo_720x480_10mb.mp4
2025-05-26T03:18:10.094Z [LOG] 缩略图输出路径: D:\code\cursor\looklook\userdata\thumbnails\1748229490947-RDpcVXNl.jpg
2025-05-26T03:18:10.094Z [LOG] 生成随机时间点: 00:00:38
2025-05-26T03:18:10.094Z [LOG] 使用直接命令行ffmpeg生成缩略图
2025-05-26T03:18:10.095Z [PATH] 尝试获取FFmpeg路径
2025-05-26T03:18:10.095Z [LOG] 使用配置的FFmpeg路径: D:\code\cursor\looklook\node_modules\ffmpeg-static\ffmpeg.exe
2025-05-26T03:18:10.095Z [PATH] 使用配置的FFmpeg路径: D:\code\cursor\looklook\node_modules\ffmpeg-static\ffmpeg.exe
2025-05-26T03:18:10.095Z [LOG] 将使用时间点 00:00:38 生成缩略图
2025-05-26T03:18:10.095Z [LOG] 执行命令: D:\code\cursor\looklook\node_modules\ffmpeg-static\ffmpeg.exe -ss 00:00:38 -i D:\Users\Videos\测试\SampleVideo_720x480_10mb.mp4 -vframes 1 -s 320x180 -y D:\code\cursor\looklook\userdata\thumbnails\1748229490947-RDpcVXNl.jpg
2025-05-26T03:18:10.206Z [LOG] 直接ffmpeg成功生成缩略图: D:\code\cursor\looklook\userdata\thumbnails\1748229490947-RDpcVXNl.jpg
2025-05-26T03:18:10.207Z [LOG] 通过直接ffmpeg命令生成缩略图成功
2025-05-26T03:18:10.207Z [LOG] 设置已加载
2025-05-26T03:18:10.207Z [LOG] 获取视频分辨率: D:\Users\Videos\测试\SampleVideo_720x480_1mb.mp4
2025-05-26T03:18:10.207Z [MAIN] 开始获取视频分辨率: D:\Users\Videos\测试\SampleVideo_720x480_1mb.mp4
2025-05-26T03:18:10.208Z [LOG] 直接获取视频分辨率
2025-05-26T03:18:10.208Z [RESOLUTION] 开始获取视频分辨率: D:\Users\Videos\测试\SampleVideo_720x480_1mb.mp4
2025-05-26T03:18:10.208Z [PATH] 尝试获取FFprobe路径
2025-05-26T03:18:10.208Z [LOG] 使用配置的FFprobe路径: D:\code\cursor\looklook\node_modules\ffprobe-static\bin\win32\x64\ffprobe.exe
2025-05-26T03:18:10.208Z [PATH] 使用配置的FFprobe路径: D:\code\cursor\looklook\node_modules\ffprobe-static\bin\win32\x64\ffprobe.exe
2025-05-26T03:18:10.208Z [RESOLUTION] 在开发环境中使用ffprobe路径: D:\code\cursor\looklook\node_modules\ffprobe-static\bin\win32\x64\ffprobe.exe
2025-05-26T03:18:10.208Z [RESOLUTION] 检查ffprobe可执行文件是否存在: true
2025-05-26T03:18:10.209Z [LOG] 执行命令: "D:\code\cursor\looklook\node_modules\ffprobe-static\bin\win32\x64\ffprobe.exe" -v error -select_streams v:0 -show_entries stream=width,height -of csv=s=x:p=0 "D:\Users\Videos\测试\SampleVideo_720x480_1mb.mp4"
2025-05-26T03:18:10.209Z [RESOLUTION] 开始执行命令获取分辨率: "D:\code\cursor\looklook\node_modules\ffprobe-static\bin\win32\x64\ffprobe.exe" -v error -select_streams v:0 -show_entries stream=width,height -of csv=s=x:p=0 "D:\Users\Videos\测试\SampleVideo_720x480_1mb.mp4"
2025-05-26T03:18:10.273Z [RESOLUTION] 命令输出: "640x480"
2025-05-26T03:18:10.273Z [LOG] 成功解析分辨率: 640×480
2025-05-26T03:18:10.274Z [RESOLUTION] 成功解析分辨率: 640×480
2025-05-26T03:18:10.274Z [LOG] 获取视频时长: D:\Users\Videos\测试\SampleVideo_720x480_1mb.mp4
2025-05-26T03:18:10.274Z [MAIN] 开始获取视频时长: D:\Users\Videos\测试\SampleVideo_720x480_1mb.mp4
2025-05-26T03:18:10.274Z [LOG] 直接获取视频时长
2025-05-26T03:18:10.274Z [DURATION] 开始获取视频时长: D:\Users\Videos\测试\SampleVideo_720x480_1mb.mp4
2025-05-26T03:18:10.274Z [PATH] 尝试获取FFprobe路径
2025-05-26T03:18:10.274Z [LOG] 使用配置的FFprobe路径: D:\code\cursor\looklook\node_modules\ffprobe-static\bin\win32\x64\ffprobe.exe
2025-05-26T03:18:10.275Z [PATH] 使用配置的FFprobe路径: D:\code\cursor\looklook\node_modules\ffprobe-static\bin\win32\x64\ffprobe.exe
2025-05-26T03:18:10.275Z [DURATION] 在开发环境中使用ffprobe路径: D:\code\cursor\looklook\node_modules\ffprobe-static\bin\win32\x64\ffprobe.exe
2025-05-26T03:18:10.275Z [DURATION] 检查ffprobe可执行文件是否存在: true
2025-05-26T03:18:10.275Z [LOG] 执行命令: "D:\code\cursor\looklook\node_modules\ffprobe-static\bin\win32\x64\ffprobe.exe" -v error -show_entries format=duration -of default=noprint_wrappers=1:nokey=1 "D:\Users\Videos\测试\SampleVideo_720x480_1mb.mp4"
2025-05-26T03:18:10.275Z [DURATION] 开始执行命令获取时长: "D:\code\cursor\looklook\node_modules\ffprobe-static\bin\win32\x64\ffprobe.exe" -v error -show_entries format=duration -of default=noprint_wrappers=1:nokey=1 "D:\Users\Videos\测试\SampleVideo_720x480_1mb.mp4"
2025-05-26T03:18:10.342Z [DURATION] 命令输出: "5.803000"
2025-05-26T03:18:10.342Z [LOG] 成功解析时长: 00:00:05
2025-05-26T03:18:10.342Z [DURATION] 成功解析时长: 00:00:05
2025-05-26T03:18:10.342Z [LOG] 开始生成缩略图，视频路径: D:\Users\Videos\测试\SampleVideo_720x480_1mb.mp4
2025-05-26T03:18:10.343Z [LOG] 缩略图输出路径: D:\code\cursor\looklook\userdata\thumbnails\1748229491080-RDpcVXNl.jpg
2025-05-26T03:18:10.343Z [LOG] 生成随机时间点: 00:00:19
2025-05-26T03:18:10.343Z [LOG] 使用直接命令行ffmpeg生成缩略图
2025-05-26T03:18:10.343Z [PATH] 尝试获取FFmpeg路径
2025-05-26T03:18:10.344Z [LOG] 使用配置的FFmpeg路径: D:\code\cursor\looklook\node_modules\ffmpeg-static\ffmpeg.exe
2025-05-26T03:18:10.344Z [PATH] 使用配置的FFmpeg路径: D:\code\cursor\looklook\node_modules\ffmpeg-static\ffmpeg.exe
2025-05-26T03:18:10.344Z [LOG] 将使用时间点 00:00:19 生成缩略图
2025-05-26T03:18:10.344Z [LOG] 执行命令: D:\code\cursor\looklook\node_modules\ffmpeg-static\ffmpeg.exe -ss 00:00:19 -i D:\Users\Videos\测试\SampleVideo_720x480_1mb.mp4 -vframes 1 -s 320x180 -y D:\code\cursor\looklook\userdata\thumbnails\1748229491080-RDpcVXNl.jpg
2025-05-26T03:18:10.948Z [ERROR] 直接ffmpeg生成缩略图失败: Command failed: D:\code\cursor\looklook\node_modules\ffmpeg-static\ffmpeg.exe -ss 00:00:19 -i D:\Users\Videos\测试\SampleVideo_720x480_1mb.mp4 -vframes 1 -s 320x180 -y D:\code\cursor\looklook\userdata\thumbnails\1748229491080-RDpcVXNl.jpg
ffmpeg version 7.1.1-essentials_build-www.gyan.dev Copyright (c) 2000-2025 the FFmpeg developers
  built with gcc 14.2.0 (Rev1, Built by MSYS2 project)
  configuration: --enable-gpl --enable-version3 --enable-static --disable-w32threads --disable-autodetect --enable-fontconfig --enable-iconv --enable-gnutls --enable-libxml2 --enable-gmp --enable-bzlib --enable-lzma --enable-zlib --enable-libsrt --enable-libssh --enable-libzmq --enable-avisynth --enable-sdl2 --enable-libwebp --enable-libx264 --enable-libx265 --enable-libxvid --enable-libaom --enable-libopenjpeg --enable-libvpx --enable-mediafoundation --enable-libass --enable-libfreetype --enable-libfribidi --enable-libharfbuzz --enable-libvidstab --enable-libvmaf --enable-libzimg --enable-amf --enable-cuda-llvm --enable-cuvid --enable-dxva2 --enable-d3d11va --enable-d3d12va --enable-ffnvcodec --enable-libvpl --enable-nvdec --enable-nvenc --enable-vaapi --enable-libgme --enable-libopenmpt --enable-libopencore-amrwb --enable-libmp3lame --enable-libtheora --enable-libvo-amrwbenc --enable-libgsm --enable-libopencore-amrnb --enable-libopus --enable-libspeex --enable-libvorbis --enable-librubberband
  libavutil      59. 39.100 / 59. 39.100
  libavcodec     61. 19.101 / 61. 19.101
  libavformat    61.  7.100 / 61.  7.100
  libavdevice    61.  3.100 / 61.  3.100
  libavfilter    10.  4.100 / 10.  4.100
  libswscale      8.  3.100 /  8.  3.100
  libswresample   5.  3.100 /  5.  3.100
  libpostproc    58.  3.100 / 58.  3.100
Input #0, mov,mp4,m4a,3gp,3g2,mj2, from 'D:\Users\Videos\测试\SampleVideo_720x480_1mb.mp4':
  Metadata:
    major_brand     : isom
    minor_version   : 512
    compatible_brands: isomiso2avc1mp41
    creation_time   : 1970-01-01T00:00:00.000000Z
    encoder         : Lavf53.24.2
  Duration: 00:00:05.80, start: 0.000000, bitrate: 1457 kb/s
  Stream #0:0[0x1](und): Video: h264 (Main) (avc1 / 0x31637661), yuv420p(progressive), 640x480 [SAR 1:1 DAR 4:3], 1066 kb/s, 25 fps, 25 tbr, 12800 tbn (default)
      Metadata:
        creation_time   : 1970-01-01T00:00:00.000000Z
        handler_name    : VideoHandler
        vendor_id       : [0][0][0][0]
  Stream #0:1[0x2](und): Audio: aac (LC) (mp4a / 0x6134706D), 48000 Hz, 5.1, fltp, 384 kb/s (default)
      Metadata:
        creation_time   : 1970-01-01T00:00:00.000000Z
        handler_name    : SoundHandler
        vendor_id       : [0][0][0][0]
Stream mapping:
  Stream #0:0 -> #0:0 (h264 (native) -> mjpeg (native))
Press [q] to stop, [?] for help
[vf#0:0 @ 00000000025fc440] No filtered frames for output stream, trying to initialize anyway.
[mjpeg @ 00000000025fbd80] Non full-range YUV is non-standard, set strict_std_compliance to at most unofficial to use it.
[vost#0:0/mjpeg @ 0000000002611c40] Error while opening encoder - maybe incorrect parameters such as bit_rate, rate, width or height.
[vf#0:0 @ 00000000028bde00] Task finished with error code: -22 (Invalid argument)
[vf#0:0 @ 00000000028bde00] Terminating thread with return code -22 (Invalid argument)
[vost#0:0/mjpeg @ 0000000002611c40] Could not open encoder before EOF
[vost#0:0/mjpeg @ 0000000002611c40] Task finished with error code: -22 (Invalid argument)
[vost#0:0/mjpeg @ 0000000002611c40] Terminating thread with return code -22 (Invalid argument)
[out#0/image2 @ 00000000025f0780] Nothing was written into output file, because at least one of its streams received no packets.
frame=    0 fps=0.0 q=0.0 Lsize=       0KiB time=N/A bitrate=N/A speed=N/A    
Conversion failed!

2025-05-26T03:18:10.953Z [ERROR] STDERR: ffmpeg version 7.1.1-essentials_build-www.gyan.dev Copyright (c) 2000-2025 the FFmpeg developers
  built with gcc 14.2.0 (Rev1, Built by MSYS2 project)
  configuration: --enable-gpl --enable-version3 --enable-static --disable-w32threads --disable-autodetect --enable-fontconfig --enable-iconv --enable-gnutls --enable-libxml2 --enable-gmp --enable-bzlib --enable-lzma --enable-zlib --enable-libsrt --enable-libssh --enable-libzmq --enable-avisynth --enable-sdl2 --enable-libwebp --enable-libx264 --enable-libx265 --enable-libxvid --enable-libaom --enable-libopenjpeg --enable-libvpx --enable-mediafoundation --enable-libass --enable-libfreetype --enable-libfribidi --enable-libharfbuzz --enable-libvidstab --enable-libvmaf --enable-libzimg --enable-amf --enable-cuda-llvm --enable-cuvid --enable-dxva2 --enable-d3d11va --enable-d3d12va --enable-ffnvcodec --enable-libvpl --enable-nvdec --enable-nvenc --enable-vaapi --enable-libgme --enable-libopenmpt --enable-libopencore-amrwb --enable-libmp3lame --enable-libtheora --enable-libvo-amrwbenc --enable-libgsm --enable-libopencore-amrnb --enable-libopus --enable-libspeex --enable-libvorbis --enable-librubberband
  libavutil      59. 39.100 / 59. 39.100
  libavcodec     61. 19.101 / 61. 19.101
  libavformat    61.  7.100 / 61.  7.100
  libavdevice    61.  3.100 / 61.  3.100
  libavfilter    10.  4.100 / 10.  4.100
  libswscale      8.  3.100 /  8.  3.100
  libswresample   5.  3.100 /  5.  3.100
  libpostproc    58.  3.100 / 58.  3.100
Input #0, mov,mp4,m4a,3gp,3g2,mj2, from 'D:\Users\Videos\测试\SampleVideo_720x480_1mb.mp4':
  Metadata:
    major_brand     : isom
    minor_version   : 512
    compatible_brands: isomiso2avc1mp41
    creation_time   : 1970-01-01T00:00:00.000000Z
    encoder         : Lavf53.24.2
  Duration: 00:00:05.80, start: 0.000000, bitrate: 1457 kb/s
  Stream #0:0[0x1](und): Video: h264 (Main) (avc1 / 0x31637661), yuv420p(progressive), 640x480 [SAR 1:1 DAR 4:3], 1066 kb/s, 25 fps, 25 tbr, 12800 tbn (default)
      Metadata:
        creation_time   : 1970-01-01T00:00:00.000000Z
        handler_name    : VideoHandler
        vendor_id       : [0][0][0][0]
  Stream #0:1[0x2](und): Audio: aac (LC) (mp4a / 0x6134706D), 48000 Hz, 5.1, fltp, 384 kb/s (default)
      Metadata:
        creation_time   : 1970-01-01T00:00:00.000000Z
        handler_name    : SoundHandler
        vendor_id       : [0][0][0][0]
Stream mapping:
  Stream #0:0 -> #0:0 (h264 (native) -> mjpeg (native))
Press [q] to stop, [?] for help
[vf#0:0 @ 00000000025fc440] No filtered frames for output stream, trying to initialize anyway.
[mjpeg @ 00000000025fbd80] Non full-range YUV is non-standard, set strict_std_compliance to at most unofficial to use it.
[vost#0:0/mjpeg @ 0000000002611c40] Error while opening encoder - maybe incorrect parameters such as bit_rate, rate, width or height.
[vf#0:0 @ 00000000028bde00] Task finished with error code: -22 (Invalid argument)
[vf#0:0 @ 00000000028bde00] Terminating thread with return code -22 (Invalid argument)
[vost#0:0/mjpeg @ 0000000002611c40] Could not open encoder before EOF
[vost#0:0/mjpeg @ 0000000002611c40] Task finished with error code: -22 (Invalid argument)
[vost#0:0/mjpeg @ 0000000002611c40] Terminating thread with return code -22 (Invalid argument)
[out#0/image2 @ 00000000025f0780] Nothing was written into output file, because at least one of its streams received no packets.
frame=    0 fps=0.0 q=0.0 Lsize=       0KiB time=N/A bitrate=N/A speed=N/A    
Conversion failed!

2025-05-26T03:18:10.956Z [ERROR] 直接ffmpeg命令生成缩略图失败: Command failed: D:\code\cursor\looklook\node_modules\ffmpeg-static\ffmpeg.exe -ss 00:00:19 -i D:\Users\Videos\测试\SampleVideo_720x480_1mb.mp4 -vframes 1 -s 320x180 -y D:\code\cursor\looklook\userdata\thumbnails\1748229491080-RDpcVXNl.jpg
ffmpeg version 7.1.1-essentials_build-www.gyan.dev Copyright (c) 2000-2025 the FFmpeg developers
  built with gcc 14.2.0 (Rev1, Built by MSYS2 project)
  configuration: --enable-gpl --enable-version3 --enable-static --disable-w32threads --disable-autodetect --enable-fontconfig --enable-iconv --enable-gnutls --enable-libxml2 --enable-gmp --enable-bzlib --enable-lzma --enable-zlib --enable-libsrt --enable-libssh --enable-libzmq --enable-avisynth --enable-sdl2 --enable-libwebp --enable-libx264 --enable-libx265 --enable-libxvid --enable-libaom --enable-libopenjpeg --enable-libvpx --enable-mediafoundation --enable-libass --enable-libfreetype --enable-libfribidi --enable-libharfbuzz --enable-libvidstab --enable-libvmaf --enable-libzimg --enable-amf --enable-cuda-llvm --enable-cuvid --enable-dxva2 --enable-d3d11va --enable-d3d12va --enable-ffnvcodec --enable-libvpl --enable-nvdec --enable-nvenc --enable-vaapi --enable-libgme --enable-libopenmpt --enable-libopencore-amrwb --enable-libmp3lame --enable-libtheora --enable-libvo-amrwbenc --enable-libgsm --enable-libopencore-amrnb --enable-libopus --enable-libspeex --enable-libvorbis --enable-librubberband
  libavutil      59. 39.100 / 59. 39.100
  libavcodec     61. 19.101 / 61. 19.101
  libavformat    61.  7.100 / 61.  7.100
  libavdevice    61.  3.100 / 61.  3.100
  libavfilter    10.  4.100 / 10.  4.100
  libswscale      8.  3.100 /  8.  3.100
  libswresample   5.  3.100 /  5.  3.100
  libpostproc    58.  3.100 / 58.  3.100
Input #0, mov,mp4,m4a,3gp,3g2,mj2, from 'D:\Users\Videos\测试\SampleVideo_720x480_1mb.mp4':
  Metadata:
    major_brand     : isom
    minor_version   : 512
    compatible_brands: isomiso2avc1mp41
    creation_time   : 1970-01-01T00:00:00.000000Z
    encoder         : Lavf53.24.2
  Duration: 00:00:05.80, start: 0.000000, bitrate: 1457 kb/s
  Stream #0:0[0x1](und): Video: h264 (Main) (avc1 / 0x31637661), yuv420p(progressive), 640x480 [SAR 1:1 DAR 4:3], 1066 kb/s, 25 fps, 25 tbr, 12800 tbn (default)
      Metadata:
        creation_time   : 1970-01-01T00:00:00.000000Z
        handler_name    : VideoHandler
        vendor_id       : [0][0][0][0]
  Stream #0:1[0x2](und): Audio: aac (LC) (mp4a / 0x6134706D), 48000 Hz, 5.1, fltp, 384 kb/s (default)
      Metadata:
        creation_time   : 1970-01-01T00:00:00.000000Z
        handler_name    : SoundHandler
        vendor_id       : [0][0][0][0]
Stream mapping:
  Stream #0:0 -> #0:0 (h264 (native) -> mjpeg (native))
Press [q] to stop, [?] for help
[vf#0:0 @ 00000000025fc440] No filtered frames for output stream, trying to initialize anyway.
[mjpeg @ 00000000025fbd80] Non full-range YUV is non-standard, set strict_std_compliance to at most unofficial to use it.
[vost#0:0/mjpeg @ 0000000002611c40] Error while opening encoder - maybe incorrect parameters such as bit_rate, rate, width or height.
[vf#0:0 @ 00000000028bde00] Task finished with error code: -22 (Invalid argument)
[vf#0:0 @ 00000000028bde00] Terminating thread with return code -22 (Invalid argument)
[vost#0:0/mjpeg @ 0000000002611c40] Could not open encoder before EOF
[vost#0:0/mjpeg @ 0000000002611c40] Task finished with error code: -22 (Invalid argument)
[vost#0:0/mjpeg @ 0000000002611c40] Terminating thread with return code -22 (Invalid argument)
[out#0/image2 @ 00000000025f0780] Nothing was written into output file, because at least one of its streams received no packets.
frame=    0 fps=0.0 q=0.0 Lsize=       0KiB time=N/A bitrate=N/A speed=N/A    
Conversion failed!

2025-05-26T03:18:10.957Z [LOG] 尝试使用直接命令行方式生成缩略图
2025-05-26T03:18:10.957Z [LOG] 直接获取视频时长（秒数）
2025-05-26T03:18:10.957Z [PATH] 尝试获取FFprobe路径
2025-05-26T03:18:10.958Z [LOG] 使用配置的FFprobe路径: D:\code\cursor\looklook\node_modules\ffprobe-static\bin\win32\x64\ffprobe.exe
2025-05-26T03:18:10.958Z [PATH] 使用配置的FFprobe路径: D:\code\cursor\looklook\node_modules\ffprobe-static\bin\win32\x64\ffprobe.exe
2025-05-26T03:18:10.959Z [LOG] 在开发环境中使用ffprobe路径: D:\code\cursor\looklook\node_modules\ffprobe-static\bin\win32\x64\ffprobe.exe
2025-05-26T03:18:10.959Z [LOG] 执行命令: D:\code\cursor\looklook\node_modules\ffprobe-static\bin\win32\x64\ffprobe.exe -v error -show_entries format=duration -of default=noprint_wrappers=1:nokey=1 D:\Users\Videos\测试\SampleVideo_720x480_1mb.mp4
2025-05-26T03:18:11.024Z [LOG] 时长命令输出: 5.803000
2025-05-26T03:18:11.025Z [LOG] 成功获取视频时长: 5.803 秒
2025-05-26T03:18:11.025Z [LOG] 获取到视频时长: 5.803 秒, 准备截取缩略图
2025-05-26T03:18:11.026Z [LOG] 将在视频的 2 秒处截取缩略图 (随机生成)
2025-05-26T03:18:11.026Z [PATH] 尝试获取FFmpeg路径
2025-05-26T03:18:11.026Z [LOG] 使用配置的FFmpeg路径: D:\code\cursor\looklook\node_modules\ffmpeg-static\ffmpeg.exe
2025-05-26T03:18:11.026Z [PATH] 使用配置的FFmpeg路径: D:\code\cursor\looklook\node_modules\ffmpeg-static\ffmpeg.exe
2025-05-26T03:18:11.026Z [LOG] 执行命令: D:\code\cursor\looklook\node_modules\ffmpeg-static\ffmpeg.exe -i D:\Users\Videos\测试\SampleVideo_720x480_1mb.mp4 -ss 2 -vframes 1 -s 320x180 -y D:\code\cursor\looklook\userdata\thumbnails\1748229491080-RDpcVXNl.jpg
2025-05-26T03:18:11.116Z [LOG] 命令行方式成功生成缩略图: D:\code\cursor\looklook\userdata\thumbnails\1748229491080-RDpcVXNl.jpg
2025-05-26T03:18:11.116Z [LOG] 通过多步骤方法成功生成缩略图
2025-05-26T03:18:11.116Z [LOG] 设置已加载
2025-05-26T03:18:11.117Z [LOG] 获取视频分辨率: D:\Users\Videos\测试\SampleVideo_720x480_20mb.mp4
2025-05-26T03:18:11.117Z [MAIN] 开始获取视频分辨率: D:\Users\Videos\测试\SampleVideo_720x480_20mb.mp4
2025-05-26T03:18:11.117Z [LOG] 直接获取视频分辨率
2025-05-26T03:18:11.117Z [RESOLUTION] 开始获取视频分辨率: D:\Users\Videos\测试\SampleVideo_720x480_20mb.mp4
2025-05-26T03:18:11.117Z [PATH] 尝试获取FFprobe路径
2025-05-26T03:18:11.117Z [LOG] 使用配置的FFprobe路径: D:\code\cursor\looklook\node_modules\ffprobe-static\bin\win32\x64\ffprobe.exe
2025-05-26T03:18:11.118Z [PATH] 使用配置的FFprobe路径: D:\code\cursor\looklook\node_modules\ffprobe-static\bin\win32\x64\ffprobe.exe
2025-05-26T03:18:11.118Z [RESOLUTION] 在开发环境中使用ffprobe路径: D:\code\cursor\looklook\node_modules\ffprobe-static\bin\win32\x64\ffprobe.exe
2025-05-26T03:18:11.118Z [RESOLUTION] 检查ffprobe可执行文件是否存在: true
2025-05-26T03:18:11.118Z [LOG] 执行命令: "D:\code\cursor\looklook\node_modules\ffprobe-static\bin\win32\x64\ffprobe.exe" -v error -select_streams v:0 -show_entries stream=width,height -of csv=s=x:p=0 "D:\Users\Videos\测试\SampleVideo_720x480_20mb.mp4"
2025-05-26T03:18:11.118Z [RESOLUTION] 开始执行命令获取分辨率: "D:\code\cursor\looklook\node_modules\ffprobe-static\bin\win32\x64\ffprobe.exe" -v error -select_streams v:0 -show_entries stream=width,height -of csv=s=x:p=0 "D:\Users\Videos\测试\SampleVideo_720x480_20mb.mp4"
2025-05-26T03:18:11.181Z [RESOLUTION] 命令输出: "640x480"
2025-05-26T03:18:11.181Z [LOG] 成功解析分辨率: 640×480
2025-05-26T03:18:11.181Z [RESOLUTION] 成功解析分辨率: 640×480
2025-05-26T03:18:11.181Z [LOG] 获取视频时长: D:\Users\Videos\测试\SampleVideo_720x480_20mb.mp4
2025-05-26T03:18:11.182Z [MAIN] 开始获取视频时长: D:\Users\Videos\测试\SampleVideo_720x480_20mb.mp4
2025-05-26T03:18:11.182Z [LOG] 直接获取视频时长
2025-05-26T03:18:11.182Z [DURATION] 开始获取视频时长: D:\Users\Videos\测试\SampleVideo_720x480_20mb.mp4
2025-05-26T03:18:11.182Z [PATH] 尝试获取FFprobe路径
2025-05-26T03:18:11.182Z [LOG] 使用配置的FFprobe路径: D:\code\cursor\looklook\node_modules\ffprobe-static\bin\win32\x64\ffprobe.exe
2025-05-26T03:18:11.182Z [PATH] 使用配置的FFprobe路径: D:\code\cursor\looklook\node_modules\ffprobe-static\bin\win32\x64\ffprobe.exe
2025-05-26T03:18:11.183Z [DURATION] 在开发环境中使用ffprobe路径: D:\code\cursor\looklook\node_modules\ffprobe-static\bin\win32\x64\ffprobe.exe
2025-05-26T03:18:11.183Z [DURATION] 检查ffprobe可执行文件是否存在: true
2025-05-26T03:18:11.183Z [LOG] 执行命令: "D:\code\cursor\looklook\node_modules\ffprobe-static\bin\win32\x64\ffprobe.exe" -v error -show_entries format=duration -of default=noprint_wrappers=1:nokey=1 "D:\Users\Videos\测试\SampleVideo_720x480_20mb.mp4"
2025-05-26T03:18:11.183Z [DURATION] 开始执行命令获取时长: "D:\code\cursor\looklook\node_modules\ffprobe-static\bin\win32\x64\ffprobe.exe" -v error -show_entries format=duration -of default=noprint_wrappers=1:nokey=1 "D:\Users\Videos\测试\SampleVideo_720x480_20mb.mp4"
2025-05-26T03:18:11.246Z [DURATION] 命令输出: "127.318000"
2025-05-26T03:18:11.246Z [LOG] 成功解析时长: 00:02:07
2025-05-26T03:18:11.246Z [DURATION] 成功解析时长: 00:02:07
2025-05-26T03:18:11.246Z [LOG] 开始生成缩略图，视频路径: D:\Users\Videos\测试\SampleVideo_720x480_20mb.mp4
2025-05-26T03:18:11.247Z [LOG] 缩略图输出路径: D:\code\cursor\looklook\userdata\thumbnails\1748229491777-RDpcVXNl.jpg
2025-05-26T03:18:11.247Z [LOG] 生成随机时间点: 00:00:12
2025-05-26T03:18:11.247Z [LOG] 使用直接命令行ffmpeg生成缩略图
2025-05-26T03:18:11.248Z [PATH] 尝试获取FFmpeg路径
2025-05-26T03:18:11.248Z [LOG] 使用配置的FFmpeg路径: D:\code\cursor\looklook\node_modules\ffmpeg-static\ffmpeg.exe
2025-05-26T03:18:11.248Z [PATH] 使用配置的FFmpeg路径: D:\code\cursor\looklook\node_modules\ffmpeg-static\ffmpeg.exe
2025-05-26T03:18:11.248Z [LOG] 将使用时间点 00:00:12 生成缩略图
2025-05-26T03:18:11.248Z [LOG] 执行命令: D:\code\cursor\looklook\node_modules\ffmpeg-static\ffmpeg.exe -ss 00:00:12 -i D:\Users\Videos\测试\SampleVideo_720x480_20mb.mp4 -vframes 1 -s 320x180 -y D:\code\cursor\looklook\userdata\thumbnails\1748229491777-RDpcVXNl.jpg
2025-05-26T03:18:11.339Z [LOG] 直接ffmpeg成功生成缩略图: D:\code\cursor\looklook\userdata\thumbnails\1748229491777-RDpcVXNl.jpg
2025-05-26T03:18:11.339Z [LOG] 通过直接ffmpeg命令生成缩略图成功
2025-05-26T03:18:11.340Z [LOG] 设置已加载
2025-05-26T03:18:11.340Z [LOG] 获取视频分辨率: D:\Users\Videos\测试\SampleVideo_720x480_2mb.mp4
2025-05-26T03:18:11.340Z [MAIN] 开始获取视频分辨率: D:\Users\Videos\测试\SampleVideo_720x480_2mb.mp4
2025-05-26T03:18:11.340Z [LOG] 直接获取视频分辨率
2025-05-26T03:18:11.340Z [RESOLUTION] 开始获取视频分辨率: D:\Users\Videos\测试\SampleVideo_720x480_2mb.mp4
2025-05-26T03:18:11.340Z [PATH] 尝试获取FFprobe路径
2025-05-26T03:18:11.341Z [LOG] 使用配置的FFprobe路径: D:\code\cursor\looklook\node_modules\ffprobe-static\bin\win32\x64\ffprobe.exe
2025-05-26T03:18:11.341Z [PATH] 使用配置的FFprobe路径: D:\code\cursor\looklook\node_modules\ffprobe-static\bin\win32\x64\ffprobe.exe
2025-05-26T03:18:11.341Z [RESOLUTION] 在开发环境中使用ffprobe路径: D:\code\cursor\looklook\node_modules\ffprobe-static\bin\win32\x64\ffprobe.exe
2025-05-26T03:18:11.341Z [RESOLUTION] 检查ffprobe可执行文件是否存在: true
2025-05-26T03:18:11.341Z [LOG] 执行命令: "D:\code\cursor\looklook\node_modules\ffprobe-static\bin\win32\x64\ffprobe.exe" -v error -select_streams v:0 -show_entries stream=width,height -of csv=s=x:p=0 "D:\Users\Videos\测试\SampleVideo_720x480_2mb.mp4"
2025-05-26T03:18:11.341Z [RESOLUTION] 开始执行命令获取分辨率: "D:\code\cursor\looklook\node_modules\ffprobe-static\bin\win32\x64\ffprobe.exe" -v error -select_streams v:0 -show_entries stream=width,height -of csv=s=x:p=0 "D:\Users\Videos\测试\SampleVideo_720x480_2mb.mp4"
2025-05-26T03:18:11.404Z [RESOLUTION] 命令输出: "640x480"
2025-05-26T03:18:11.404Z [LOG] 成功解析分辨率: 640×480
2025-05-26T03:18:11.404Z [RESOLUTION] 成功解析分辨率: 640×480
2025-05-26T03:18:11.405Z [LOG] 获取视频时长: D:\Users\Videos\测试\SampleVideo_720x480_2mb.mp4
2025-05-26T03:18:11.405Z [MAIN] 开始获取视频时长: D:\Users\Videos\测试\SampleVideo_720x480_2mb.mp4
2025-05-26T03:18:11.405Z [LOG] 直接获取视频时长
2025-05-26T03:18:11.405Z [DURATION] 开始获取视频时长: D:\Users\Videos\测试\SampleVideo_720x480_2mb.mp4
2025-05-26T03:18:11.405Z [PATH] 尝试获取FFprobe路径
2025-05-26T03:18:11.406Z [LOG] 使用配置的FFprobe路径: D:\code\cursor\looklook\node_modules\ffprobe-static\bin\win32\x64\ffprobe.exe
2025-05-26T03:18:11.406Z [PATH] 使用配置的FFprobe路径: D:\code\cursor\looklook\node_modules\ffprobe-static\bin\win32\x64\ffprobe.exe
2025-05-26T03:18:11.406Z [DURATION] 在开发环境中使用ffprobe路径: D:\code\cursor\looklook\node_modules\ffprobe-static\bin\win32\x64\ffprobe.exe
2025-05-26T03:18:11.406Z [DURATION] 检查ffprobe可执行文件是否存在: true
2025-05-26T03:18:11.406Z [LOG] 执行命令: "D:\code\cursor\looklook\node_modules\ffprobe-static\bin\win32\x64\ffprobe.exe" -v error -show_entries format=duration -of default=noprint_wrappers=1:nokey=1 "D:\Users\Videos\测试\SampleVideo_720x480_2mb.mp4"
2025-05-26T03:18:11.406Z [DURATION] 开始执行命令获取时长: "D:\code\cursor\looklook\node_modules\ffprobe-static\bin\win32\x64\ffprobe.exe" -v error -show_entries format=duration -of default=noprint_wrappers=1:nokey=1 "D:\Users\Videos\测试\SampleVideo_720x480_2mb.mp4"
2025-05-26T03:18:11.475Z [DURATION] 命令输出: "15.318000"
2025-05-26T03:18:11.476Z [LOG] 成功解析时长: 00:00:15
2025-05-26T03:18:11.476Z [DURATION] 成功解析时长: 00:00:15
2025-05-26T03:18:11.476Z [LOG] 开始生成缩略图，视频路径: D:\Users\Videos\测试\SampleVideo_720x480_2mb.mp4
2025-05-26T03:18:11.477Z [LOG] 缩略图输出路径: D:\code\cursor\looklook\userdata\thumbnails\1748229491709-RDpcVXNl.jpg
2025-05-26T03:18:11.477Z [LOG] 生成随机时间点: 00:00:37
2025-05-26T03:18:11.477Z [LOG] 使用直接命令行ffmpeg生成缩略图
2025-05-26T03:18:11.477Z [PATH] 尝试获取FFmpeg路径
2025-05-26T03:18:11.478Z [LOG] 使用配置的FFmpeg路径: D:\code\cursor\looklook\node_modules\ffmpeg-static\ffmpeg.exe
2025-05-26T03:18:11.478Z [PATH] 使用配置的FFmpeg路径: D:\code\cursor\looklook\node_modules\ffmpeg-static\ffmpeg.exe
2025-05-26T03:18:11.478Z [LOG] 将使用时间点 00:00:37 生成缩略图
2025-05-26T03:18:11.478Z [LOG] 执行命令: D:\code\cursor\looklook\node_modules\ffmpeg-static\ffmpeg.exe -ss 00:00:37 -i D:\Users\Videos\测试\SampleVideo_720x480_2mb.mp4 -vframes 1 -s 320x180 -y D:\code\cursor\looklook\userdata\thumbnails\1748229491709-RDpcVXNl.jpg
2025-05-26T03:18:12.086Z [ERROR] 直接ffmpeg生成缩略图失败: Command failed: D:\code\cursor\looklook\node_modules\ffmpeg-static\ffmpeg.exe -ss 00:00:37 -i D:\Users\Videos\测试\SampleVideo_720x480_2mb.mp4 -vframes 1 -s 320x180 -y D:\code\cursor\looklook\userdata\thumbnails\1748229491709-RDpcVXNl.jpg
ffmpeg version 7.1.1-essentials_build-www.gyan.dev Copyright (c) 2000-2025 the FFmpeg developers
  built with gcc 14.2.0 (Rev1, Built by MSYS2 project)
  configuration: --enable-gpl --enable-version3 --enable-static --disable-w32threads --disable-autodetect --enable-fontconfig --enable-iconv --enable-gnutls --enable-libxml2 --enable-gmp --enable-bzlib --enable-lzma --enable-zlib --enable-libsrt --enable-libssh --enable-libzmq --enable-avisynth --enable-sdl2 --enable-libwebp --enable-libx264 --enable-libx265 --enable-libxvid --enable-libaom --enable-libopenjpeg --enable-libvpx --enable-mediafoundation --enable-libass --enable-libfreetype --enable-libfribidi --enable-libharfbuzz --enable-libvidstab --enable-libvmaf --enable-libzimg --enable-amf --enable-cuda-llvm --enable-cuvid --enable-dxva2 --enable-d3d11va --enable-d3d12va --enable-ffnvcodec --enable-libvpl --enable-nvdec --enable-nvenc --enable-vaapi --enable-libgme --enable-libopenmpt --enable-libopencore-amrwb --enable-libmp3lame --enable-libtheora --enable-libvo-amrwbenc --enable-libgsm --enable-libopencore-amrnb --enable-libopus --enable-libspeex --enable-libvorbis --enable-librubberband
  libavutil      59. 39.100 / 59. 39.100
  libavcodec     61. 19.101 / 61. 19.101
  libavformat    61.  7.100 / 61.  7.100
  libavdevice    61.  3.100 / 61.  3.100
  libavfilter    10.  4.100 / 10.  4.100
  libswscale      8.  3.100 /  8.  3.100
  libswresample   5.  3.100 /  5.  3.100
  libpostproc    58.  3.100 / 58.  3.100
Input #0, mov,mp4,m4a,3gp,3g2,mj2, from 'D:\Users\Videos\测试\SampleVideo_720x480_2mb.mp4':
  Metadata:
    major_brand     : isom
    minor_version   : 512
    compatible_brands: isomiso2avc1mp41
    creation_time   : 1970-01-01T00:00:00.000000Z
    encoder         : Lavf53.24.2
  Duration: 00:00:15.32, start: 0.000000, bitrate: 1095 kb/s
  Stream #0:0[0x1](und): Video: h264 (Main) (avc1 / 0x31637661), yuv420p(progressive), 640x480 [SAR 1:1 DAR 4:3], 709 kb/s, 25 fps, 25 tbr, 12800 tbn (default)
      Metadata:
        creation_time   : 1970-01-01T00:00:00.000000Z
        handler_name    : VideoHandler
        vendor_id       : [0][0][0][0]
  Stream #0:1[0x2](und): Audio: aac (LC) (mp4a / 0x6134706D), 48000 Hz, 5.1, fltp, 382 kb/s (default)
      Metadata:
        creation_time   : 1970-01-01T00:00:00.000000Z
        handler_name    : SoundHandler
        vendor_id       : [0][0][0][0]
Stream mapping:
  Stream #0:0 -> #0:0 (h264 (native) -> mjpeg (native))
Press [q] to stop, [?] for help
[vf#0:0 @ 0000000002a20940] No filtered frames for output stream, trying to initialize anyway.
[mjpeg @ 0000000002a20340] Non full-range YUV is non-standard, set strict_std_compliance to at most unofficial to use it.
[vost#0:0/mjpeg @ 0000000002a200c0] Error while opening encoder - maybe incorrect parameters such as bit_rate, rate, width or height.
[vf#0:0 @ 000000000278ec80] Task finished with error code: -22 (Invalid argument)
[vf#0:0 @ 000000000278ec80] Terminating thread with return code -22 (Invalid argument)
[vost#0:0/mjpeg @ 0000000002a200c0] Could not open encoder before EOF
[vost#0:0/mjpeg @ 0000000002a200c0] Task finished with error code: -22 (Invalid argument)
[vost#0:0/mjpeg @ 0000000002a200c0] Terminating thread with return code -22 (Invalid argument)
[out#0/image2 @ 00000000026d6fc0] Nothing was written into output file, because at least one of its streams received no packets.
frame=    0 fps=0.0 q=0.0 Lsize=       0KiB time=N/A bitrate=N/A speed=N/A    
Conversion failed!

2025-05-26T03:18:12.090Z [ERROR] STDERR: ffmpeg version 7.1.1-essentials_build-www.gyan.dev Copyright (c) 2000-2025 the FFmpeg developers
  built with gcc 14.2.0 (Rev1, Built by MSYS2 project)
  configuration: --enable-gpl --enable-version3 --enable-static --disable-w32threads --disable-autodetect --enable-fontconfig --enable-iconv --enable-gnutls --enable-libxml2 --enable-gmp --enable-bzlib --enable-lzma --enable-zlib --enable-libsrt --enable-libssh --enable-libzmq --enable-avisynth --enable-sdl2 --enable-libwebp --enable-libx264 --enable-libx265 --enable-libxvid --enable-libaom --enable-libopenjpeg --enable-libvpx --enable-mediafoundation --enable-libass --enable-libfreetype --enable-libfribidi --enable-libharfbuzz --enable-libvidstab --enable-libvmaf --enable-libzimg --enable-amf --enable-cuda-llvm --enable-cuvid --enable-dxva2 --enable-d3d11va --enable-d3d12va --enable-ffnvcodec --enable-libvpl --enable-nvdec --enable-nvenc --enable-vaapi --enable-libgme --enable-libopenmpt --enable-libopencore-amrwb --enable-libmp3lame --enable-libtheora --enable-libvo-amrwbenc --enable-libgsm --enable-libopencore-amrnb --enable-libopus --enable-libspeex --enable-libvorbis --enable-librubberband
  libavutil      59. 39.100 / 59. 39.100
  libavcodec     61. 19.101 / 61. 19.101
  libavformat    61.  7.100 / 61.  7.100
  libavdevice    61.  3.100 / 61.  3.100
  libavfilter    10.  4.100 / 10.  4.100
  libswscale      8.  3.100 /  8.  3.100
  libswresample   5.  3.100 /  5.  3.100
  libpostproc    58.  3.100 / 58.  3.100
Input #0, mov,mp4,m4a,3gp,3g2,mj2, from 'D:\Users\Videos\测试\SampleVideo_720x480_2mb.mp4':
  Metadata:
    major_brand     : isom
    minor_version   : 512
    compatible_brands: isomiso2avc1mp41
    creation_time   : 1970-01-01T00:00:00.000000Z
    encoder         : Lavf53.24.2
  Duration: 00:00:15.32, start: 0.000000, bitrate: 1095 kb/s
  Stream #0:0[0x1](und): Video: h264 (Main) (avc1 / 0x31637661), yuv420p(progressive), 640x480 [SAR 1:1 DAR 4:3], 709 kb/s, 25 fps, 25 tbr, 12800 tbn (default)
      Metadata:
        creation_time   : 1970-01-01T00:00:00.000000Z
        handler_name    : VideoHandler
        vendor_id       : [0][0][0][0]
  Stream #0:1[0x2](und): Audio: aac (LC) (mp4a / 0x6134706D), 48000 Hz, 5.1, fltp, 382 kb/s (default)
      Metadata:
        creation_time   : 1970-01-01T00:00:00.000000Z
        handler_name    : SoundHandler
        vendor_id       : [0][0][0][0]
Stream mapping:
  Stream #0:0 -> #0:0 (h264 (native) -> mjpeg (native))
Press [q] to stop, [?] for help
[vf#0:0 @ 0000000002a20940] No filtered frames for output stream, trying to initialize anyway.
[mjpeg @ 0000000002a20340] Non full-range YUV is non-standard, set strict_std_compliance to at most unofficial to use it.
[vost#0:0/mjpeg @ 0000000002a200c0] Error while opening encoder - maybe incorrect parameters such as bit_rate, rate, width or height.
[vf#0:0 @ 000000000278ec80] Task finished with error code: -22 (Invalid argument)
[vf#0:0 @ 000000000278ec80] Terminating thread with return code -22 (Invalid argument)
[vost#0:0/mjpeg @ 0000000002a200c0] Could not open encoder before EOF
[vost#0:0/mjpeg @ 0000000002a200c0] Task finished with error code: -22 (Invalid argument)
[vost#0:0/mjpeg @ 0000000002a200c0] Terminating thread with return code -22 (Invalid argument)
[out#0/image2 @ 00000000026d6fc0] Nothing was written into output file, because at least one of its streams received no packets.
frame=    0 fps=0.0 q=0.0 Lsize=       0KiB time=N/A bitrate=N/A speed=N/A    
Conversion failed!

2025-05-26T03:18:12.093Z [ERROR] 直接ffmpeg命令生成缩略图失败: Command failed: D:\code\cursor\looklook\node_modules\ffmpeg-static\ffmpeg.exe -ss 00:00:37 -i D:\Users\Videos\测试\SampleVideo_720x480_2mb.mp4 -vframes 1 -s 320x180 -y D:\code\cursor\looklook\userdata\thumbnails\1748229491709-RDpcVXNl.jpg
ffmpeg version 7.1.1-essentials_build-www.gyan.dev Copyright (c) 2000-2025 the FFmpeg developers
  built with gcc 14.2.0 (Rev1, Built by MSYS2 project)
  configuration: --enable-gpl --enable-version3 --enable-static --disable-w32threads --disable-autodetect --enable-fontconfig --enable-iconv --enable-gnutls --enable-libxml2 --enable-gmp --enable-bzlib --enable-lzma --enable-zlib --enable-libsrt --enable-libssh --enable-libzmq --enable-avisynth --enable-sdl2 --enable-libwebp --enable-libx264 --enable-libx265 --enable-libxvid --enable-libaom --enable-libopenjpeg --enable-libvpx --enable-mediafoundation --enable-libass --enable-libfreetype --enable-libfribidi --enable-libharfbuzz --enable-libvidstab --enable-libvmaf --enable-libzimg --enable-amf --enable-cuda-llvm --enable-cuvid --enable-dxva2 --enable-d3d11va --enable-d3d12va --enable-ffnvcodec --enable-libvpl --enable-nvdec --enable-nvenc --enable-vaapi --enable-libgme --enable-libopenmpt --enable-libopencore-amrwb --enable-libmp3lame --enable-libtheora --enable-libvo-amrwbenc --enable-libgsm --enable-libopencore-amrnb --enable-libopus --enable-libspeex --enable-libvorbis --enable-librubberband
  libavutil      59. 39.100 / 59. 39.100
  libavcodec     61. 19.101 / 61. 19.101
  libavformat    61.  7.100 / 61.  7.100
  libavdevice    61.  3.100 / 61.  3.100
  libavfilter    10.  4.100 / 10.  4.100
  libswscale      8.  3.100 /  8.  3.100
  libswresample   5.  3.100 /  5.  3.100
  libpostproc    58.  3.100 / 58.  3.100
Input #0, mov,mp4,m4a,3gp,3g2,mj2, from 'D:\Users\Videos\测试\SampleVideo_720x480_2mb.mp4':
  Metadata:
    major_brand     : isom
    minor_version   : 512
    compatible_brands: isomiso2avc1mp41
    creation_time   : 1970-01-01T00:00:00.000000Z
    encoder         : Lavf53.24.2
  Duration: 00:00:15.32, start: 0.000000, bitrate: 1095 kb/s
  Stream #0:0[0x1](und): Video: h264 (Main) (avc1 / 0x31637661), yuv420p(progressive), 640x480 [SAR 1:1 DAR 4:3], 709 kb/s, 25 fps, 25 tbr, 12800 tbn (default)
      Metadata:
        creation_time   : 1970-01-01T00:00:00.000000Z
        handler_name    : VideoHandler
        vendor_id       : [0][0][0][0]
  Stream #0:1[0x2](und): Audio: aac (LC) (mp4a / 0x6134706D), 48000 Hz, 5.1, fltp, 382 kb/s (default)
      Metadata:
        creation_time   : 1970-01-01T00:00:00.000000Z
        handler_name    : SoundHandler
        vendor_id       : [0][0][0][0]
Stream mapping:
  Stream #0:0 -> #0:0 (h264 (native) -> mjpeg (native))
Press [q] to stop, [?] for help
[vf#0:0 @ 0000000002a20940] No filtered frames for output stream, trying to initialize anyway.
[mjpeg @ 0000000002a20340] Non full-range YUV is non-standard, set strict_std_compliance to at most unofficial to use it.
[vost#0:0/mjpeg @ 0000000002a200c0] Error while opening encoder - maybe incorrect parameters such as bit_rate, rate, width or height.
[vf#0:0 @ 000000000278ec80] Task finished with error code: -22 (Invalid argument)
[vf#0:0 @ 000000000278ec80] Terminating thread with return code -22 (Invalid argument)
[vost#0:0/mjpeg @ 0000000002a200c0] Could not open encoder before EOF
[vost#0:0/mjpeg @ 0000000002a200c0] Task finished with error code: -22 (Invalid argument)
[vost#0:0/mjpeg @ 0000000002a200c0] Terminating thread with return code -22 (Invalid argument)
[out#0/image2 @ 00000000026d6fc0] Nothing was written into output file, because at least one of its streams received no packets.
frame=    0 fps=0.0 q=0.0 Lsize=       0KiB time=N/A bitrate=N/A speed=N/A    
Conversion failed!

2025-05-26T03:18:12.093Z [LOG] 尝试使用直接命令行方式生成缩略图
2025-05-26T03:18:12.094Z [LOG] 直接获取视频时长（秒数）
2025-05-26T03:18:12.094Z [PATH] 尝试获取FFprobe路径
2025-05-26T03:18:12.094Z [LOG] 使用配置的FFprobe路径: D:\code\cursor\looklook\node_modules\ffprobe-static\bin\win32\x64\ffprobe.exe
2025-05-26T03:18:12.095Z [PATH] 使用配置的FFprobe路径: D:\code\cursor\looklook\node_modules\ffprobe-static\bin\win32\x64\ffprobe.exe
2025-05-26T03:18:12.095Z [LOG] 在开发环境中使用ffprobe路径: D:\code\cursor\looklook\node_modules\ffprobe-static\bin\win32\x64\ffprobe.exe
2025-05-26T03:18:12.095Z [LOG] 执行命令: D:\code\cursor\looklook\node_modules\ffprobe-static\bin\win32\x64\ffprobe.exe -v error -show_entries format=duration -of default=noprint_wrappers=1:nokey=1 D:\Users\Videos\测试\SampleVideo_720x480_2mb.mp4
2025-05-26T03:18:12.160Z [LOG] 时长命令输出: 15.318000
2025-05-26T03:18:12.161Z [LOG] 成功获取视频时长: 15.318 秒
2025-05-26T03:18:12.161Z [LOG] 获取到视频时长: 15.318 秒, 准备截取缩略图
2025-05-26T03:18:12.162Z [LOG] 将在视频的 4 秒处截取缩略图 (随机生成)
2025-05-26T03:18:12.162Z [PATH] 尝试获取FFmpeg路径
2025-05-26T03:18:12.162Z [LOG] 使用配置的FFmpeg路径: D:\code\cursor\looklook\node_modules\ffmpeg-static\ffmpeg.exe
2025-05-26T03:18:12.162Z [PATH] 使用配置的FFmpeg路径: D:\code\cursor\looklook\node_modules\ffmpeg-static\ffmpeg.exe
2025-05-26T03:18:12.163Z [LOG] 执行命令: D:\code\cursor\looklook\node_modules\ffmpeg-static\ffmpeg.exe -i D:\Users\Videos\测试\SampleVideo_720x480_2mb.mp4 -ss 4 -vframes 1 -s 320x180 -y D:\code\cursor\looklook\userdata\thumbnails\1748229491709-RDpcVXNl.jpg
2025-05-26T03:18:12.264Z [LOG] 命令行方式成功生成缩略图: D:\code\cursor\looklook\userdata\thumbnails\1748229491709-RDpcVXNl.jpg
2025-05-26T03:18:12.264Z [LOG] 通过多步骤方法成功生成缩略图
2025-05-26T03:18:12.265Z [LOG] 设置已加载
2025-05-26T03:18:12.265Z [LOG] 获取视频分辨率: D:\Users\Videos\测试\SampleVideo_720x480_30mb.mp4
2025-05-26T03:18:12.265Z [MAIN] 开始获取视频分辨率: D:\Users\Videos\测试\SampleVideo_720x480_30mb.mp4
2025-05-26T03:18:12.265Z [LOG] 直接获取视频分辨率
2025-05-26T03:18:12.265Z [RESOLUTION] 开始获取视频分辨率: D:\Users\Videos\测试\SampleVideo_720x480_30mb.mp4
2025-05-26T03:18:12.265Z [PATH] 尝试获取FFprobe路径
2025-05-26T03:18:12.266Z [LOG] 使用配置的FFprobe路径: D:\code\cursor\looklook\node_modules\ffprobe-static\bin\win32\x64\ffprobe.exe
2025-05-26T03:18:12.266Z [PATH] 使用配置的FFprobe路径: D:\code\cursor\looklook\node_modules\ffprobe-static\bin\win32\x64\ffprobe.exe
2025-05-26T03:18:12.266Z [RESOLUTION] 在开发环境中使用ffprobe路径: D:\code\cursor\looklook\node_modules\ffprobe-static\bin\win32\x64\ffprobe.exe
2025-05-26T03:18:12.266Z [RESOLUTION] 检查ffprobe可执行文件是否存在: true
2025-05-26T03:18:12.266Z [LOG] 执行命令: "D:\code\cursor\looklook\node_modules\ffprobe-static\bin\win32\x64\ffprobe.exe" -v error -select_streams v:0 -show_entries stream=width,height -of csv=s=x:p=0 "D:\Users\Videos\测试\SampleVideo_720x480_30mb.mp4"
2025-05-26T03:18:12.266Z [RESOLUTION] 开始执行命令获取分辨率: "D:\code\cursor\looklook\node_modules\ffprobe-static\bin\win32\x64\ffprobe.exe" -v error -select_streams v:0 -show_entries stream=width,height -of csv=s=x:p=0 "D:\Users\Videos\测试\SampleVideo_720x480_30mb.mp4"
2025-05-26T03:18:12.332Z [RESOLUTION] 命令输出: "640x480"
2025-05-26T03:18:12.333Z [LOG] 成功解析分辨率: 640×480
2025-05-26T03:18:12.333Z [RESOLUTION] 成功解析分辨率: 640×480
2025-05-26T03:18:12.334Z [LOG] 获取视频时长: D:\Users\Videos\测试\SampleVideo_720x480_30mb.mp4
2025-05-26T03:18:12.334Z [MAIN] 开始获取视频时长: D:\Users\Videos\测试\SampleVideo_720x480_30mb.mp4
2025-05-26T03:18:12.334Z [LOG] 直接获取视频时长
2025-05-26T03:18:12.334Z [DURATION] 开始获取视频时长: D:\Users\Videos\测试\SampleVideo_720x480_30mb.mp4
2025-05-26T03:18:12.334Z [PATH] 尝试获取FFprobe路径
2025-05-26T03:18:12.335Z [LOG] 使用配置的FFprobe路径: D:\code\cursor\looklook\node_modules\ffprobe-static\bin\win32\x64\ffprobe.exe
2025-05-26T03:18:12.335Z [PATH] 使用配置的FFprobe路径: D:\code\cursor\looklook\node_modules\ffprobe-static\bin\win32\x64\ffprobe.exe
2025-05-26T03:18:12.335Z [DURATION] 在开发环境中使用ffprobe路径: D:\code\cursor\looklook\node_modules\ffprobe-static\bin\win32\x64\ffprobe.exe
2025-05-26T03:18:12.335Z [DURATION] 检查ffprobe可执行文件是否存在: true
2025-05-26T03:18:12.335Z [LOG] 执行命令: "D:\code\cursor\looklook\node_modules\ffprobe-static\bin\win32\x64\ffprobe.exe" -v error -show_entries format=duration -of default=noprint_wrappers=1:nokey=1 "D:\Users\Videos\测试\SampleVideo_720x480_30mb.mp4"
2025-05-26T03:18:12.335Z [DURATION] 开始执行命令获取时长: "D:\code\cursor\looklook\node_modules\ffprobe-static\bin\win32\x64\ffprobe.exe" -v error -show_entries format=duration -of default=noprint_wrappers=1:nokey=1 "D:\Users\Videos\测试\SampleVideo_720x480_30mb.mp4"
2025-05-26T03:18:12.401Z [DURATION] 命令输出: "183.318000"
2025-05-26T03:18:12.402Z [LOG] 成功解析时长: 00:03:03
2025-05-26T03:18:12.402Z [DURATION] 成功解析时长: 00:03:03
2025-05-26T03:18:12.402Z [LOG] 开始生成缩略图，视频路径: D:\Users\Videos\测试\SampleVideo_720x480_30mb.mp4
2025-05-26T03:18:12.402Z [LOG] 缩略图输出路径: D:\code\cursor\looklook\userdata\thumbnails\1748229492837-RDpcVXNl.jpg
2025-05-26T03:18:12.403Z [LOG] 生成随机时间点: 00:00:19
2025-05-26T03:18:12.403Z [LOG] 使用直接命令行ffmpeg生成缩略图
2025-05-26T03:18:12.403Z [PATH] 尝试获取FFmpeg路径
2025-05-26T03:18:12.404Z [LOG] 使用配置的FFmpeg路径: D:\code\cursor\looklook\node_modules\ffmpeg-static\ffmpeg.exe
2025-05-26T03:18:12.404Z [PATH] 使用配置的FFmpeg路径: D:\code\cursor\looklook\node_modules\ffmpeg-static\ffmpeg.exe
2025-05-26T03:18:12.404Z [LOG] 将使用时间点 00:00:19 生成缩略图
2025-05-26T03:18:12.404Z [LOG] 执行命令: D:\code\cursor\looklook\node_modules\ffmpeg-static\ffmpeg.exe -ss 00:00:19 -i D:\Users\Videos\测试\SampleVideo_720x480_30mb.mp4 -vframes 1 -s 320x180 -y D:\code\cursor\looklook\userdata\thumbnails\1748229492837-RDpcVXNl.jpg
2025-05-26T03:18:12.502Z [LOG] 直接ffmpeg成功生成缩略图: D:\code\cursor\looklook\userdata\thumbnails\1748229492837-RDpcVXNl.jpg
2025-05-26T03:18:12.503Z [LOG] 通过直接ffmpeg命令生成缩略图成功
2025-05-26T03:18:12.503Z [LOG] 设置已加载
2025-05-26T03:18:12.503Z [LOG] 获取视频分辨率: D:\Users\Videos\测试\SampleVideo_720x480_5mb.mp4
2025-05-26T03:18:12.504Z [MAIN] 开始获取视频分辨率: D:\Users\Videos\测试\SampleVideo_720x480_5mb.mp4
2025-05-26T03:18:12.504Z [LOG] 直接获取视频分辨率
2025-05-26T03:18:12.504Z [RESOLUTION] 开始获取视频分辨率: D:\Users\Videos\测试\SampleVideo_720x480_5mb.mp4
2025-05-26T03:18:12.504Z [PATH] 尝试获取FFprobe路径
2025-05-26T03:18:12.504Z [LOG] 使用配置的FFprobe路径: D:\code\cursor\looklook\node_modules\ffprobe-static\bin\win32\x64\ffprobe.exe
2025-05-26T03:18:12.504Z [PATH] 使用配置的FFprobe路径: D:\code\cursor\looklook\node_modules\ffprobe-static\bin\win32\x64\ffprobe.exe
2025-05-26T03:18:12.504Z [RESOLUTION] 在开发环境中使用ffprobe路径: D:\code\cursor\looklook\node_modules\ffprobe-static\bin\win32\x64\ffprobe.exe
2025-05-26T03:18:12.504Z [RESOLUTION] 检查ffprobe可执行文件是否存在: true
2025-05-26T03:18:12.505Z [LOG] 执行命令: "D:\code\cursor\looklook\node_modules\ffprobe-static\bin\win32\x64\ffprobe.exe" -v error -select_streams v:0 -show_entries stream=width,height -of csv=s=x:p=0 "D:\Users\Videos\测试\SampleVideo_720x480_5mb.mp4"
2025-05-26T03:18:12.505Z [RESOLUTION] 开始执行命令获取分辨率: "D:\code\cursor\looklook\node_modules\ffprobe-static\bin\win32\x64\ffprobe.exe" -v error -select_streams v:0 -show_entries stream=width,height -of csv=s=x:p=0 "D:\Users\Videos\测试\SampleVideo_720x480_5mb.mp4"
2025-05-26T03:18:12.571Z [RESOLUTION] 命令输出: "640x480"
2025-05-26T03:18:12.572Z [LOG] 成功解析分辨率: 640×480
2025-05-26T03:18:12.572Z [RESOLUTION] 成功解析分辨率: 640×480
2025-05-26T03:18:12.572Z [LOG] 获取视频时长: D:\Users\Videos\测试\SampleVideo_720x480_5mb.mp4
2025-05-26T03:18:12.572Z [MAIN] 开始获取视频时长: D:\Users\Videos\测试\SampleVideo_720x480_5mb.mp4
2025-05-26T03:18:12.572Z [LOG] 直接获取视频时长
2025-05-26T03:18:12.572Z [DURATION] 开始获取视频时长: D:\Users\Videos\测试\SampleVideo_720x480_5mb.mp4
2025-05-26T03:18:12.573Z [PATH] 尝试获取FFprobe路径
2025-05-26T03:18:12.573Z [LOG] 使用配置的FFprobe路径: D:\code\cursor\looklook\node_modules\ffprobe-static\bin\win32\x64\ffprobe.exe
2025-05-26T03:18:12.573Z [PATH] 使用配置的FFprobe路径: D:\code\cursor\looklook\node_modules\ffprobe-static\bin\win32\x64\ffprobe.exe
2025-05-26T03:18:12.573Z [DURATION] 在开发环境中使用ffprobe路径: D:\code\cursor\looklook\node_modules\ffprobe-static\bin\win32\x64\ffprobe.exe
2025-05-26T03:18:12.573Z [DURATION] 检查ffprobe可执行文件是否存在: true
2025-05-26T03:18:12.573Z [LOG] 执行命令: "D:\code\cursor\looklook\node_modules\ffprobe-static\bin\win32\x64\ffprobe.exe" -v error -show_entries format=duration -of default=noprint_wrappers=1:nokey=1 "D:\Users\Videos\测试\SampleVideo_720x480_5mb.mp4"
2025-05-26T03:18:12.573Z [DURATION] 开始执行命令获取时长: "D:\code\cursor\looklook\node_modules\ffprobe-static\bin\win32\x64\ffprobe.exe" -v error -show_entries format=duration -of default=noprint_wrappers=1:nokey=1 "D:\Users\Videos\测试\SampleVideo_720x480_5mb.mp4"
2025-05-26T03:18:12.639Z [DURATION] 命令输出: "30.998000"
2025-05-26T03:18:12.639Z [LOG] 成功解析时长: 00:00:30
2025-05-26T03:18:12.639Z [DURATION] 成功解析时长: 00:00:30
2025-05-26T03:18:12.640Z [LOG] 开始生成缩略图，视频路径: D:\Users\Videos\测试\SampleVideo_720x480_5mb.mp4
2025-05-26T03:18:12.640Z [LOG] 缩略图输出路径: D:\code\cursor\looklook\userdata\thumbnails\1748229493394-RDpcVXNl.jpg
2025-05-26T03:18:12.640Z [LOG] 生成随机时间点: 00:00:27
2025-05-26T03:18:12.640Z [LOG] 使用直接命令行ffmpeg生成缩略图
2025-05-26T03:18:12.640Z [PATH] 尝试获取FFmpeg路径
2025-05-26T03:18:12.641Z [LOG] 使用配置的FFmpeg路径: D:\code\cursor\looklook\node_modules\ffmpeg-static\ffmpeg.exe
2025-05-26T03:18:12.641Z [PATH] 使用配置的FFmpeg路径: D:\code\cursor\looklook\node_modules\ffmpeg-static\ffmpeg.exe
2025-05-26T03:18:12.641Z [LOG] 将使用时间点 00:00:27 生成缩略图
2025-05-26T03:18:12.641Z [LOG] 执行命令: D:\code\cursor\looklook\node_modules\ffmpeg-static\ffmpeg.exe -ss 00:00:27 -i D:\Users\Videos\测试\SampleVideo_720x480_5mb.mp4 -vframes 1 -s 320x180 -y D:\code\cursor\looklook\userdata\thumbnails\1748229493394-RDpcVXNl.jpg
2025-05-26T03:18:12.731Z [LOG] 直接ffmpeg成功生成缩略图: D:\code\cursor\looklook\userdata\thumbnails\1748229493394-RDpcVXNl.jpg
2025-05-26T03:18:12.731Z [LOG] 通过直接ffmpeg命令生成缩略图成功
2025-05-26T03:18:12.732Z [LOG] 设置已加载
2025-05-26T03:18:12.732Z [LOG] 获取视频分辨率: D:\Users\Videos\测试\[12321]SSIS-666.AVI
2025-05-26T03:18:12.732Z [MAIN] 开始获取视频分辨率: D:\Users\Videos\测试\[12321]SSIS-666.AVI
2025-05-26T03:18:12.732Z [LOG] 直接获取视频分辨率
2025-05-26T03:18:12.732Z [RESOLUTION] 开始获取视频分辨率: D:\Users\Videos\测试\[12321]SSIS-666.AVI
2025-05-26T03:18:12.733Z [PATH] 尝试获取FFprobe路径
2025-05-26T03:18:12.733Z [LOG] 使用配置的FFprobe路径: D:\code\cursor\looklook\node_modules\ffprobe-static\bin\win32\x64\ffprobe.exe
2025-05-26T03:18:12.733Z [PATH] 使用配置的FFprobe路径: D:\code\cursor\looklook\node_modules\ffprobe-static\bin\win32\x64\ffprobe.exe
2025-05-26T03:18:12.733Z [RESOLUTION] 在开发环境中使用ffprobe路径: D:\code\cursor\looklook\node_modules\ffprobe-static\bin\win32\x64\ffprobe.exe
2025-05-26T03:18:12.733Z [RESOLUTION] 检查ffprobe可执行文件是否存在: true
2025-05-26T03:18:12.733Z [LOG] 执行命令: "D:\code\cursor\looklook\node_modules\ffprobe-static\bin\win32\x64\ffprobe.exe" -v error -select_streams v:0 -show_entries stream=width,height -of csv=s=x:p=0 "D:\Users\Videos\测试\[12321]SSIS-666.AVI"
2025-05-26T03:18:12.733Z [RESOLUTION] 开始执行命令获取分辨率: "D:\code\cursor\looklook\node_modules\ffprobe-static\bin\win32\x64\ffprobe.exe" -v error -select_streams v:0 -show_entries stream=width,height -of csv=s=x:p=0 "D:\Users\Videos\测试\[12321]SSIS-666.AVI"
2025-05-26T03:18:12.794Z [RESOLUTION] 命令输出: "320x240"
2025-05-26T03:18:12.794Z [LOG] 成功解析分辨率: 320×240
2025-05-26T03:18:12.795Z [RESOLUTION] 成功解析分辨率: 320×240
2025-05-26T03:18:12.795Z [LOG] 获取视频时长: D:\Users\Videos\测试\[12321]SSIS-666.AVI
2025-05-26T03:18:12.795Z [MAIN] 开始获取视频时长: D:\Users\Videos\测试\[12321]SSIS-666.AVI
2025-05-26T03:18:12.795Z [LOG] 直接获取视频时长
2025-05-26T03:18:12.795Z [DURATION] 开始获取视频时长: D:\Users\Videos\测试\[12321]SSIS-666.AVI
2025-05-26T03:18:12.795Z [PATH] 尝试获取FFprobe路径
2025-05-26T03:18:12.796Z [LOG] 使用配置的FFprobe路径: D:\code\cursor\looklook\node_modules\ffprobe-static\bin\win32\x64\ffprobe.exe
2025-05-26T03:18:12.796Z [PATH] 使用配置的FFprobe路径: D:\code\cursor\looklook\node_modules\ffprobe-static\bin\win32\x64\ffprobe.exe
2025-05-26T03:18:12.796Z [DURATION] 在开发环境中使用ffprobe路径: D:\code\cursor\looklook\node_modules\ffprobe-static\bin\win32\x64\ffprobe.exe
2025-05-26T03:18:12.796Z [DURATION] 检查ffprobe可执行文件是否存在: true
2025-05-26T03:18:12.796Z [LOG] 执行命令: "D:\code\cursor\looklook\node_modules\ffprobe-static\bin\win32\x64\ffprobe.exe" -v error -show_entries format=duration -of default=noprint_wrappers=1:nokey=1 "D:\Users\Videos\测试\[12321]SSIS-666.AVI"
2025-05-26T03:18:12.796Z [DURATION] 开始执行命令获取时长: "D:\code\cursor\looklook\node_modules\ffprobe-static\bin\win32\x64\ffprobe.exe" -v error -show_entries format=duration -of default=noprint_wrappers=1:nokey=1 "D:\Users\Videos\测试\[12321]SSIS-666.AVI"
2025-05-26T03:18:12.856Z [DURATION] 命令输出: "368.200000"
2025-05-26T03:18:12.857Z [LOG] 成功解析时长: 00:06:08
2025-05-26T03:18:12.857Z [DURATION] 成功解析时长: 00:06:08
2025-05-26T03:18:12.857Z [LOG] 开始生成缩略图，视频路径: D:\Users\Videos\测试\[12321]SSIS-666.AVI
2025-05-26T03:18:12.857Z [LOG] 缩略图输出路径: D:\code\cursor\looklook\userdata\thumbnails\1748229492768-RDpcVXNl.jpg
2025-05-26T03:18:12.858Z [LOG] 生成随机时间点: 00:00:22
2025-05-26T03:18:12.858Z [LOG] 使用直接命令行ffmpeg生成缩略图
2025-05-26T03:18:12.858Z [PATH] 尝试获取FFmpeg路径
2025-05-26T03:18:12.858Z [LOG] 使用配置的FFmpeg路径: D:\code\cursor\looklook\node_modules\ffmpeg-static\ffmpeg.exe
2025-05-26T03:18:12.859Z [PATH] 使用配置的FFmpeg路径: D:\code\cursor\looklook\node_modules\ffmpeg-static\ffmpeg.exe
2025-05-26T03:18:12.859Z [LOG] 将使用时间点 00:00:22 生成缩略图
2025-05-26T03:18:12.859Z [LOG] 执行命令: D:\code\cursor\looklook\node_modules\ffmpeg-static\ffmpeg.exe -ss 00:00:22 -i D:\Users\Videos\测试\[12321]SSIS-666.AVI -vframes 1 -s 320x180 -y D:\code\cursor\looklook\userdata\thumbnails\1748229492768-RDpcVXNl.jpg
2025-05-26T03:18:12.931Z [LOG] 直接ffmpeg成功生成缩略图: D:\code\cursor\looklook\userdata\thumbnails\1748229492768-RDpcVXNl.jpg
2025-05-26T03:18:12.931Z [LOG] 通过直接ffmpeg命令生成缩略图成功
2025-05-26T03:18:12.932Z [LOG] 保存当前批次的 34 个视频到数据库
2025-05-26T03:18:12.933Z [LOG] 通知渲染进程数据已更新
2025-05-26T03:18:12.934Z [LOG] 处理get-videos请求
2025-05-26T03:18:12.935Z [LOG] 通知渲染进程数据已更新
2025-05-26T03:18:12.936Z [LOG] 处理get-videos请求
2025-05-26T03:18:12.936Z [LOG] 通知渲染进程数据已更新
2025-05-26T03:18:12.937Z [LOG] 通知渲染进程数据已更新
2025-05-26T03:18:12.938Z [LOG] 通知渲染进程数据已更新
2025-05-26T03:18:12.939Z [LOG] 通知渲染进程数据已更新
2025-05-26T03:18:12.939Z [LOG] 通知渲染进程数据已更新
2025-05-26T03:18:12.940Z [LOG] 通知渲染进程数据已更新
2025-05-26T03:18:12.940Z [LOG] 通知渲染进程数据已更新
2025-05-26T03:18:12.941Z [LOG] 通知渲染进程数据已更新
2025-05-26T03:18:12.942Z [LOG] 通知渲染进程数据已更新
2025-05-26T03:18:12.942Z [LOG] 处理get-videos请求
2025-05-26T03:18:12.943Z [LOG] 处理get-videos请求
2025-05-26T03:18:12.943Z [LOG] 处理get-videos请求
2025-05-26T03:18:12.943Z [LOG] 通知渲染进程数据已更新
2025-05-26T03:18:12.944Z [LOG] 处理get-videos请求
2025-05-26T03:18:12.944Z [LOG] 处理get-videos请求
2025-05-26T03:18:12.944Z [LOG] 处理get-videos请求
2025-05-26T03:18:12.945Z [LOG] 处理get-videos请求
2025-05-26T03:18:12.945Z [LOG] 处理get-videos请求
2025-05-26T03:18:12.945Z [LOG] 处理get-videos请求
2025-05-26T03:18:12.946Z [LOG] 通知渲染进程数据已更新
2025-05-26T03:18:12.946Z [LOG] 处理get-videos请求
2025-05-26T03:18:12.947Z [LOG] 通知渲染进程数据已更新
2025-05-26T03:18:12.947Z [LOG] 通知渲染进程数据已更新
2025-05-26T03:18:12.948Z [LOG] 通知渲染进程数据已更新
2025-05-26T03:18:12.949Z [LOG] 通知渲染进程数据已更新
2025-05-26T03:18:12.949Z [LOG] 通知渲染进程数据已更新
2025-05-26T03:18:12.950Z [LOG] 通知渲染进程数据已更新
2025-05-26T03:18:12.951Z [LOG] 通知渲染进程数据已更新
2025-05-26T03:18:12.952Z [LOG] 通知渲染进程数据已更新
2025-05-26T03:18:12.952Z [LOG] 通知渲染进程数据已更新
2025-05-26T03:18:12.953Z [LOG] 通知渲染进程数据已更新
2025-05-26T03:18:12.954Z [LOG] 通知渲染进程数据已更新
2025-05-26T03:18:12.955Z [LOG] 处理get-videos请求
2025-05-26T03:18:12.956Z [LOG] 通知渲染进程数据已更新
2025-05-26T03:18:12.956Z [LOG] 通知渲染进程数据已更新
2025-05-26T03:18:12.957Z [LOG] 通知渲染进程数据已更新
2025-05-26T03:18:12.958Z [LOG] 通知渲染进程数据已更新
2025-05-26T03:18:12.958Z [LOG] 通知渲染进程数据已更新
2025-05-26T03:18:12.959Z [LOG] 通知渲染进程数据已更新
2025-05-26T03:18:12.959Z [LOG] 通知渲染进程数据已更新
2025-05-26T03:18:12.960Z [LOG] 通知渲染进程数据已更新
2025-05-26T03:18:12.961Z [LOG] 通知渲染进程数据已更新
2025-05-26T03:18:12.961Z [LOG] 通知渲染进程数据已更新
2025-05-26T03:18:12.962Z [LOG] 成功保存批次中的 34 个视频到数据库
2025-05-26T03:18:12.968Z [LOG] 处理get-videos请求
2025-05-26T03:18:12.969Z [LOG] 处理get-videos请求
2025-05-26T03:18:12.969Z [LOG] 处理get-videos请求
2025-05-26T03:18:12.969Z [LOG] 处理get-videos请求
2025-05-26T03:18:12.970Z [LOG] 处理get-videos请求
2025-05-26T03:18:12.970Z [LOG] 处理get-videos请求
2025-05-26T03:18:12.970Z [LOG] 处理get-videos请求
2025-05-26T03:18:12.971Z [LOG] 处理get-videos请求
2025-05-26T03:18:12.971Z [LOG] 处理get-videos请求
2025-05-26T03:18:12.972Z [LOG] 处理get-videos请求
2025-05-26T03:18:12.973Z [LOG] 处理get-videos请求
2025-05-26T03:18:12.974Z [LOG] 处理get-videos请求
2025-05-26T03:18:12.975Z [LOG] 处理get-videos请求
2025-05-26T03:18:12.976Z [LOG] 处理get-videos请求
2025-05-26T03:18:12.976Z [LOG] 处理get-videos请求
2025-05-26T03:18:12.977Z [LOG] 处理get-videos请求
2025-05-26T03:18:12.977Z [LOG] 处理get-videos请求
2025-05-26T03:18:12.978Z [LOG] 处理get-videos请求
2025-05-26T03:18:12.978Z [LOG] 处理get-videos请求
2025-05-26T03:18:12.978Z [LOG] 处理get-videos请求
2025-05-26T03:18:12.979Z [LOG] 处理get-videos请求
2025-05-26T03:18:12.979Z [LOG] 处理get-videos请求
2025-05-26T03:18:15.117Z [LOG] 处理自定义协议请求: app://thumbnail/1748229492768-RDpcVXNl.jpg
2025-05-26T03:18:15.117Z [LOG] 缩略图路径: D:\code\cursor\looklook\userdata\thumbnails\1748229492768-RDpcVXNl.jpg
2025-05-26T03:18:15.118Z [LOG] 处理自定义协议请求: app://thumbnail/1748229476500-RDpcVXNl.jpg
2025-05-26T03:18:15.119Z [LOG] 缩略图路径: D:\code\cursor\looklook\userdata\thumbnails\1748229476500-RDpcVXNl.jpg
2025-05-26T03:18:15.120Z [LOG] 处理自定义协议请求: app://thumbnail/1748229476546-RDpcVXNl.jpg
2025-05-26T03:18:15.120Z [LOG] 缩略图路径: D:\code\cursor\looklook\userdata\thumbnails\1748229476546-RDpcVXNl.jpg
2025-05-26T03:18:15.121Z [LOG] 处理自定义协议请求: app://thumbnail/1748229476896-RDpcVXNl.jpg
2025-05-26T03:18:15.121Z [LOG] 缩略图路径: D:\code\cursor\looklook\userdata\thumbnails\1748229476896-RDpcVXNl.jpg
2025-05-26T03:18:15.122Z [LOG] 处理自定义协议请求: app://thumbnail/1748229477295-RDpcVXNl.jpg
2025-05-26T03:18:15.123Z [LOG] 缩略图路径: D:\code\cursor\looklook\userdata\thumbnails\1748229477295-RDpcVXNl.jpg
2025-05-26T03:18:15.123Z [LOG] 处理自定义协议请求: app://thumbnail/1748229478258-RDpcVXNl.jpg
2025-05-26T03:18:15.124Z [LOG] 缩略图路径: D:\code\cursor\looklook\userdata\thumbnails\1748229478258-RDpcVXNl.jpg
2025-05-26T03:18:15.124Z [LOG] 处理自定义协议请求: app://thumbnail/1748229478423-RDpcVXNl.jpg
2025-05-26T03:18:15.125Z [LOG] 缩略图路径: D:\code\cursor\looklook\userdata\thumbnails\1748229478423-RDpcVXNl.jpg
2025-05-26T03:18:15.125Z [LOG] 处理自定义协议请求: app://thumbnail/1748229478668-RDpcVXNl.jpg
2025-05-26T03:18:15.126Z [LOG] 缩略图路径: D:\code\cursor\looklook\userdata\thumbnails\1748229478668-RDpcVXNl.jpg
2025-05-26T03:18:15.126Z [LOG] 处理自定义协议请求: app://thumbnail/1748229479122-RDpcVXNl.jpg
2025-05-26T03:18:15.127Z [LOG] 缩略图路径: D:\code\cursor\looklook\userdata\thumbnails\1748229479122-RDpcVXNl.jpg
2025-05-26T03:18:15.127Z [LOG] 处理自定义协议请求: app://thumbnail/1748229479340-RDpcVXNl.jpg
2025-05-26T03:18:15.128Z [LOG] 缩略图路径: D:\code\cursor\looklook\userdata\thumbnails\1748229479340-RDpcVXNl.jpg
2025-05-26T03:18:15.128Z [LOG] 处理自定义协议请求: app://thumbnail/1748229480536-RDpcVXNl.jpg
2025-05-26T03:18:15.129Z [LOG] 缩略图路径: D:\code\cursor\looklook\userdata\thumbnails\1748229480536-RDpcVXNl.jpg
2025-05-26T03:18:15.130Z [LOG] 处理自定义协议请求: app://thumbnail/1748229480790-RDpcVXNl.jpg
2025-05-26T03:18:15.130Z [LOG] 缩略图路径: D:\code\cursor\looklook\userdata\thumbnails\1748229480790-RDpcVXNl.jpg
2025-05-26T03:18:15.131Z [LOG] 处理自定义协议请求: app://thumbnail/1748229482016-RDpcVXNl.jpg
2025-05-26T03:18:15.131Z [LOG] 缩略图路径: D:\code\cursor\looklook\userdata\thumbnails\1748229482016-RDpcVXNl.jpg
2025-05-26T03:18:15.132Z [LOG] 处理自定义协议请求: app://thumbnail/1748229482346-RDpcVXNl.jpg
2025-05-26T03:18:15.132Z [LOG] 缩略图路径: D:\code\cursor\looklook\userdata\thumbnails\1748229482346-RDpcVXNl.jpg
2025-05-26T03:18:15.133Z [LOG] 处理自定义协议请求: app://thumbnail/1748229482944-RDpcVXNl.jpg
2025-05-26T03:18:15.133Z [LOG] 缩略图路径: D:\code\cursor\looklook\userdata\thumbnails\1748229482944-RDpcVXNl.jpg
2025-05-26T03:18:15.134Z [LOG] 处理自定义协议请求: app://thumbnail/1748229483095-RDpcVXNl.jpg
2025-05-26T03:18:15.134Z [LOG] 缩略图路径: D:\code\cursor\looklook\userdata\thumbnails\1748229483095-RDpcVXNl.jpg
2025-05-26T03:18:15.135Z [LOG] 处理自定义协议请求: app://thumbnail/1748229483744-RDpcVXNl.jpg
2025-05-26T03:18:15.135Z [LOG] 缩略图路径: D:\code\cursor\looklook\userdata\thumbnails\1748229483744-RDpcVXNl.jpg
2025-05-26T03:18:15.135Z [LOG] 处理自定义协议请求: app://thumbnail/1748229485034-RDpcVXNl.jpg
2025-05-26T03:18:15.136Z [LOG] 缩略图路径: D:\code\cursor\looklook\userdata\thumbnails\1748229485034-RDpcVXNl.jpg
2025-05-26T03:18:15.136Z [LOG] 处理自定义协议请求: app://thumbnail/1748229485691-RDpcVXNl.jpg
2025-05-26T03:18:15.137Z [LOG] 缩略图路径: D:\code\cursor\looklook\userdata\thumbnails\1748229485691-RDpcVXNl.jpg
2025-05-26T03:18:15.137Z [LOG] 处理自定义协议请求: app://thumbnail/1748229485926-RDpcVXNl.jpg
2025-05-26T03:18:15.138Z [LOG] 缩略图路径: D:\code\cursor\looklook\userdata\thumbnails\1748229485926-RDpcVXNl.jpg
2025-05-26T03:18:22.658Z [LOG] 打开文件选择对话框: {"title":"选择目标文件夹","properties":["openDirectory"]}
2025-05-26T03:18:24.612Z [LOG] 文件选择结果: {"canceled":true,"filePaths":[]}
2025-05-26T03:18:25.287Z [LOG] 打开文件选择对话框: {"title":"选择目标文件夹","properties":["openDirectory"]}
2025-05-26T03:18:26.422Z [LOG] 文件选择结果: {"canceled":false,"filePaths":["D:\\Users\\Videos\\测试"]}
2025-05-26T03:18:26.424Z [LOG] 准备移动 1 个视频到 D:\Users\Videos\测试
2025-05-26T03:18:26.424Z [LOG] 文件已在目标文件夹中，跳过移动: [12321]SSIS-666.AVI
2025-05-26T03:18:26.491Z [LOG] 移动完成: 总共 1 个视频，成功 1 个，失败 0 个
2025-05-26T03:18:26.493Z [LOG] 处理get-videos请求
2025-05-26T03:25:51.460Z 日志开始 - 2025-05-26T03:25:51.460Z - 应用版本: 2.1.2 - 运行环境: 开发环境
2025-05-26T03:25:51.461Z 系统信息: win32 x64 - Node.js 18.18.2
2025-05-26T03:25:51.461Z App路径: D:\code\cursor\looklook
2025-05-26T03:25:51.461Z 可执行文件路径: D:\code\cursor\looklook\node_modules\electron\dist\electron.exe
2025-05-26T03:25:51.461Z [LOG] 日志文件已创建: D:\code\cursor\looklook\userdata\logs\app-2025-05-26.log
2025-05-26T03:25:51.462Z [ERROR] 设置控制台编码失败: process.stdout.setEncoding is not a function
2025-05-26T03:25:51.462Z [LOG] 应用准备就绪
2025-05-26T03:25:51.462Z [ENV] 运行模式: 开发环境
2025-05-26T03:25:51.462Z [ENV] 应用路径: D:\code\cursor\looklook
2025-05-26T03:25:51.462Z [ENV] 可执行文件路径: D:\code\cursor\looklook\node_modules\electron\dist\electron.exe
2025-05-26T03:25:51.462Z [ENV] 用户数据路径: D:\code\cursor\looklook\userdata
2025-05-26T03:25:51.463Z [FFMPEG_COPY] 开发环境中无需复制FFmpeg和FFprobe
2025-05-26T03:25:51.463Z [LOG] 用户数据目录: D:\code\cursor\looklook\userdata
2025-05-26T03:25:51.463Z [LOG] 缩略图目录: D:\code\cursor\looklook\userdata\thumbnails
2025-05-26T03:25:51.464Z [LOG] 设置文件已存在，无需创建默认设置
2025-05-26T03:25:51.466Z [LOG] 打包状态: 开发环境
2025-05-26T03:25:51.467Z [LOG] App Path: D:\code\cursor\looklook
2025-05-26T03:25:51.467Z [LOG] Exe Path: D:\code\cursor\looklook\node_modules\electron\dist\electron.exe
2025-05-26T03:25:51.468Z [LOG] 应用目录: D:\code\cursor\looklook\node_modules\electron\dist
2025-05-26T03:25:51.468Z [LOG] 资源目录: D:\code\cursor\looklook\node_modules\electron\dist\resources
2025-05-26T03:25:51.468Z [TEST] 开始测试FFmpeg和FFprobe可执行性
2025-05-26T03:25:51.468Z [TEST] 打包状态: 开发环境
2025-05-26T03:25:51.468Z [TEST] App路径: D:\code\cursor\looklook
2025-05-26T03:25:51.468Z [TEST] 可执行文件路径: D:\code\cursor\looklook\node_modules\electron\dist\electron.exe
2025-05-26T03:25:51.468Z [TEST] 应用目录: D:\code\cursor\looklook\node_modules\electron\dist
2025-05-26T03:25:51.468Z [TEST] 资源目录: D:\code\cursor\looklook\node_modules\electron\dist\resources
2025-05-26T03:25:51.469Z [LOG] 检查node_modules路径: D:\code\cursor\looklook\node_modules\electron\dist\resources\node_modules, 存在: false
2025-05-26T03:25:51.469Z [TEST] 检查node_modules路径: D:\code\cursor\looklook\node_modules\electron\dist\resources\node_modules, 存在: false
2025-05-26T03:25:51.469Z [LOG] 检查node_modules路径: D:\code\cursor\looklook\node_modules\electron\dist\node_modules, 存在: false
2025-05-26T03:25:51.470Z [TEST] 检查node_modules路径: D:\code\cursor\looklook\node_modules\electron\dist\node_modules, 存在: false
2025-05-26T03:25:51.470Z [LOG] 检查node_modules路径: D:\code\cursor\looklook\node_modules, 存在: true
2025-05-26T03:25:51.470Z [TEST] 检查node_modules路径: D:\code\cursor\looklook\node_modules, 存在: true
2025-05-26T03:25:51.470Z [TEST] D:\code\cursor\looklook\node_modules 中内容: .bin, .package-lock.json, 7zip-bin, @derhuerst, @develar, @electron, @isaacs, @malept, @pkgjs, @sindresorhus, @szmarczak, @tootallnate, @types, @xmldom, agent-base, ajv, ajv-formats, ajv-keywords, ansi-regex, ansi-styles, app-builder-bin, app-builder-lib, archiver, archiver-utils, argparse, async, async-exit-hook, asynckit, at-least-node, atomically, balanced-match, base64-js, binary-search-tree, bl, bluebird, bluebird-lst, boolean, brace-expansion, buffer, buffer-crc32, buffer-equal, buffer-from, builder-util, builder-util-runtime, cacheable-lookup, cacheable-request, call-bind-apply-helpers, caseless, chalk, chownr, chromium-pickle-js, ci-info, cliui, clone-response, color-convert, color-name, combined-stream, commander, compare-version, compress-commons, concat-map, concat-stream, conf, config-file-ts, core-util-is, crc-32, crc32-stream, cross-spawn, debounce-fn, debug, decompress-response, defer-to-connect, define-data-property, define-properties, delayed-stream, detect-node, dir-compare, dmg-builder, dot-prop, dotenv, dotenv-expand, dunder-proto, eastasianwidth, ejs, electron, electron-builder, electron-builder-squirrel-windows, electron-publish, electron-store, emoji-regex, end-of-stream, env-paths, err-code, es-define-property, es-errors, es-object-atoms, es-set-tostringtag, es6-error, escalade, escape-string-regexp, extract-zip, fast-deep-equal, fast-json-stable-stringify, fast-uri, fd-slicer, ffmpeg-static, ffprobe-static, filelist, fluent-ffmpeg, foreground-child, form-data, fs-constants, fs-extra, fs-minipass, fs.realpath, function-bind, get-caller-file, get-intrinsic, get-proto, get-stream, glob, global-agent, globalthis, gopd, got, graceful-fs, has-flag, has-property-descriptors, has-symbols, has-tostringtag, hasown, hosted-git-info, http-cache-semantics, http-proxy-agent, http-response-object, http2-wrapper, https-proxy-agent, iconv-lite, ieee754, immediate, inflight, inherits, is-ci, is-fullwidth-code-point, isarray, isbinaryfile, isexe, jackspeak, jake, js-yaml, json-buffer, json-schema-traverse, json-schema-typed, json-stringify-safe, json5, jsonfile, keyv, lazy-val, lazystream, lie, localforage, lodash, lodash.defaults, lodash.difference, lodash.flatten, lodash.isplainobject, lodash.union, lowercase-keys, lru-cache, matcher, math-intrinsics, mime, mime-db, mime-types, mimic-function, mimic-response, minimatch, minimist, minipass, minizlib, mkdirp, ms, nedb, normalize-path, normalize-url, object-keys, once, p-cancelable, package-json-from-dist, parse-cache-control, path-is-absolute, path-key, path-scurry, pend, plist, process-nextick-args, progress, promise-retry, pump, punycode, quick-lru, read-config-file, readable-stream, readdir-glob, require-directory, require-from-string, resolve-alpn, responselike, retry, rimraf, roarr, safe-buffer, safer-buffer, sanitize-filename, sax, semver, semver-compare, serialize-error, shebang-command, shebang-regex, signal-exit, simple-update-notifier, source-map, source-map-support, sprintf-js, stat-mode, string-width, string-width-cjs, string_decoder, strip-ansi, strip-ansi-cjs, stubborn-fs, sumchecker, supports-color, tar, tar-stream, temp-file, tmp, tmp-promise, truncate-utf8-bytes, type-fest, typedarray, typescript, uint8array-extras, underscore, undici-types, universalify, uri-js, utf8-byte-length, util-deprecate, when-exit, which, wrap-ansi, wrap-ansi-cjs, wrappy, xmlbuilder, y18n, yallist, yargs, yargs-parser, yauzl, zip-stream
2025-05-26T03:25:51.470Z [TEST] ffmpeg-static存在于 D:\code\cursor\looklook\node_modules\ffmpeg-static
2025-05-26T03:25:51.471Z [TEST] ffmpeg-static内容: example.js, ffmpeg.exe, index.js, install.js, LICENSE, package.json, README.md, types
2025-05-26T03:25:51.471Z [TEST] ffprobe-static存在于 D:\code\cursor\looklook\node_modules\ffprobe-static
2025-05-26T03:25:51.471Z [TEST] ffprobe-static内容: bin, index.js, LICENSE, package.json, README.md, tests
2025-05-26T03:25:51.472Z [TEST] ffprobe-static/bin内容: darwin, linux, win32
2025-05-26T03:25:51.472Z [TEST] ffprobe-static/bin/win32内容: ia32, x64
2025-05-26T03:25:51.472Z [TEST] ffprobe-static/bin/win32/x64内容: ffprobe.exe
2025-05-26T03:25:51.473Z [LOG] 测试FFmpeg可执行性...
2025-05-26T03:25:51.473Z [TEST] 开始测试FFmpeg可执行性
2025-05-26T03:25:51.473Z [LOG] FFmpeg文件存在: D:\code\cursor\looklook\node_modules\ffmpeg-static\ffmpeg.exe
2025-05-26T03:25:51.474Z [TEST] FFmpeg文件存在: D:\code\cursor\looklook\node_modules\ffmpeg-static\ffmpeg.exe
2025-05-26T03:25:51.474Z [LOG] FFmpeg有执行权限
2025-05-26T03:25:51.474Z [TEST] FFmpeg有执行权限
2025-05-26T03:25:51.504Z [LOG] 测试FFprobe可执行性...
2025-05-26T03:25:51.504Z [LOG] FFprobe文件存在: D:\code\cursor\looklook\node_modules\ffprobe-static\bin\win32\x64\ffprobe.exe
2025-05-26T03:25:51.505Z [LOG] FFprobe有执行权限
2025-05-26T03:25:51.568Z [LOG] 注册IPC事件处理程序...
2025-05-26T03:25:51.569Z [LOG] IPC事件处理程序注册完成
2025-05-26T03:25:51.576Z [LOG] FFprobe执行测试成功: ffprobe version 4.0.2 Copyright (c) 2007-2018 the FFmpeg developers
2025-05-26T03:25:51.576Z [LOG] FFmpeg执行测试成功: ffmpeg version 7.1.1-essentials_build-www.gyan.dev Copyright (c) 2000-2025 the FFmpeg developers
2025-05-26T03:25:51.577Z [TEST] FFmpeg执行测试成功: ffmpeg version 7.1.1-essentials_build-www.gyan.dev Copyright (c) 2000-2025 the FFmpeg developers
2025-05-26T03:25:51.577Z [LOG] FFprobe执行测试成功: ffprobe version 4.0.2 Copyright (c) 2007-2018 the FFmpeg developers
2025-05-26T03:25:51.577Z [LOG] FFmpeg执行测试成功: ffmpeg version 7.1.1-essentials_build-www.gyan.dev Copyright (c) 2000-2025 the FFmpeg developers
2025-05-26T03:25:51.578Z [TEST] FFmpeg执行测试成功: ffmpeg version 7.1.1-essentials_build-www.gyan.dev Copyright (c) 2000-2025 the FFmpeg developers
2025-05-26T03:25:51.610Z [LOG] 已加载 34 个视频记录
2025-05-26T03:25:51.610Z [LOG] 开始检查是否存在重复视频记录...
2025-05-26T03:25:51.611Z [LOG] 没有发现重复视频记录
2025-05-26T03:25:51.613Z [LOG] 已加载枚举值[collection]: 4个
2025-05-26T03:25:51.613Z [LOG] 已加载枚举值[actors]: 0个
2025-05-26T03:25:51.614Z [LOG] 开始检查 34 个视频文件是否存在...
2025-05-26T03:25:51.646Z [LOG] 视频文件检查完成，共检查 34 个文件，发现 0 个问题
2025-05-26T03:25:51.647Z [LOG] 开始清理无效预览图...
2025-05-26T03:25:51.648Z [CLEANUP] 开始清理无效预览图
2025-05-26T03:25:51.648Z [LOG] 发现 34 个预览图文件
2025-05-26T03:25:51.648Z [CLEANUP] 发现 34 个预览图文件
2025-05-26T03:25:51.648Z [LOG] 从数据库获取到 34 个视频记录
2025-05-26T03:25:51.649Z [CLEANUP] 从数据库获取到 34 个视频记录
2025-05-26T03:25:51.649Z [LOG] 数据库中有 34 个有效的预览图引用
2025-05-26T03:25:51.649Z [CLEANUP] 数据库中有 34 个有效的预览图引用
2025-05-26T03:25:51.649Z [LOG] 没有发现无效的预览图文件
2025-05-26T03:25:51.649Z [CLEANUP] 没有发现无效的预览图文件
2025-05-26T03:25:51.650Z [LOG] 数据库模块初始化完成
2025-05-26T03:25:51.728Z [LOG] 处理get-videos请求
2025-05-26T03:25:51.730Z [LOG] 处理get-enum-values请求: collection
2025-05-26T03:25:51.731Z [LOG] 处理get-enum-values请求: actors
2025-05-26T03:25:51.750Z [LOG] 处理自定义协议请求: app://thumbnail/1748229492768-RDpcVXNl.jpg
2025-05-26T03:25:51.751Z [LOG] 缩略图路径: D:\code\cursor\looklook\userdata\thumbnails\1748229492768-RDpcVXNl.jpg
2025-05-26T03:25:51.752Z [LOG] 处理get-enum-values请求: collection
2025-05-26T03:25:51.753Z [LOG] 处理自定义协议请求: app://thumbnail/1748229476500-RDpcVXNl.jpg
2025-05-26T03:25:51.753Z [LOG] 缩略图路径: D:\code\cursor\looklook\userdata\thumbnails\1748229476500-RDpcVXNl.jpg
2025-05-26T03:25:51.754Z [LOG] 处理get-enum-values请求: actors
2025-05-26T03:25:51.755Z [LOG] 处理自定义协议请求: app://thumbnail/1748229476546-RDpcVXNl.jpg
2025-05-26T03:25:51.755Z [LOG] 缩略图路径: D:\code\cursor\looklook\userdata\thumbnails\1748229476546-RDpcVXNl.jpg
2025-05-26T03:25:51.756Z [LOG] 处理自定义协议请求: app://thumbnail/1748229476896-RDpcVXNl.jpg
2025-05-26T03:25:51.757Z [LOG] 缩略图路径: D:\code\cursor\looklook\userdata\thumbnails\1748229476896-RDpcVXNl.jpg
2025-05-26T03:25:51.757Z [LOG] 处理自定义协议请求: app://thumbnail/1748229477295-RDpcVXNl.jpg
2025-05-26T03:25:51.758Z [LOG] 缩略图路径: D:\code\cursor\looklook\userdata\thumbnails\1748229477295-RDpcVXNl.jpg
2025-05-26T03:25:51.758Z [LOG] 处理自定义协议请求: app://thumbnail/1748229478258-RDpcVXNl.jpg
2025-05-26T03:25:51.759Z [LOG] 缩略图路径: D:\code\cursor\looklook\userdata\thumbnails\1748229478258-RDpcVXNl.jpg
2025-05-26T03:25:51.759Z [LOG] 处理自定义协议请求: app://thumbnail/1748229478423-RDpcVXNl.jpg
2025-05-26T03:25:51.760Z [LOG] 缩略图路径: D:\code\cursor\looklook\userdata\thumbnails\1748229478423-RDpcVXNl.jpg
2025-05-26T03:25:51.760Z [LOG] 处理自定义协议请求: app://thumbnail/1748229478668-RDpcVXNl.jpg
2025-05-26T03:25:51.761Z [LOG] 缩略图路径: D:\code\cursor\looklook\userdata\thumbnails\1748229478668-RDpcVXNl.jpg
2025-05-26T03:25:51.761Z [LOG] 处理自定义协议请求: app://thumbnail/1748229479122-RDpcVXNl.jpg
2025-05-26T03:25:51.761Z [LOG] 缩略图路径: D:\code\cursor\looklook\userdata\thumbnails\1748229479122-RDpcVXNl.jpg
2025-05-26T03:25:51.762Z [LOG] 处理自定义协议请求: app://thumbnail/1748229479340-RDpcVXNl.jpg
2025-05-26T03:25:51.762Z [LOG] 缩略图路径: D:\code\cursor\looklook\userdata\thumbnails\1748229479340-RDpcVXNl.jpg
2025-05-26T03:25:51.762Z [LOG] 处理自定义协议请求: app://thumbnail/1748229480536-RDpcVXNl.jpg
2025-05-26T03:25:51.763Z [LOG] 缩略图路径: D:\code\cursor\looklook\userdata\thumbnails\1748229480536-RDpcVXNl.jpg
2025-05-26T03:25:51.763Z [LOG] 处理自定义协议请求: app://thumbnail/1748229480790-RDpcVXNl.jpg
2025-05-26T03:25:51.764Z [LOG] 缩略图路径: D:\code\cursor\looklook\userdata\thumbnails\1748229480790-RDpcVXNl.jpg
2025-05-26T03:25:51.764Z [LOG] 处理自定义协议请求: app://thumbnail/1748229482016-RDpcVXNl.jpg
2025-05-26T03:25:51.765Z [LOG] 缩略图路径: D:\code\cursor\looklook\userdata\thumbnails\1748229482016-RDpcVXNl.jpg
2025-05-26T03:25:51.765Z [LOG] 处理自定义协议请求: app://thumbnail/1748229482346-RDpcVXNl.jpg
2025-05-26T03:25:51.765Z [LOG] 缩略图路径: D:\code\cursor\looklook\userdata\thumbnails\1748229482346-RDpcVXNl.jpg
2025-05-26T03:25:51.766Z [LOG] 处理自定义协议请求: app://thumbnail/1748229482944-RDpcVXNl.jpg
2025-05-26T03:25:51.766Z [LOG] 缩略图路径: D:\code\cursor\looklook\userdata\thumbnails\1748229482944-RDpcVXNl.jpg
2025-05-26T03:25:51.766Z [LOG] 处理自定义协议请求: app://thumbnail/1748229483095-RDpcVXNl.jpg
2025-05-26T03:25:51.767Z [LOG] 缩略图路径: D:\code\cursor\looklook\userdata\thumbnails\1748229483095-RDpcVXNl.jpg
2025-05-26T03:25:51.767Z [LOG] 处理自定义协议请求: app://thumbnail/1748229483744-RDpcVXNl.jpg
2025-05-26T03:25:51.768Z [LOG] 缩略图路径: D:\code\cursor\looklook\userdata\thumbnails\1748229483744-RDpcVXNl.jpg
2025-05-26T03:25:51.769Z [LOG] 处理自定义协议请求: app://thumbnail/1748229485034-RDpcVXNl.jpg
2025-05-26T03:25:51.770Z [LOG] 缩略图路径: D:\code\cursor\looklook\userdata\thumbnails\1748229485034-RDpcVXNl.jpg
2025-05-26T03:25:51.770Z [LOG] 处理自定义协议请求: app://thumbnail/1748229485691-RDpcVXNl.jpg
2025-05-26T03:25:51.771Z [LOG] 缩略图路径: D:\code\cursor\looklook\userdata\thumbnails\1748229485691-RDpcVXNl.jpg
2025-05-26T03:25:51.771Z [LOG] 处理自定义协议请求: app://thumbnail/1748229485926-RDpcVXNl.jpg
2025-05-26T03:25:51.771Z [LOG] 缩略图路径: D:\code\cursor\looklook\userdata\thumbnails\1748229485926-RDpcVXNl.jpg
2025-05-26T03:28:58.586Z 日志开始 - 2025-05-26T03:28:58.586Z - 应用版本: 2.1.2 - 运行环境: 开发环境
2025-05-26T03:28:58.587Z 系统信息: win32 x64 - Node.js 18.18.2
2025-05-26T03:28:58.587Z App路径: D:\code\cursor\looklook
2025-05-26T03:28:58.587Z 可执行文件路径: D:\code\cursor\looklook\node_modules\electron\dist\electron.exe
2025-05-26T03:28:58.587Z [LOG] 日志文件已创建: D:\code\cursor\looklook\userdata\logs\app-2025-05-26.log
2025-05-26T03:28:58.588Z [ERROR] 设置控制台编码失败: process.stdout.setEncoding is not a function
2025-05-26T03:28:58.588Z [LOG] 应用准备就绪
2025-05-26T03:28:58.589Z [ENV] 运行模式: 开发环境
2025-05-26T03:28:58.589Z [ENV] 应用路径: D:\code\cursor\looklook
2025-05-26T03:28:58.589Z [ENV] 可执行文件路径: D:\code\cursor\looklook\node_modules\electron\dist\electron.exe
2025-05-26T03:28:58.589Z [ENV] 用户数据路径: D:\code\cursor\looklook\userdata
2025-05-26T03:28:58.589Z [FFMPEG_COPY] 开发环境中无需复制FFmpeg和FFprobe
2025-05-26T03:28:58.590Z [LOG] 用户数据目录: D:\code\cursor\looklook\userdata
2025-05-26T03:28:58.590Z [LOG] 缩略图目录: D:\code\cursor\looklook\userdata\thumbnails
2025-05-26T03:28:58.590Z [LOG] 设置文件已存在，无需创建默认设置
2025-05-26T03:28:58.593Z [LOG] 打包状态: 开发环境
2025-05-26T03:28:58.594Z [LOG] App Path: D:\code\cursor\looklook
2025-05-26T03:28:58.594Z [LOG] Exe Path: D:\code\cursor\looklook\node_modules\electron\dist\electron.exe
2025-05-26T03:28:58.594Z [LOG] 应用目录: D:\code\cursor\looklook\node_modules\electron\dist
2025-05-26T03:28:58.595Z [LOG] 资源目录: D:\code\cursor\looklook\node_modules\electron\dist\resources
2025-05-26T03:28:58.595Z [TEST] 开始测试FFmpeg和FFprobe可执行性
2025-05-26T03:28:58.595Z [TEST] 打包状态: 开发环境
2025-05-26T03:28:58.595Z [TEST] App路径: D:\code\cursor\looklook
2025-05-26T03:28:58.595Z [TEST] 可执行文件路径: D:\code\cursor\looklook\node_modules\electron\dist\electron.exe
2025-05-26T03:28:58.595Z [TEST] 应用目录: D:\code\cursor\looklook\node_modules\electron\dist
2025-05-26T03:28:58.595Z [TEST] 资源目录: D:\code\cursor\looklook\node_modules\electron\dist\resources
2025-05-26T03:28:58.596Z [LOG] 检查node_modules路径: D:\code\cursor\looklook\node_modules\electron\dist\resources\node_modules, 存在: false
2025-05-26T03:28:58.596Z [TEST] 检查node_modules路径: D:\code\cursor\looklook\node_modules\electron\dist\resources\node_modules, 存在: false
2025-05-26T03:28:58.596Z [LOG] 检查node_modules路径: D:\code\cursor\looklook\node_modules\electron\dist\node_modules, 存在: false
2025-05-26T03:28:58.596Z [TEST] 检查node_modules路径: D:\code\cursor\looklook\node_modules\electron\dist\node_modules, 存在: false
2025-05-26T03:28:58.596Z [LOG] 检查node_modules路径: D:\code\cursor\looklook\node_modules, 存在: true
2025-05-26T03:28:58.597Z [TEST] 检查node_modules路径: D:\code\cursor\looklook\node_modules, 存在: true
2025-05-26T03:28:58.597Z [TEST] D:\code\cursor\looklook\node_modules 中内容: .bin, .package-lock.json, 7zip-bin, @derhuerst, @develar, @electron, @isaacs, @malept, @pkgjs, @sindresorhus, @szmarczak, @tootallnate, @types, @xmldom, agent-base, ajv, ajv-formats, ajv-keywords, ansi-regex, ansi-styles, app-builder-bin, app-builder-lib, archiver, archiver-utils, argparse, async, async-exit-hook, asynckit, at-least-node, atomically, balanced-match, base64-js, binary-search-tree, bl, bluebird, bluebird-lst, boolean, brace-expansion, buffer, buffer-crc32, buffer-equal, buffer-from, builder-util, builder-util-runtime, cacheable-lookup, cacheable-request, call-bind-apply-helpers, caseless, chalk, chownr, chromium-pickle-js, ci-info, cliui, clone-response, color-convert, color-name, combined-stream, commander, compare-version, compress-commons, concat-map, concat-stream, conf, config-file-ts, core-util-is, crc-32, crc32-stream, cross-spawn, debounce-fn, debug, decompress-response, defer-to-connect, define-data-property, define-properties, delayed-stream, detect-node, dir-compare, dmg-builder, dot-prop, dotenv, dotenv-expand, dunder-proto, eastasianwidth, ejs, electron, electron-builder, electron-builder-squirrel-windows, electron-publish, electron-store, emoji-regex, end-of-stream, env-paths, err-code, es-define-property, es-errors, es-object-atoms, es-set-tostringtag, es6-error, escalade, escape-string-regexp, extract-zip, fast-deep-equal, fast-json-stable-stringify, fast-uri, fd-slicer, ffmpeg-static, ffprobe-static, filelist, fluent-ffmpeg, foreground-child, form-data, fs-constants, fs-extra, fs-minipass, fs.realpath, function-bind, get-caller-file, get-intrinsic, get-proto, get-stream, glob, global-agent, globalthis, gopd, got, graceful-fs, has-flag, has-property-descriptors, has-symbols, has-tostringtag, hasown, hosted-git-info, http-cache-semantics, http-proxy-agent, http-response-object, http2-wrapper, https-proxy-agent, iconv-lite, ieee754, immediate, inflight, inherits, is-ci, is-fullwidth-code-point, isarray, isbinaryfile, isexe, jackspeak, jake, js-yaml, json-buffer, json-schema-traverse, json-schema-typed, json-stringify-safe, json5, jsonfile, keyv, lazy-val, lazystream, lie, localforage, lodash, lodash.defaults, lodash.difference, lodash.flatten, lodash.isplainobject, lodash.union, lowercase-keys, lru-cache, matcher, math-intrinsics, mime, mime-db, mime-types, mimic-function, mimic-response, minimatch, minimist, minipass, minizlib, mkdirp, ms, nedb, normalize-path, normalize-url, object-keys, once, p-cancelable, package-json-from-dist, parse-cache-control, path-is-absolute, path-key, path-scurry, pend, plist, process-nextick-args, progress, promise-retry, pump, punycode, quick-lru, read-config-file, readable-stream, readdir-glob, require-directory, require-from-string, resolve-alpn, responselike, retry, rimraf, roarr, safe-buffer, safer-buffer, sanitize-filename, sax, semver, semver-compare, serialize-error, shebang-command, shebang-regex, signal-exit, simple-update-notifier, source-map, source-map-support, sprintf-js, stat-mode, string-width, string-width-cjs, string_decoder, strip-ansi, strip-ansi-cjs, stubborn-fs, sumchecker, supports-color, tar, tar-stream, temp-file, tmp, tmp-promise, truncate-utf8-bytes, type-fest, typedarray, typescript, uint8array-extras, underscore, undici-types, universalify, uri-js, utf8-byte-length, util-deprecate, when-exit, which, wrap-ansi, wrap-ansi-cjs, wrappy, xmlbuilder, y18n, yallist, yargs, yargs-parser, yauzl, zip-stream
2025-05-26T03:28:58.597Z [TEST] ffmpeg-static存在于 D:\code\cursor\looklook\node_modules\ffmpeg-static
2025-05-26T03:28:58.597Z [TEST] ffmpeg-static内容: example.js, ffmpeg.exe, index.js, install.js, LICENSE, package.json, README.md, types
2025-05-26T03:28:58.597Z [TEST] ffprobe-static存在于 D:\code\cursor\looklook\node_modules\ffprobe-static
2025-05-26T03:28:58.597Z [TEST] ffprobe-static内容: bin, index.js, LICENSE, package.json, README.md, tests
2025-05-26T03:28:58.597Z [TEST] ffprobe-static/bin内容: darwin, linux, win32
2025-05-26T03:28:58.598Z [TEST] ffprobe-static/bin/win32内容: ia32, x64
2025-05-26T03:28:58.598Z [TEST] ffprobe-static/bin/win32/x64内容: ffprobe.exe
2025-05-26T03:28:58.598Z [LOG] 测试FFmpeg可执行性...
2025-05-26T03:28:58.598Z [TEST] 开始测试FFmpeg可执行性
2025-05-26T03:28:58.598Z [LOG] FFmpeg文件存在: D:\code\cursor\looklook\node_modules\ffmpeg-static\ffmpeg.exe
2025-05-26T03:28:58.599Z [TEST] FFmpeg文件存在: D:\code\cursor\looklook\node_modules\ffmpeg-static\ffmpeg.exe
2025-05-26T03:28:58.599Z [LOG] FFmpeg有执行权限
2025-05-26T03:28:58.599Z [TEST] FFmpeg有执行权限
2025-05-26T03:28:58.631Z [LOG] 测试FFprobe可执行性...
2025-05-26T03:28:58.631Z [LOG] FFprobe文件存在: D:\code\cursor\looklook\node_modules\ffprobe-static\bin\win32\x64\ffprobe.exe
2025-05-26T03:28:58.631Z [LOG] FFprobe有执行权限
2025-05-26T03:29:00.291Z [LOG] 注册IPC事件处理程序...
2025-05-26T03:29:00.292Z [LOG] IPC事件处理程序注册完成
2025-05-26T03:29:00.297Z [LOG] FFprobe执行测试成功: ffprobe version 4.0.2 Copyright (c) 2007-2018 the FFmpeg developers
2025-05-26T03:29:00.297Z [LOG] FFprobe执行测试成功: ffprobe version 4.0.2 Copyright (c) 2007-2018 the FFmpeg developers
2025-05-26T03:29:00.298Z [LOG] FFmpeg执行测试成功: ffmpeg version 7.1.1-essentials_build-www.gyan.dev Copyright (c) 2000-2025 the FFmpeg developers
2025-05-26T03:29:00.298Z [TEST] FFmpeg执行测试成功: ffmpeg version 7.1.1-essentials_build-www.gyan.dev Copyright (c) 2000-2025 the FFmpeg developers
2025-05-26T03:29:00.298Z [LOG] FFmpeg执行测试成功: ffmpeg version 7.1.1-essentials_build-www.gyan.dev Copyright (c) 2000-2025 the FFmpeg developers
2025-05-26T03:29:00.298Z [TEST] FFmpeg执行测试成功: ffmpeg version 7.1.1-essentials_build-www.gyan.dev Copyright (c) 2000-2025 the FFmpeg developers
2025-05-26T03:29:00.326Z [LOG] 已加载 34 个视频记录
2025-05-26T03:29:00.327Z [LOG] 开始检查是否存在重复视频记录...
2025-05-26T03:29:00.327Z [LOG] 没有发现重复视频记录
2025-05-26T03:29:00.330Z [LOG] 已加载枚举值[collection]: 4个
2025-05-26T03:29:00.331Z [LOG] 已加载枚举值[actors]: 0个
2025-05-26T03:29:00.331Z [LOG] 开始检查 34 个视频文件是否存在...
2025-05-26T03:29:00.375Z [LOG] 视频文件检查完成，共检查 34 个文件，发现 0 个问题
2025-05-26T03:29:00.376Z [LOG] 开始清理无效预览图...
2025-05-26T03:29:00.376Z [CLEANUP] 开始清理无效预览图
2025-05-26T03:29:00.377Z [LOG] 发现 34 个预览图文件
2025-05-26T03:29:00.377Z [CLEANUP] 发现 34 个预览图文件
2025-05-26T03:29:00.377Z [LOG] 从数据库获取到 34 个视频记录
2025-05-26T03:29:00.378Z [CLEANUP] 从数据库获取到 34 个视频记录
2025-05-26T03:29:00.378Z [LOG] 数据库中有 34 个有效的预览图引用
2025-05-26T03:29:00.378Z [CLEANUP] 数据库中有 34 个有效的预览图引用
2025-05-26T03:29:00.379Z [LOG] 没有发现无效的预览图文件
2025-05-26T03:29:00.379Z [CLEANUP] 没有发现无效的预览图文件
2025-05-26T03:29:00.379Z [LOG] 数据库模块初始化完成
2025-05-26T03:29:00.545Z [LOG] 处理get-videos请求
2025-05-26T03:29:00.549Z [LOG] 处理get-enum-values请求: collection
2025-05-26T03:29:00.549Z [LOG] 处理get-enum-values请求: actors
2025-05-26T03:29:00.588Z [LOG] 处理自定义协议请求: app://thumbnail/1748229492768-RDpcVXNl.jpg
2025-05-26T03:29:00.589Z [LOG] 缩略图路径: D:\code\cursor\looklook\userdata\thumbnails\1748229492768-RDpcVXNl.jpg
2025-05-26T03:29:00.589Z [LOG] 处理get-enum-values请求: collection
2025-05-26T03:29:00.590Z [LOG] 处理自定义协议请求: app://thumbnail/1748229476500-RDpcVXNl.jpg
2025-05-26T03:29:00.590Z [LOG] 缩略图路径: D:\code\cursor\looklook\userdata\thumbnails\1748229476500-RDpcVXNl.jpg
2025-05-26T03:29:00.591Z [LOG] 处理get-enum-values请求: actors
2025-05-26T03:29:00.591Z [LOG] 处理自定义协议请求: app://thumbnail/1748229476546-RDpcVXNl.jpg
2025-05-26T03:29:00.592Z [LOG] 缩略图路径: D:\code\cursor\looklook\userdata\thumbnails\1748229476546-RDpcVXNl.jpg
2025-05-26T03:29:00.592Z [LOG] 处理自定义协议请求: app://thumbnail/1748229476896-RDpcVXNl.jpg
2025-05-26T03:29:00.593Z [LOG] 缩略图路径: D:\code\cursor\looklook\userdata\thumbnails\1748229476896-RDpcVXNl.jpg
2025-05-26T03:29:00.593Z [LOG] 处理自定义协议请求: app://thumbnail/1748229477295-RDpcVXNl.jpg
2025-05-26T03:29:00.593Z [LOG] 缩略图路径: D:\code\cursor\looklook\userdata\thumbnails\1748229477295-RDpcVXNl.jpg
2025-05-26T03:29:00.594Z [LOG] 处理自定义协议请求: app://thumbnail/1748229478258-RDpcVXNl.jpg
2025-05-26T03:29:00.594Z [LOG] 缩略图路径: D:\code\cursor\looklook\userdata\thumbnails\1748229478258-RDpcVXNl.jpg
2025-05-26T03:29:00.594Z [LOG] 处理自定义协议请求: app://thumbnail/1748229478423-RDpcVXNl.jpg
2025-05-26T03:29:00.595Z [LOG] 缩略图路径: D:\code\cursor\looklook\userdata\thumbnails\1748229478423-RDpcVXNl.jpg
2025-05-26T03:29:00.595Z [LOG] 处理自定义协议请求: app://thumbnail/1748229478668-RDpcVXNl.jpg
2025-05-26T03:29:00.596Z [LOG] 缩略图路径: D:\code\cursor\looklook\userdata\thumbnails\1748229478668-RDpcVXNl.jpg
2025-05-26T03:29:00.596Z [LOG] 处理自定义协议请求: app://thumbnail/1748229479122-RDpcVXNl.jpg
2025-05-26T03:29:00.596Z [LOG] 缩略图路径: D:\code\cursor\looklook\userdata\thumbnails\1748229479122-RDpcVXNl.jpg
2025-05-26T03:29:00.597Z [LOG] 处理自定义协议请求: app://thumbnail/1748229479340-RDpcVXNl.jpg
2025-05-26T03:29:00.597Z [LOG] 缩略图路径: D:\code\cursor\looklook\userdata\thumbnails\1748229479340-RDpcVXNl.jpg
2025-05-26T03:29:00.597Z [LOG] 处理自定义协议请求: app://thumbnail/1748229480536-RDpcVXNl.jpg
2025-05-26T03:29:00.597Z [LOG] 缩略图路径: D:\code\cursor\looklook\userdata\thumbnails\1748229480536-RDpcVXNl.jpg
2025-05-26T03:29:00.598Z [LOG] 处理自定义协议请求: app://thumbnail/1748229480790-RDpcVXNl.jpg
2025-05-26T03:29:00.598Z [LOG] 缩略图路径: D:\code\cursor\looklook\userdata\thumbnails\1748229480790-RDpcVXNl.jpg
2025-05-26T03:29:00.599Z [LOG] 处理自定义协议请求: app://thumbnail/1748229482016-RDpcVXNl.jpg
2025-05-26T03:29:00.599Z [LOG] 缩略图路径: D:\code\cursor\looklook\userdata\thumbnails\1748229482016-RDpcVXNl.jpg
2025-05-26T03:29:00.599Z [LOG] 处理自定义协议请求: app://thumbnail/1748229482346-RDpcVXNl.jpg
2025-05-26T03:29:00.600Z [LOG] 缩略图路径: D:\code\cursor\looklook\userdata\thumbnails\1748229482346-RDpcVXNl.jpg
2025-05-26T03:29:00.600Z [LOG] 处理自定义协议请求: app://thumbnail/1748229482944-RDpcVXNl.jpg
2025-05-26T03:29:00.600Z [LOG] 缩略图路径: D:\code\cursor\looklook\userdata\thumbnails\1748229482944-RDpcVXNl.jpg
2025-05-26T03:29:00.601Z [LOG] 处理自定义协议请求: app://thumbnail/1748229483095-RDpcVXNl.jpg
2025-05-26T03:29:00.601Z [LOG] 缩略图路径: D:\code\cursor\looklook\userdata\thumbnails\1748229483095-RDpcVXNl.jpg
2025-05-26T03:29:00.601Z [LOG] 处理自定义协议请求: app://thumbnail/1748229483744-RDpcVXNl.jpg
2025-05-26T03:29:00.602Z [LOG] 缩略图路径: D:\code\cursor\looklook\userdata\thumbnails\1748229483744-RDpcVXNl.jpg
2025-05-26T03:29:00.602Z [LOG] 处理自定义协议请求: app://thumbnail/1748229485034-RDpcVXNl.jpg
2025-05-26T03:29:00.602Z [LOG] 缩略图路径: D:\code\cursor\looklook\userdata\thumbnails\1748229485034-RDpcVXNl.jpg
2025-05-26T03:29:00.603Z [LOG] 处理自定义协议请求: app://thumbnail/1748229485691-RDpcVXNl.jpg
2025-05-26T03:29:00.603Z [LOG] 缩略图路径: D:\code\cursor\looklook\userdata\thumbnails\1748229485691-RDpcVXNl.jpg
2025-05-26T03:29:00.603Z [LOG] 处理自定义协议请求: app://thumbnail/1748229485926-RDpcVXNl.jpg
2025-05-26T03:29:00.604Z [LOG] 缩略图路径: D:\code\cursor\looklook\userdata\thumbnails\1748229485926-RDpcVXNl.jpg
2025-05-26T03:30:00.603Z [LOG] 处理get-enum-values请求: collection
2025-05-26T03:30:00.605Z [LOG] 处理get-enum-values请求: actors
2025-05-26T03:31:00.595Z [LOG] 处理get-enum-values请求: collection
2025-05-26T03:31:00.597Z [LOG] 处理get-enum-values请求: actors
2025-05-26T03:32:00.621Z [LOG] 处理get-enum-values请求: collection
2025-05-26T03:32:00.622Z [LOG] 处理get-enum-values请求: actors
2025-05-26T03:33:00.621Z [LOG] 处理get-enum-values请求: collection
2025-05-26T03:33:00.622Z [LOG] 处理get-enum-values请求: actors
2025-05-26T03:34:00.621Z [LOG] 处理get-enum-values请求: collection
2025-05-26T03:34:00.623Z [LOG] 处理get-enum-values请求: actors
2025-05-26T03:35:00.614Z [LOG] 处理get-enum-values请求: collection
2025-05-26T03:35:00.615Z [LOG] 处理get-enum-values请求: actors
2025-05-26T03:36:00.619Z [LOG] 处理get-enum-values请求: collection
2025-05-26T03:36:00.620Z [LOG] 处理get-enum-values请求: actors
2025-05-26T03:37:01.617Z [LOG] 处理get-enum-values请求: collection
2025-05-26T03:37:01.619Z [LOG] 处理get-enum-values请求: actors
2025-05-26T03:38:00.624Z [LOG] 处理get-enum-values请求: collection
2025-05-26T03:38:00.626Z [LOG] 处理get-enum-values请求: actors
2025-05-26T03:39:01.619Z [LOG] 处理get-enum-values请求: collection
2025-05-26T03:39:01.620Z [LOG] 处理get-enum-values请求: actors
2025-05-26T03:40:02.629Z [LOG] 处理get-enum-values请求: collection
2025-05-26T03:40:02.631Z [LOG] 处理get-enum-values请求: actors
2025-05-26T03:41:00.614Z [LOG] 处理get-enum-values请求: collection
2025-05-26T03:41:00.616Z [LOG] 处理get-enum-values请求: actors
2025-05-26T03:42:01.628Z [LOG] 处理get-enum-values请求: collection
2025-05-26T03:42:01.630Z [LOG] 处理get-enum-values请求: actors
2025-05-26T03:43:00.605Z [LOG] 处理get-enum-values请求: collection
2025-05-26T03:43:00.607Z [LOG] 处理get-enum-values请求: actors
2025-05-26T03:44:00.615Z [LOG] 处理get-enum-values请求: collection
2025-05-26T03:44:00.616Z [LOG] 处理get-enum-values请求: actors
2025-05-26T03:45:01.618Z [LOG] 处理get-enum-values请求: collection
2025-05-26T03:45:01.620Z [LOG] 处理get-enum-values请求: actors
2025-05-26T03:46:02.621Z [LOG] 处理get-enum-values请求: collection
2025-05-26T03:46:02.623Z [LOG] 处理get-enum-values请求: actors
2025-05-26T03:47:03.613Z [LOG] 处理get-enum-values请求: collection
2025-05-26T03:47:03.614Z [LOG] 处理get-enum-values请求: actors
2025-05-26T03:48:04.619Z [LOG] 处理get-enum-values请求: collection
2025-05-26T03:48:04.620Z [LOG] 处理get-enum-values请求: actors
2025-05-26T03:49:05.624Z [LOG] 处理get-enum-values请求: collection
2025-05-26T03:49:05.626Z [LOG] 处理get-enum-values请求: actors
2025-05-26T03:50:06.629Z [LOG] 处理get-enum-values请求: collection
2025-05-26T03:50:06.631Z [LOG] 处理get-enum-values请求: actors
2025-05-26T03:51:07.615Z [LOG] 处理get-enum-values请求: collection
2025-05-26T03:51:07.617Z [LOG] 处理get-enum-values请求: actors
2025-05-26T03:52:08.628Z [LOG] 处理get-enum-values请求: collection
2025-05-26T03:52:08.629Z [LOG] 处理get-enum-values请求: actors
2025-05-26T03:53:09.619Z [LOG] 处理get-enum-values请求: collection
2025-05-26T03:53:09.621Z [LOG] 处理get-enum-values请求: actors
2025-05-26T03:54:10.621Z [LOG] 处理get-enum-values请求: collection
2025-05-26T03:54:10.623Z [LOG] 处理get-enum-values请求: actors
2025-05-26T03:55:11.626Z [LOG] 处理get-enum-values请求: collection
2025-05-26T03:55:11.629Z [LOG] 处理get-enum-values请求: actors
2025-05-26T03:56:12.625Z [LOG] 处理get-enum-values请求: collection
2025-05-26T03:56:12.627Z [LOG] 处理get-enum-values请求: actors
2025-05-26T03:57:13.626Z [LOG] 处理get-enum-values请求: collection
2025-05-26T03:57:13.628Z [LOG] 处理get-enum-values请求: actors
2025-05-26T03:58:14.620Z [LOG] 处理get-enum-values请求: collection
2025-05-26T03:58:14.622Z [LOG] 处理get-enum-values请求: actors
2025-05-26T03:59:15.623Z [LOG] 处理get-enum-values请求: collection
2025-05-26T03:59:15.625Z [LOG] 处理get-enum-values请求: actors
2025-05-26T04:00:16.629Z [LOG] 处理get-enum-values请求: collection
2025-05-26T04:00:16.630Z [LOG] 处理get-enum-values请求: actors
2025-05-26T04:01:17.618Z [LOG] 处理get-enum-values请求: collection
2025-05-26T04:01:17.620Z [LOG] 处理get-enum-values请求: actors
2025-05-26T04:02:18.624Z [LOG] 处理get-enum-values请求: collection
2025-05-26T04:02:18.626Z [LOG] 处理get-enum-values请求: actors
2025-05-26T04:03:19.614Z [LOG] 处理get-enum-values请求: collection
2025-05-26T04:03:19.615Z [LOG] 处理get-enum-values请求: actors
2025-05-26T04:04:20.614Z [LOG] 处理get-enum-values请求: collection
2025-05-26T04:04:20.616Z [LOG] 处理get-enum-values请求: actors
2025-05-26T04:05:21.624Z [LOG] 处理get-enum-values请求: collection
2025-05-26T04:05:21.626Z [LOG] 处理get-enum-values请求: actors
2025-05-26T04:06:22.623Z [LOG] 处理get-enum-values请求: collection
2025-05-26T04:06:22.625Z [LOG] 处理get-enum-values请求: actors
2025-05-26T04:07:23.617Z [LOG] 处理get-enum-values请求: collection
2025-05-26T04:07:23.618Z [LOG] 处理get-enum-values请求: actors
2025-05-26T04:08:24.623Z [LOG] 处理get-enum-values请求: collection
2025-05-26T04:08:24.625Z [LOG] 处理get-enum-values请求: actors
2025-05-26T04:09:25.621Z [LOG] 处理get-enum-values请求: collection
2025-05-26T04:09:25.623Z [LOG] 处理get-enum-values请求: actors
2025-05-26T04:10:26.620Z [LOG] 处理get-enum-values请求: collection
2025-05-26T04:10:26.622Z [LOG] 处理get-enum-values请求: actors
2025-05-26T04:11:26.614Z [LOG] 处理get-enum-values请求: collection
2025-05-26T04:11:26.616Z [LOG] 处理get-enum-values请求: actors
2025-05-26T04:12:26.619Z [LOG] 处理get-enum-values请求: collection
2025-05-26T04:12:26.620Z [LOG] 处理get-enum-values请求: actors
2025-05-26T04:13:26.616Z [LOG] 处理get-enum-values请求: collection
2025-05-26T04:13:26.618Z [LOG] 处理get-enum-values请求: actors
2025-05-26T04:14:26.619Z [LOG] 处理get-enum-values请求: collection
2025-05-26T04:14:26.621Z [LOG] 处理get-enum-values请求: actors
2025-05-26T04:15:26.619Z [LOG] 处理get-enum-values请求: collection
2025-05-26T04:15:26.621Z [LOG] 处理get-enum-values请求: actors
2025-05-26T04:16:26.628Z [LOG] 处理get-enum-values请求: collection
2025-05-26T04:16:26.630Z [LOG] 处理get-enum-values请求: actors
2025-05-26T04:17:26.627Z [LOG] 处理get-enum-values请求: collection
2025-05-26T04:17:26.629Z [LOG] 处理get-enum-values请求: actors
2025-05-26T04:18:26.624Z [LOG] 处理get-enum-values请求: collection
2025-05-26T04:18:26.626Z [LOG] 处理get-enum-values请求: actors
2025-05-26T04:19:26.614Z [LOG] 处理get-enum-values请求: collection
2025-05-26T04:19:26.615Z [LOG] 处理get-enum-values请求: actors
2025-05-26T04:20:26.628Z [LOG] 处理get-enum-values请求: collection
2025-05-26T04:20:26.630Z [LOG] 处理get-enum-values请求: actors
2025-05-26T04:21:26.617Z [LOG] 处理get-enum-values请求: collection
2025-05-26T04:21:26.619Z [LOG] 处理get-enum-values请求: actors
2025-05-26T04:22:26.622Z [LOG] 处理get-enum-values请求: collection
2025-05-26T04:22:26.624Z [LOG] 处理get-enum-values请求: actors
2025-05-26T04:23:26.622Z [LOG] 处理get-enum-values请求: collection
2025-05-26T04:23:26.623Z [LOG] 处理get-enum-values请求: actors
2025-05-26T04:24:26.624Z [LOG] 处理get-enum-values请求: collection
2025-05-26T04:24:26.626Z [LOG] 处理get-enum-values请求: actors
2025-05-26T04:25:26.627Z [LOG] 处理get-enum-values请求: collection
2025-05-26T04:25:26.629Z [LOG] 处理get-enum-values请求: actors
2025-05-26T04:26:26.628Z [LOG] 处理get-enum-values请求: collection
2025-05-26T04:26:26.629Z [LOG] 处理get-enum-values请求: actors
2025-05-26T04:27:26.614Z [LOG] 处理get-enum-values请求: collection
2025-05-26T04:27:26.616Z [LOG] 处理get-enum-values请求: actors
2025-05-26T04:28:26.628Z [LOG] 处理get-enum-values请求: collection
2025-05-26T04:28:26.630Z [LOG] 处理get-enum-values请求: actors
2025-05-26T04:29:26.628Z [LOG] 处理get-enum-values请求: collection
2025-05-26T04:29:26.630Z [LOG] 处理get-enum-values请求: actors
2025-05-26T04:30:26.625Z [LOG] 处理get-enum-values请求: collection
2025-05-26T04:30:26.627Z [LOG] 处理get-enum-values请求: actors
2025-05-26T04:31:26.617Z [LOG] 处理get-enum-values请求: collection
2025-05-26T04:31:26.620Z [LOG] 处理get-enum-values请求: actors
2025-05-26T04:32:26.627Z [LOG] 处理get-enum-values请求: collection
2025-05-26T04:32:26.628Z [LOG] 处理get-enum-values请求: actors
2025-05-26T04:33:26.618Z [LOG] 处理get-enum-values请求: collection
2025-05-26T04:33:26.621Z [LOG] 处理get-enum-values请求: actors
2025-05-26T04:34:26.626Z [LOG] 处理get-enum-values请求: collection
2025-05-26T04:34:26.627Z [LOG] 处理get-enum-values请求: actors
2025-05-26T04:35:26.616Z [LOG] 处理get-enum-values请求: collection
2025-05-26T04:35:26.617Z [LOG] 处理get-enum-values请求: actors
2025-05-26T04:36:26.628Z [LOG] 处理get-enum-values请求: collection
2025-05-26T04:36:26.630Z [LOG] 处理get-enum-values请求: actors
2025-05-26T04:37:26.621Z [LOG] 处理get-enum-values请求: collection
2025-05-26T04:37:26.623Z [LOG] 处理get-enum-values请求: actors
2025-05-26T04:38:26.628Z [LOG] 处理get-enum-values请求: collection
2025-05-26T04:38:26.629Z [LOG] 处理get-enum-values请求: actors
2025-05-26T04:39:26.622Z [LOG] 处理get-enum-values请求: collection
2025-05-26T04:39:26.624Z [LOG] 处理get-enum-values请求: actors
2025-05-26T04:40:26.614Z [LOG] 处理get-enum-values请求: collection
2025-05-26T04:40:26.616Z [LOG] 处理get-enum-values请求: actors
2025-05-26T04:41:26.622Z [LOG] 处理get-enum-values请求: collection
2025-05-26T04:41:26.624Z [LOG] 处理get-enum-values请求: actors
2025-05-26T04:42:26.615Z [LOG] 处理get-enum-values请求: collection
2025-05-26T04:42:26.617Z [LOG] 处理get-enum-values请求: actors
2025-05-26T04:43:26.624Z [LOG] 处理get-enum-values请求: collection
2025-05-26T04:43:26.626Z [LOG] 处理get-enum-values请求: actors
2025-05-26T04:44:26.620Z [LOG] 处理get-enum-values请求: collection
2025-05-26T04:44:26.622Z [LOG] 处理get-enum-values请求: actors
2025-05-26T04:45:26.617Z [LOG] 处理get-enum-values请求: collection
2025-05-26T04:45:26.619Z [LOG] 处理get-enum-values请求: actors
2025-05-26T04:46:26.622Z [LOG] 处理get-enum-values请求: collection
2025-05-26T04:46:26.623Z [LOG] 处理get-enum-values请求: actors
2025-05-26T04:47:26.625Z [LOG] 处理get-enum-values请求: collection
2025-05-26T04:47:26.627Z [LOG] 处理get-enum-values请求: actors
2025-05-26T04:48:26.619Z [LOG] 处理get-enum-values请求: collection
2025-05-26T04:48:26.622Z [LOG] 处理get-enum-values请求: actors
2025-05-26T04:49:26.615Z [LOG] 处理get-enum-values请求: collection
2025-05-26T04:49:26.617Z [LOG] 处理get-enum-values请求: actors
2025-05-26T04:50:26.618Z [LOG] 处理get-enum-values请求: collection
2025-05-26T04:50:26.619Z [LOG] 处理get-enum-values请求: actors
2025-05-26T04:51:26.613Z [LOG] 处理get-enum-values请求: collection
2025-05-26T04:51:26.615Z [LOG] 处理get-enum-values请求: actors
2025-05-26T04:52:26.627Z [LOG] 处理get-enum-values请求: collection
2025-05-26T04:52:26.628Z [LOG] 处理get-enum-values请求: actors
2025-05-26T04:53:26.626Z [LOG] 处理get-enum-values请求: collection
2025-05-26T04:53:26.628Z [LOG] 处理get-enum-values请求: actors
2025-05-26T04:54:26.617Z [LOG] 处理get-enum-values请求: collection
2025-05-26T04:54:26.619Z [LOG] 处理get-enum-values请求: actors
2025-05-26T04:55:26.623Z [LOG] 处理get-enum-values请求: collection
2025-05-26T04:55:26.625Z [LOG] 处理get-enum-values请求: actors
2025-05-26T04:56:26.622Z [LOG] 处理get-enum-values请求: collection
2025-05-26T04:56:26.625Z [LOG] 处理get-enum-values请求: actors
2025-05-26T04:57:26.614Z [LOG] 处理get-enum-values请求: collection
2025-05-26T04:57:26.615Z [LOG] 处理get-enum-values请求: actors
2025-05-26T04:58:26.625Z [LOG] 处理get-enum-values请求: collection
2025-05-26T04:58:26.626Z [LOG] 处理get-enum-values请求: actors
2025-05-26T04:59:26.623Z [LOG] 处理get-enum-values请求: collection
2025-05-26T04:59:26.626Z [LOG] 处理get-enum-values请求: actors
2025-05-26T05:00:26.624Z [LOG] 处理get-enum-values请求: collection
2025-05-26T05:00:26.626Z [LOG] 处理get-enum-values请求: actors
2025-05-26T05:01:26.627Z [LOG] 处理get-enum-values请求: collection
2025-05-26T05:01:26.628Z [LOG] 处理get-enum-values请求: actors
2025-05-26T05:02:26.614Z [LOG] 处理get-enum-values请求: collection
2025-05-26T05:02:26.615Z [LOG] 处理get-enum-values请求: actors
2025-05-26T05:03:26.625Z [LOG] 处理get-enum-values请求: collection
2025-05-26T05:03:26.625Z [LOG] 处理get-enum-values请求: actors
2025-05-26T05:04:26.627Z [LOG] 处理get-enum-values请求: collection
2025-05-26T05:04:26.629Z [LOG] 处理get-enum-values请求: actors
2025-05-26T05:05:26.626Z [LOG] 处理get-enum-values请求: collection
2025-05-26T05:05:26.627Z [LOG] 处理get-enum-values请求: actors
2025-05-26T05:06:26.626Z [LOG] 处理get-enum-values请求: collection
2025-05-26T05:06:26.628Z [LOG] 处理get-enum-values请求: actors
2025-05-26T05:07:26.625Z [LOG] 处理get-enum-values请求: collection
2025-05-26T05:07:26.627Z [LOG] 处理get-enum-values请求: actors
2025-05-26T05:08:26.622Z [LOG] 处理get-enum-values请求: collection
2025-05-26T05:08:26.624Z [LOG] 处理get-enum-values请求: actors
2025-05-26T05:09:26.625Z [LOG] 处理get-enum-values请求: collection
2025-05-26T05:09:26.627Z [LOG] 处理get-enum-values请求: actors
2025-05-26T05:10:26.620Z [LOG] 处理get-enum-values请求: collection
2025-05-26T05:10:26.622Z [LOG] 处理get-enum-values请求: actors
2025-05-26T05:11:26.628Z [LOG] 处理get-enum-values请求: collection
2025-05-26T05:11:26.630Z [LOG] 处理get-enum-values请求: actors
2025-05-26T05:12:26.627Z [LOG] 处理get-enum-values请求: collection
2025-05-26T05:12:26.628Z [LOG] 处理get-enum-values请求: actors
2025-05-26T05:13:26.624Z [LOG] 处理get-enum-values请求: collection
2025-05-26T05:13:26.626Z [LOG] 处理get-enum-values请求: actors
2025-05-26T05:14:26.618Z [LOG] 处理get-enum-values请求: collection
2025-05-26T05:14:26.620Z [LOG] 处理get-enum-values请求: actors
2025-05-26T05:15:26.627Z [LOG] 处理get-enum-values请求: collection
2025-05-26T05:15:26.629Z [LOG] 处理get-enum-values请求: actors
2025-05-26T05:16:26.618Z [LOG] 处理get-enum-values请求: collection
2025-05-26T05:16:26.620Z [LOG] 处理get-enum-values请求: actors
2025-05-26T05:17:26.623Z [LOG] 处理get-enum-values请求: collection
2025-05-26T05:17:26.624Z [LOG] 处理get-enum-values请求: actors
2025-05-26T05:18:26.622Z [LOG] 处理get-enum-values请求: collection
2025-05-26T05:18:26.624Z [LOG] 处理get-enum-values请求: actors
2025-05-26T05:19:26.624Z [LOG] 处理get-enum-values请求: collection
2025-05-26T05:19:26.625Z [LOG] 处理get-enum-values请求: actors
2025-05-26T05:20:26.626Z [LOG] 处理get-enum-values请求: collection
2025-05-26T05:20:26.627Z [LOG] 处理get-enum-values请求: actors
2025-05-26T05:21:26.621Z [LOG] 处理get-enum-values请求: collection
2025-05-26T05:21:26.622Z [LOG] 处理get-enum-values请求: actors
2025-05-26T05:22:26.615Z [LOG] 处理get-enum-values请求: collection
2025-05-26T05:22:26.616Z [LOG] 处理get-enum-values请求: actors
2025-05-26T05:23:26.613Z [LOG] 处理get-enum-values请求: collection
2025-05-26T05:23:26.614Z [LOG] 处理get-enum-values请求: actors
2025-05-26T05:24:26.619Z [LOG] 处理get-enum-values请求: collection
2025-05-26T05:24:26.620Z [LOG] 处理get-enum-values请求: actors
2025-05-26T05:25:26.616Z [LOG] 处理get-enum-values请求: collection
2025-05-26T05:25:26.618Z [LOG] 处理get-enum-values请求: actors
2025-05-26T05:26:26.623Z [LOG] 处理get-enum-values请求: collection
2025-05-26T05:26:26.625Z [LOG] 处理get-enum-values请求: actors
2025-05-26T05:27:26.626Z [LOG] 处理get-enum-values请求: collection
2025-05-26T05:27:26.628Z [LOG] 处理get-enum-values请求: actors
2025-05-26T05:28:26.621Z [LOG] 处理get-enum-values请求: collection
2025-05-26T05:28:26.622Z [LOG] 处理get-enum-values请求: actors
2025-05-26T05:29:26.612Z [LOG] 处理get-enum-values请求: collection
2025-05-26T05:29:26.613Z [LOG] 处理get-enum-values请求: actors
2025-05-26T05:30:26.614Z [LOG] 处理get-enum-values请求: collection
2025-05-26T05:30:26.616Z [LOG] 处理get-enum-values请求: actors
2025-05-26T05:31:26.622Z [LOG] 处理get-enum-values请求: collection
2025-05-26T05:31:26.623Z [LOG] 处理get-enum-values请求: actors
2025-05-26T05:32:26.624Z [LOG] 处理get-enum-values请求: collection
2025-05-26T05:32:26.625Z [LOG] 处理get-enum-values请求: actors
2025-05-26T05:33:00.597Z [LOG] 处理get-enum-values请求: collection
2025-05-26T05:33:00.598Z [LOG] 处理get-enum-values请求: actors
2025-05-26T05:34:00.628Z [LOG] 处理get-enum-values请求: collection
2025-05-26T05:34:00.630Z [LOG] 处理get-enum-values请求: actors
2025-05-26T05:35:00.600Z [LOG] 处理get-enum-values请求: collection
2025-05-26T05:35:00.602Z [LOG] 处理get-enum-values请求: actors
2025-05-26T05:36:00.624Z [LOG] 处理get-enum-values请求: collection
2025-05-26T05:36:00.625Z [LOG] 处理get-enum-values请求: actors
2025-05-26T05:37:01.621Z [LOG] 处理get-enum-values请求: collection
2025-05-26T05:37:01.623Z [LOG] 处理get-enum-values请求: actors
2025-05-26T05:38:02.617Z [LOG] 处理get-enum-values请求: collection
2025-05-26T05:38:02.618Z [LOG] 处理get-enum-values请求: actors
2025-05-26T05:39:00.623Z [LOG] 处理get-enum-values请求: collection
2025-05-26T05:39:00.625Z [LOG] 处理get-enum-values请求: actors
2025-05-26T05:40:00.620Z [LOG] 处理get-enum-values请求: collection
2025-05-26T05:40:00.621Z [LOG] 处理get-enum-values请求: actors
2025-05-26T05:41:01.621Z [LOG] 处理get-enum-values请求: collection
2025-05-26T05:41:01.622Z [LOG] 处理get-enum-values请求: actors
2025-05-26T05:42:00.619Z [LOG] 处理get-enum-values请求: collection
2025-05-26T05:42:00.620Z [LOG] 处理get-enum-values请求: actors
2025-05-26T05:43:18.958Z 日志开始 - 2025-05-26T05:43:18.957Z - 应用版本: 2.1.2 - 运行环境: 开发环境
2025-05-26T05:43:18.958Z 系统信息: win32 x64 - Node.js 18.18.2
2025-05-26T05:43:18.958Z App路径: D:\code\cursor\looklook
2025-05-26T05:43:18.958Z 可执行文件路径: D:\code\cursor\looklook\node_modules\electron\dist\electron.exe
2025-05-26T05:43:18.958Z [LOG] 日志文件已创建: D:\code\cursor\looklook\userdata\logs\app-2025-05-26.log
2025-05-26T05:43:18.959Z [ERROR] 设置控制台编码失败: process.stdout.setEncoding is not a function
2025-05-26T05:43:18.959Z [LOG] 应用准备就绪
2025-05-26T05:43:18.959Z [ENV] 运行模式: 开发环境
2025-05-26T05:43:18.959Z [ENV] 应用路径: D:\code\cursor\looklook
2025-05-26T05:43:18.959Z [ENV] 可执行文件路径: D:\code\cursor\looklook\node_modules\electron\dist\electron.exe
2025-05-26T05:43:18.959Z [ENV] 用户数据路径: D:\code\cursor\looklook\userdata
2025-05-26T05:43:18.960Z [FFMPEG_COPY] 开发环境中无需复制FFmpeg和FFprobe
2025-05-26T05:43:18.960Z [LOG] 用户数据目录: D:\code\cursor\looklook\userdata
2025-05-26T05:43:18.960Z [LOG] 缩略图目录: D:\code\cursor\looklook\userdata\thumbnails
2025-05-26T05:43:18.961Z [LOG] 设置文件已存在，无需创建默认设置
2025-05-26T05:43:18.964Z [LOG] 打包状态: 开发环境
2025-05-26T05:43:18.964Z [LOG] App Path: D:\code\cursor\looklook
2025-05-26T05:43:18.965Z [LOG] Exe Path: D:\code\cursor\looklook\node_modules\electron\dist\electron.exe
2025-05-26T05:43:18.965Z [LOG] 应用目录: D:\code\cursor\looklook\node_modules\electron\dist
2025-05-26T05:43:18.965Z [LOG] 资源目录: D:\code\cursor\looklook\node_modules\electron\dist\resources
2025-05-26T05:43:18.965Z [TEST] 开始测试FFmpeg和FFprobe可执行性
2025-05-26T05:43:18.965Z [TEST] 打包状态: 开发环境
2025-05-26T05:43:18.966Z [TEST] App路径: D:\code\cursor\looklook
2025-05-26T05:43:18.966Z [TEST] 可执行文件路径: D:\code\cursor\looklook\node_modules\electron\dist\electron.exe
2025-05-26T05:43:18.966Z [TEST] 应用目录: D:\code\cursor\looklook\node_modules\electron\dist
2025-05-26T05:43:18.966Z [TEST] 资源目录: D:\code\cursor\looklook\node_modules\electron\dist\resources
2025-05-26T05:43:18.968Z [LOG] 检查node_modules路径: D:\code\cursor\looklook\node_modules\electron\dist\resources\node_modules, 存在: false
2025-05-26T05:43:18.968Z [TEST] 检查node_modules路径: D:\code\cursor\looklook\node_modules\electron\dist\resources\node_modules, 存在: false
2025-05-26T05:43:18.969Z [LOG] 检查node_modules路径: D:\code\cursor\looklook\node_modules\electron\dist\node_modules, 存在: false
2025-05-26T05:43:18.969Z [TEST] 检查node_modules路径: D:\code\cursor\looklook\node_modules\electron\dist\node_modules, 存在: false
2025-05-26T05:43:18.969Z [LOG] 检查node_modules路径: D:\code\cursor\looklook\node_modules, 存在: true
2025-05-26T05:43:18.970Z [TEST] 检查node_modules路径: D:\code\cursor\looklook\node_modules, 存在: true
2025-05-26T05:43:18.970Z [TEST] D:\code\cursor\looklook\node_modules 中内容: .bin, .package-lock.json, 7zip-bin, @derhuerst, @develar, @electron, @isaacs, @malept, @pkgjs, @sindresorhus, @szmarczak, @tootallnate, @types, @xmldom, agent-base, ajv, ajv-formats, ajv-keywords, ansi-regex, ansi-styles, app-builder-bin, app-builder-lib, archiver, archiver-utils, argparse, async, async-exit-hook, asynckit, at-least-node, atomically, balanced-match, base64-js, binary-search-tree, bl, bluebird, bluebird-lst, boolean, brace-expansion, buffer, buffer-crc32, buffer-equal, buffer-from, builder-util, builder-util-runtime, cacheable-lookup, cacheable-request, call-bind-apply-helpers, caseless, chalk, chownr, chromium-pickle-js, ci-info, cliui, clone-response, color-convert, color-name, combined-stream, commander, compare-version, compress-commons, concat-map, concat-stream, conf, config-file-ts, core-util-is, crc-32, crc32-stream, cross-spawn, debounce-fn, debug, decompress-response, defer-to-connect, define-data-property, define-properties, delayed-stream, detect-node, dir-compare, dmg-builder, dot-prop, dotenv, dotenv-expand, dunder-proto, eastasianwidth, ejs, electron, electron-builder, electron-builder-squirrel-windows, electron-publish, electron-store, emoji-regex, end-of-stream, env-paths, err-code, es-define-property, es-errors, es-object-atoms, es-set-tostringtag, es6-error, escalade, escape-string-regexp, extract-zip, fast-deep-equal, fast-json-stable-stringify, fast-uri, fd-slicer, ffmpeg-static, ffprobe-static, filelist, fluent-ffmpeg, foreground-child, form-data, fs-constants, fs-extra, fs-minipass, fs.realpath, function-bind, get-caller-file, get-intrinsic, get-proto, get-stream, glob, global-agent, globalthis, gopd, got, graceful-fs, has-flag, has-property-descriptors, has-symbols, has-tostringtag, hasown, hosted-git-info, http-cache-semantics, http-proxy-agent, http-response-object, http2-wrapper, https-proxy-agent, iconv-lite, ieee754, immediate, inflight, inherits, is-ci, is-fullwidth-code-point, isarray, isbinaryfile, isexe, jackspeak, jake, js-yaml, json-buffer, json-schema-traverse, json-schema-typed, json-stringify-safe, json5, jsonfile, keyv, lazy-val, lazystream, lie, localforage, lodash, lodash.defaults, lodash.difference, lodash.flatten, lodash.isplainobject, lodash.union, lowercase-keys, lru-cache, matcher, math-intrinsics, mime, mime-db, mime-types, mimic-function, mimic-response, minimatch, minimist, minipass, minizlib, mkdirp, ms, nedb, normalize-path, normalize-url, object-keys, once, p-cancelable, package-json-from-dist, parse-cache-control, path-is-absolute, path-key, path-scurry, pend, plist, process-nextick-args, progress, promise-retry, pump, punycode, quick-lru, read-config-file, readable-stream, readdir-glob, require-directory, require-from-string, resolve-alpn, responselike, retry, rimraf, roarr, safe-buffer, safer-buffer, sanitize-filename, sax, semver, semver-compare, serialize-error, shebang-command, shebang-regex, signal-exit, simple-update-notifier, source-map, source-map-support, sprintf-js, stat-mode, string-width, string-width-cjs, string_decoder, strip-ansi, strip-ansi-cjs, stubborn-fs, sumchecker, supports-color, tar, tar-stream, temp-file, tmp, tmp-promise, truncate-utf8-bytes, type-fest, typedarray, typescript, uint8array-extras, underscore, undici-types, universalify, uri-js, utf8-byte-length, util-deprecate, when-exit, which, wrap-ansi, wrap-ansi-cjs, wrappy, xmlbuilder, y18n, yallist, yargs, yargs-parser, yauzl, zip-stream
2025-05-26T05:43:18.970Z [TEST] ffmpeg-static存在于 D:\code\cursor\looklook\node_modules\ffmpeg-static
2025-05-26T05:43:18.970Z [TEST] ffmpeg-static内容: example.js, ffmpeg.exe, index.js, install.js, LICENSE, package.json, README.md, types
2025-05-26T05:43:18.970Z [TEST] ffprobe-static存在于 D:\code\cursor\looklook\node_modules\ffprobe-static
2025-05-26T05:43:18.971Z [TEST] ffprobe-static内容: bin, index.js, LICENSE, package.json, README.md, tests
2025-05-26T05:43:18.971Z [TEST] ffprobe-static/bin内容: darwin, linux, win32
2025-05-26T05:43:18.971Z [TEST] ffprobe-static/bin/win32内容: ia32, x64
2025-05-26T05:43:18.971Z [TEST] ffprobe-static/bin/win32/x64内容: ffprobe.exe
2025-05-26T05:43:18.971Z [LOG] 测试FFmpeg可执行性...
2025-05-26T05:43:18.972Z [TEST] 开始测试FFmpeg可执行性
2025-05-26T05:43:18.972Z [LOG] FFmpeg文件存在: D:\code\cursor\looklook\node_modules\ffmpeg-static\ffmpeg.exe
2025-05-26T05:43:18.972Z [TEST] FFmpeg文件存在: D:\code\cursor\looklook\node_modules\ffmpeg-static\ffmpeg.exe
2025-05-26T05:43:18.973Z [LOG] FFmpeg有执行权限
2025-05-26T05:43:18.973Z [TEST] FFmpeg有执行权限
2025-05-26T05:43:19.009Z [LOG] 测试FFprobe可执行性...
2025-05-26T05:43:19.010Z [LOG] FFprobe文件存在: D:\code\cursor\looklook\node_modules\ffprobe-static\bin\win32\x64\ffprobe.exe
2025-05-26T05:43:19.010Z [LOG] FFprobe有执行权限
2025-05-26T05:43:19.076Z [LOG] 注册IPC事件处理程序...
2025-05-26T05:43:19.077Z [LOG] IPC事件处理程序注册完成
2025-05-26T05:43:19.082Z [LOG] FFprobe执行测试成功: ffprobe version 4.0.2 Copyright (c) 2007-2018 the FFmpeg developers
2025-05-26T05:43:19.083Z [LOG] FFmpeg执行测试成功: ffmpeg version 7.1.1-essentials_build-www.gyan.dev Copyright (c) 2000-2025 the FFmpeg developers
2025-05-26T05:43:19.083Z [TEST] FFmpeg执行测试成功: ffmpeg version 7.1.1-essentials_build-www.gyan.dev Copyright (c) 2000-2025 the FFmpeg developers
2025-05-26T05:43:19.083Z [LOG] FFprobe执行测试成功: ffprobe version 4.0.2 Copyright (c) 2007-2018 the FFmpeg developers
2025-05-26T05:43:19.083Z [LOG] FFmpeg执行测试成功: ffmpeg version 7.1.1-essentials_build-www.gyan.dev Copyright (c) 2000-2025 the FFmpeg developers
2025-05-26T05:43:19.085Z [TEST] FFmpeg执行测试成功: ffmpeg version 7.1.1-essentials_build-www.gyan.dev Copyright (c) 2000-2025 the FFmpeg developers
2025-05-26T05:43:19.115Z [LOG] 已加载 34 个视频记录
2025-05-26T05:43:19.115Z [LOG] 开始检查是否存在重复视频记录...
2025-05-26T05:43:19.116Z [LOG] 没有发现重复视频记录
2025-05-26T05:43:19.117Z [LOG] 已加载枚举值[collection]: 4个
2025-05-26T05:43:19.120Z [LOG] 已加载枚举值[actors]: 0个
2025-05-26T05:43:19.121Z [LOG] 开始检查 34 个视频文件是否存在...
2025-05-26T05:43:19.147Z [LOG] 视频文件检查完成，共检查 34 个文件，发现 0 个问题
2025-05-26T05:43:19.148Z [LOG] 开始清理无效预览图...
2025-05-26T05:43:19.148Z [CLEANUP] 开始清理无效预览图
2025-05-26T05:43:19.149Z [LOG] 发现 34 个预览图文件
2025-05-26T05:43:19.150Z [CLEANUP] 发现 34 个预览图文件
2025-05-26T05:43:19.150Z [LOG] 从数据库获取到 34 个视频记录
2025-05-26T05:43:19.150Z [CLEANUP] 从数据库获取到 34 个视频记录
2025-05-26T05:43:19.151Z [LOG] 数据库中有 34 个有效的预览图引用
2025-05-26T05:43:19.151Z [CLEANUP] 数据库中有 34 个有效的预览图引用
2025-05-26T05:43:19.151Z [LOG] 没有发现无效的预览图文件
2025-05-26T05:43:19.151Z [CLEANUP] 没有发现无效的预览图文件
2025-05-26T05:43:19.152Z [LOG] 数据库模块初始化完成
2025-05-26T05:43:19.248Z [LOG] 处理get-videos请求
2025-05-26T05:43:19.251Z [LOG] 处理get-enum-values请求: collection
2025-05-26T05:43:19.252Z [LOG] 处理get-enum-values请求: actors
2025-05-26T05:43:19.269Z [LOG] 处理自定义协议请求: app://thumbnail/1748229492768-RDpcVXNl.jpg
2025-05-26T05:43:19.269Z [LOG] 缩略图路径: D:\code\cursor\looklook\userdata\thumbnails\1748229492768-RDpcVXNl.jpg
2025-05-26T05:43:19.270Z [LOG] 处理get-enum-values请求: collection
2025-05-26T05:43:19.271Z [LOG] 处理自定义协议请求: app://thumbnail/1748229476500-RDpcVXNl.jpg
2025-05-26T05:43:19.271Z [LOG] 缩略图路径: D:\code\cursor\looklook\userdata\thumbnails\1748229476500-RDpcVXNl.jpg
2025-05-26T05:43:19.272Z [LOG] 处理get-enum-values请求: actors
2025-05-26T05:43:19.272Z [LOG] 处理自定义协议请求: app://thumbnail/1748229476546-RDpcVXNl.jpg
2025-05-26T05:43:19.273Z [LOG] 缩略图路径: D:\code\cursor\looklook\userdata\thumbnails\1748229476546-RDpcVXNl.jpg
2025-05-26T05:43:19.274Z [LOG] 处理自定义协议请求: app://thumbnail/1748229476896-RDpcVXNl.jpg
2025-05-26T05:43:19.274Z [LOG] 缩略图路径: D:\code\cursor\looklook\userdata\thumbnails\1748229476896-RDpcVXNl.jpg
2025-05-26T05:43:19.274Z [LOG] 处理自定义协议请求: app://thumbnail/1748229477295-RDpcVXNl.jpg
2025-05-26T05:43:19.275Z [LOG] 缩略图路径: D:\code\cursor\looklook\userdata\thumbnails\1748229477295-RDpcVXNl.jpg
2025-05-26T05:43:19.275Z [LOG] 处理自定义协议请求: app://thumbnail/1748229478258-RDpcVXNl.jpg
2025-05-26T05:43:19.276Z [LOG] 缩略图路径: D:\code\cursor\looklook\userdata\thumbnails\1748229478258-RDpcVXNl.jpg
2025-05-26T05:43:19.276Z [LOG] 处理自定义协议请求: app://thumbnail/1748229478423-RDpcVXNl.jpg
2025-05-26T05:43:19.277Z [LOG] 缩略图路径: D:\code\cursor\looklook\userdata\thumbnails\1748229478423-RDpcVXNl.jpg
2025-05-26T05:43:19.277Z [LOG] 处理自定义协议请求: app://thumbnail/1748229478668-RDpcVXNl.jpg
2025-05-26T05:43:19.277Z [LOG] 缩略图路径: D:\code\cursor\looklook\userdata\thumbnails\1748229478668-RDpcVXNl.jpg
2025-05-26T05:43:19.278Z [LOG] 处理自定义协议请求: app://thumbnail/1748229479122-RDpcVXNl.jpg
2025-05-26T05:43:19.278Z [LOG] 缩略图路径: D:\code\cursor\looklook\userdata\thumbnails\1748229479122-RDpcVXNl.jpg
2025-05-26T05:43:19.279Z [LOG] 处理自定义协议请求: app://thumbnail/1748229479340-RDpcVXNl.jpg
2025-05-26T05:43:19.279Z [LOG] 缩略图路径: D:\code\cursor\looklook\userdata\thumbnails\1748229479340-RDpcVXNl.jpg
2025-05-26T05:43:19.280Z [LOG] 处理自定义协议请求: app://thumbnail/1748229480536-RDpcVXNl.jpg
2025-05-26T05:43:19.280Z [LOG] 缩略图路径: D:\code\cursor\looklook\userdata\thumbnails\1748229480536-RDpcVXNl.jpg
2025-05-26T05:43:19.280Z [LOG] 处理自定义协议请求: app://thumbnail/1748229480790-RDpcVXNl.jpg
2025-05-26T05:43:19.281Z [LOG] 缩略图路径: D:\code\cursor\looklook\userdata\thumbnails\1748229480790-RDpcVXNl.jpg
2025-05-26T05:43:19.281Z [LOG] 处理自定义协议请求: app://thumbnail/1748229482016-RDpcVXNl.jpg
2025-05-26T05:43:19.282Z [LOG] 缩略图路径: D:\code\cursor\looklook\userdata\thumbnails\1748229482016-RDpcVXNl.jpg
2025-05-26T05:43:19.282Z [LOG] 处理自定义协议请求: app://thumbnail/1748229482346-RDpcVXNl.jpg
2025-05-26T05:43:19.282Z [LOG] 缩略图路径: D:\code\cursor\looklook\userdata\thumbnails\1748229482346-RDpcVXNl.jpg
2025-05-26T05:43:19.283Z [LOG] 处理自定义协议请求: app://thumbnail/1748229482944-RDpcVXNl.jpg
2025-05-26T05:43:19.283Z [LOG] 缩略图路径: D:\code\cursor\looklook\userdata\thumbnails\1748229482944-RDpcVXNl.jpg
2025-05-26T05:43:19.283Z [LOG] 处理自定义协议请求: app://thumbnail/1748229483095-RDpcVXNl.jpg
2025-05-26T05:43:19.284Z [LOG] 缩略图路径: D:\code\cursor\looklook\userdata\thumbnails\1748229483095-RDpcVXNl.jpg
2025-05-26T05:43:19.284Z [LOG] 处理自定义协议请求: app://thumbnail/1748229483744-RDpcVXNl.jpg
2025-05-26T05:43:19.285Z [LOG] 缩略图路径: D:\code\cursor\looklook\userdata\thumbnails\1748229483744-RDpcVXNl.jpg
2025-05-26T05:43:19.286Z [LOG] 处理自定义协议请求: app://thumbnail/1748229485034-RDpcVXNl.jpg
2025-05-26T05:43:19.286Z [LOG] 缩略图路径: D:\code\cursor\looklook\userdata\thumbnails\1748229485034-RDpcVXNl.jpg
2025-05-26T05:43:19.287Z [LOG] 处理自定义协议请求: app://thumbnail/1748229485691-RDpcVXNl.jpg
2025-05-26T05:43:19.287Z [LOG] 缩略图路径: D:\code\cursor\looklook\userdata\thumbnails\1748229485691-RDpcVXNl.jpg
2025-05-26T05:43:19.288Z [LOG] 处理自定义协议请求: app://thumbnail/1748229485926-RDpcVXNl.jpg
2025-05-26T05:43:19.288Z [LOG] 缩略图路径: D:\code\cursor\looklook\userdata\thumbnails\1748229485926-RDpcVXNl.jpg
2025-05-26T05:44:19.288Z [LOG] 处理get-enum-values请求: collection
2025-05-26T05:44:19.290Z [LOG] 处理get-enum-values请求: actors
2025-05-26T05:44:34.851Z [LOG] 处理get-settings请求
2025-05-26T05:44:34.852Z [LOG] 设置已加载
2025-05-26T05:44:36.433Z [LOG] 处理get-enum-values请求: collection
2025-05-26T05:44:36.434Z [LOG] 处理get-enum-values请求: actors
2025-05-26T05:44:36.435Z [LOG] 处理get-enum-values请求: collection
2025-05-26T05:44:36.436Z [LOG] 处理get-enum-values请求: actors
2025-05-26T05:44:36.449Z [LOG] 处理自定义协议请求: app://thumbnail/1748229476546-RDpcVXNl.jpg
2025-05-26T05:44:36.451Z [LOG] 缩略图路径: D:\code\cursor\looklook\userdata\thumbnails\1748229476546-RDpcVXNl.jpg
2025-05-26T05:44:43.197Z [LOG] 处理add-enum-value请求: collection, 值: 1111
2025-05-26T05:44:43.201Z [LOG] 处理save-enum-values请求: collection, 值数量: 5
2025-05-26T05:44:43.202Z [LOG] 处理get-enum-values请求: collection
2025-05-26T05:44:43.203Z [LOG] 处理get-enum-values请求: actors
2025-05-26T05:44:46.952Z [LOG] 处理add-enum-value请求: actors, 值: 2222
2025-05-26T05:44:46.967Z [LOG] 处理save-enum-values请求: actors, 值数量: 1
2025-05-26T05:44:52.917Z [LOG] 更新视频: 8888F897_1745215698544.mp4
2025-05-26T05:44:52.920Z [LOG] 通知渲染进程数据已更新
2025-05-26T05:44:52.921Z [LOG] 处理get-videos请求
2025-05-26T05:44:53.148Z [LOG] 处理get-enum-values请求: collection
2025-05-26T05:44:53.149Z [LOG] 处理get-enum-values请求: actors
2025-05-26T05:44:53.507Z [LOG] 处理get-enum-values请求: collection
2025-05-26T05:44:53.508Z [LOG] 处理get-enum-values请求: actors
2025-05-26T05:45:19.279Z [LOG] 处理get-enum-values请求: collection
2025-05-26T05:45:19.280Z [LOG] 处理get-enum-values请求: actors
2025-05-26T05:45:32.806Z [LOG] 处理自定义协议请求: app://thumbnail/1748229492768-RDpcVXNl.jpg
2025-05-26T05:45:32.807Z [LOG] 缩略图路径: D:\code\cursor\looklook\userdata\thumbnails\1748229492768-RDpcVXNl.jpg
2025-05-26T05:45:32.808Z [LOG] 处理自定义协议请求: app://thumbnail/1748229476500-RDpcVXNl.jpg
2025-05-26T05:45:32.808Z [LOG] 缩略图路径: D:\code\cursor\looklook\userdata\thumbnails\1748229476500-RDpcVXNl.jpg
2025-05-26T05:45:32.809Z [LOG] 处理自定义协议请求: app://thumbnail/1748229476896-RDpcVXNl.jpg
2025-05-26T05:45:32.810Z [LOG] 缩略图路径: D:\code\cursor\looklook\userdata\thumbnails\1748229476896-RDpcVXNl.jpg
2025-05-26T05:45:32.810Z [LOG] 处理自定义协议请求: app://thumbnail/1748229477295-RDpcVXNl.jpg
2025-05-26T05:45:32.811Z [LOG] 缩略图路径: D:\code\cursor\looklook\userdata\thumbnails\1748229477295-RDpcVXNl.jpg
2025-05-26T05:45:32.812Z [LOG] 处理自定义协议请求: app://thumbnail/1748229478258-RDpcVXNl.jpg
2025-05-26T05:45:32.813Z [LOG] 缩略图路径: D:\code\cursor\looklook\userdata\thumbnails\1748229478258-RDpcVXNl.jpg
2025-05-26T05:45:32.813Z [LOG] 处理自定义协议请求: app://thumbnail/1748229478423-RDpcVXNl.jpg
2025-05-26T05:45:32.814Z [LOG] 缩略图路径: D:\code\cursor\looklook\userdata\thumbnails\1748229478423-RDpcVXNl.jpg
2025-05-26T05:45:32.815Z [LOG] 处理自定义协议请求: app://thumbnail/1748229478668-RDpcVXNl.jpg
2025-05-26T05:45:32.815Z [LOG] 缩略图路径: D:\code\cursor\looklook\userdata\thumbnails\1748229478668-RDpcVXNl.jpg
2025-05-26T05:45:32.816Z [LOG] 处理自定义协议请求: app://thumbnail/1748229479122-RDpcVXNl.jpg
2025-05-26T05:45:32.816Z [LOG] 缩略图路径: D:\code\cursor\looklook\userdata\thumbnails\1748229479122-RDpcVXNl.jpg
2025-05-26T05:45:32.817Z [LOG] 处理自定义协议请求: app://thumbnail/1748229479340-RDpcVXNl.jpg
2025-05-26T05:45:32.817Z [LOG] 缩略图路径: D:\code\cursor\looklook\userdata\thumbnails\1748229479340-RDpcVXNl.jpg
2025-05-26T05:45:32.818Z [LOG] 处理自定义协议请求: app://thumbnail/1748229480536-RDpcVXNl.jpg
2025-05-26T05:45:32.818Z [LOG] 缩略图路径: D:\code\cursor\looklook\userdata\thumbnails\1748229480536-RDpcVXNl.jpg
2025-05-26T05:45:32.819Z [LOG] 处理自定义协议请求: app://thumbnail/1748229480790-RDpcVXNl.jpg
2025-05-26T05:45:32.819Z [LOG] 缩略图路径: D:\code\cursor\looklook\userdata\thumbnails\1748229480790-RDpcVXNl.jpg
2025-05-26T05:45:32.820Z [LOG] 处理自定义协议请求: app://thumbnail/1748229482016-RDpcVXNl.jpg
2025-05-26T05:45:32.821Z [LOG] 缩略图路径: D:\code\cursor\looklook\userdata\thumbnails\1748229482016-RDpcVXNl.jpg
2025-05-26T05:45:32.821Z [LOG] 处理自定义协议请求: app://thumbnail/1748229482346-RDpcVXNl.jpg
2025-05-26T05:45:32.822Z [LOG] 缩略图路径: D:\code\cursor\looklook\userdata\thumbnails\1748229482346-RDpcVXNl.jpg
2025-05-26T05:45:32.822Z [LOG] 处理自定义协议请求: app://thumbnail/1748229482944-RDpcVXNl.jpg
2025-05-26T05:45:32.823Z [LOG] 缩略图路径: D:\code\cursor\looklook\userdata\thumbnails\1748229482944-RDpcVXNl.jpg
2025-05-26T05:45:32.823Z [LOG] 处理自定义协议请求: app://thumbnail/1748229483095-RDpcVXNl.jpg
2025-05-26T05:45:32.823Z [LOG] 缩略图路径: D:\code\cursor\looklook\userdata\thumbnails\1748229483095-RDpcVXNl.jpg
2025-05-26T05:45:32.824Z [LOG] 处理自定义协议请求: app://thumbnail/1748229483744-RDpcVXNl.jpg
2025-05-26T05:45:32.824Z [LOG] 缩略图路径: D:\code\cursor\looklook\userdata\thumbnails\1748229483744-RDpcVXNl.jpg
2025-05-26T05:45:32.825Z [LOG] 处理自定义协议请求: app://thumbnail/1748229485034-RDpcVXNl.jpg
2025-05-26T05:45:32.825Z [LOG] 缩略图路径: D:\code\cursor\looklook\userdata\thumbnails\1748229485034-RDpcVXNl.jpg
2025-05-26T05:45:32.826Z [LOG] 处理自定义协议请求: app://thumbnail/1748229485691-RDpcVXNl.jpg
2025-05-26T05:45:32.826Z [LOG] 缩略图路径: D:\code\cursor\looklook\userdata\thumbnails\1748229485691-RDpcVXNl.jpg
2025-05-26T05:45:32.827Z [LOG] 处理自定义协议请求: app://thumbnail/1748229485926-RDpcVXNl.jpg
2025-05-26T05:45:32.827Z [LOG] 缩略图路径: D:\code\cursor\looklook\userdata\thumbnails\1748229485926-RDpcVXNl.jpg
2025-05-26T05:45:32.828Z [LOG] 处理自定义协议请求: app://thumbnail/1748229486700-RDpcVXNl.jpg
2025-05-26T05:45:32.828Z [LOG] 缩略图路径: D:\code\cursor\looklook\userdata\thumbnails\1748229486700-RDpcVXNl.jpg
2025-05-26T05:45:49.616Z [LOG] 处理自定义协议请求: app://thumbnail/1748229492768-RDpcVXNl.jpg
2025-05-26T05:45:49.617Z [LOG] 缩略图路径: D:\code\cursor\looklook\userdata\thumbnails\1748229492768-RDpcVXNl.jpg
2025-05-26T05:45:49.618Z [LOG] 处理自定义协议请求: app://thumbnail/1748229477295-RDpcVXNl.jpg
2025-05-26T05:45:49.619Z [LOG] 缩略图路径: D:\code\cursor\looklook\userdata\thumbnails\1748229477295-RDpcVXNl.jpg
2025-05-26T05:46:19.626Z [LOG] 处理get-enum-values请求: collection
2025-05-26T05:46:19.627Z [LOG] 处理get-enum-values请求: actors
2025-05-26T05:46:35.304Z 日志开始 - 2025-05-26T05:46:35.303Z - 应用版本: 2.1.2 - 运行环境: 开发环境
2025-05-26T05:46:35.304Z 系统信息: win32 x64 - Node.js 18.18.2
2025-05-26T05:46:35.304Z App路径: D:\code\cursor\looklook
2025-05-26T05:46:35.304Z 可执行文件路径: D:\code\cursor\looklook\node_modules\electron\dist\electron.exe
2025-05-26T05:46:35.305Z [LOG] 日志文件已创建: D:\code\cursor\looklook\userdata\logs\app-2025-05-26.log
2025-05-26T05:46:35.305Z [ERROR] 设置控制台编码失败: process.stdout.setEncoding is not a function
2025-05-26T05:46:35.305Z [LOG] 应用准备就绪
2025-05-26T05:46:35.306Z [ENV] 运行模式: 开发环境
2025-05-26T05:46:35.306Z [ENV] 应用路径: D:\code\cursor\looklook
2025-05-26T05:46:35.306Z [ENV] 可执行文件路径: D:\code\cursor\looklook\node_modules\electron\dist\electron.exe
2025-05-26T05:46:35.306Z [ENV] 用户数据路径: D:\code\cursor\looklook\userdata
2025-05-26T05:46:35.306Z [FFMPEG_COPY] 开发环境中无需复制FFmpeg和FFprobe
2025-05-26T05:46:35.306Z [LOG] 用户数据目录: D:\code\cursor\looklook\userdata
2025-05-26T05:46:35.307Z [LOG] 缩略图目录: D:\code\cursor\looklook\userdata\thumbnails
2025-05-26T05:46:35.307Z [LOG] 设置文件已存在，无需创建默认设置
2025-05-26T05:46:35.310Z [LOG] 打包状态: 开发环境
2025-05-26T05:46:35.310Z [LOG] App Path: D:\code\cursor\looklook
2025-05-26T05:46:35.311Z [LOG] Exe Path: D:\code\cursor\looklook\node_modules\electron\dist\electron.exe
2025-05-26T05:46:35.311Z [LOG] 应用目录: D:\code\cursor\looklook\node_modules\electron\dist
2025-05-26T05:46:35.311Z [LOG] 资源目录: D:\code\cursor\looklook\node_modules\electron\dist\resources
2025-05-26T05:46:35.312Z [TEST] 开始测试FFmpeg和FFprobe可执行性
2025-05-26T05:46:35.312Z [TEST] 打包状态: 开发环境
2025-05-26T05:46:35.312Z [TEST] App路径: D:\code\cursor\looklook
2025-05-26T05:46:35.312Z [TEST] 可执行文件路径: D:\code\cursor\looklook\node_modules\electron\dist\electron.exe
2025-05-26T05:46:35.312Z [TEST] 应用目录: D:\code\cursor\looklook\node_modules\electron\dist
2025-05-26T05:46:35.312Z [TEST] 资源目录: D:\code\cursor\looklook\node_modules\electron\dist\resources
2025-05-26T05:46:35.312Z [LOG] 检查node_modules路径: D:\code\cursor\looklook\node_modules\electron\dist\resources\node_modules, 存在: false
2025-05-26T05:46:35.313Z [TEST] 检查node_modules路径: D:\code\cursor\looklook\node_modules\electron\dist\resources\node_modules, 存在: false
2025-05-26T05:46:35.313Z [LOG] 检查node_modules路径: D:\code\cursor\looklook\node_modules\electron\dist\node_modules, 存在: false
2025-05-26T05:46:35.313Z [TEST] 检查node_modules路径: D:\code\cursor\looklook\node_modules\electron\dist\node_modules, 存在: false
2025-05-26T05:46:35.313Z [LOG] 检查node_modules路径: D:\code\cursor\looklook\node_modules, 存在: true
2025-05-26T05:46:35.313Z [TEST] 检查node_modules路径: D:\code\cursor\looklook\node_modules, 存在: true
2025-05-26T05:46:35.314Z [TEST] D:\code\cursor\looklook\node_modules 中内容: .bin, .package-lock.json, 7zip-bin, @derhuerst, @develar, @electron, @isaacs, @malept, @pkgjs, @sindresorhus, @szmarczak, @tootallnate, @types, @xmldom, agent-base, ajv, ajv-formats, ajv-keywords, ansi-regex, ansi-styles, app-builder-bin, app-builder-lib, archiver, archiver-utils, argparse, async, async-exit-hook, asynckit, at-least-node, atomically, balanced-match, base64-js, binary-search-tree, bl, bluebird, bluebird-lst, boolean, brace-expansion, buffer, buffer-crc32, buffer-equal, buffer-from, builder-util, builder-util-runtime, cacheable-lookup, cacheable-request, call-bind-apply-helpers, caseless, chalk, chownr, chromium-pickle-js, ci-info, cliui, clone-response, color-convert, color-name, combined-stream, commander, compare-version, compress-commons, concat-map, concat-stream, conf, config-file-ts, core-util-is, crc-32, crc32-stream, cross-spawn, debounce-fn, debug, decompress-response, defer-to-connect, define-data-property, define-properties, delayed-stream, detect-node, dir-compare, dmg-builder, dot-prop, dotenv, dotenv-expand, dunder-proto, eastasianwidth, ejs, electron, electron-builder, electron-builder-squirrel-windows, electron-publish, electron-store, emoji-regex, end-of-stream, env-paths, err-code, es-define-property, es-errors, es-object-atoms, es-set-tostringtag, es6-error, escalade, escape-string-regexp, extract-zip, fast-deep-equal, fast-json-stable-stringify, fast-uri, fd-slicer, ffmpeg-static, ffprobe-static, filelist, fluent-ffmpeg, foreground-child, form-data, fs-constants, fs-extra, fs-minipass, fs.realpath, function-bind, get-caller-file, get-intrinsic, get-proto, get-stream, glob, global-agent, globalthis, gopd, got, graceful-fs, has-flag, has-property-descriptors, has-symbols, has-tostringtag, hasown, hosted-git-info, http-cache-semantics, http-proxy-agent, http-response-object, http2-wrapper, https-proxy-agent, iconv-lite, ieee754, immediate, inflight, inherits, is-ci, is-fullwidth-code-point, isarray, isbinaryfile, isexe, jackspeak, jake, js-yaml, json-buffer, json-schema-traverse, json-schema-typed, json-stringify-safe, json5, jsonfile, keyv, lazy-val, lazystream, lie, localforage, lodash, lodash.defaults, lodash.difference, lodash.flatten, lodash.isplainobject, lodash.union, lowercase-keys, lru-cache, matcher, math-intrinsics, mime, mime-db, mime-types, mimic-function, mimic-response, minimatch, minimist, minipass, minizlib, mkdirp, ms, nedb, normalize-path, normalize-url, object-keys, once, p-cancelable, package-json-from-dist, parse-cache-control, path-is-absolute, path-key, path-scurry, pend, plist, process-nextick-args, progress, promise-retry, pump, punycode, quick-lru, read-config-file, readable-stream, readdir-glob, require-directory, require-from-string, resolve-alpn, responselike, retry, rimraf, roarr, safe-buffer, safer-buffer, sanitize-filename, sax, semver, semver-compare, serialize-error, shebang-command, shebang-regex, signal-exit, simple-update-notifier, source-map, source-map-support, sprintf-js, stat-mode, string-width, string-width-cjs, string_decoder, strip-ansi, strip-ansi-cjs, stubborn-fs, sumchecker, supports-color, tar, tar-stream, temp-file, tmp, tmp-promise, truncate-utf8-bytes, type-fest, typedarray, typescript, uint8array-extras, underscore, undici-types, universalify, uri-js, utf8-byte-length, util-deprecate, when-exit, which, wrap-ansi, wrap-ansi-cjs, wrappy, xmlbuilder, y18n, yallist, yargs, yargs-parser, yauzl, zip-stream
2025-05-26T05:46:35.314Z [TEST] ffmpeg-static存在于 D:\code\cursor\looklook\node_modules\ffmpeg-static
2025-05-26T05:46:35.314Z [TEST] ffmpeg-static内容: example.js, ffmpeg.exe, index.js, install.js, LICENSE, package.json, README.md, types
2025-05-26T05:46:35.314Z [TEST] ffprobe-static存在于 D:\code\cursor\looklook\node_modules\ffprobe-static
2025-05-26T05:46:35.314Z [TEST] ffprobe-static内容: bin, index.js, LICENSE, package.json, README.md, tests
2025-05-26T05:46:35.314Z [TEST] ffprobe-static/bin内容: darwin, linux, win32
2025-05-26T05:46:35.314Z [TEST] ffprobe-static/bin/win32内容: ia32, x64
2025-05-26T05:46:35.315Z [TEST] ffprobe-static/bin/win32/x64内容: ffprobe.exe
2025-05-26T05:46:35.315Z [LOG] 测试FFmpeg可执行性...
2025-05-26T05:46:35.315Z [TEST] 开始测试FFmpeg可执行性
2025-05-26T05:46:35.316Z [LOG] FFmpeg文件存在: D:\code\cursor\looklook\node_modules\ffmpeg-static\ffmpeg.exe
2025-05-26T05:46:35.316Z [TEST] FFmpeg文件存在: D:\code\cursor\looklook\node_modules\ffmpeg-static\ffmpeg.exe
2025-05-26T05:46:35.317Z [LOG] FFmpeg有执行权限
2025-05-26T05:46:35.317Z [TEST] FFmpeg有执行权限
2025-05-26T05:46:35.349Z [LOG] 测试FFprobe可执行性...
2025-05-26T05:46:35.349Z [LOG] FFprobe文件存在: D:\code\cursor\looklook\node_modules\ffprobe-static\bin\win32\x64\ffprobe.exe
2025-05-26T05:46:35.350Z [LOG] FFprobe有执行权限
2025-05-26T05:46:35.413Z [LOG] 注册IPC事件处理程序...
2025-05-26T05:46:35.414Z [LOG] IPC事件处理程序注册完成
2025-05-26T05:46:35.420Z [LOG] FFprobe执行测试成功: ffprobe version 4.0.2 Copyright (c) 2007-2018 the FFmpeg developers
2025-05-26T05:46:35.421Z [LOG] FFmpeg执行测试成功: ffmpeg version 7.1.1-essentials_build-www.gyan.dev Copyright (c) 2000-2025 the FFmpeg developers
2025-05-26T05:46:35.421Z [TEST] FFmpeg执行测试成功: ffmpeg version 7.1.1-essentials_build-www.gyan.dev Copyright (c) 2000-2025 the FFmpeg developers
2025-05-26T05:46:35.421Z [LOG] FFprobe执行测试成功: ffprobe version 4.0.2 Copyright (c) 2007-2018 the FFmpeg developers
2025-05-26T05:46:35.421Z [LOG] FFmpeg执行测试成功: ffmpeg version 7.1.1-essentials_build-www.gyan.dev Copyright (c) 2000-2025 the FFmpeg developers
2025-05-26T05:46:35.421Z [TEST] FFmpeg执行测试成功: ffmpeg version 7.1.1-essentials_build-www.gyan.dev Copyright (c) 2000-2025 the FFmpeg developers
2025-05-26T05:46:35.452Z [LOG] 已加载 34 个视频记录
2025-05-26T05:46:35.452Z [LOG] 开始检查是否存在重复视频记录...
2025-05-26T05:46:35.453Z [LOG] 没有发现重复视频记录
2025-05-26T05:46:35.458Z [LOG] 已加载枚举值[collection]: 5个
2025-05-26T05:46:35.459Z [LOG] 已加载枚举值[actors]: 1个
2025-05-26T05:46:35.459Z [LOG] 开始检查 34 个视频文件是否存在...
2025-05-26T05:46:35.502Z [LOG] 视频文件检查完成，共检查 34 个文件，发现 0 个问题
2025-05-26T05:46:35.502Z [LOG] 开始清理无效预览图...
2025-05-26T05:46:35.503Z [CLEANUP] 开始清理无效预览图
2025-05-26T05:46:35.503Z [LOG] 发现 34 个预览图文件
2025-05-26T05:46:35.503Z [CLEANUP] 发现 34 个预览图文件
2025-05-26T05:46:35.503Z [LOG] 从数据库获取到 34 个视频记录
2025-05-26T05:46:35.503Z [CLEANUP] 从数据库获取到 34 个视频记录
2025-05-26T05:46:35.504Z [LOG] 数据库中有 34 个有效的预览图引用
2025-05-26T05:46:35.504Z [CLEANUP] 数据库中有 34 个有效的预览图引用
2025-05-26T05:46:35.504Z [LOG] 没有发现无效的预览图文件
2025-05-26T05:46:35.504Z [CLEANUP] 没有发现无效的预览图文件
2025-05-26T05:46:35.504Z [LOG] 数据库模块初始化完成
2025-05-26T05:46:35.594Z [LOG] 处理get-videos请求
2025-05-26T05:46:35.598Z [LOG] 处理get-enum-values请求: collection
2025-05-26T05:46:35.600Z [LOG] 处理get-enum-values请求: actors
2025-05-26T05:46:35.618Z [LOG] 处理自定义协议请求: app://thumbnail/1748229492768-RDpcVXNl.jpg
2025-05-26T05:46:35.619Z [LOG] 缩略图路径: D:\code\cursor\looklook\userdata\thumbnails\1748229492768-RDpcVXNl.jpg
2025-05-26T05:46:35.620Z [LOG] 处理get-enum-values请求: collection
2025-05-26T05:46:35.620Z [LOG] 处理自定义协议请求: app://thumbnail/1748229476500-RDpcVXNl.jpg
2025-05-26T05:46:35.621Z [LOG] 缩略图路径: D:\code\cursor\looklook\userdata\thumbnails\1748229476500-RDpcVXNl.jpg
2025-05-26T05:46:35.621Z [LOG] 处理get-enum-values请求: actors
2025-05-26T05:46:35.622Z [LOG] 处理自定义协议请求: app://thumbnail/1748229476546-RDpcVXNl.jpg
2025-05-26T05:46:35.622Z [LOG] 缩略图路径: D:\code\cursor\looklook\userdata\thumbnails\1748229476546-RDpcVXNl.jpg
2025-05-26T05:46:35.622Z [LOG] 处理自定义协议请求: app://thumbnail/1748229476896-RDpcVXNl.jpg
2025-05-26T05:46:35.623Z [LOG] 缩略图路径: D:\code\cursor\looklook\userdata\thumbnails\1748229476896-RDpcVXNl.jpg
2025-05-26T05:46:35.623Z [LOG] 处理自定义协议请求: app://thumbnail/1748229477295-RDpcVXNl.jpg
2025-05-26T05:46:35.624Z [LOG] 缩略图路径: D:\code\cursor\looklook\userdata\thumbnails\1748229477295-RDpcVXNl.jpg
2025-05-26T05:46:35.624Z [LOG] 处理自定义协议请求: app://thumbnail/1748229478258-RDpcVXNl.jpg
2025-05-26T05:46:35.625Z [LOG] 缩略图路径: D:\code\cursor\looklook\userdata\thumbnails\1748229478258-RDpcVXNl.jpg
2025-05-26T05:46:35.625Z [LOG] 处理自定义协议请求: app://thumbnail/1748229478423-RDpcVXNl.jpg
2025-05-26T05:46:35.625Z [LOG] 缩略图路径: D:\code\cursor\looklook\userdata\thumbnails\1748229478423-RDpcVXNl.jpg
2025-05-26T05:46:35.626Z [LOG] 处理自定义协议请求: app://thumbnail/1748229478668-RDpcVXNl.jpg
2025-05-26T05:46:35.626Z [LOG] 缩略图路径: D:\code\cursor\looklook\userdata\thumbnails\1748229478668-RDpcVXNl.jpg
2025-05-26T05:46:35.626Z [LOG] 处理自定义协议请求: app://thumbnail/1748229479122-RDpcVXNl.jpg
2025-05-26T05:46:35.627Z [LOG] 缩略图路径: D:\code\cursor\looklook\userdata\thumbnails\1748229479122-RDpcVXNl.jpg
2025-05-26T05:46:35.627Z [LOG] 处理自定义协议请求: app://thumbnail/1748229479340-RDpcVXNl.jpg
2025-05-26T05:46:35.628Z [LOG] 缩略图路径: D:\code\cursor\looklook\userdata\thumbnails\1748229479340-RDpcVXNl.jpg
2025-05-26T05:46:35.628Z [LOG] 处理自定义协议请求: app://thumbnail/1748229480536-RDpcVXNl.jpg
2025-05-26T05:46:35.628Z [LOG] 缩略图路径: D:\code\cursor\looklook\userdata\thumbnails\1748229480536-RDpcVXNl.jpg
2025-05-26T05:46:35.628Z [LOG] 处理自定义协议请求: app://thumbnail/1748229480790-RDpcVXNl.jpg
2025-05-26T05:46:35.629Z [LOG] 缩略图路径: D:\code\cursor\looklook\userdata\thumbnails\1748229480790-RDpcVXNl.jpg
2025-05-26T05:46:35.629Z [LOG] 处理自定义协议请求: app://thumbnail/1748229482016-RDpcVXNl.jpg
2025-05-26T05:46:35.629Z [LOG] 缩略图路径: D:\code\cursor\looklook\userdata\thumbnails\1748229482016-RDpcVXNl.jpg
2025-05-26T05:46:35.630Z [LOG] 处理自定义协议请求: app://thumbnail/1748229482346-RDpcVXNl.jpg
2025-05-26T05:46:35.630Z [LOG] 缩略图路径: D:\code\cursor\looklook\userdata\thumbnails\1748229482346-RDpcVXNl.jpg
2025-05-26T05:46:35.631Z [LOG] 处理自定义协议请求: app://thumbnail/1748229482944-RDpcVXNl.jpg
2025-05-26T05:46:35.631Z [LOG] 缩略图路径: D:\code\cursor\looklook\userdata\thumbnails\1748229482944-RDpcVXNl.jpg
2025-05-26T05:46:35.632Z [LOG] 处理自定义协议请求: app://thumbnail/1748229483095-RDpcVXNl.jpg
2025-05-26T05:46:35.632Z [LOG] 缩略图路径: D:\code\cursor\looklook\userdata\thumbnails\1748229483095-RDpcVXNl.jpg
2025-05-26T05:46:35.632Z [LOG] 处理自定义协议请求: app://thumbnail/1748229483744-RDpcVXNl.jpg
2025-05-26T05:46:35.633Z [LOG] 缩略图路径: D:\code\cursor\looklook\userdata\thumbnails\1748229483744-RDpcVXNl.jpg
2025-05-26T05:46:35.633Z [LOG] 处理自定义协议请求: app://thumbnail/1748229485034-RDpcVXNl.jpg
2025-05-26T05:46:35.634Z [LOG] 缩略图路径: D:\code\cursor\looklook\userdata\thumbnails\1748229485034-RDpcVXNl.jpg
2025-05-26T05:46:35.634Z [LOG] 处理自定义协议请求: app://thumbnail/1748229485691-RDpcVXNl.jpg
2025-05-26T05:46:35.635Z [LOG] 缩略图路径: D:\code\cursor\looklook\userdata\thumbnails\1748229485691-RDpcVXNl.jpg
2025-05-26T05:46:35.635Z [LOG] 处理自定义协议请求: app://thumbnail/1748229485926-RDpcVXNl.jpg
2025-05-26T05:46:35.636Z [LOG] 缩略图路径: D:\code\cursor\looklook\userdata\thumbnails\1748229485926-RDpcVXNl.jpg
2025-05-26T05:49:48.547Z 日志开始 - 2025-05-26T05:49:48.547Z - 应用版本: 2.1.2 - 运行环境: 开发环境
2025-05-26T05:49:48.548Z 系统信息: win32 x64 - Node.js 18.18.2
2025-05-26T05:49:48.548Z App路径: D:\code\cursor\looklook
2025-05-26T05:49:48.548Z 可执行文件路径: D:\code\cursor\looklook\node_modules\electron\dist\electron.exe
2025-05-26T05:49:48.548Z [LOG] 日志文件已创建: D:\code\cursor\looklook\userdata\logs\app-2025-05-26.log
2025-05-26T05:49:48.549Z [ERROR] 设置控制台编码失败: process.stdout.setEncoding is not a function
2025-05-26T05:49:48.549Z [LOG] 应用准备就绪
2025-05-26T05:49:48.549Z [ENV] 运行模式: 开发环境
2025-05-26T05:49:48.549Z [ENV] 应用路径: D:\code\cursor\looklook
2025-05-26T05:49:48.549Z [ENV] 可执行文件路径: D:\code\cursor\looklook\node_modules\electron\dist\electron.exe
2025-05-26T05:49:48.549Z [ENV] 用户数据路径: D:\code\cursor\looklook\userdata
2025-05-26T05:49:48.550Z [FFMPEG_COPY] 开发环境中无需复制FFmpeg和FFprobe
2025-05-26T05:49:48.550Z [LOG] 用户数据目录: D:\code\cursor\looklook\userdata
2025-05-26T05:49:48.550Z [LOG] 缩略图目录: D:\code\cursor\looklook\userdata\thumbnails
2025-05-26T05:49:48.551Z [LOG] 设置文件已存在，无需创建默认设置
2025-05-26T05:49:48.554Z [LOG] 打包状态: 开发环境
2025-05-26T05:49:48.554Z [LOG] App Path: D:\code\cursor\looklook
2025-05-26T05:49:48.554Z [LOG] Exe Path: D:\code\cursor\looklook\node_modules\electron\dist\electron.exe
2025-05-26T05:49:48.555Z [LOG] 应用目录: D:\code\cursor\looklook\node_modules\electron\dist
2025-05-26T05:49:48.555Z [LOG] 资源目录: D:\code\cursor\looklook\node_modules\electron\dist\resources
2025-05-26T05:49:48.555Z [TEST] 开始测试FFmpeg和FFprobe可执行性
2025-05-26T05:49:48.555Z [TEST] 打包状态: 开发环境
2025-05-26T05:49:48.556Z [TEST] App路径: D:\code\cursor\looklook
2025-05-26T05:49:48.556Z [TEST] 可执行文件路径: D:\code\cursor\looklook\node_modules\electron\dist\electron.exe
2025-05-26T05:49:48.556Z [TEST] 应用目录: D:\code\cursor\looklook\node_modules\electron\dist
2025-05-26T05:49:48.556Z [TEST] 资源目录: D:\code\cursor\looklook\node_modules\electron\dist\resources
2025-05-26T05:49:48.556Z [LOG] 检查node_modules路径: D:\code\cursor\looklook\node_modules\electron\dist\resources\node_modules, 存在: false
2025-05-26T05:49:48.556Z [TEST] 检查node_modules路径: D:\code\cursor\looklook\node_modules\electron\dist\resources\node_modules, 存在: false
2025-05-26T05:49:48.557Z [LOG] 检查node_modules路径: D:\code\cursor\looklook\node_modules\electron\dist\node_modules, 存在: false
2025-05-26T05:49:48.557Z [TEST] 检查node_modules路径: D:\code\cursor\looklook\node_modules\electron\dist\node_modules, 存在: false
2025-05-26T05:49:48.557Z [LOG] 检查node_modules路径: D:\code\cursor\looklook\node_modules, 存在: true
2025-05-26T05:49:48.558Z [TEST] 检查node_modules路径: D:\code\cursor\looklook\node_modules, 存在: true
2025-05-26T05:49:48.558Z [TEST] D:\code\cursor\looklook\node_modules 中内容: .bin, .package-lock.json, 7zip-bin, @derhuerst, @develar, @electron, @isaacs, @malept, @pkgjs, @sindresorhus, @szmarczak, @tootallnate, @types, @xmldom, agent-base, ajv, ajv-formats, ajv-keywords, ansi-regex, ansi-styles, app-builder-bin, app-builder-lib, archiver, archiver-utils, argparse, async, async-exit-hook, asynckit, at-least-node, atomically, balanced-match, base64-js, binary-search-tree, bl, bluebird, bluebird-lst, boolean, brace-expansion, buffer, buffer-crc32, buffer-equal, buffer-from, builder-util, builder-util-runtime, cacheable-lookup, cacheable-request, call-bind-apply-helpers, caseless, chalk, chownr, chromium-pickle-js, ci-info, cliui, clone-response, color-convert, color-name, combined-stream, commander, compare-version, compress-commons, concat-map, concat-stream, conf, config-file-ts, core-util-is, crc-32, crc32-stream, cross-spawn, debounce-fn, debug, decompress-response, defer-to-connect, define-data-property, define-properties, delayed-stream, detect-node, dir-compare, dmg-builder, dot-prop, dotenv, dotenv-expand, dunder-proto, eastasianwidth, ejs, electron, electron-builder, electron-builder-squirrel-windows, electron-publish, electron-store, emoji-regex, end-of-stream, env-paths, err-code, es-define-property, es-errors, es-object-atoms, es-set-tostringtag, es6-error, escalade, escape-string-regexp, extract-zip, fast-deep-equal, fast-json-stable-stringify, fast-uri, fd-slicer, ffmpeg-static, ffprobe-static, filelist, fluent-ffmpeg, foreground-child, form-data, fs-constants, fs-extra, fs-minipass, fs.realpath, function-bind, get-caller-file, get-intrinsic, get-proto, get-stream, glob, global-agent, globalthis, gopd, got, graceful-fs, has-flag, has-property-descriptors, has-symbols, has-tostringtag, hasown, hosted-git-info, http-cache-semantics, http-proxy-agent, http-response-object, http2-wrapper, https-proxy-agent, iconv-lite, ieee754, immediate, inflight, inherits, is-ci, is-fullwidth-code-point, isarray, isbinaryfile, isexe, jackspeak, jake, js-yaml, json-buffer, json-schema-traverse, json-schema-typed, json-stringify-safe, json5, jsonfile, keyv, lazy-val, lazystream, lie, localforage, lodash, lodash.defaults, lodash.difference, lodash.flatten, lodash.isplainobject, lodash.union, lowercase-keys, lru-cache, matcher, math-intrinsics, mime, mime-db, mime-types, mimic-function, mimic-response, minimatch, minimist, minipass, minizlib, mkdirp, ms, nedb, normalize-path, normalize-url, object-keys, once, p-cancelable, package-json-from-dist, parse-cache-control, path-is-absolute, path-key, path-scurry, pend, plist, process-nextick-args, progress, promise-retry, pump, punycode, quick-lru, read-config-file, readable-stream, readdir-glob, require-directory, require-from-string, resolve-alpn, responselike, retry, rimraf, roarr, safe-buffer, safer-buffer, sanitize-filename, sax, semver, semver-compare, serialize-error, shebang-command, shebang-regex, signal-exit, simple-update-notifier, source-map, source-map-support, sprintf-js, stat-mode, string-width, string-width-cjs, string_decoder, strip-ansi, strip-ansi-cjs, stubborn-fs, sumchecker, supports-color, tar, tar-stream, temp-file, tmp, tmp-promise, truncate-utf8-bytes, type-fest, typedarray, typescript, uint8array-extras, underscore, undici-types, universalify, uri-js, utf8-byte-length, util-deprecate, when-exit, which, wrap-ansi, wrap-ansi-cjs, wrappy, xmlbuilder, y18n, yallist, yargs, yargs-parser, yauzl, zip-stream
2025-05-26T05:49:48.558Z [TEST] ffmpeg-static存在于 D:\code\cursor\looklook\node_modules\ffmpeg-static
2025-05-26T05:49:48.558Z [TEST] ffmpeg-static内容: example.js, ffmpeg.exe, index.js, install.js, LICENSE, package.json, README.md, types
2025-05-26T05:49:48.559Z [TEST] ffprobe-static存在于 D:\code\cursor\looklook\node_modules\ffprobe-static
2025-05-26T05:49:48.559Z [TEST] ffprobe-static内容: bin, index.js, LICENSE, package.json, README.md, tests
2025-05-26T05:49:48.559Z [TEST] ffprobe-static/bin内容: darwin, linux, win32
2025-05-26T05:49:48.559Z [TEST] ffprobe-static/bin/win32内容: ia32, x64
2025-05-26T05:49:48.559Z [TEST] ffprobe-static/bin/win32/x64内容: ffprobe.exe
2025-05-26T05:49:48.559Z [LOG] 测试FFmpeg可执行性...
2025-05-26T05:49:48.560Z [TEST] 开始测试FFmpeg可执行性
2025-05-26T05:49:48.560Z [LOG] FFmpeg文件存在: D:\code\cursor\looklook\node_modules\ffmpeg-static\ffmpeg.exe
2025-05-26T05:49:48.560Z [TEST] FFmpeg文件存在: D:\code\cursor\looklook\node_modules\ffmpeg-static\ffmpeg.exe
2025-05-26T05:49:48.561Z [LOG] FFmpeg有执行权限
2025-05-26T05:49:48.561Z [TEST] FFmpeg有执行权限
2025-05-26T05:49:48.591Z [LOG] 测试FFprobe可执行性...
2025-05-26T05:49:48.592Z [LOG] FFprobe文件存在: D:\code\cursor\looklook\node_modules\ffprobe-static\bin\win32\x64\ffprobe.exe
2025-05-26T05:49:48.592Z [LOG] FFprobe有执行权限
2025-05-26T05:49:48.657Z [LOG] 注册IPC事件处理程序...
2025-05-26T05:49:48.658Z [LOG] IPC事件处理程序注册完成
2025-05-26T05:49:48.662Z [LOG] FFprobe执行测试成功: ffprobe version 4.0.2 Copyright (c) 2007-2018 the FFmpeg developers
2025-05-26T05:49:48.663Z [LOG] FFmpeg执行测试成功: ffmpeg version 7.1.1-essentials_build-www.gyan.dev Copyright (c) 2000-2025 the FFmpeg developers
2025-05-26T05:49:48.663Z [TEST] FFmpeg执行测试成功: ffmpeg version 7.1.1-essentials_build-www.gyan.dev Copyright (c) 2000-2025 the FFmpeg developers
2025-05-26T05:49:48.664Z [LOG] FFprobe执行测试成功: ffprobe version 4.0.2 Copyright (c) 2007-2018 the FFmpeg developers
2025-05-26T05:49:48.664Z [LOG] FFmpeg执行测试成功: ffmpeg version 7.1.1-essentials_build-www.gyan.dev Copyright (c) 2000-2025 the FFmpeg developers
2025-05-26T05:49:48.664Z [TEST] FFmpeg执行测试成功: ffmpeg version 7.1.1-essentials_build-www.gyan.dev Copyright (c) 2000-2025 the FFmpeg developers
2025-05-26T05:49:48.690Z [LOG] 已加载 34 个视频记录
2025-05-26T05:49:48.691Z [LOG] 开始检查是否存在重复视频记录...
2025-05-26T05:49:48.691Z [LOG] 没有发现重复视频记录
2025-05-26T05:49:48.692Z [LOG] 已加载枚举值[collection]: 5个
2025-05-26T05:49:48.693Z [LOG] 已加载枚举值[actors]: 1个
2025-05-26T05:49:48.693Z [LOG] 开始检查 34 个视频文件是否存在...
2025-05-26T05:49:48.726Z [LOG] 视频文件检查完成，共检查 34 个文件，发现 0 个问题
2025-05-26T05:49:48.727Z [LOG] 开始清理无效预览图...
2025-05-26T05:49:48.727Z [CLEANUP] 开始清理无效预览图
2025-05-26T05:49:48.728Z [LOG] 发现 34 个预览图文件
2025-05-26T05:49:48.728Z [CLEANUP] 发现 34 个预览图文件
2025-05-26T05:49:48.728Z [LOG] 从数据库获取到 34 个视频记录
2025-05-26T05:49:48.728Z [CLEANUP] 从数据库获取到 34 个视频记录
2025-05-26T05:49:48.728Z [LOG] 数据库中有 34 个有效的预览图引用
2025-05-26T05:49:48.728Z [CLEANUP] 数据库中有 34 个有效的预览图引用
2025-05-26T05:49:48.729Z [LOG] 没有发现无效的预览图文件
2025-05-26T05:49:48.729Z [CLEANUP] 没有发现无效的预览图文件
2025-05-26T05:49:48.729Z [LOG] 数据库模块初始化完成
2025-05-26T05:49:48.839Z [LOG] 处理get-videos请求
2025-05-26T05:49:48.844Z [LOG] 处理get-enum-values请求: collection
2025-05-26T05:49:48.844Z [LOG] 处理get-enum-values请求: actors
2025-05-26T05:49:48.862Z [LOG] 处理自定义协议请求: app://thumbnail/1748229492768-RDpcVXNl.jpg
2025-05-26T05:49:48.863Z [LOG] 缩略图路径: D:\code\cursor\looklook\userdata\thumbnails\1748229492768-RDpcVXNl.jpg
2025-05-26T05:49:48.864Z [LOG] 处理get-enum-values请求: collection
2025-05-26T05:49:48.865Z [LOG] 处理自定义协议请求: app://thumbnail/1748229476500-RDpcVXNl.jpg
2025-05-26T05:49:48.866Z [LOG] 缩略图路径: D:\code\cursor\looklook\userdata\thumbnails\1748229476500-RDpcVXNl.jpg
2025-05-26T05:49:48.867Z [LOG] 处理get-enum-values请求: actors
2025-05-26T05:49:48.868Z [LOG] 处理自定义协议请求: app://thumbnail/1748229476546-RDpcVXNl.jpg
2025-05-26T05:49:48.869Z [LOG] 缩略图路径: D:\code\cursor\looklook\userdata\thumbnails\1748229476546-RDpcVXNl.jpg
2025-05-26T05:49:48.870Z [LOG] 处理自定义协议请求: app://thumbnail/1748229476896-RDpcVXNl.jpg
2025-05-26T05:49:48.870Z [LOG] 缩略图路径: D:\code\cursor\looklook\userdata\thumbnails\1748229476896-RDpcVXNl.jpg
2025-05-26T05:49:48.871Z [LOG] 处理自定义协议请求: app://thumbnail/1748229477295-RDpcVXNl.jpg
2025-05-26T05:49:48.872Z [LOG] 缩略图路径: D:\code\cursor\looklook\userdata\thumbnails\1748229477295-RDpcVXNl.jpg
2025-05-26T05:49:48.873Z [LOG] 处理自定义协议请求: app://thumbnail/1748229478258-RDpcVXNl.jpg
2025-05-26T05:49:48.874Z [LOG] 缩略图路径: D:\code\cursor\looklook\userdata\thumbnails\1748229478258-RDpcVXNl.jpg
2025-05-26T05:49:48.875Z [LOG] 处理自定义协议请求: app://thumbnail/1748229478423-RDpcVXNl.jpg
2025-05-26T05:49:48.875Z [LOG] 缩略图路径: D:\code\cursor\looklook\userdata\thumbnails\1748229478423-RDpcVXNl.jpg
2025-05-26T05:49:48.875Z [LOG] 处理自定义协议请求: app://thumbnail/1748229478668-RDpcVXNl.jpg
2025-05-26T05:49:48.876Z [LOG] 缩略图路径: D:\code\cursor\looklook\userdata\thumbnails\1748229478668-RDpcVXNl.jpg
2025-05-26T05:49:48.876Z [LOG] 处理自定义协议请求: app://thumbnail/1748229479122-RDpcVXNl.jpg
2025-05-26T05:49:48.877Z [LOG] 缩略图路径: D:\code\cursor\looklook\userdata\thumbnails\1748229479122-RDpcVXNl.jpg
2025-05-26T05:49:48.877Z [LOG] 处理自定义协议请求: app://thumbnail/1748229479340-RDpcVXNl.jpg
2025-05-26T05:49:48.877Z [LOG] 缩略图路径: D:\code\cursor\looklook\userdata\thumbnails\1748229479340-RDpcVXNl.jpg
2025-05-26T05:49:48.878Z [LOG] 处理自定义协议请求: app://thumbnail/1748229480536-RDpcVXNl.jpg
2025-05-26T05:49:48.878Z [LOG] 缩略图路径: D:\code\cursor\looklook\userdata\thumbnails\1748229480536-RDpcVXNl.jpg
2025-05-26T05:49:48.879Z [LOG] 处理自定义协议请求: app://thumbnail/1748229480790-RDpcVXNl.jpg
2025-05-26T05:49:48.879Z [LOG] 缩略图路径: D:\code\cursor\looklook\userdata\thumbnails\1748229480790-RDpcVXNl.jpg
2025-05-26T05:49:48.879Z [LOG] 处理自定义协议请求: app://thumbnail/1748229482016-RDpcVXNl.jpg
2025-05-26T05:49:48.880Z [LOG] 缩略图路径: D:\code\cursor\looklook\userdata\thumbnails\1748229482016-RDpcVXNl.jpg
2025-05-26T05:49:48.880Z [LOG] 处理自定义协议请求: app://thumbnail/1748229482346-RDpcVXNl.jpg
2025-05-26T05:49:48.880Z [LOG] 缩略图路径: D:\code\cursor\looklook\userdata\thumbnails\1748229482346-RDpcVXNl.jpg
2025-05-26T05:49:48.881Z [LOG] 处理自定义协议请求: app://thumbnail/1748229482944-RDpcVXNl.jpg
2025-05-26T05:49:48.881Z [LOG] 缩略图路径: D:\code\cursor\looklook\userdata\thumbnails\1748229482944-RDpcVXNl.jpg
2025-05-26T05:49:48.882Z [LOG] 处理自定义协议请求: app://thumbnail/1748229483095-RDpcVXNl.jpg
2025-05-26T05:49:48.883Z [LOG] 缩略图路径: D:\code\cursor\looklook\userdata\thumbnails\1748229483095-RDpcVXNl.jpg
2025-05-26T05:49:48.884Z [LOG] 处理自定义协议请求: app://thumbnail/1748229483744-RDpcVXNl.jpg
2025-05-26T05:49:48.884Z [LOG] 缩略图路径: D:\code\cursor\looklook\userdata\thumbnails\1748229483744-RDpcVXNl.jpg
2025-05-26T05:49:48.885Z [LOG] 处理自定义协议请求: app://thumbnail/1748229485034-RDpcVXNl.jpg
2025-05-26T05:49:48.885Z [LOG] 缩略图路径: D:\code\cursor\looklook\userdata\thumbnails\1748229485034-RDpcVXNl.jpg
2025-05-26T05:49:48.886Z [LOG] 处理自定义协议请求: app://thumbnail/1748229485691-RDpcVXNl.jpg
2025-05-26T05:49:48.886Z [LOG] 缩略图路径: D:\code\cursor\looklook\userdata\thumbnails\1748229485691-RDpcVXNl.jpg
2025-05-26T05:49:48.887Z [LOG] 处理自定义协议请求: app://thumbnail/1748229485926-RDpcVXNl.jpg
2025-05-26T05:49:48.887Z [LOG] 缩略图路径: D:\code\cursor\looklook\userdata\thumbnails\1748229485926-RDpcVXNl.jpg
2025-05-26T05:50:49.621Z [LOG] 处理get-enum-values请求: collection
2025-05-26T05:50:49.622Z [LOG] 处理get-enum-values请求: actors
2025-05-26T05:50:58.724Z [LOG] 处理自定义协议请求: app://thumbnail/1748229492768-RDpcVXNl.jpg
2025-05-26T05:50:58.725Z [LOG] 缩略图路径: D:\code\cursor\looklook\userdata\thumbnails\1748229492768-RDpcVXNl.jpg
2025-05-26T05:50:58.725Z [LOG] 处理自定义协议请求: app://thumbnail/1748229476500-RDpcVXNl.jpg
2025-05-26T05:50:58.726Z [LOG] 缩略图路径: D:\code\cursor\looklook\userdata\thumbnails\1748229476500-RDpcVXNl.jpg
2025-05-26T05:50:58.727Z [LOG] 处理自定义协议请求: app://thumbnail/1748229476546-RDpcVXNl.jpg
2025-05-26T05:50:58.728Z [LOG] 缩略图路径: D:\code\cursor\looklook\userdata\thumbnails\1748229476546-RDpcVXNl.jpg
2025-05-26T05:50:58.729Z [LOG] 处理自定义协议请求: app://thumbnail/1748229476896-RDpcVXNl.jpg
2025-05-26T05:50:58.729Z [LOG] 缩略图路径: D:\code\cursor\looklook\userdata\thumbnails\1748229476896-RDpcVXNl.jpg
2025-05-26T05:50:58.730Z [LOG] 处理自定义协议请求: app://thumbnail/1748229477295-RDpcVXNl.jpg
2025-05-26T05:50:58.730Z [LOG] 缩略图路径: D:\code\cursor\looklook\userdata\thumbnails\1748229477295-RDpcVXNl.jpg
2025-05-26T05:50:58.731Z [LOG] 处理自定义协议请求: app://thumbnail/1748229478258-RDpcVXNl.jpg
2025-05-26T05:50:58.731Z [LOG] 缩略图路径: D:\code\cursor\looklook\userdata\thumbnails\1748229478258-RDpcVXNl.jpg
2025-05-26T05:50:58.732Z [LOG] 处理自定义协议请求: app://thumbnail/1748229478423-RDpcVXNl.jpg
2025-05-26T05:50:58.732Z [LOG] 缩略图路径: D:\code\cursor\looklook\userdata\thumbnails\1748229478423-RDpcVXNl.jpg
2025-05-26T05:50:58.733Z [LOG] 处理自定义协议请求: app://thumbnail/1748229478668-RDpcVXNl.jpg
2025-05-26T05:50:58.733Z [LOG] 缩略图路径: D:\code\cursor\looklook\userdata\thumbnails\1748229478668-RDpcVXNl.jpg
2025-05-26T05:50:58.734Z [LOG] 处理自定义协议请求: app://thumbnail/1748229479122-RDpcVXNl.jpg
2025-05-26T05:50:58.734Z [LOG] 缩略图路径: D:\code\cursor\looklook\userdata\thumbnails\1748229479122-RDpcVXNl.jpg
2025-05-26T05:50:58.735Z [LOG] 处理自定义协议请求: app://thumbnail/1748229479340-RDpcVXNl.jpg
2025-05-26T05:50:58.735Z [LOG] 缩略图路径: D:\code\cursor\looklook\userdata\thumbnails\1748229479340-RDpcVXNl.jpg
2025-05-26T05:50:58.736Z [LOG] 处理自定义协议请求: app://thumbnail/1748229480536-RDpcVXNl.jpg
2025-05-26T05:50:58.736Z [LOG] 缩略图路径: D:\code\cursor\looklook\userdata\thumbnails\1748229480536-RDpcVXNl.jpg
2025-05-26T05:50:58.737Z [LOG] 处理自定义协议请求: app://thumbnail/1748229480790-RDpcVXNl.jpg
2025-05-26T05:50:58.737Z [LOG] 缩略图路径: D:\code\cursor\looklook\userdata\thumbnails\1748229480790-RDpcVXNl.jpg
2025-05-26T05:50:58.737Z [LOG] 处理自定义协议请求: app://thumbnail/1748229482016-RDpcVXNl.jpg
2025-05-26T05:50:58.738Z [LOG] 缩略图路径: D:\code\cursor\looklook\userdata\thumbnails\1748229482016-RDpcVXNl.jpg
2025-05-26T05:50:58.738Z [LOG] 处理自定义协议请求: app://thumbnail/1748229482346-RDpcVXNl.jpg
2025-05-26T05:50:58.739Z [LOG] 缩略图路径: D:\code\cursor\looklook\userdata\thumbnails\1748229482346-RDpcVXNl.jpg
2025-05-26T05:50:58.739Z [LOG] 处理自定义协议请求: app://thumbnail/1748229482944-RDpcVXNl.jpg
2025-05-26T05:50:58.741Z [LOG] 缩略图路径: D:\code\cursor\looklook\userdata\thumbnails\1748229482944-RDpcVXNl.jpg
2025-05-26T05:50:58.741Z [LOG] 处理自定义协议请求: app://thumbnail/1748229483095-RDpcVXNl.jpg
2025-05-26T05:50:58.742Z [LOG] 缩略图路径: D:\code\cursor\looklook\userdata\thumbnails\1748229483095-RDpcVXNl.jpg
2025-05-26T05:50:58.742Z [LOG] 处理自定义协议请求: app://thumbnail/1748229483744-RDpcVXNl.jpg
2025-05-26T05:50:58.743Z [LOG] 缩略图路径: D:\code\cursor\looklook\userdata\thumbnails\1748229483744-RDpcVXNl.jpg
2025-05-26T05:50:58.743Z [LOG] 处理自定义协议请求: app://thumbnail/1748229485034-RDpcVXNl.jpg
2025-05-26T05:50:58.744Z [LOG] 缩略图路径: D:\code\cursor\looklook\userdata\thumbnails\1748229485034-RDpcVXNl.jpg
2025-05-26T05:50:58.744Z [LOG] 处理自定义协议请求: app://thumbnail/1748229485691-RDpcVXNl.jpg
2025-05-26T05:50:58.745Z [LOG] 缩略图路径: D:\code\cursor\looklook\userdata\thumbnails\1748229485691-RDpcVXNl.jpg
2025-05-26T05:50:58.745Z [LOG] 处理自定义协议请求: app://thumbnail/1748229485926-RDpcVXNl.jpg
2025-05-26T05:50:58.746Z [LOG] 缩略图路径: D:\code\cursor\looklook\userdata\thumbnails\1748229485926-RDpcVXNl.jpg
2025-05-26T05:51:01.736Z [LOG] 处理自定义协议请求: app://thumbnail/1748229487798-RDpcVXNl.jpg
2025-05-26T05:51:01.737Z [LOG] 缩略图路径: D:\code\cursor\looklook\userdata\thumbnails\1748229487798-RDpcVXNl.jpg
2025-05-26T05:51:01.738Z [LOG] 处理自定义协议请求: app://thumbnail/1748229488629-RDpcVXNl.jpg
2025-05-26T05:51:01.738Z [LOG] 缩略图路径: D:\code\cursor\looklook\userdata\thumbnails\1748229488629-RDpcVXNl.jpg
2025-05-26T05:51:01.739Z [LOG] 处理自定义协议请求: app://thumbnail/1748229488130-RDpcVXNl.jpg
2025-05-26T05:51:01.740Z [LOG] 缩略图路径: D:\code\cursor\looklook\userdata\thumbnails\1748229488130-RDpcVXNl.jpg
2025-05-26T05:51:01.740Z [LOG] 处理自定义协议请求: app://thumbnail/1748229489927-RDpcVXNl.jpg
2025-05-26T05:51:01.741Z [LOG] 缩略图路径: D:\code\cursor\looklook\userdata\thumbnails\1748229489927-RDpcVXNl.jpg
2025-05-26T05:51:01.741Z [LOG] 处理自定义协议请求: app://thumbnail/1748229491777-RDpcVXNl.jpg
2025-05-26T05:51:01.742Z [LOG] 缩略图路径: D:\code\cursor\looklook\userdata\thumbnails\1748229491777-RDpcVXNl.jpg
2025-05-26T05:51:01.742Z [LOG] 处理自定义协议请求: app://thumbnail/1748229491709-RDpcVXNl.jpg
2025-05-26T05:51:01.743Z [LOG] 缩略图路径: D:\code\cursor\looklook\userdata\thumbnails\1748229491709-RDpcVXNl.jpg
2025-05-26T05:51:01.743Z [LOG] 处理自定义协议请求: app://thumbnail/1748229492837-RDpcVXNl.jpg
2025-05-26T05:51:01.744Z [LOG] 缩略图路径: D:\code\cursor\looklook\userdata\thumbnails\1748229492837-RDpcVXNl.jpg
2025-05-26T05:51:01.744Z [LOG] 处理自定义协议请求: app://thumbnail/1748229493394-RDpcVXNl.jpg
2025-05-26T05:51:01.745Z [LOG] 缩略图路径: D:\code\cursor\looklook\userdata\thumbnails\1748229493394-RDpcVXNl.jpg
2025-05-26T05:51:02.292Z [LOG] 处理自定义协议请求: app://thumbnail/1748229488313-RDpcVXNl.jpg
2025-05-26T05:51:02.292Z [LOG] 缩略图路径: D:\code\cursor\looklook\userdata\thumbnails\1748229488313-RDpcVXNl.jpg
2025-05-26T05:51:02.293Z [LOG] 处理自定义协议请求: app://thumbnail/1748229488433-RDpcVXNl.jpg
2025-05-26T05:51:02.294Z [LOG] 缩略图路径: D:\code\cursor\looklook\userdata\thumbnails\1748229488433-RDpcVXNl.jpg
2025-05-26T05:51:02.294Z [LOG] 处理自定义协议请求: app://thumbnail/1748229490947-RDpcVXNl.jpg
2025-05-26T05:51:02.295Z [LOG] 缩略图路径: D:\code\cursor\looklook\userdata\thumbnails\1748229490947-RDpcVXNl.jpg
2025-05-26T05:51:02.295Z [LOG] 处理自定义协议请求: app://thumbnail/1748229491080-RDpcVXNl.jpg
2025-05-26T05:51:02.295Z [LOG] 缩略图路径: D:\code\cursor\looklook\userdata\thumbnails\1748229491080-RDpcVXNl.jpg
2025-05-26T05:51:08.072Z [LOG] 处理自定义协议请求: app://thumbnail/1748229486700-RDpcVXNl.jpg
2025-05-26T05:51:08.072Z [LOG] 缩略图路径: D:\code\cursor\looklook\userdata\thumbnails\1748229486700-RDpcVXNl.jpg
2025-05-26T05:51:13.525Z [LOG] 处理自定义协议请求: app://thumbnail/1748229492768-RDpcVXNl.jpg
2025-05-26T05:51:13.526Z [LOG] 缩略图路径: D:\code\cursor\looklook\userdata\thumbnails\1748229492768-RDpcVXNl.jpg
2025-05-26T05:53:44.308Z 日志开始 - 2025-05-26T05:53:44.308Z - 应用版本: 2.1.2 - 运行环境: 开发环境
2025-05-26T05:53:44.309Z 系统信息: win32 x64 - Node.js 18.18.2
2025-05-26T05:53:44.309Z App路径: D:\code\cursor\looklook
2025-05-26T05:53:44.309Z 可执行文件路径: D:\code\cursor\looklook\node_modules\electron\dist\electron.exe
2025-05-26T05:53:44.309Z [LOG] 日志文件已创建: D:\code\cursor\looklook\userdata\logs\app-2025-05-26.log
2025-05-26T05:53:44.310Z [ERROR] 设置控制台编码失败: process.stdout.setEncoding is not a function
2025-05-26T05:53:44.310Z [LOG] 应用准备就绪
2025-05-26T05:53:44.310Z [ENV] 运行模式: 开发环境
2025-05-26T05:53:44.310Z [ENV] 应用路径: D:\code\cursor\looklook
2025-05-26T05:53:44.310Z [ENV] 可执行文件路径: D:\code\cursor\looklook\node_modules\electron\dist\electron.exe
2025-05-26T05:53:44.310Z [ENV] 用户数据路径: D:\code\cursor\looklook\userdata
2025-05-26T05:53:44.311Z [FFMPEG_COPY] 开发环境中无需复制FFmpeg和FFprobe
2025-05-26T05:53:44.311Z [LOG] 用户数据目录: D:\code\cursor\looklook\userdata
2025-05-26T05:53:44.311Z [LOG] 缩略图目录: D:\code\cursor\looklook\userdata\thumbnails
2025-05-26T05:53:44.311Z [LOG] 设置文件已存在，无需创建默认设置
2025-05-26T05:53:44.314Z [LOG] 打包状态: 开发环境
2025-05-26T05:53:44.315Z [LOG] App Path: D:\code\cursor\looklook
2025-05-26T05:53:44.315Z [LOG] Exe Path: D:\code\cursor\looklook\node_modules\electron\dist\electron.exe
2025-05-26T05:53:44.315Z [LOG] 应用目录: D:\code\cursor\looklook\node_modules\electron\dist
2025-05-26T05:53:44.315Z [LOG] 资源目录: D:\code\cursor\looklook\node_modules\electron\dist\resources
2025-05-26T05:53:44.315Z [TEST] 开始测试FFmpeg和FFprobe可执行性
2025-05-26T05:53:44.316Z [TEST] 打包状态: 开发环境
2025-05-26T05:53:44.316Z [TEST] App路径: D:\code\cursor\looklook
2025-05-26T05:53:44.316Z [TEST] 可执行文件路径: D:\code\cursor\looklook\node_modules\electron\dist\electron.exe
2025-05-26T05:53:44.316Z [TEST] 应用目录: D:\code\cursor\looklook\node_modules\electron\dist
2025-05-26T05:53:44.316Z [TEST] 资源目录: D:\code\cursor\looklook\node_modules\electron\dist\resources
2025-05-26T05:53:44.316Z [LOG] 检查node_modules路径: D:\code\cursor\looklook\node_modules\electron\dist\resources\node_modules, 存在: false
2025-05-26T05:53:44.317Z [TEST] 检查node_modules路径: D:\code\cursor\looklook\node_modules\electron\dist\resources\node_modules, 存在: false
2025-05-26T05:53:44.317Z [LOG] 检查node_modules路径: D:\code\cursor\looklook\node_modules\electron\dist\node_modules, 存在: false
2025-05-26T05:53:44.317Z [TEST] 检查node_modules路径: D:\code\cursor\looklook\node_modules\electron\dist\node_modules, 存在: false
2025-05-26T05:53:44.317Z [LOG] 检查node_modules路径: D:\code\cursor\looklook\node_modules, 存在: true
2025-05-26T05:53:44.318Z [TEST] 检查node_modules路径: D:\code\cursor\looklook\node_modules, 存在: true
2025-05-26T05:53:44.318Z [TEST] D:\code\cursor\looklook\node_modules 中内容: .bin, .package-lock.json, 7zip-bin, @derhuerst, @develar, @electron, @isaacs, @malept, @pkgjs, @sindresorhus, @szmarczak, @tootallnate, @types, @xmldom, agent-base, ajv, ajv-formats, ajv-keywords, ansi-regex, ansi-styles, app-builder-bin, app-builder-lib, archiver, archiver-utils, argparse, async, async-exit-hook, asynckit, at-least-node, atomically, balanced-match, base64-js, binary-search-tree, bl, bluebird, bluebird-lst, boolean, brace-expansion, buffer, buffer-crc32, buffer-equal, buffer-from, builder-util, builder-util-runtime, cacheable-lookup, cacheable-request, call-bind-apply-helpers, caseless, chalk, chownr, chromium-pickle-js, ci-info, cliui, clone-response, color-convert, color-name, combined-stream, commander, compare-version, compress-commons, concat-map, concat-stream, conf, config-file-ts, core-util-is, crc-32, crc32-stream, cross-spawn, debounce-fn, debug, decompress-response, defer-to-connect, define-data-property, define-properties, delayed-stream, detect-node, dir-compare, dmg-builder, dot-prop, dotenv, dotenv-expand, dunder-proto, eastasianwidth, ejs, electron, electron-builder, electron-builder-squirrel-windows, electron-publish, electron-store, emoji-regex, end-of-stream, env-paths, err-code, es-define-property, es-errors, es-object-atoms, es-set-tostringtag, es6-error, escalade, escape-string-regexp, extract-zip, fast-deep-equal, fast-json-stable-stringify, fast-uri, fd-slicer, ffmpeg-static, ffprobe-static, filelist, fluent-ffmpeg, foreground-child, form-data, fs-constants, fs-extra, fs-minipass, fs.realpath, function-bind, get-caller-file, get-intrinsic, get-proto, get-stream, glob, global-agent, globalthis, gopd, got, graceful-fs, has-flag, has-property-descriptors, has-symbols, has-tostringtag, hasown, hosted-git-info, http-cache-semantics, http-proxy-agent, http-response-object, http2-wrapper, https-proxy-agent, iconv-lite, ieee754, immediate, inflight, inherits, is-ci, is-fullwidth-code-point, isarray, isbinaryfile, isexe, jackspeak, jake, js-yaml, json-buffer, json-schema-traverse, json-schema-typed, json-stringify-safe, json5, jsonfile, keyv, lazy-val, lazystream, lie, localforage, lodash, lodash.defaults, lodash.difference, lodash.flatten, lodash.isplainobject, lodash.union, lowercase-keys, lru-cache, matcher, math-intrinsics, mime, mime-db, mime-types, mimic-function, mimic-response, minimatch, minimist, minipass, minizlib, mkdirp, ms, nedb, normalize-path, normalize-url, object-keys, once, p-cancelable, package-json-from-dist, parse-cache-control, path-is-absolute, path-key, path-scurry, pend, plist, process-nextick-args, progress, promise-retry, pump, punycode, quick-lru, read-config-file, readable-stream, readdir-glob, require-directory, require-from-string, resolve-alpn, responselike, retry, rimraf, roarr, safe-buffer, safer-buffer, sanitize-filename, sax, semver, semver-compare, serialize-error, shebang-command, shebang-regex, signal-exit, simple-update-notifier, source-map, source-map-support, sprintf-js, stat-mode, string-width, string-width-cjs, string_decoder, strip-ansi, strip-ansi-cjs, stubborn-fs, sumchecker, supports-color, tar, tar-stream, temp-file, tmp, tmp-promise, truncate-utf8-bytes, type-fest, typedarray, typescript, uint8array-extras, underscore, undici-types, universalify, uri-js, utf8-byte-length, util-deprecate, when-exit, which, wrap-ansi, wrap-ansi-cjs, wrappy, xmlbuilder, y18n, yallist, yargs, yargs-parser, yauzl, zip-stream
2025-05-26T05:53:44.318Z [TEST] ffmpeg-static存在于 D:\code\cursor\looklook\node_modules\ffmpeg-static
2025-05-26T05:53:44.319Z [TEST] ffmpeg-static内容: example.js, ffmpeg.exe, index.js, install.js, LICENSE, package.json, README.md, types
2025-05-26T05:53:44.319Z [TEST] ffprobe-static存在于 D:\code\cursor\looklook\node_modules\ffprobe-static
2025-05-26T05:53:44.319Z [TEST] ffprobe-static内容: bin, index.js, LICENSE, package.json, README.md, tests
2025-05-26T05:53:44.319Z [TEST] ffprobe-static/bin内容: darwin, linux, win32
2025-05-26T05:53:44.319Z [TEST] ffprobe-static/bin/win32内容: ia32, x64
2025-05-26T05:53:44.319Z [TEST] ffprobe-static/bin/win32/x64内容: ffprobe.exe
2025-05-26T05:53:44.320Z [LOG] 测试FFmpeg可执行性...
2025-05-26T05:53:44.320Z [TEST] 开始测试FFmpeg可执行性
2025-05-26T05:53:44.320Z [LOG] FFmpeg文件存在: D:\code\cursor\looklook\node_modules\ffmpeg-static\ffmpeg.exe
2025-05-26T05:53:44.320Z [TEST] FFmpeg文件存在: D:\code\cursor\looklook\node_modules\ffmpeg-static\ffmpeg.exe
2025-05-26T05:53:44.321Z [LOG] FFmpeg有执行权限
2025-05-26T05:53:44.321Z [TEST] FFmpeg有执行权限
2025-05-26T05:53:44.357Z [LOG] 测试FFprobe可执行性...
2025-05-26T05:53:44.357Z [LOG] FFprobe文件存在: D:\code\cursor\looklook\node_modules\ffprobe-static\bin\win32\x64\ffprobe.exe
2025-05-26T05:53:44.357Z [LOG] FFprobe有执行权限
2025-05-26T05:53:44.421Z [LOG] 注册IPC事件处理程序...
2025-05-26T05:53:44.422Z [LOG] IPC事件处理程序注册完成
2025-05-26T05:53:44.426Z [LOG] FFprobe执行测试成功: ffprobe version 4.0.2 Copyright (c) 2007-2018 the FFmpeg developers
2025-05-26T05:53:44.426Z [LOG] FFmpeg执行测试成功: ffmpeg version 7.1.1-essentials_build-www.gyan.dev Copyright (c) 2000-2025 the FFmpeg developers
2025-05-26T05:53:44.426Z [TEST] FFmpeg执行测试成功: ffmpeg version 7.1.1-essentials_build-www.gyan.dev Copyright (c) 2000-2025 the FFmpeg developers
2025-05-26T05:53:44.427Z [LOG] FFprobe执行测试成功: ffprobe version 4.0.2 Copyright (c) 2007-2018 the FFmpeg developers
2025-05-26T05:53:44.427Z [LOG] FFmpeg执行测试成功: ffmpeg version 7.1.1-essentials_build-www.gyan.dev Copyright (c) 2000-2025 the FFmpeg developers
2025-05-26T05:53:44.427Z [TEST] FFmpeg执行测试成功: ffmpeg version 7.1.1-essentials_build-www.gyan.dev Copyright (c) 2000-2025 the FFmpeg developers
2025-05-26T05:53:44.454Z [LOG] 已加载 34 个视频记录
2025-05-26T05:53:44.454Z [LOG] 开始检查是否存在重复视频记录...
2025-05-26T05:53:44.455Z [LOG] 没有发现重复视频记录
2025-05-26T05:53:44.456Z [LOG] 已加载枚举值[collection]: 5个
2025-05-26T05:53:44.456Z [LOG] 已加载枚举值[actors]: 1个
2025-05-26T05:53:44.457Z [LOG] 开始检查 34 个视频文件是否存在...
2025-05-26T05:53:44.485Z [LOG] 视频文件检查完成，共检查 34 个文件，发现 0 个问题
2025-05-26T05:53:44.485Z [LOG] 开始清理无效预览图...
2025-05-26T05:53:44.486Z [CLEANUP] 开始清理无效预览图
2025-05-26T05:53:44.487Z [LOG] 发现 34 个预览图文件
2025-05-26T05:53:44.487Z [CLEANUP] 发现 34 个预览图文件
2025-05-26T05:53:44.487Z [LOG] 从数据库获取到 34 个视频记录
2025-05-26T05:53:44.487Z [CLEANUP] 从数据库获取到 34 个视频记录
2025-05-26T05:53:44.488Z [LOG] 数据库中有 34 个有效的预览图引用
2025-05-26T05:53:44.488Z [CLEANUP] 数据库中有 34 个有效的预览图引用
2025-05-26T05:53:44.488Z [LOG] 没有发现无效的预览图文件
2025-05-26T05:53:44.488Z [CLEANUP] 没有发现无效的预览图文件
2025-05-26T05:53:44.488Z [LOG] 数据库模块初始化完成
2025-05-26T05:53:44.580Z [LOG] 处理get-videos请求
2025-05-26T05:53:44.584Z [LOG] 处理get-enum-values请求: collection
2025-05-26T05:53:44.584Z [LOG] 处理get-enum-values请求: actors
2025-05-26T05:53:44.601Z [LOG] 处理自定义协议请求: app://thumbnail/1748229492768-RDpcVXNl.jpg
2025-05-26T05:53:44.602Z [LOG] 缩略图路径: D:\code\cursor\looklook\userdata\thumbnails\1748229492768-RDpcVXNl.jpg
2025-05-26T05:53:44.603Z [LOG] 处理自定义协议请求: app://thumbnail/1748229476500-RDpcVXNl.jpg
2025-05-26T05:53:44.603Z [LOG] 缩略图路径: D:\code\cursor\looklook\userdata\thumbnails\1748229476500-RDpcVXNl.jpg
2025-05-26T05:53:44.604Z [LOG] 处理自定义协议请求: app://thumbnail/1748229476546-RDpcVXNl.jpg
2025-05-26T05:53:44.604Z [LOG] 缩略图路径: D:\code\cursor\looklook\userdata\thumbnails\1748229476546-RDpcVXNl.jpg
2025-05-26T05:53:44.605Z [LOG] 处理自定义协议请求: app://thumbnail/1748229476896-RDpcVXNl.jpg
2025-05-26T05:53:44.605Z [LOG] 缩略图路径: D:\code\cursor\looklook\userdata\thumbnails\1748229476896-RDpcVXNl.jpg
2025-05-26T05:53:44.606Z [LOG] 处理自定义协议请求: app://thumbnail/1748229477295-RDpcVXNl.jpg
2025-05-26T05:53:44.606Z [LOG] 缩略图路径: D:\code\cursor\looklook\userdata\thumbnails\1748229477295-RDpcVXNl.jpg
2025-05-26T05:53:44.606Z [LOG] 处理自定义协议请求: app://thumbnail/1748229478258-RDpcVXNl.jpg
2025-05-26T05:53:44.607Z [LOG] 缩略图路径: D:\code\cursor\looklook\userdata\thumbnails\1748229478258-RDpcVXNl.jpg
2025-05-26T05:53:44.607Z [LOG] 处理自定义协议请求: app://thumbnail/1748229478423-RDpcVXNl.jpg
2025-05-26T05:53:44.608Z [LOG] 缩略图路径: D:\code\cursor\looklook\userdata\thumbnails\1748229478423-RDpcVXNl.jpg
2025-05-26T05:53:44.608Z [LOG] 处理自定义协议请求: app://thumbnail/1748229478668-RDpcVXNl.jpg
2025-05-26T05:53:44.608Z [LOG] 缩略图路径: D:\code\cursor\looklook\userdata\thumbnails\1748229478668-RDpcVXNl.jpg
2025-05-26T05:53:44.609Z [LOG] 处理自定义协议请求: app://thumbnail/1748229479122-RDpcVXNl.jpg
2025-05-26T05:53:44.610Z [LOG] 缩略图路径: D:\code\cursor\looklook\userdata\thumbnails\1748229479122-RDpcVXNl.jpg
2025-05-26T05:53:44.610Z [LOG] 处理自定义协议请求: app://thumbnail/1748229479340-RDpcVXNl.jpg
2025-05-26T05:53:44.610Z [LOG] 缩略图路径: D:\code\cursor\looklook\userdata\thumbnails\1748229479340-RDpcVXNl.jpg
2025-05-26T05:53:44.611Z [LOG] 处理自定义协议请求: app://thumbnail/1748229480536-RDpcVXNl.jpg
2025-05-26T05:53:44.611Z [LOG] 缩略图路径: D:\code\cursor\looklook\userdata\thumbnails\1748229480536-RDpcVXNl.jpg
2025-05-26T05:53:44.612Z [LOG] 处理自定义协议请求: app://thumbnail/1748229480790-RDpcVXNl.jpg
2025-05-26T05:53:44.612Z [LOG] 缩略图路径: D:\code\cursor\looklook\userdata\thumbnails\1748229480790-RDpcVXNl.jpg
2025-05-26T05:53:44.613Z [LOG] 处理自定义协议请求: app://thumbnail/1748229482016-RDpcVXNl.jpg
2025-05-26T05:53:44.613Z [LOG] 缩略图路径: D:\code\cursor\looklook\userdata\thumbnails\1748229482016-RDpcVXNl.jpg
2025-05-26T05:53:44.614Z [LOG] 处理自定义协议请求: app://thumbnail/1748229482346-RDpcVXNl.jpg
2025-05-26T05:53:44.614Z [LOG] 缩略图路径: D:\code\cursor\looklook\userdata\thumbnails\1748229482346-RDpcVXNl.jpg
2025-05-26T05:53:44.615Z [LOG] 处理自定义协议请求: app://thumbnail/1748229482944-RDpcVXNl.jpg
2025-05-26T05:53:44.616Z [LOG] 缩略图路径: D:\code\cursor\looklook\userdata\thumbnails\1748229482944-RDpcVXNl.jpg
2025-05-26T05:53:44.616Z [LOG] 处理自定义协议请求: app://thumbnail/1748229483095-RDpcVXNl.jpg
2025-05-26T05:53:44.617Z [LOG] 缩略图路径: D:\code\cursor\looklook\userdata\thumbnails\1748229483095-RDpcVXNl.jpg
2025-05-26T05:53:44.617Z [LOG] 处理自定义协议请求: app://thumbnail/1748229483744-RDpcVXNl.jpg
2025-05-26T05:53:44.618Z [LOG] 缩略图路径: D:\code\cursor\looklook\userdata\thumbnails\1748229483744-RDpcVXNl.jpg
2025-05-26T05:53:44.619Z [LOG] 处理自定义协议请求: app://thumbnail/1748229485034-RDpcVXNl.jpg
2025-05-26T05:53:44.619Z [LOG] 缩略图路径: D:\code\cursor\looklook\userdata\thumbnails\1748229485034-RDpcVXNl.jpg
2025-05-26T05:53:44.620Z [LOG] 处理自定义协议请求: app://thumbnail/1748229485691-RDpcVXNl.jpg
2025-05-26T05:53:44.620Z [LOG] 缩略图路径: D:\code\cursor\looklook\userdata\thumbnails\1748229485691-RDpcVXNl.jpg
2025-05-26T05:53:44.620Z [LOG] 处理自定义协议请求: app://thumbnail/1748229485926-RDpcVXNl.jpg
2025-05-26T05:53:44.621Z [LOG] 缩略图路径: D:\code\cursor\looklook\userdata\thumbnails\1748229485926-RDpcVXNl.jpg
2025-05-26T05:53:44.666Z [LOG] 处理get-enum-values请求: collection
2025-05-26T05:53:44.667Z [LOG] 处理get-enum-values请求: actors
2025-05-26T05:54:45.615Z [LOG] 处理get-enum-values请求: collection
2025-05-26T05:54:45.618Z [LOG] 处理get-enum-values请求: actors
2025-05-26T05:55:45.622Z [LOG] 处理get-enum-values请求: collection
2025-05-26T05:55:45.622Z [LOG] 处理get-enum-values请求: actors
2025-05-26T05:56:45.620Z [LOG] 处理get-enum-values请求: collection
2025-05-26T05:56:45.621Z [LOG] 处理get-enum-values请求: actors
2025-05-26T05:57:35.544Z [LOG] 处理自定义协议请求: app://thumbnail/1748229476546-RDpcVXNl.jpg
2025-05-26T05:57:35.545Z [LOG] 缩略图路径: D:\code\cursor\looklook\userdata\thumbnails\1748229476546-RDpcVXNl.jpg
2025-05-26T05:57:35.545Z [LOG] 处理自定义协议请求: app://thumbnail/1748229476896-RDpcVXNl.jpg
2025-05-26T05:57:35.546Z [LOG] 缩略图路径: D:\code\cursor\looklook\userdata\thumbnails\1748229476896-RDpcVXNl.jpg
2025-05-26T05:57:35.546Z [LOG] 处理自定义协议请求: app://thumbnail/1748229477295-RDpcVXNl.jpg
2025-05-26T05:57:35.547Z [LOG] 缩略图路径: D:\code\cursor\looklook\userdata\thumbnails\1748229477295-RDpcVXNl.jpg
2025-05-26T05:57:35.547Z [LOG] 处理自定义协议请求: app://thumbnail/1748229478258-RDpcVXNl.jpg
2025-05-26T05:57:35.548Z [LOG] 缩略图路径: D:\code\cursor\looklook\userdata\thumbnails\1748229478258-RDpcVXNl.jpg
2025-05-26T05:57:35.548Z [LOG] 处理自定义协议请求: app://thumbnail/1748229479122-RDpcVXNl.jpg
2025-05-26T05:57:35.549Z [LOG] 缩略图路径: D:\code\cursor\looklook\userdata\thumbnails\1748229479122-RDpcVXNl.jpg
2025-05-26T05:57:35.549Z [LOG] 处理自定义协议请求: app://thumbnail/1748229480790-RDpcVXNl.jpg
2025-05-26T05:57:35.550Z [LOG] 缩略图路径: D:\code\cursor\looklook\userdata\thumbnails\1748229480790-RDpcVXNl.jpg
2025-05-26T05:57:35.550Z [LOG] 处理自定义协议请求: app://thumbnail/1748229482944-RDpcVXNl.jpg
2025-05-26T05:57:35.551Z [LOG] 缩略图路径: D:\code\cursor\looklook\userdata\thumbnails\1748229482944-RDpcVXNl.jpg
2025-05-26T05:57:35.551Z [LOG] 处理自定义协议请求: app://thumbnail/1748229485034-RDpcVXNl.jpg
2025-05-26T05:57:35.551Z [LOG] 缩略图路径: D:\code\cursor\looklook\userdata\thumbnails\1748229485034-RDpcVXNl.jpg
2025-05-26T05:57:35.552Z [LOG] 处理自定义协议请求: app://thumbnail/1748229485691-RDpcVXNl.jpg
2025-05-26T05:57:35.552Z [LOG] 缩略图路径: D:\code\cursor\looklook\userdata\thumbnails\1748229485691-RDpcVXNl.jpg
2025-05-26T05:57:35.553Z [LOG] 处理自定义协议请求: app://thumbnail/1748229487397-RDpcVXNl.jpg
2025-05-26T05:57:35.554Z [LOG] 缩略图路径: D:\code\cursor\looklook\userdata\thumbnails\1748229487397-RDpcVXNl.jpg
2025-05-26T05:57:35.554Z [LOG] 处理自定义协议请求: app://thumbnail/1748229488313-RDpcVXNl.jpg
2025-05-26T05:57:35.555Z [LOG] 缩略图路径: D:\code\cursor\looklook\userdata\thumbnails\1748229488313-RDpcVXNl.jpg
2025-05-26T05:57:35.555Z [LOG] 处理自定义协议请求: app://thumbnail/1748229487798-RDpcVXNl.jpg
2025-05-26T05:57:35.556Z [LOG] 缩略图路径: D:\code\cursor\looklook\userdata\thumbnails\1748229487798-RDpcVXNl.jpg
2025-05-26T05:57:35.556Z [LOG] 处理自定义协议请求: app://thumbnail/1748229488629-RDpcVXNl.jpg
2025-05-26T05:57:35.556Z [LOG] 缩略图路径: D:\code\cursor\looklook\userdata\thumbnails\1748229488629-RDpcVXNl.jpg
2025-05-26T05:57:35.557Z [LOG] 处理自定义协议请求: app://thumbnail/1748229488130-RDpcVXNl.jpg
2025-05-26T05:57:35.557Z [LOG] 缩略图路径: D:\code\cursor\looklook\userdata\thumbnails\1748229488130-RDpcVXNl.jpg
2025-05-26T05:57:35.558Z [LOG] 处理自定义协议请求: app://thumbnail/1748229488433-RDpcVXNl.jpg
2025-05-26T05:57:35.558Z [LOG] 缩略图路径: D:\code\cursor\looklook\userdata\thumbnails\1748229488433-RDpcVXNl.jpg
2025-05-26T05:57:35.559Z [LOG] 处理自定义协议请求: app://thumbnail/1748229489927-RDpcVXNl.jpg
2025-05-26T05:57:35.559Z [LOG] 缩略图路径: D:\code\cursor\looklook\userdata\thumbnails\1748229489927-RDpcVXNl.jpg
2025-05-26T05:57:35.560Z [LOG] 处理自定义协议请求: app://thumbnail/1748229490947-RDpcVXNl.jpg
2025-05-26T05:57:35.560Z [LOG] 缩略图路径: D:\code\cursor\looklook\userdata\thumbnails\1748229490947-RDpcVXNl.jpg
2025-05-26T05:57:35.561Z [LOG] 处理自定义协议请求: app://thumbnail/1748229491080-RDpcVXNl.jpg
2025-05-26T05:57:35.561Z [LOG] 缩略图路径: D:\code\cursor\looklook\userdata\thumbnails\1748229491080-RDpcVXNl.jpg
2025-05-26T05:57:35.562Z [LOG] 处理自定义协议请求: app://thumbnail/1748229491777-RDpcVXNl.jpg
2025-05-26T05:57:35.562Z [LOG] 缩略图路径: D:\code\cursor\looklook\userdata\thumbnails\1748229491777-RDpcVXNl.jpg
2025-05-26T05:57:35.563Z [LOG] 处理自定义协议请求: app://thumbnail/1748229491709-RDpcVXNl.jpg
2025-05-26T05:57:35.563Z [LOG] 缩略图路径: D:\code\cursor\looklook\userdata\thumbnails\1748229491709-RDpcVXNl.jpg
2025-05-26T05:57:37.542Z [LOG] 处理自定义协议请求: app://thumbnail/1748229492768-RDpcVXNl.jpg
2025-05-26T05:57:37.542Z [LOG] 缩略图路径: D:\code\cursor\looklook\userdata\thumbnails\1748229492768-RDpcVXNl.jpg
2025-05-26T05:57:37.543Z [LOG] 处理自定义协议请求: app://thumbnail/1748229476500-RDpcVXNl.jpg
2025-05-26T05:57:37.543Z [LOG] 缩略图路径: D:\code\cursor\looklook\userdata\thumbnails\1748229476500-RDpcVXNl.jpg
2025-05-26T05:57:37.544Z [LOG] 处理自定义协议请求: app://thumbnail/1748229478423-RDpcVXNl.jpg
2025-05-26T05:57:37.544Z [LOG] 缩略图路径: D:\code\cursor\looklook\userdata\thumbnails\1748229478423-RDpcVXNl.jpg
2025-05-26T05:57:37.544Z [LOG] 处理自定义协议请求: app://thumbnail/1748229478668-RDpcVXNl.jpg
2025-05-26T05:57:37.545Z [LOG] 缩略图路径: D:\code\cursor\looklook\userdata\thumbnails\1748229478668-RDpcVXNl.jpg
2025-05-26T05:57:37.545Z [LOG] 处理自定义协议请求: app://thumbnail/1748229479340-RDpcVXNl.jpg
2025-05-26T05:57:37.546Z [LOG] 缩略图路径: D:\code\cursor\looklook\userdata\thumbnails\1748229479340-RDpcVXNl.jpg
2025-05-26T05:57:37.546Z [LOG] 处理自定义协议请求: app://thumbnail/1748229480536-RDpcVXNl.jpg
2025-05-26T05:57:37.546Z [LOG] 缩略图路径: D:\code\cursor\looklook\userdata\thumbnails\1748229480536-RDpcVXNl.jpg
2025-05-26T05:57:37.547Z [LOG] 处理自定义协议请求: app://thumbnail/1748229482016-RDpcVXNl.jpg
2025-05-26T05:57:37.547Z [LOG] 缩略图路径: D:\code\cursor\looklook\userdata\thumbnails\1748229482016-RDpcVXNl.jpg
2025-05-26T05:57:37.547Z [LOG] 处理自定义协议请求: app://thumbnail/1748229482346-RDpcVXNl.jpg
2025-05-26T05:57:37.548Z [LOG] 缩略图路径: D:\code\cursor\looklook\userdata\thumbnails\1748229482346-RDpcVXNl.jpg
2025-05-26T05:57:37.548Z [LOG] 处理自定义协议请求: app://thumbnail/1748229483095-RDpcVXNl.jpg
2025-05-26T05:57:37.548Z [LOG] 缩略图路径: D:\code\cursor\looklook\userdata\thumbnails\1748229483095-RDpcVXNl.jpg
2025-05-26T05:57:37.549Z [LOG] 处理自定义协议请求: app://thumbnail/1748229483744-RDpcVXNl.jpg
2025-05-26T05:57:37.549Z [LOG] 缩略图路径: D:\code\cursor\looklook\userdata\thumbnails\1748229483744-RDpcVXNl.jpg
2025-05-26T05:57:37.550Z [LOG] 处理自定义协议请求: app://thumbnail/1748229485926-RDpcVXNl.jpg
2025-05-26T05:57:37.550Z [LOG] 缩略图路径: D:\code\cursor\looklook\userdata\thumbnails\1748229485926-RDpcVXNl.jpg
2025-05-26T05:57:38.540Z [LOG] 处理自定义协议请求: app://thumbnail/1748229486700-RDpcVXNl.jpg
2025-05-26T05:57:38.541Z [LOG] 缩略图路径: D:\code\cursor\looklook\userdata\thumbnails\1748229486700-RDpcVXNl.jpg
2025-05-26T05:57:38.595Z [LOG] 处理自定义协议请求: app://thumbnail/1748229487397-RDpcVXNl.jpg
2025-05-26T05:57:38.596Z [LOG] 缩略图路径: D:\code\cursor\looklook\userdata\thumbnails\1748229487397-RDpcVXNl.jpg
2025-05-26T05:57:41.644Z [LOG] 处理自定义协议请求: app://thumbnail/1748229476500-RDpcVXNl.jpg
2025-05-26T05:57:41.645Z [LOG] 缩略图路径: D:\code\cursor\looklook\userdata\thumbnails\1748229476500-RDpcVXNl.jpg
2025-05-26T05:57:41.646Z [LOG] 处理自定义协议请求: app://thumbnail/1748229476896-RDpcVXNl.jpg
2025-05-26T05:57:41.646Z [LOG] 缩略图路径: D:\code\cursor\looklook\userdata\thumbnails\1748229476896-RDpcVXNl.jpg
2025-05-26T05:57:41.799Z [LOG] 处理自定义协议请求: app://thumbnail/1748229478258-RDpcVXNl.jpg
2025-05-26T05:57:41.800Z [LOG] 缩略图路径: D:\code\cursor\looklook\userdata\thumbnails\1748229478258-RDpcVXNl.jpg
2025-05-26T05:57:44.674Z [LOG] 处理get-enum-values请求: collection
2025-05-26T05:57:44.676Z [LOG] 处理get-enum-values请求: actors
2025-05-26T05:57:47.502Z [LOG] 处理自定义协议请求: app://thumbnail/1748229487798-RDpcVXNl.jpg
2025-05-26T05:57:47.503Z [LOG] 缩略图路径: D:\code\cursor\looklook\userdata\thumbnails\1748229487798-RDpcVXNl.jpg
2025-05-26T05:57:47.503Z [LOG] 处理自定义协议请求: app://thumbnail/1748229488629-RDpcVXNl.jpg
2025-05-26T05:57:47.504Z [LOG] 缩略图路径: D:\code\cursor\looklook\userdata\thumbnails\1748229488629-RDpcVXNl.jpg
2025-05-26T05:57:47.505Z [LOG] 处理自定义协议请求: app://thumbnail/1748229488130-RDpcVXNl.jpg
2025-05-26T05:57:47.505Z [LOG] 缩略图路径: D:\code\cursor\looklook\userdata\thumbnails\1748229488130-RDpcVXNl.jpg
2025-05-26T05:57:47.506Z [LOG] 处理自定义协议请求: app://thumbnail/1748229489927-RDpcVXNl.jpg
2025-05-26T05:57:47.506Z [LOG] 缩略图路径: D:\code\cursor\looklook\userdata\thumbnails\1748229489927-RDpcVXNl.jpg
2025-05-26T05:57:47.507Z [LOG] 处理自定义协议请求: app://thumbnail/1748229491777-RDpcVXNl.jpg
2025-05-26T05:57:47.507Z [LOG] 缩略图路径: D:\code\cursor\looklook\userdata\thumbnails\1748229491777-RDpcVXNl.jpg
2025-05-26T05:57:47.508Z [LOG] 处理自定义协议请求: app://thumbnail/1748229491709-RDpcVXNl.jpg
2025-05-26T05:57:47.508Z [LOG] 缩略图路径: D:\code\cursor\looklook\userdata\thumbnails\1748229491709-RDpcVXNl.jpg
2025-05-26T05:57:47.509Z [LOG] 处理自定义协议请求: app://thumbnail/1748229492837-RDpcVXNl.jpg
2025-05-26T05:57:47.510Z [LOG] 缩略图路径: D:\code\cursor\looklook\userdata\thumbnails\1748229492837-RDpcVXNl.jpg
2025-05-26T05:57:47.510Z [LOG] 处理自定义协议请求: app://thumbnail/1748229493394-RDpcVXNl.jpg
2025-05-26T05:57:47.510Z [LOG] 缩略图路径: D:\code\cursor\looklook\userdata\thumbnails\1748229493394-RDpcVXNl.jpg
2025-05-26T05:57:47.538Z [LOG] 处理自定义协议请求: app://thumbnail/1748229476500-RDpcVXNl.jpg
2025-05-26T05:57:47.539Z [LOG] 缩略图路径: D:\code\cursor\looklook\userdata\thumbnails\1748229476500-RDpcVXNl.jpg
2025-05-26T05:57:47.540Z [LOG] 处理自定义协议请求: app://thumbnail/1748229476896-RDpcVXNl.jpg
2025-05-26T05:57:47.540Z [LOG] 缩略图路径: D:\code\cursor\looklook\userdata\thumbnails\1748229476896-RDpcVXNl.jpg
2025-05-26T05:57:47.541Z [LOG] 处理自定义协议请求: app://thumbnail/1748229478258-RDpcVXNl.jpg
2025-05-26T05:57:47.541Z [LOG] 缩略图路径: D:\code\cursor\looklook\userdata\thumbnails\1748229478258-RDpcVXNl.jpg
2025-05-26T05:57:47.542Z [LOG] 处理自定义协议请求: app://thumbnail/1748229488313-RDpcVXNl.jpg
2025-05-26T05:57:47.543Z [LOG] 缩略图路径: D:\code\cursor\looklook\userdata\thumbnails\1748229488313-RDpcVXNl.jpg
2025-05-26T05:57:47.543Z [LOG] 处理自定义协议请求: app://thumbnail/1748229488433-RDpcVXNl.jpg
2025-05-26T05:57:47.543Z [LOG] 缩略图路径: D:\code\cursor\looklook\userdata\thumbnails\1748229488433-RDpcVXNl.jpg
2025-05-26T05:57:47.544Z [LOG] 处理自定义协议请求: app://thumbnail/1748229490947-RDpcVXNl.jpg
2025-05-26T05:57:47.544Z [LOG] 缩略图路径: D:\code\cursor\looklook\userdata\thumbnails\1748229490947-RDpcVXNl.jpg
2025-05-26T05:57:47.545Z [LOG] 处理自定义协议请求: app://thumbnail/1748229491080-RDpcVXNl.jpg
2025-05-26T05:57:47.545Z [LOG] 缩略图路径: D:\code\cursor\looklook\userdata\thumbnails\1748229491080-RDpcVXNl.jpg
2025-05-26T05:57:47.634Z [LOG] 处理自定义协议请求: app://thumbnail/1748229478423-RDpcVXNl.jpg
2025-05-26T05:57:47.635Z [LOG] 缩略图路径: D:\code\cursor\looklook\userdata\thumbnails\1748229478423-RDpcVXNl.jpg
2025-05-26T05:57:47.635Z [LOG] 处理自定义协议请求: app://thumbnail/1748229478668-RDpcVXNl.jpg
2025-05-26T05:57:47.636Z [LOG] 缩略图路径: D:\code\cursor\looklook\userdata\thumbnails\1748229478668-RDpcVXNl.jpg
2025-05-26T05:57:47.636Z [LOG] 处理自定义协议请求: app://thumbnail/1748229479122-RDpcVXNl.jpg
2025-05-26T05:57:47.636Z [LOG] 缩略图路径: D:\code\cursor\looklook\userdata\thumbnails\1748229479122-RDpcVXNl.jpg
2025-05-26T05:57:47.637Z [LOG] 处理自定义协议请求: app://thumbnail/1748229479340-RDpcVXNl.jpg
2025-05-26T05:57:47.637Z [LOG] 缩略图路径: D:\code\cursor\looklook\userdata\thumbnails\1748229479340-RDpcVXNl.jpg
2025-05-26T05:57:47.637Z [LOG] 处理自定义协议请求: app://thumbnail/1748229480536-RDpcVXNl.jpg
2025-05-26T05:57:47.638Z [LOG] 缩略图路径: D:\code\cursor\looklook\userdata\thumbnails\1748229480536-RDpcVXNl.jpg
2025-05-26T05:57:47.638Z [LOG] 处理自定义协议请求: app://thumbnail/1748229480790-RDpcVXNl.jpg
2025-05-26T05:57:47.638Z [LOG] 缩略图路径: D:\code\cursor\looklook\userdata\thumbnails\1748229480790-RDpcVXNl.jpg
2025-05-26T05:57:47.639Z [LOG] 处理自定义协议请求: app://thumbnail/1748229482016-RDpcVXNl.jpg
2025-05-26T05:57:47.639Z [LOG] 缩略图路径: D:\code\cursor\looklook\userdata\thumbnails\1748229482016-RDpcVXNl.jpg
2025-05-26T05:57:47.639Z [LOG] 处理自定义协议请求: app://thumbnail/1748229482346-RDpcVXNl.jpg
2025-05-26T05:57:47.640Z [LOG] 缩略图路径: D:\code\cursor\looklook\userdata\thumbnails\1748229482346-RDpcVXNl.jpg
2025-05-26T05:57:47.640Z [LOG] 处理自定义协议请求: app://thumbnail/1748229482944-RDpcVXNl.jpg
2025-05-26T05:57:47.641Z [LOG] 缩略图路径: D:\code\cursor\looklook\userdata\thumbnails\1748229482944-RDpcVXNl.jpg
2025-05-26T05:57:47.641Z [LOG] 处理自定义协议请求: app://thumbnail/1748229483095-RDpcVXNl.jpg
2025-05-26T05:57:47.641Z [LOG] 缩略图路径: D:\code\cursor\looklook\userdata\thumbnails\1748229483095-RDpcVXNl.jpg
2025-05-26T05:57:47.642Z [LOG] 处理自定义协议请求: app://thumbnail/1748229483744-RDpcVXNl.jpg
2025-05-26T05:57:47.642Z [LOG] 缩略图路径: D:\code\cursor\looklook\userdata\thumbnails\1748229483744-RDpcVXNl.jpg
2025-05-26T05:57:47.643Z [LOG] 处理自定义协议请求: app://thumbnail/1748229485034-RDpcVXNl.jpg
2025-05-26T05:57:47.643Z [LOG] 缩略图路径: D:\code\cursor\looklook\userdata\thumbnails\1748229485034-RDpcVXNl.jpg
2025-05-26T05:57:47.643Z [LOG] 处理自定义协议请求: app://thumbnail/1748229485691-RDpcVXNl.jpg
2025-05-26T05:57:47.643Z [LOG] 缩略图路径: D:\code\cursor\looklook\userdata\thumbnails\1748229485691-RDpcVXNl.jpg
2025-05-26T05:57:47.644Z [LOG] 处理自定义协议请求: app://thumbnail/1748229485926-RDpcVXNl.jpg
2025-05-26T05:57:47.644Z [LOG] 缩略图路径: D:\code\cursor\looklook\userdata\thumbnails\1748229485926-RDpcVXNl.jpg
2025-05-26T05:57:47.644Z [LOG] 处理自定义协议请求: app://thumbnail/1748229486700-RDpcVXNl.jpg
2025-05-26T05:57:47.645Z [LOG] 缩略图路径: D:\code\cursor\looklook\userdata\thumbnails\1748229486700-RDpcVXNl.jpg
2025-05-26T05:57:47.645Z [LOG] 处理自定义协议请求: app://thumbnail/1748229487397-RDpcVXNl.jpg
2025-05-26T05:57:47.646Z [LOG] 缩略图路径: D:\code\cursor\looklook\userdata\thumbnails\1748229487397-RDpcVXNl.jpg
2025-05-26T05:57:49.436Z [LOG] 处理自定义协议请求: app://thumbnail/1748229492768-RDpcVXNl.jpg
2025-05-26T05:57:49.436Z [LOG] 缩略图路径: D:\code\cursor\looklook\userdata\thumbnails\1748229492768-RDpcVXNl.jpg
2025-05-26T05:57:49.437Z [LOG] 处理自定义协议请求: app://thumbnail/1748229476546-RDpcVXNl.jpg
2025-05-26T05:57:49.438Z [LOG] 缩略图路径: D:\code\cursor\looklook\userdata\thumbnails\1748229476546-RDpcVXNl.jpg
2025-05-26T05:57:49.439Z [LOG] 处理自定义协议请求: app://thumbnail/1748229477295-RDpcVXNl.jpg
2025-05-26T05:57:49.440Z [LOG] 缩略图路径: D:\code\cursor\looklook\userdata\thumbnails\1748229477295-RDpcVXNl.jpg
2025-05-26T05:57:55.352Z [LOG] 处理自定义协议请求: app://thumbnail/1748229492768-RDpcVXNl.jpg
2025-05-26T05:57:55.353Z [LOG] 缩略图路径: D:\code\cursor\looklook\userdata\thumbnails\1748229492768-RDpcVXNl.jpg
2025-05-26T05:57:55.354Z [LOG] 处理自定义协议请求: app://thumbnail/1748229476500-RDpcVXNl.jpg
2025-05-26T05:57:55.355Z [LOG] 缩略图路径: D:\code\cursor\looklook\userdata\thumbnails\1748229476500-RDpcVXNl.jpg
2025-05-26T05:57:55.355Z [LOG] 处理自定义协议请求: app://thumbnail/1748229476546-RDpcVXNl.jpg
2025-05-26T05:57:55.356Z [LOG] 缩略图路径: D:\code\cursor\looklook\userdata\thumbnails\1748229476546-RDpcVXNl.jpg
2025-05-26T05:57:55.356Z [LOG] 处理自定义协议请求: app://thumbnail/1748229476896-RDpcVXNl.jpg
2025-05-26T05:57:55.357Z [LOG] 缩略图路径: D:\code\cursor\looklook\userdata\thumbnails\1748229476896-RDpcVXNl.jpg
2025-05-26T05:57:55.357Z [LOG] 处理自定义协议请求: app://thumbnail/1748229477295-RDpcVXNl.jpg
2025-05-26T05:57:55.358Z [LOG] 缩略图路径: D:\code\cursor\looklook\userdata\thumbnails\1748229477295-RDpcVXNl.jpg
2025-05-26T05:57:55.359Z [LOG] 处理自定义协议请求: app://thumbnail/1748229478258-RDpcVXNl.jpg
2025-05-26T05:57:55.359Z [LOG] 缩略图路径: D:\code\cursor\looklook\userdata\thumbnails\1748229478258-RDpcVXNl.jpg
2025-05-26T05:57:55.360Z [LOG] 处理自定义协议请求: app://thumbnail/1748229478423-RDpcVXNl.jpg
2025-05-26T05:57:55.360Z [LOG] 缩略图路径: D:\code\cursor\looklook\userdata\thumbnails\1748229478423-RDpcVXNl.jpg
2025-05-26T05:57:55.361Z [LOG] 处理自定义协议请求: app://thumbnail/1748229478668-RDpcVXNl.jpg
2025-05-26T05:57:55.361Z [LOG] 缩略图路径: D:\code\cursor\looklook\userdata\thumbnails\1748229478668-RDpcVXNl.jpg
2025-05-26T05:57:55.362Z [LOG] 处理自定义协议请求: app://thumbnail/1748229479122-RDpcVXNl.jpg
2025-05-26T05:57:55.362Z [LOG] 缩略图路径: D:\code\cursor\looklook\userdata\thumbnails\1748229479122-RDpcVXNl.jpg
2025-05-26T05:57:55.363Z [LOG] 处理自定义协议请求: app://thumbnail/1748229479340-RDpcVXNl.jpg
2025-05-26T05:57:55.363Z [LOG] 缩略图路径: D:\code\cursor\looklook\userdata\thumbnails\1748229479340-RDpcVXNl.jpg
2025-05-26T05:57:55.364Z [LOG] 处理自定义协议请求: app://thumbnail/1748229480536-RDpcVXNl.jpg
2025-05-26T05:57:55.365Z [LOG] 缩略图路径: D:\code\cursor\looklook\userdata\thumbnails\1748229480536-RDpcVXNl.jpg
2025-05-26T05:57:55.365Z [LOG] 处理自定义协议请求: app://thumbnail/1748229480790-RDpcVXNl.jpg
2025-05-26T05:57:55.365Z [LOG] 缩略图路径: D:\code\cursor\looklook\userdata\thumbnails\1748229480790-RDpcVXNl.jpg
2025-05-26T05:57:55.367Z [LOG] 处理自定义协议请求: app://thumbnail/1748229482016-RDpcVXNl.jpg
2025-05-26T05:57:55.367Z [LOG] 缩略图路径: D:\code\cursor\looklook\userdata\thumbnails\1748229482016-RDpcVXNl.jpg
2025-05-26T05:57:55.368Z [LOG] 处理自定义协议请求: app://thumbnail/1748229482346-RDpcVXNl.jpg
2025-05-26T05:57:55.369Z [LOG] 缩略图路径: D:\code\cursor\looklook\userdata\thumbnails\1748229482346-RDpcVXNl.jpg
2025-05-26T05:57:55.369Z [LOG] 处理自定义协议请求: app://thumbnail/1748229482944-RDpcVXNl.jpg
2025-05-26T05:57:55.370Z [LOG] 缩略图路径: D:\code\cursor\looklook\userdata\thumbnails\1748229482944-RDpcVXNl.jpg
2025-05-26T05:57:55.370Z [LOG] 处理自定义协议请求: app://thumbnail/1748229483095-RDpcVXNl.jpg
2025-05-26T05:57:55.371Z [LOG] 缩略图路径: D:\code\cursor\looklook\userdata\thumbnails\1748229483095-RDpcVXNl.jpg
2025-05-26T05:57:55.373Z [LOG] 处理自定义协议请求: app://thumbnail/1748229483744-RDpcVXNl.jpg
2025-05-26T05:57:55.373Z [LOG] 缩略图路径: D:\code\cursor\looklook\userdata\thumbnails\1748229483744-RDpcVXNl.jpg
2025-05-26T05:57:55.374Z [LOG] 处理自定义协议请求: app://thumbnail/1748229485034-RDpcVXNl.jpg
2025-05-26T05:57:55.375Z [LOG] 缩略图路径: D:\code\cursor\looklook\userdata\thumbnails\1748229485034-RDpcVXNl.jpg
2025-05-26T05:57:55.375Z [LOG] 处理自定义协议请求: app://thumbnail/1748229485691-RDpcVXNl.jpg
2025-05-26T05:57:55.375Z [LOG] 缩略图路径: D:\code\cursor\looklook\userdata\thumbnails\1748229485691-RDpcVXNl.jpg
2025-05-26T05:57:55.376Z [LOG] 处理自定义协议请求: app://thumbnail/1748229485926-RDpcVXNl.jpg
2025-05-26T05:57:55.376Z [LOG] 缩略图路径: D:\code\cursor\looklook\userdata\thumbnails\1748229485926-RDpcVXNl.jpg
2025-05-26T05:58:05.121Z [LOG] 处理自定义协议请求: app://thumbnail/1748229492768-RDpcVXNl.jpg
2025-05-26T05:58:05.122Z [LOG] 缩略图路径: D:\code\cursor\looklook\userdata\thumbnails\1748229492768-RDpcVXNl.jpg
2025-05-26T05:58:05.123Z [LOG] 处理自定义协议请求: app://thumbnail/1748229476500-RDpcVXNl.jpg
2025-05-26T05:58:05.124Z [LOG] 缩略图路径: D:\code\cursor\looklook\userdata\thumbnails\1748229476500-RDpcVXNl.jpg
2025-05-26T05:58:05.125Z [LOG] 处理自定义协议请求: app://thumbnail/1748229476546-RDpcVXNl.jpg
2025-05-26T05:58:05.125Z [LOG] 缩略图路径: D:\code\cursor\looklook\userdata\thumbnails\1748229476546-RDpcVXNl.jpg
2025-05-26T05:58:05.126Z [LOG] 处理自定义协议请求: app://thumbnail/1748229476896-RDpcVXNl.jpg
2025-05-26T05:58:05.126Z [LOG] 缩略图路径: D:\code\cursor\looklook\userdata\thumbnails\1748229476896-RDpcVXNl.jpg
2025-05-26T05:58:05.127Z [LOG] 处理自定义协议请求: app://thumbnail/1748229477295-RDpcVXNl.jpg
2025-05-26T05:58:05.127Z [LOG] 缩略图路径: D:\code\cursor\looklook\userdata\thumbnails\1748229477295-RDpcVXNl.jpg
2025-05-26T05:58:05.128Z [LOG] 处理自定义协议请求: app://thumbnail/1748229478258-RDpcVXNl.jpg
2025-05-26T05:58:05.129Z [LOG] 缩略图路径: D:\code\cursor\looklook\userdata\thumbnails\1748229478258-RDpcVXNl.jpg
2025-05-26T05:58:05.129Z [LOG] 处理自定义协议请求: app://thumbnail/1748229478423-RDpcVXNl.jpg
2025-05-26T05:58:05.130Z [LOG] 缩略图路径: D:\code\cursor\looklook\userdata\thumbnails\1748229478423-RDpcVXNl.jpg
2025-05-26T05:58:05.130Z [LOG] 处理自定义协议请求: app://thumbnail/1748229478668-RDpcVXNl.jpg
2025-05-26T05:58:05.131Z [LOG] 缩略图路径: D:\code\cursor\looklook\userdata\thumbnails\1748229478668-RDpcVXNl.jpg
2025-05-26T05:58:05.131Z [LOG] 处理自定义协议请求: app://thumbnail/1748229479122-RDpcVXNl.jpg
2025-05-26T05:58:05.132Z [LOG] 缩略图路径: D:\code\cursor\looklook\userdata\thumbnails\1748229479122-RDpcVXNl.jpg
2025-05-26T05:58:05.132Z [LOG] 处理自定义协议请求: app://thumbnail/1748229479340-RDpcVXNl.jpg
2025-05-26T05:58:05.133Z [LOG] 缩略图路径: D:\code\cursor\looklook\userdata\thumbnails\1748229479340-RDpcVXNl.jpg
2025-05-26T05:58:05.133Z [LOG] 处理自定义协议请求: app://thumbnail/1748229480536-RDpcVXNl.jpg
2025-05-26T05:58:05.134Z [LOG] 缩略图路径: D:\code\cursor\looklook\userdata\thumbnails\1748229480536-RDpcVXNl.jpg
2025-05-26T05:58:05.134Z [LOG] 处理自定义协议请求: app://thumbnail/1748229480790-RDpcVXNl.jpg
2025-05-26T05:58:05.135Z [LOG] 缩略图路径: D:\code\cursor\looklook\userdata\thumbnails\1748229480790-RDpcVXNl.jpg
2025-05-26T05:58:05.135Z [LOG] 处理自定义协议请求: app://thumbnail/1748229482016-RDpcVXNl.jpg
2025-05-26T05:58:05.136Z [LOG] 缩略图路径: D:\code\cursor\looklook\userdata\thumbnails\1748229482016-RDpcVXNl.jpg
2025-05-26T05:58:05.136Z [LOG] 处理自定义协议请求: app://thumbnail/1748229482346-RDpcVXNl.jpg
2025-05-26T05:58:05.137Z [LOG] 缩略图路径: D:\code\cursor\looklook\userdata\thumbnails\1748229482346-RDpcVXNl.jpg
2025-05-26T05:58:05.138Z [LOG] 处理自定义协议请求: app://thumbnail/1748229482944-RDpcVXNl.jpg
2025-05-26T05:58:05.138Z [LOG] 缩略图路径: D:\code\cursor\looklook\userdata\thumbnails\1748229482944-RDpcVXNl.jpg
2025-05-26T05:58:05.139Z [LOG] 处理自定义协议请求: app://thumbnail/1748229483095-RDpcVXNl.jpg
2025-05-26T05:58:05.139Z [LOG] 缩略图路径: D:\code\cursor\looklook\userdata\thumbnails\1748229483095-RDpcVXNl.jpg
2025-05-26T05:58:05.140Z [LOG] 处理自定义协议请求: app://thumbnail/1748229483744-RDpcVXNl.jpg
2025-05-26T05:58:05.140Z [LOG] 缩略图路径: D:\code\cursor\looklook\userdata\thumbnails\1748229483744-RDpcVXNl.jpg
2025-05-26T05:58:05.141Z [LOG] 处理自定义协议请求: app://thumbnail/1748229485034-RDpcVXNl.jpg
2025-05-26T05:58:05.141Z [LOG] 缩略图路径: D:\code\cursor\looklook\userdata\thumbnails\1748229485034-RDpcVXNl.jpg
2025-05-26T05:58:05.142Z [LOG] 处理自定义协议请求: app://thumbnail/1748229485691-RDpcVXNl.jpg
2025-05-26T05:58:05.142Z [LOG] 缩略图路径: D:\code\cursor\looklook\userdata\thumbnails\1748229485691-RDpcVXNl.jpg
2025-05-26T05:58:05.143Z [LOG] 处理自定义协议请求: app://thumbnail/1748229485926-RDpcVXNl.jpg
2025-05-26T05:58:05.143Z [LOG] 缩略图路径: D:\code\cursor\looklook\userdata\thumbnails\1748229485926-RDpcVXNl.jpg
2025-05-26T05:58:08.923Z [LOG] 处理自定义协议请求: app://thumbnail/1748229492768-RDpcVXNl.jpg
2025-05-26T05:58:08.924Z [LOG] 缩略图路径: D:\code\cursor\looklook\userdata\thumbnails\1748229492768-RDpcVXNl.jpg
2025-05-26T05:58:08.925Z [LOG] 处理自定义协议请求: app://thumbnail/1748229476500-RDpcVXNl.jpg
2025-05-26T05:58:08.926Z [LOG] 缩略图路径: D:\code\cursor\looklook\userdata\thumbnails\1748229476500-RDpcVXNl.jpg
2025-05-26T05:58:08.926Z [LOG] 处理自定义协议请求: app://thumbnail/1748229476546-RDpcVXNl.jpg
2025-05-26T05:58:08.927Z [LOG] 缩略图路径: D:\code\cursor\looklook\userdata\thumbnails\1748229476546-RDpcVXNl.jpg
2025-05-26T05:58:08.927Z [LOG] 处理自定义协议请求: app://thumbnail/1748229476896-RDpcVXNl.jpg
2025-05-26T05:58:08.928Z [LOG] 缩略图路径: D:\code\cursor\looklook\userdata\thumbnails\1748229476896-RDpcVXNl.jpg
2025-05-26T05:58:08.929Z [LOG] 处理自定义协议请求: app://thumbnail/1748229477295-RDpcVXNl.jpg
2025-05-26T05:58:08.929Z [LOG] 缩略图路径: D:\code\cursor\looklook\userdata\thumbnails\1748229477295-RDpcVXNl.jpg
2025-05-26T05:58:08.930Z [LOG] 处理自定义协议请求: app://thumbnail/1748229478258-RDpcVXNl.jpg
2025-05-26T05:58:08.930Z [LOG] 缩略图路径: D:\code\cursor\looklook\userdata\thumbnails\1748229478258-RDpcVXNl.jpg
2025-05-26T05:58:08.930Z [LOG] 处理自定义协议请求: app://thumbnail/1748229478423-RDpcVXNl.jpg
2025-05-26T05:58:08.931Z [LOG] 缩略图路径: D:\code\cursor\looklook\userdata\thumbnails\1748229478423-RDpcVXNl.jpg
2025-05-26T05:58:08.932Z [LOG] 处理自定义协议请求: app://thumbnail/1748229478668-RDpcVXNl.jpg
2025-05-26T05:58:08.932Z [LOG] 缩略图路径: D:\code\cursor\looklook\userdata\thumbnails\1748229478668-RDpcVXNl.jpg
2025-05-26T05:58:08.933Z [LOG] 处理自定义协议请求: app://thumbnail/1748229479122-RDpcVXNl.jpg
2025-05-26T05:58:08.933Z [LOG] 缩略图路径: D:\code\cursor\looklook\userdata\thumbnails\1748229479122-RDpcVXNl.jpg
2025-05-26T05:58:08.934Z [LOG] 处理自定义协议请求: app://thumbnail/1748229479340-RDpcVXNl.jpg
2025-05-26T05:58:08.934Z [LOG] 缩略图路径: D:\code\cursor\looklook\userdata\thumbnails\1748229479340-RDpcVXNl.jpg
2025-05-26T05:58:08.935Z [LOG] 处理自定义协议请求: app://thumbnail/1748229480536-RDpcVXNl.jpg
2025-05-26T05:58:08.936Z [LOG] 缩略图路径: D:\code\cursor\looklook\userdata\thumbnails\1748229480536-RDpcVXNl.jpg
2025-05-26T05:58:08.936Z [LOG] 处理自定义协议请求: app://thumbnail/1748229480790-RDpcVXNl.jpg
2025-05-26T05:58:08.937Z [LOG] 缩略图路径: D:\code\cursor\looklook\userdata\thumbnails\1748229480790-RDpcVXNl.jpg
2025-05-26T05:58:08.937Z [LOG] 处理自定义协议请求: app://thumbnail/1748229482016-RDpcVXNl.jpg
2025-05-26T05:58:08.938Z [LOG] 缩略图路径: D:\code\cursor\looklook\userdata\thumbnails\1748229482016-RDpcVXNl.jpg
2025-05-26T05:58:08.938Z [LOG] 处理自定义协议请求: app://thumbnail/1748229482346-RDpcVXNl.jpg
2025-05-26T05:58:08.939Z [LOG] 缩略图路径: D:\code\cursor\looklook\userdata\thumbnails\1748229482346-RDpcVXNl.jpg
2025-05-26T05:58:08.939Z [LOG] 处理自定义协议请求: app://thumbnail/1748229482944-RDpcVXNl.jpg
2025-05-26T05:58:08.940Z [LOG] 缩略图路径: D:\code\cursor\looklook\userdata\thumbnails\1748229482944-RDpcVXNl.jpg
2025-05-26T05:58:08.940Z [LOG] 处理自定义协议请求: app://thumbnail/1748229483095-RDpcVXNl.jpg
2025-05-26T05:58:08.941Z [LOG] 缩略图路径: D:\code\cursor\looklook\userdata\thumbnails\1748229483095-RDpcVXNl.jpg
2025-05-26T05:58:08.942Z [LOG] 处理自定义协议请求: app://thumbnail/1748229483744-RDpcVXNl.jpg
2025-05-26T05:58:08.943Z [LOG] 缩略图路径: D:\code\cursor\looklook\userdata\thumbnails\1748229483744-RDpcVXNl.jpg
2025-05-26T05:58:08.943Z [LOG] 处理自定义协议请求: app://thumbnail/1748229485034-RDpcVXNl.jpg
2025-05-26T05:58:08.943Z [LOG] 缩略图路径: D:\code\cursor\looklook\userdata\thumbnails\1748229485034-RDpcVXNl.jpg
2025-05-26T05:58:08.944Z [LOG] 处理自定义协议请求: app://thumbnail/1748229485691-RDpcVXNl.jpg
2025-05-26T05:58:08.944Z [LOG] 缩略图路径: D:\code\cursor\looklook\userdata\thumbnails\1748229485691-RDpcVXNl.jpg
2025-05-26T05:58:08.945Z [LOG] 处理自定义协议请求: app://thumbnail/1748229485926-RDpcVXNl.jpg
2025-05-26T05:58:08.945Z [LOG] 缩略图路径: D:\code\cursor\looklook\userdata\thumbnails\1748229485926-RDpcVXNl.jpg
2025-05-26T06:00:25.827Z 日志开始 - 2025-05-26T06:00:25.826Z - 应用版本: 2.1.2 - 运行环境: 开发环境
2025-05-26T06:00:25.827Z 系统信息: win32 x64 - Node.js 18.18.2
2025-05-26T06:00:25.827Z App路径: D:\code\cursor\looklook
2025-05-26T06:00:25.827Z 可执行文件路径: D:\code\cursor\looklook\node_modules\electron\dist\electron.exe
2025-05-26T06:00:25.828Z [LOG] 日志文件已创建: D:\code\cursor\looklook\userdata\logs\app-2025-05-26.log
2025-05-26T06:00:25.828Z [ERROR] 设置控制台编码失败: process.stdout.setEncoding is not a function
2025-05-26T06:00:25.828Z [LOG] 应用准备就绪
2025-05-26T06:00:25.828Z [ENV] 运行模式: 开发环境
2025-05-26T06:00:25.828Z [ENV] 应用路径: D:\code\cursor\looklook
2025-05-26T06:00:25.829Z [ENV] 可执行文件路径: D:\code\cursor\looklook\node_modules\electron\dist\electron.exe
2025-05-26T06:00:25.829Z [ENV] 用户数据路径: D:\code\cursor\looklook\userdata
2025-05-26T06:00:25.829Z [FFMPEG_COPY] 开发环境中无需复制FFmpeg和FFprobe
2025-05-26T06:00:25.829Z [LOG] 用户数据目录: D:\code\cursor\looklook\userdata
2025-05-26T06:00:25.830Z [LOG] 缩略图目录: D:\code\cursor\looklook\userdata\thumbnails
2025-05-26T06:00:25.830Z [LOG] 设置文件已存在，无需创建默认设置
2025-05-26T06:00:25.833Z [LOG] 打包状态: 开发环境
2025-05-26T06:00:25.833Z [LOG] App Path: D:\code\cursor\looklook
2025-05-26T06:00:25.833Z [LOG] Exe Path: D:\code\cursor\looklook\node_modules\electron\dist\electron.exe
2025-05-26T06:00:25.834Z [LOG] 应用目录: D:\code\cursor\looklook\node_modules\electron\dist
2025-05-26T06:00:25.834Z [LOG] 资源目录: D:\code\cursor\looklook\node_modules\electron\dist\resources
2025-05-26T06:00:25.834Z [TEST] 开始测试FFmpeg和FFprobe可执行性
2025-05-26T06:00:25.835Z [TEST] 打包状态: 开发环境
2025-05-26T06:00:25.835Z [TEST] App路径: D:\code\cursor\looklook
2025-05-26T06:00:25.835Z [TEST] 可执行文件路径: D:\code\cursor\looklook\node_modules\electron\dist\electron.exe
2025-05-26T06:00:25.835Z [TEST] 应用目录: D:\code\cursor\looklook\node_modules\electron\dist
2025-05-26T06:00:25.835Z [TEST] 资源目录: D:\code\cursor\looklook\node_modules\electron\dist\resources
2025-05-26T06:00:25.835Z [LOG] 检查node_modules路径: D:\code\cursor\looklook\node_modules\electron\dist\resources\node_modules, 存在: false
2025-05-26T06:00:25.835Z [TEST] 检查node_modules路径: D:\code\cursor\looklook\node_modules\electron\dist\resources\node_modules, 存在: false
2025-05-26T06:00:25.836Z [LOG] 检查node_modules路径: D:\code\cursor\looklook\node_modules\electron\dist\node_modules, 存在: false
2025-05-26T06:00:25.836Z [TEST] 检查node_modules路径: D:\code\cursor\looklook\node_modules\electron\dist\node_modules, 存在: false
2025-05-26T06:00:25.836Z [LOG] 检查node_modules路径: D:\code\cursor\looklook\node_modules, 存在: true
2025-05-26T06:00:25.837Z [TEST] 检查node_modules路径: D:\code\cursor\looklook\node_modules, 存在: true
2025-05-26T06:00:25.837Z [TEST] D:\code\cursor\looklook\node_modules 中内容: .bin, .package-lock.json, 7zip-bin, @derhuerst, @develar, @electron, @isaacs, @malept, @pkgjs, @sindresorhus, @szmarczak, @tootallnate, @types, @xmldom, agent-base, ajv, ajv-formats, ajv-keywords, ansi-regex, ansi-styles, app-builder-bin, app-builder-lib, archiver, archiver-utils, argparse, async, async-exit-hook, asynckit, at-least-node, atomically, balanced-match, base64-js, binary-search-tree, bl, bluebird, bluebird-lst, boolean, brace-expansion, buffer, buffer-crc32, buffer-equal, buffer-from, builder-util, builder-util-runtime, cacheable-lookup, cacheable-request, call-bind-apply-helpers, caseless, chalk, chownr, chromium-pickle-js, ci-info, cliui, clone-response, color-convert, color-name, combined-stream, commander, compare-version, compress-commons, concat-map, concat-stream, conf, config-file-ts, core-util-is, crc-32, crc32-stream, cross-spawn, debounce-fn, debug, decompress-response, defer-to-connect, define-data-property, define-properties, delayed-stream, detect-node, dir-compare, dmg-builder, dot-prop, dotenv, dotenv-expand, dunder-proto, eastasianwidth, ejs, electron, electron-builder, electron-builder-squirrel-windows, electron-publish, electron-store, emoji-regex, end-of-stream, env-paths, err-code, es-define-property, es-errors, es-object-atoms, es-set-tostringtag, es6-error, escalade, escape-string-regexp, extract-zip, fast-deep-equal, fast-json-stable-stringify, fast-uri, fd-slicer, ffmpeg-static, ffprobe-static, filelist, fluent-ffmpeg, foreground-child, form-data, fs-constants, fs-extra, fs-minipass, fs.realpath, function-bind, get-caller-file, get-intrinsic, get-proto, get-stream, glob, global-agent, globalthis, gopd, got, graceful-fs, has-flag, has-property-descriptors, has-symbols, has-tostringtag, hasown, hosted-git-info, http-cache-semantics, http-proxy-agent, http-response-object, http2-wrapper, https-proxy-agent, iconv-lite, ieee754, immediate, inflight, inherits, is-ci, is-fullwidth-code-point, isarray, isbinaryfile, isexe, jackspeak, jake, js-yaml, json-buffer, json-schema-traverse, json-schema-typed, json-stringify-safe, json5, jsonfile, keyv, lazy-val, lazystream, lie, localforage, lodash, lodash.defaults, lodash.difference, lodash.flatten, lodash.isplainobject, lodash.union, lowercase-keys, lru-cache, matcher, math-intrinsics, mime, mime-db, mime-types, mimic-function, mimic-response, minimatch, minimist, minipass, minizlib, mkdirp, ms, nedb, normalize-path, normalize-url, object-keys, once, p-cancelable, package-json-from-dist, parse-cache-control, path-is-absolute, path-key, path-scurry, pend, plist, process-nextick-args, progress, promise-retry, pump, punycode, quick-lru, read-config-file, readable-stream, readdir-glob, require-directory, require-from-string, resolve-alpn, responselike, retry, rimraf, roarr, safe-buffer, safer-buffer, sanitize-filename, sax, semver, semver-compare, serialize-error, shebang-command, shebang-regex, signal-exit, simple-update-notifier, source-map, source-map-support, sprintf-js, stat-mode, string-width, string-width-cjs, string_decoder, strip-ansi, strip-ansi-cjs, stubborn-fs, sumchecker, supports-color, tar, tar-stream, temp-file, tmp, tmp-promise, truncate-utf8-bytes, type-fest, typedarray, typescript, uint8array-extras, underscore, undici-types, universalify, uri-js, utf8-byte-length, util-deprecate, when-exit, which, wrap-ansi, wrap-ansi-cjs, wrappy, xmlbuilder, y18n, yallist, yargs, yargs-parser, yauzl, zip-stream
2025-05-26T06:00:25.837Z [TEST] ffmpeg-static存在于 D:\code\cursor\looklook\node_modules\ffmpeg-static
2025-05-26T06:00:25.838Z [TEST] ffmpeg-static内容: example.js, ffmpeg.exe, index.js, install.js, LICENSE, package.json, README.md, types
2025-05-26T06:00:25.838Z [TEST] ffprobe-static存在于 D:\code\cursor\looklook\node_modules\ffprobe-static
2025-05-26T06:00:25.838Z [TEST] ffprobe-static内容: bin, index.js, LICENSE, package.json, README.md, tests
2025-05-26T06:00:25.838Z [TEST] ffprobe-static/bin内容: darwin, linux, win32
2025-05-26T06:00:25.838Z [TEST] ffprobe-static/bin/win32内容: ia32, x64
2025-05-26T06:00:25.838Z [TEST] ffprobe-static/bin/win32/x64内容: ffprobe.exe
2025-05-26T06:00:25.839Z [LOG] 测试FFmpeg可执行性...
2025-05-26T06:00:25.839Z [TEST] 开始测试FFmpeg可执行性
2025-05-26T06:00:25.839Z [LOG] FFmpeg文件存在: D:\code\cursor\looklook\node_modules\ffmpeg-static\ffmpeg.exe
2025-05-26T06:00:25.839Z [TEST] FFmpeg文件存在: D:\code\cursor\looklook\node_modules\ffmpeg-static\ffmpeg.exe
2025-05-26T06:00:25.840Z [LOG] FFmpeg有执行权限
2025-05-26T06:00:25.840Z [TEST] FFmpeg有执行权限
2025-05-26T06:00:25.870Z [LOG] 测试FFprobe可执行性...
2025-05-26T06:00:25.871Z [LOG] FFprobe文件存在: D:\code\cursor\looklook\node_modules\ffprobe-static\bin\win32\x64\ffprobe.exe
2025-05-26T06:00:25.871Z [LOG] FFprobe有执行权限
2025-05-26T06:00:25.931Z [LOG] 注册IPC事件处理程序...
2025-05-26T06:00:25.931Z [LOG] IPC事件处理程序注册完成
2025-05-26T06:00:25.936Z [LOG] FFprobe执行测试成功: ffprobe version 4.0.2 Copyright (c) 2007-2018 the FFmpeg developers
2025-05-26T06:00:25.937Z [LOG] FFmpeg执行测试成功: ffmpeg version 7.1.1-essentials_build-www.gyan.dev Copyright (c) 2000-2025 the FFmpeg developers
2025-05-26T06:00:25.937Z [TEST] FFmpeg执行测试成功: ffmpeg version 7.1.1-essentials_build-www.gyan.dev Copyright (c) 2000-2025 the FFmpeg developers
2025-05-26T06:00:25.938Z [LOG] FFprobe执行测试成功: ffprobe version 4.0.2 Copyright (c) 2007-2018 the FFmpeg developers
2025-05-26T06:00:25.938Z [LOG] FFmpeg执行测试成功: ffmpeg version 7.1.1-essentials_build-www.gyan.dev Copyright (c) 2000-2025 the FFmpeg developers
2025-05-26T06:00:25.938Z [TEST] FFmpeg执行测试成功: ffmpeg version 7.1.1-essentials_build-www.gyan.dev Copyright (c) 2000-2025 the FFmpeg developers
2025-05-26T06:00:25.963Z [LOG] 已加载 34 个视频记录
2025-05-26T06:00:25.964Z [LOG] 开始检查是否存在重复视频记录...
2025-05-26T06:00:25.965Z [LOG] 没有发现重复视频记录
2025-05-26T06:00:25.966Z [LOG] 已加载枚举值[collection]: 5个
2025-05-26T06:00:25.967Z [LOG] 已加载枚举值[actors]: 1个
2025-05-26T06:00:25.967Z [LOG] 开始检查 34 个视频文件是否存在...
2025-05-26T06:00:25.997Z [LOG] 视频文件检查完成，共检查 34 个文件，发现 0 个问题
2025-05-26T06:00:25.998Z [LOG] 开始清理无效预览图...
2025-05-26T06:00:25.998Z [CLEANUP] 开始清理无效预览图
2025-05-26T06:00:25.998Z [LOG] 发现 34 个预览图文件
2025-05-26T06:00:25.998Z [CLEANUP] 发现 34 个预览图文件
2025-05-26T06:00:25.999Z [LOG] 从数据库获取到 34 个视频记录
2025-05-26T06:00:25.999Z [CLEANUP] 从数据库获取到 34 个视频记录
2025-05-26T06:00:25.999Z [LOG] 数据库中有 34 个有效的预览图引用
2025-05-26T06:00:25.999Z [CLEANUP] 数据库中有 34 个有效的预览图引用
2025-05-26T06:00:26.000Z [LOG] 没有发现无效的预览图文件
2025-05-26T06:00:26.000Z [CLEANUP] 没有发现无效的预览图文件
2025-05-26T06:00:26.000Z [LOG] 数据库模块初始化完成
2025-05-26T06:00:26.116Z [LOG] 处理get-videos请求
2025-05-26T06:00:26.119Z [LOG] 处理get-enum-values请求: collection
2025-05-26T06:00:26.120Z [LOG] 处理get-enum-values请求: actors
2025-05-26T06:00:26.136Z [LOG] 处理自定义协议请求: app://thumbnail/1748229492768-RDpcVXNl.jpg
2025-05-26T06:00:26.137Z [LOG] 缩略图路径: D:\code\cursor\looklook\userdata\thumbnails\1748229492768-RDpcVXNl.jpg
2025-05-26T06:00:26.138Z [LOG] 处理自定义协议请求: app://thumbnail/1748229476500-RDpcVXNl.jpg
2025-05-26T06:00:26.139Z [LOG] 缩略图路径: D:\code\cursor\looklook\userdata\thumbnails\1748229476500-RDpcVXNl.jpg
2025-05-26T06:00:26.140Z [LOG] 处理自定义协议请求: app://thumbnail/1748229476546-RDpcVXNl.jpg
2025-05-26T06:00:26.141Z [LOG] 缩略图路径: D:\code\cursor\looklook\userdata\thumbnails\1748229476546-RDpcVXNl.jpg
2025-05-26T06:00:26.142Z [LOG] 处理自定义协议请求: app://thumbnail/1748229476896-RDpcVXNl.jpg
2025-05-26T06:00:26.142Z [LOG] 缩略图路径: D:\code\cursor\looklook\userdata\thumbnails\1748229476896-RDpcVXNl.jpg
2025-05-26T06:00:26.143Z [LOG] 处理自定义协议请求: app://thumbnail/1748229477295-RDpcVXNl.jpg
2025-05-26T06:00:26.143Z [LOG] 缩略图路径: D:\code\cursor\looklook\userdata\thumbnails\1748229477295-RDpcVXNl.jpg
2025-05-26T06:00:26.145Z [LOG] 处理自定义协议请求: app://thumbnail/1748229478258-RDpcVXNl.jpg
2025-05-26T06:00:26.145Z [LOG] 缩略图路径: D:\code\cursor\looklook\userdata\thumbnails\1748229478258-RDpcVXNl.jpg
2025-05-26T06:00:26.146Z [LOG] 处理自定义协议请求: app://thumbnail/1748229478423-RDpcVXNl.jpg
2025-05-26T06:00:26.146Z [LOG] 缩略图路径: D:\code\cursor\looklook\userdata\thumbnails\1748229478423-RDpcVXNl.jpg
2025-05-26T06:00:26.147Z [LOG] 处理自定义协议请求: app://thumbnail/1748229478668-RDpcVXNl.jpg
2025-05-26T06:00:26.147Z [LOG] 缩略图路径: D:\code\cursor\looklook\userdata\thumbnails\1748229478668-RDpcVXNl.jpg
2025-05-26T06:00:26.148Z [LOG] 处理自定义协议请求: app://thumbnail/1748229479122-RDpcVXNl.jpg
2025-05-26T06:00:26.148Z [LOG] 缩略图路径: D:\code\cursor\looklook\userdata\thumbnails\1748229479122-RDpcVXNl.jpg
2025-05-26T06:00:26.149Z [LOG] 处理自定义协议请求: app://thumbnail/1748229479340-RDpcVXNl.jpg
2025-05-26T06:00:26.149Z [LOG] 缩略图路径: D:\code\cursor\looklook\userdata\thumbnails\1748229479340-RDpcVXNl.jpg
2025-05-26T06:00:26.150Z [LOG] 处理自定义协议请求: app://thumbnail/1748229480536-RDpcVXNl.jpg
2025-05-26T06:00:26.150Z [LOG] 缩略图路径: D:\code\cursor\looklook\userdata\thumbnails\1748229480536-RDpcVXNl.jpg
2025-05-26T06:00:26.150Z [LOG] 处理自定义协议请求: app://thumbnail/1748229480790-RDpcVXNl.jpg
2025-05-26T06:00:26.150Z [LOG] 缩略图路径: D:\code\cursor\looklook\userdata\thumbnails\1748229480790-RDpcVXNl.jpg
2025-05-26T06:00:26.152Z [LOG] 处理自定义协议请求: app://thumbnail/1748229482016-RDpcVXNl.jpg
2025-05-26T06:00:26.152Z [LOG] 缩略图路径: D:\code\cursor\looklook\userdata\thumbnails\1748229482016-RDpcVXNl.jpg
2025-05-26T06:00:26.153Z [LOG] 处理自定义协议请求: app://thumbnail/1748229482346-RDpcVXNl.jpg
2025-05-26T06:00:26.153Z [LOG] 缩略图路径: D:\code\cursor\looklook\userdata\thumbnails\1748229482346-RDpcVXNl.jpg
2025-05-26T06:00:26.154Z [LOG] 处理自定义协议请求: app://thumbnail/1748229482944-RDpcVXNl.jpg
2025-05-26T06:00:26.154Z [LOG] 缩略图路径: D:\code\cursor\looklook\userdata\thumbnails\1748229482944-RDpcVXNl.jpg
2025-05-26T06:00:26.154Z [LOG] 处理自定义协议请求: app://thumbnail/1748229483095-RDpcVXNl.jpg
2025-05-26T06:00:26.155Z [LOG] 缩略图路径: D:\code\cursor\looklook\userdata\thumbnails\1748229483095-RDpcVXNl.jpg
2025-05-26T06:00:26.156Z [LOG] 处理自定义协议请求: app://thumbnail/1748229483744-RDpcVXNl.jpg
2025-05-26T06:00:26.156Z [LOG] 缩略图路径: D:\code\cursor\looklook\userdata\thumbnails\1748229483744-RDpcVXNl.jpg
2025-05-26T06:00:26.157Z [LOG] 处理自定义协议请求: app://thumbnail/1748229485034-RDpcVXNl.jpg
2025-05-26T06:00:26.157Z [LOG] 缩略图路径: D:\code\cursor\looklook\userdata\thumbnails\1748229485034-RDpcVXNl.jpg
2025-05-26T06:00:26.158Z [LOG] 处理自定义协议请求: app://thumbnail/1748229485691-RDpcVXNl.jpg
2025-05-26T06:00:26.158Z [LOG] 缩略图路径: D:\code\cursor\looklook\userdata\thumbnails\1748229485691-RDpcVXNl.jpg
2025-05-26T06:00:26.159Z [LOG] 处理自定义协议请求: app://thumbnail/1748229485926-RDpcVXNl.jpg
2025-05-26T06:00:26.159Z [LOG] 缩略图路径: D:\code\cursor\looklook\userdata\thumbnails\1748229485926-RDpcVXNl.jpg
2025-05-26T06:00:26.160Z [LOG] 处理get-enum-values请求: collection
2025-05-26T06:00:26.161Z [LOG] 处理get-enum-values请求: actors
2025-05-26T06:01:04.774Z [LOG] 处理get-settings请求
2025-05-26T06:01:04.775Z [LOG] 设置已加载
2025-05-26T06:01:06.991Z [LOG] 处理get-settings请求
2025-05-26T06:01:06.993Z [LOG] 设置已加载
2025-05-26T06:01:07.833Z [LOG] 处理get-enum-values请求: collection
2025-05-26T06:01:07.834Z [LOG] 处理get-enum-values请求: actors
2025-05-26T06:01:07.835Z [LOG] 处理get-enum-values请求: collection
2025-05-26T06:01:07.836Z [LOG] 处理get-enum-values请求: actors
2025-05-26T06:01:07.837Z [LOG] 处理自定义协议请求: app://thumbnail/1748229476896-RDpcVXNl.jpg
2025-05-26T06:01:07.837Z [LOG] 缩略图路径: D:\code\cursor\looklook\userdata\thumbnails\1748229476896-RDpcVXNl.jpg
2025-05-26T06:01:13.989Z [LOG] 更新视频: IPX-001asdfasd.mp4
2025-05-26T06:01:13.995Z [LOG] 通知渲染进程数据已更新
2025-05-26T06:01:13.996Z [LOG] 处理get-videos请求
2025-05-26T06:01:14.009Z [LOG] 处理自定义协议请求: app://thumbnail/1748229492768-RDpcVXNl.jpg
2025-05-26T06:01:14.009Z [LOG] 缩略图路径: D:\code\cursor\looklook\userdata\thumbnails\1748229492768-RDpcVXNl.jpg
2025-05-26T06:01:14.010Z [LOG] 处理自定义协议请求: app://thumbnail/1748229476500-RDpcVXNl.jpg
2025-05-26T06:01:14.011Z [LOG] 缩略图路径: D:\code\cursor\looklook\userdata\thumbnails\1748229476500-RDpcVXNl.jpg
2025-05-26T06:01:14.012Z [LOG] 处理自定义协议请求: app://thumbnail/1748229476546-RDpcVXNl.jpg
2025-05-26T06:01:14.012Z [LOG] 缩略图路径: D:\code\cursor\looklook\userdata\thumbnails\1748229476546-RDpcVXNl.jpg
2025-05-26T06:01:14.013Z [LOG] 处理自定义协议请求: app://thumbnail/1748229477295-RDpcVXNl.jpg
2025-05-26T06:01:14.014Z [LOG] 缩略图路径: D:\code\cursor\looklook\userdata\thumbnails\1748229477295-RDpcVXNl.jpg
2025-05-26T06:01:14.014Z [LOG] 处理自定义协议请求: app://thumbnail/1748229478258-RDpcVXNl.jpg
2025-05-26T06:01:14.015Z [LOG] 缩略图路径: D:\code\cursor\looklook\userdata\thumbnails\1748229478258-RDpcVXNl.jpg
2025-05-26T06:01:14.015Z [LOG] 处理自定义协议请求: app://thumbnail/1748229478423-RDpcVXNl.jpg
2025-05-26T06:01:14.016Z [LOG] 缩略图路径: D:\code\cursor\looklook\userdata\thumbnails\1748229478423-RDpcVXNl.jpg
2025-05-26T06:01:14.017Z [LOG] 处理自定义协议请求: app://thumbnail/1748229478668-RDpcVXNl.jpg
2025-05-26T06:01:14.017Z [LOG] 缩略图路径: D:\code\cursor\looklook\userdata\thumbnails\1748229478668-RDpcVXNl.jpg
2025-05-26T06:01:14.018Z [LOG] 处理自定义协议请求: app://thumbnail/1748229479122-RDpcVXNl.jpg
2025-05-26T06:01:14.018Z [LOG] 缩略图路径: D:\code\cursor\looklook\userdata\thumbnails\1748229479122-RDpcVXNl.jpg
2025-05-26T06:01:14.019Z [LOG] 处理自定义协议请求: app://thumbnail/1748229479340-RDpcVXNl.jpg
2025-05-26T06:01:14.019Z [LOG] 缩略图路径: D:\code\cursor\looklook\userdata\thumbnails\1748229479340-RDpcVXNl.jpg
2025-05-26T06:01:14.020Z [LOG] 处理自定义协议请求: app://thumbnail/1748229480536-RDpcVXNl.jpg
2025-05-26T06:01:14.020Z [LOG] 缩略图路径: D:\code\cursor\looklook\userdata\thumbnails\1748229480536-RDpcVXNl.jpg
2025-05-26T06:01:14.021Z [LOG] 处理自定义协议请求: app://thumbnail/1748229480790-RDpcVXNl.jpg
2025-05-26T06:01:14.022Z [LOG] 缩略图路径: D:\code\cursor\looklook\userdata\thumbnails\1748229480790-RDpcVXNl.jpg
2025-05-26T06:01:14.022Z [LOG] 处理自定义协议请求: app://thumbnail/1748229482016-RDpcVXNl.jpg
2025-05-26T06:01:14.023Z [LOG] 缩略图路径: D:\code\cursor\looklook\userdata\thumbnails\1748229482016-RDpcVXNl.jpg
2025-05-26T06:01:14.023Z [LOG] 处理自定义协议请求: app://thumbnail/1748229482346-RDpcVXNl.jpg
2025-05-26T06:01:14.024Z [LOG] 缩略图路径: D:\code\cursor\looklook\userdata\thumbnails\1748229482346-RDpcVXNl.jpg
2025-05-26T06:01:14.024Z [LOG] 处理自定义协议请求: app://thumbnail/1748229482944-RDpcVXNl.jpg
2025-05-26T06:01:14.025Z [LOG] 缩略图路径: D:\code\cursor\looklook\userdata\thumbnails\1748229482944-RDpcVXNl.jpg
2025-05-26T06:01:14.025Z [LOG] 处理自定义协议请求: app://thumbnail/1748229483095-RDpcVXNl.jpg
2025-05-26T06:01:14.026Z [LOG] 缩略图路径: D:\code\cursor\looklook\userdata\thumbnails\1748229483095-RDpcVXNl.jpg
2025-05-26T06:01:14.026Z [LOG] 处理自定义协议请求: app://thumbnail/1748229483744-RDpcVXNl.jpg
2025-05-26T06:01:14.027Z [LOG] 缩略图路径: D:\code\cursor\looklook\userdata\thumbnails\1748229483744-RDpcVXNl.jpg
2025-05-26T06:01:14.027Z [LOG] 处理自定义协议请求: app://thumbnail/1748229485034-RDpcVXNl.jpg
2025-05-26T06:01:14.028Z [LOG] 缩略图路径: D:\code\cursor\looklook\userdata\thumbnails\1748229485034-RDpcVXNl.jpg
2025-05-26T06:01:14.029Z [LOG] 处理自定义协议请求: app://thumbnail/1748229485691-RDpcVXNl.jpg
2025-05-26T06:01:14.029Z [LOG] 缩略图路径: D:\code\cursor\looklook\userdata\thumbnails\1748229485691-RDpcVXNl.jpg
2025-05-26T06:01:14.030Z [LOG] 处理自定义协议请求: app://thumbnail/1748229485926-RDpcVXNl.jpg
2025-05-26T06:01:14.032Z [LOG] 缩略图路径: D:\code\cursor\looklook\userdata\thumbnails\1748229485926-RDpcVXNl.jpg
2025-05-26T06:01:14.213Z [LOG] 处理get-enum-values请求: collection
2025-05-26T06:01:14.213Z [LOG] 处理get-enum-values请求: actors
2025-05-26T06:01:14.414Z [LOG] 处理get-enum-values请求: collection
2025-05-26T06:01:14.415Z [LOG] 处理get-enum-values请求: actors
2025-05-26T06:01:19.328Z [LOG] 处理自定义协议请求: app://thumbnail/1748229486700-RDpcVXNl.jpg
2025-05-26T06:01:19.329Z [LOG] 缩略图路径: D:\code\cursor\looklook\userdata\thumbnails\1748229486700-RDpcVXNl.jpg
2025-05-26T06:01:26.160Z [LOG] 处理get-enum-values请求: collection
2025-05-26T06:01:26.162Z [LOG] 处理get-enum-values请求: actors
2025-05-26T06:01:39.464Z [LOG] 处理自定义协议请求: app://thumbnail/1748229492768-RDpcVXNl.jpg
2025-05-26T06:01:39.465Z [LOG] 缩略图路径: D:\code\cursor\looklook\userdata\thumbnails\1748229492768-RDpcVXNl.jpg
2025-05-26T06:01:39.466Z [LOG] 处理自定义协议请求: app://thumbnail/1748229476500-RDpcVXNl.jpg
2025-05-26T06:01:39.466Z [LOG] 缩略图路径: D:\code\cursor\looklook\userdata\thumbnails\1748229476500-RDpcVXNl.jpg
2025-05-26T06:01:39.467Z [LOG] 处理自定义协议请求: app://thumbnail/1748229476546-RDpcVXNl.jpg
2025-05-26T06:01:39.468Z [LOG] 缩略图路径: D:\code\cursor\looklook\userdata\thumbnails\1748229476546-RDpcVXNl.jpg
2025-05-26T06:01:39.468Z [LOG] 处理自定义协议请求: app://thumbnail/1748229477295-RDpcVXNl.jpg
2025-05-26T06:01:39.469Z [LOG] 缩略图路径: D:\code\cursor\looklook\userdata\thumbnails\1748229477295-RDpcVXNl.jpg
2025-05-26T06:01:39.469Z [LOG] 处理自定义协议请求: app://thumbnail/1748229478258-RDpcVXNl.jpg
2025-05-26T06:01:39.470Z [LOG] 缩略图路径: D:\code\cursor\looklook\userdata\thumbnails\1748229478258-RDpcVXNl.jpg
2025-05-26T06:01:39.471Z [LOG] 处理自定义协议请求: app://thumbnail/1748229478423-RDpcVXNl.jpg
2025-05-26T06:01:39.471Z [LOG] 缩略图路径: D:\code\cursor\looklook\userdata\thumbnails\1748229478423-RDpcVXNl.jpg
2025-05-26T06:01:39.472Z [LOG] 处理自定义协议请求: app://thumbnail/1748229478668-RDpcVXNl.jpg
2025-05-26T06:01:39.472Z [LOG] 缩略图路径: D:\code\cursor\looklook\userdata\thumbnails\1748229478668-RDpcVXNl.jpg
2025-05-26T06:01:39.473Z [LOG] 处理自定义协议请求: app://thumbnail/1748229479122-RDpcVXNl.jpg
2025-05-26T06:01:39.473Z [LOG] 缩略图路径: D:\code\cursor\looklook\userdata\thumbnails\1748229479122-RDpcVXNl.jpg
2025-05-26T06:01:39.474Z [LOG] 处理自定义协议请求: app://thumbnail/1748229479340-RDpcVXNl.jpg
2025-05-26T06:01:39.474Z [LOG] 缩略图路径: D:\code\cursor\looklook\userdata\thumbnails\1748229479340-RDpcVXNl.jpg
2025-05-26T06:01:39.475Z [LOG] 处理自定义协议请求: app://thumbnail/1748229480536-RDpcVXNl.jpg
2025-05-26T06:01:39.475Z [LOG] 缩略图路径: D:\code\cursor\looklook\userdata\thumbnails\1748229480536-RDpcVXNl.jpg
2025-05-26T06:01:39.476Z [LOG] 处理自定义协议请求: app://thumbnail/1748229480790-RDpcVXNl.jpg
2025-05-26T06:01:39.477Z [LOG] 缩略图路径: D:\code\cursor\looklook\userdata\thumbnails\1748229480790-RDpcVXNl.jpg
2025-05-26T06:01:39.478Z [LOG] 处理自定义协议请求: app://thumbnail/1748229482016-RDpcVXNl.jpg
2025-05-26T06:01:39.478Z [LOG] 缩略图路径: D:\code\cursor\looklook\userdata\thumbnails\1748229482016-RDpcVXNl.jpg
2025-05-26T06:01:39.479Z [LOG] 处理自定义协议请求: app://thumbnail/1748229482346-RDpcVXNl.jpg
2025-05-26T06:01:39.480Z [LOG] 缩略图路径: D:\code\cursor\looklook\userdata\thumbnails\1748229482346-RDpcVXNl.jpg
2025-05-26T06:01:39.480Z [LOG] 处理自定义协议请求: app://thumbnail/1748229482944-RDpcVXNl.jpg
2025-05-26T06:01:39.481Z [LOG] 缩略图路径: D:\code\cursor\looklook\userdata\thumbnails\1748229482944-RDpcVXNl.jpg
2025-05-26T06:01:39.481Z [LOG] 处理自定义协议请求: app://thumbnail/1748229483095-RDpcVXNl.jpg
2025-05-26T06:01:39.482Z [LOG] 缩略图路径: D:\code\cursor\looklook\userdata\thumbnails\1748229483095-RDpcVXNl.jpg
2025-05-26T06:01:39.482Z [LOG] 处理自定义协议请求: app://thumbnail/1748229483744-RDpcVXNl.jpg
2025-05-26T06:01:39.483Z [LOG] 缩略图路径: D:\code\cursor\looklook\userdata\thumbnails\1748229483744-RDpcVXNl.jpg
2025-05-26T06:01:39.483Z [LOG] 处理自定义协议请求: app://thumbnail/1748229485034-RDpcVXNl.jpg
2025-05-26T06:01:39.484Z [LOG] 缩略图路径: D:\code\cursor\looklook\userdata\thumbnails\1748229485034-RDpcVXNl.jpg
2025-05-26T06:01:39.484Z [LOG] 处理自定义协议请求: app://thumbnail/1748229485691-RDpcVXNl.jpg
2025-05-26T06:01:39.485Z [LOG] 缩略图路径: D:\code\cursor\looklook\userdata\thumbnails\1748229485691-RDpcVXNl.jpg
2025-05-26T06:01:39.485Z [LOG] 处理自定义协议请求: app://thumbnail/1748229485926-RDpcVXNl.jpg
2025-05-26T06:01:39.486Z [LOG] 缩略图路径: D:\code\cursor\looklook\userdata\thumbnails\1748229485926-RDpcVXNl.jpg
2025-05-26T06:01:50.086Z 日志开始 - 2025-05-26T06:01:50.085Z - 应用版本: 2.1.2 - 运行环境: 开发环境
2025-05-26T06:01:50.086Z 系统信息: win32 x64 - Node.js 18.18.2
2025-05-26T06:01:50.086Z App路径: D:\code\cursor\looklook
2025-05-26T06:01:50.086Z 可执行文件路径: D:\code\cursor\looklook\node_modules\electron\dist\electron.exe
2025-05-26T06:01:50.087Z [LOG] 日志文件已创建: D:\code\cursor\looklook\userdata\logs\app-2025-05-26.log
2025-05-26T06:01:50.087Z [ERROR] 设置控制台编码失败: process.stdout.setEncoding is not a function
2025-05-26T06:01:50.088Z [LOG] 应用准备就绪
2025-05-26T06:01:50.088Z [ENV] 运行模式: 开发环境
2025-05-26T06:01:50.088Z [ENV] 应用路径: D:\code\cursor\looklook
2025-05-26T06:01:50.088Z [ENV] 可执行文件路径: D:\code\cursor\looklook\node_modules\electron\dist\electron.exe
2025-05-26T06:01:50.088Z [ENV] 用户数据路径: D:\code\cursor\looklook\userdata
2025-05-26T06:01:50.089Z [FFMPEG_COPY] 开发环境中无需复制FFmpeg和FFprobe
2025-05-26T06:01:50.089Z [LOG] 用户数据目录: D:\code\cursor\looklook\userdata
2025-05-26T06:01:50.090Z [LOG] 缩略图目录: D:\code\cursor\looklook\userdata\thumbnails
2025-05-26T06:01:50.090Z [LOG] 设置文件已存在，无需创建默认设置
2025-05-26T06:01:50.093Z [LOG] 打包状态: 开发环境
2025-05-26T06:01:50.093Z [LOG] App Path: D:\code\cursor\looklook
2025-05-26T06:01:50.094Z [LOG] Exe Path: D:\code\cursor\looklook\node_modules\electron\dist\electron.exe
2025-05-26T06:01:50.094Z [LOG] 应用目录: D:\code\cursor\looklook\node_modules\electron\dist
2025-05-26T06:01:50.094Z [LOG] 资源目录: D:\code\cursor\looklook\node_modules\electron\dist\resources
2025-05-26T06:01:50.095Z [TEST] 开始测试FFmpeg和FFprobe可执行性
2025-05-26T06:01:50.095Z [TEST] 打包状态: 开发环境
2025-05-26T06:01:50.095Z [TEST] App路径: D:\code\cursor\looklook
2025-05-26T06:01:50.095Z [TEST] 可执行文件路径: D:\code\cursor\looklook\node_modules\electron\dist\electron.exe
2025-05-26T06:01:50.095Z [TEST] 应用目录: D:\code\cursor\looklook\node_modules\electron\dist
2025-05-26T06:01:50.095Z [TEST] 资源目录: D:\code\cursor\looklook\node_modules\electron\dist\resources
2025-05-26T06:01:50.096Z [LOG] 检查node_modules路径: D:\code\cursor\looklook\node_modules\electron\dist\resources\node_modules, 存在: false
2025-05-26T06:01:50.096Z [TEST] 检查node_modules路径: D:\code\cursor\looklook\node_modules\electron\dist\resources\node_modules, 存在: false
2025-05-26T06:01:50.096Z [LOG] 检查node_modules路径: D:\code\cursor\looklook\node_modules\electron\dist\node_modules, 存在: false
2025-05-26T06:01:50.096Z [TEST] 检查node_modules路径: D:\code\cursor\looklook\node_modules\electron\dist\node_modules, 存在: false
2025-05-26T06:01:50.096Z [LOG] 检查node_modules路径: D:\code\cursor\looklook\node_modules, 存在: true
2025-05-26T06:01:50.097Z [TEST] 检查node_modules路径: D:\code\cursor\looklook\node_modules, 存在: true
2025-05-26T06:01:50.097Z [TEST] D:\code\cursor\looklook\node_modules 中内容: .bin, .package-lock.json, 7zip-bin, @derhuerst, @develar, @electron, @isaacs, @malept, @pkgjs, @sindresorhus, @szmarczak, @tootallnate, @types, @xmldom, agent-base, ajv, ajv-formats, ajv-keywords, ansi-regex, ansi-styles, app-builder-bin, app-builder-lib, archiver, archiver-utils, argparse, async, async-exit-hook, asynckit, at-least-node, atomically, balanced-match, base64-js, binary-search-tree, bl, bluebird, bluebird-lst, boolean, brace-expansion, buffer, buffer-crc32, buffer-equal, buffer-from, builder-util, builder-util-runtime, cacheable-lookup, cacheable-request, call-bind-apply-helpers, caseless, chalk, chownr, chromium-pickle-js, ci-info, cliui, clone-response, color-convert, color-name, combined-stream, commander, compare-version, compress-commons, concat-map, concat-stream, conf, config-file-ts, core-util-is, crc-32, crc32-stream, cross-spawn, debounce-fn, debug, decompress-response, defer-to-connect, define-data-property, define-properties, delayed-stream, detect-node, dir-compare, dmg-builder, dot-prop, dotenv, dotenv-expand, dunder-proto, eastasianwidth, ejs, electron, electron-builder, electron-builder-squirrel-windows, electron-publish, electron-store, emoji-regex, end-of-stream, env-paths, err-code, es-define-property, es-errors, es-object-atoms, es-set-tostringtag, es6-error, escalade, escape-string-regexp, extract-zip, fast-deep-equal, fast-json-stable-stringify, fast-uri, fd-slicer, ffmpeg-static, ffprobe-static, filelist, fluent-ffmpeg, foreground-child, form-data, fs-constants, fs-extra, fs-minipass, fs.realpath, function-bind, get-caller-file, get-intrinsic, get-proto, get-stream, glob, global-agent, globalthis, gopd, got, graceful-fs, has-flag, has-property-descriptors, has-symbols, has-tostringtag, hasown, hosted-git-info, http-cache-semantics, http-proxy-agent, http-response-object, http2-wrapper, https-proxy-agent, iconv-lite, ieee754, immediate, inflight, inherits, is-ci, is-fullwidth-code-point, isarray, isbinaryfile, isexe, jackspeak, jake, js-yaml, json-buffer, json-schema-traverse, json-schema-typed, json-stringify-safe, json5, jsonfile, keyv, lazy-val, lazystream, lie, localforage, lodash, lodash.defaults, lodash.difference, lodash.flatten, lodash.isplainobject, lodash.union, lowercase-keys, lru-cache, matcher, math-intrinsics, mime, mime-db, mime-types, mimic-function, mimic-response, minimatch, minimist, minipass, minizlib, mkdirp, ms, nedb, normalize-path, normalize-url, object-keys, once, p-cancelable, package-json-from-dist, parse-cache-control, path-is-absolute, path-key, path-scurry, pend, plist, process-nextick-args, progress, promise-retry, pump, punycode, quick-lru, read-config-file, readable-stream, readdir-glob, require-directory, require-from-string, resolve-alpn, responselike, retry, rimraf, roarr, safe-buffer, safer-buffer, sanitize-filename, sax, semver, semver-compare, serialize-error, shebang-command, shebang-regex, signal-exit, simple-update-notifier, source-map, source-map-support, sprintf-js, stat-mode, string-width, string-width-cjs, string_decoder, strip-ansi, strip-ansi-cjs, stubborn-fs, sumchecker, supports-color, tar, tar-stream, temp-file, tmp, tmp-promise, truncate-utf8-bytes, type-fest, typedarray, typescript, uint8array-extras, underscore, undici-types, universalify, uri-js, utf8-byte-length, util-deprecate, when-exit, which, wrap-ansi, wrap-ansi-cjs, wrappy, xmlbuilder, y18n, yallist, yargs, yargs-parser, yauzl, zip-stream
2025-05-26T06:01:50.097Z [TEST] ffmpeg-static存在于 D:\code\cursor\looklook\node_modules\ffmpeg-static
2025-05-26T06:01:50.098Z [TEST] ffmpeg-static内容: example.js, ffmpeg.exe, index.js, install.js, LICENSE, package.json, README.md, types
2025-05-26T06:01:50.098Z [TEST] ffprobe-static存在于 D:\code\cursor\looklook\node_modules\ffprobe-static
2025-05-26T06:01:50.098Z [TEST] ffprobe-static内容: bin, index.js, LICENSE, package.json, README.md, tests
2025-05-26T06:01:50.099Z [TEST] ffprobe-static/bin内容: darwin, linux, win32
2025-05-26T06:01:50.099Z [TEST] ffprobe-static/bin/win32内容: ia32, x64
2025-05-26T06:01:50.099Z [TEST] ffprobe-static/bin/win32/x64内容: ffprobe.exe
2025-05-26T06:01:50.100Z [LOG] 测试FFmpeg可执行性...
2025-05-26T06:01:50.100Z [TEST] 开始测试FFmpeg可执行性
2025-05-26T06:01:50.100Z [LOG] FFmpeg文件存在: D:\code\cursor\looklook\node_modules\ffmpeg-static\ffmpeg.exe
2025-05-26T06:01:50.101Z [TEST] FFmpeg文件存在: D:\code\cursor\looklook\node_modules\ffmpeg-static\ffmpeg.exe
2025-05-26T06:01:50.101Z [LOG] FFmpeg有执行权限
2025-05-26T06:01:50.101Z [TEST] FFmpeg有执行权限
2025-05-26T06:01:50.131Z [LOG] 测试FFprobe可执行性...
2025-05-26T06:01:50.131Z [LOG] FFprobe文件存在: D:\code\cursor\looklook\node_modules\ffprobe-static\bin\win32\x64\ffprobe.exe
2025-05-26T06:01:50.132Z [LOG] FFprobe有执行权限
2025-05-26T06:01:50.194Z [LOG] 注册IPC事件处理程序...
2025-05-26T06:01:50.195Z [LOG] IPC事件处理程序注册完成
2025-05-26T06:01:50.199Z [LOG] FFprobe执行测试成功: ffprobe version 4.0.2 Copyright (c) 2007-2018 the FFmpeg developers
2025-05-26T06:01:50.200Z [LOG] FFmpeg执行测试成功: ffmpeg version 7.1.1-essentials_build-www.gyan.dev Copyright (c) 2000-2025 the FFmpeg developers
2025-05-26T06:01:50.200Z [TEST] FFmpeg执行测试成功: ffmpeg version 7.1.1-essentials_build-www.gyan.dev Copyright (c) 2000-2025 the FFmpeg developers
2025-05-26T06:01:50.200Z [LOG] FFprobe执行测试成功: ffprobe version 4.0.2 Copyright (c) 2007-2018 the FFmpeg developers
2025-05-26T06:01:50.201Z [LOG] FFmpeg执行测试成功: ffmpeg version 7.1.1-essentials_build-www.gyan.dev Copyright (c) 2000-2025 the FFmpeg developers
2025-05-26T06:01:50.201Z [TEST] FFmpeg执行测试成功: ffmpeg version 7.1.1-essentials_build-www.gyan.dev Copyright (c) 2000-2025 the FFmpeg developers
2025-05-26T06:01:50.228Z [LOG] 已加载 34 个视频记录
2025-05-26T06:01:50.228Z [LOG] 开始检查是否存在重复视频记录...
2025-05-26T06:01:50.229Z [LOG] 没有发现重复视频记录
2025-05-26T06:01:50.230Z [LOG] 已加载枚举值[collection]: 5个
2025-05-26T06:01:50.231Z [LOG] 已加载枚举值[actors]: 1个
2025-05-26T06:01:50.232Z [LOG] 开始检查 34 个视频文件是否存在...
2025-05-26T06:01:50.256Z [LOG] 视频文件检查完成，共检查 34 个文件，发现 0 个问题
2025-05-26T06:01:50.256Z [LOG] 开始清理无效预览图...
2025-05-26T06:01:50.257Z [CLEANUP] 开始清理无效预览图
2025-05-26T06:01:50.257Z [LOG] 发现 34 个预览图文件
2025-05-26T06:01:50.257Z [CLEANUP] 发现 34 个预览图文件
2025-05-26T06:01:50.258Z [LOG] 从数据库获取到 34 个视频记录
2025-05-26T06:01:50.258Z [CLEANUP] 从数据库获取到 34 个视频记录
2025-05-26T06:01:50.258Z [LOG] 数据库中有 34 个有效的预览图引用
2025-05-26T06:01:50.258Z [CLEANUP] 数据库中有 34 个有效的预览图引用
2025-05-26T06:01:50.258Z [LOG] 没有发现无效的预览图文件
2025-05-26T06:01:50.258Z [CLEANUP] 没有发现无效的预览图文件
2025-05-26T06:01:50.259Z [LOG] 数据库模块初始化完成
2025-05-26T06:01:50.368Z [LOG] 处理get-videos请求
2025-05-26T06:01:50.373Z [LOG] 处理get-enum-values请求: collection
2025-05-26T06:01:50.373Z [LOG] 处理get-enum-values请求: actors
2025-05-26T06:01:50.388Z [LOG] 处理自定义协议请求: app://thumbnail/1748229492768-RDpcVXNl.jpg
2025-05-26T06:01:50.389Z [LOG] 缩略图路径: D:\code\cursor\looklook\userdata\thumbnails\1748229492768-RDpcVXNl.jpg
2025-05-26T06:01:50.390Z [LOG] 处理自定义协议请求: app://thumbnail/1748229476500-RDpcVXNl.jpg
2025-05-26T06:01:50.390Z [LOG] 缩略图路径: D:\code\cursor\looklook\userdata\thumbnails\1748229476500-RDpcVXNl.jpg
2025-05-26T06:01:50.392Z [LOG] 处理自定义协议请求: app://thumbnail/1748229476546-RDpcVXNl.jpg
2025-05-26T06:01:50.392Z [LOG] 缩略图路径: D:\code\cursor\looklook\userdata\thumbnails\1748229476546-RDpcVXNl.jpg
2025-05-26T06:01:50.393Z [LOG] 处理自定义协议请求: app://thumbnail/1748229476896-RDpcVXNl.jpg
2025-05-26T06:01:50.393Z [LOG] 缩略图路径: D:\code\cursor\looklook\userdata\thumbnails\1748229476896-RDpcVXNl.jpg
2025-05-26T06:01:50.394Z [LOG] 处理自定义协议请求: app://thumbnail/1748229477295-RDpcVXNl.jpg
2025-05-26T06:01:50.395Z [LOG] 缩略图路径: D:\code\cursor\looklook\userdata\thumbnails\1748229477295-RDpcVXNl.jpg
2025-05-26T06:01:50.396Z [LOG] 处理自定义协议请求: app://thumbnail/1748229478258-RDpcVXNl.jpg
2025-05-26T06:01:50.397Z [LOG] 缩略图路径: D:\code\cursor\looklook\userdata\thumbnails\1748229478258-RDpcVXNl.jpg
2025-05-26T06:01:50.398Z [LOG] 处理自定义协议请求: app://thumbnail/1748229478423-RDpcVXNl.jpg
2025-05-26T06:01:50.398Z [LOG] 缩略图路径: D:\code\cursor\looklook\userdata\thumbnails\1748229478423-RDpcVXNl.jpg
2025-05-26T06:01:50.399Z [LOG] 处理自定义协议请求: app://thumbnail/1748229478668-RDpcVXNl.jpg
2025-05-26T06:01:50.399Z [LOG] 缩略图路径: D:\code\cursor\looklook\userdata\thumbnails\1748229478668-RDpcVXNl.jpg
2025-05-26T06:01:50.401Z [LOG] 处理自定义协议请求: app://thumbnail/1748229479122-RDpcVXNl.jpg
2025-05-26T06:01:50.401Z [LOG] 缩略图路径: D:\code\cursor\looklook\userdata\thumbnails\1748229479122-RDpcVXNl.jpg
2025-05-26T06:01:50.402Z [LOG] 处理自定义协议请求: app://thumbnail/1748229479340-RDpcVXNl.jpg
2025-05-26T06:01:50.402Z [LOG] 缩略图路径: D:\code\cursor\looklook\userdata\thumbnails\1748229479340-RDpcVXNl.jpg
2025-05-26T06:01:50.403Z [LOG] 处理自定义协议请求: app://thumbnail/1748229480536-RDpcVXNl.jpg
2025-05-26T06:01:50.403Z [LOG] 缩略图路径: D:\code\cursor\looklook\userdata\thumbnails\1748229480536-RDpcVXNl.jpg
2025-05-26T06:01:50.404Z [LOG] 处理自定义协议请求: app://thumbnail/1748229480790-RDpcVXNl.jpg
2025-05-26T06:01:50.405Z [LOG] 缩略图路径: D:\code\cursor\looklook\userdata\thumbnails\1748229480790-RDpcVXNl.jpg
2025-05-26T06:01:50.406Z [LOG] 处理自定义协议请求: app://thumbnail/1748229482016-RDpcVXNl.jpg
2025-05-26T06:01:50.406Z [LOG] 缩略图路径: D:\code\cursor\looklook\userdata\thumbnails\1748229482016-RDpcVXNl.jpg
2025-05-26T06:01:50.407Z [LOG] 处理自定义协议请求: app://thumbnail/1748229482346-RDpcVXNl.jpg
2025-05-26T06:01:50.407Z [LOG] 缩略图路径: D:\code\cursor\looklook\userdata\thumbnails\1748229482346-RDpcVXNl.jpg
2025-05-26T06:01:50.409Z [LOG] 处理自定义协议请求: app://thumbnail/1748229482944-RDpcVXNl.jpg
2025-05-26T06:01:50.409Z [LOG] 缩略图路径: D:\code\cursor\looklook\userdata\thumbnails\1748229482944-RDpcVXNl.jpg
2025-05-26T06:01:50.410Z [LOG] 处理自定义协议请求: app://thumbnail/1748229483095-RDpcVXNl.jpg
2025-05-26T06:01:50.410Z [LOG] 缩略图路径: D:\code\cursor\looklook\userdata\thumbnails\1748229483095-RDpcVXNl.jpg
2025-05-26T06:01:50.410Z [LOG] 处理自定义协议请求: app://thumbnail/1748229483744-RDpcVXNl.jpg
2025-05-26T06:01:50.411Z [LOG] 缩略图路径: D:\code\cursor\looklook\userdata\thumbnails\1748229483744-RDpcVXNl.jpg
2025-05-26T06:01:50.412Z [LOG] 处理自定义协议请求: app://thumbnail/1748229485034-RDpcVXNl.jpg
2025-05-26T06:01:50.412Z [LOG] 缩略图路径: D:\code\cursor\looklook\userdata\thumbnails\1748229485034-RDpcVXNl.jpg
2025-05-26T06:01:50.413Z [LOG] 处理自定义协议请求: app://thumbnail/1748229485691-RDpcVXNl.jpg
2025-05-26T06:01:50.413Z [LOG] 缩略图路径: D:\code\cursor\looklook\userdata\thumbnails\1748229485691-RDpcVXNl.jpg
2025-05-26T06:01:50.413Z [LOG] 处理自定义协议请求: app://thumbnail/1748229485926-RDpcVXNl.jpg
2025-05-26T06:01:50.414Z [LOG] 缩略图路径: D:\code\cursor\looklook\userdata\thumbnails\1748229485926-RDpcVXNl.jpg
2025-05-26T06:01:50.440Z [LOG] 处理get-enum-values请求: collection
2025-05-26T06:01:50.441Z [LOG] 处理get-enum-values请求: actors
2025-05-26T06:01:52.422Z [LOG] 处理自定义协议请求: app://thumbnail/1748229492768-RDpcVXNl.jpg
2025-05-26T06:01:52.423Z [LOG] 缩略图路径: D:\code\cursor\looklook\userdata\thumbnails\1748229492768-RDpcVXNl.jpg
2025-05-26T06:01:52.424Z [LOG] 处理自定义协议请求: app://thumbnail/1748229476500-RDpcVXNl.jpg
2025-05-26T06:01:52.424Z [LOG] 缩略图路径: D:\code\cursor\looklook\userdata\thumbnails\1748229476500-RDpcVXNl.jpg
2025-05-26T06:01:52.425Z [LOG] 处理自定义协议请求: app://thumbnail/1748229476546-RDpcVXNl.jpg
2025-05-26T06:01:52.426Z [LOG] 缩略图路径: D:\code\cursor\looklook\userdata\thumbnails\1748229476546-RDpcVXNl.jpg
2025-05-26T06:01:52.426Z [LOG] 处理自定义协议请求: app://thumbnail/1748229476896-RDpcVXNl.jpg
2025-05-26T06:01:52.427Z [LOG] 缩略图路径: D:\code\cursor\looklook\userdata\thumbnails\1748229476896-RDpcVXNl.jpg
2025-05-26T06:01:52.428Z [LOG] 处理自定义协议请求: app://thumbnail/1748229477295-RDpcVXNl.jpg
2025-05-26T06:01:52.428Z [LOG] 缩略图路径: D:\code\cursor\looklook\userdata\thumbnails\1748229477295-RDpcVXNl.jpg
2025-05-26T06:01:52.429Z [LOG] 处理自定义协议请求: app://thumbnail/1748229478258-RDpcVXNl.jpg
2025-05-26T06:01:52.429Z [LOG] 缩略图路径: D:\code\cursor\looklook\userdata\thumbnails\1748229478258-RDpcVXNl.jpg
2025-05-26T06:01:52.430Z [LOG] 处理自定义协议请求: app://thumbnail/1748229478423-RDpcVXNl.jpg
2025-05-26T06:01:52.430Z [LOG] 缩略图路径: D:\code\cursor\looklook\userdata\thumbnails\1748229478423-RDpcVXNl.jpg
2025-05-26T06:01:52.431Z [LOG] 处理自定义协议请求: app://thumbnail/1748229478668-RDpcVXNl.jpg
2025-05-26T06:01:52.431Z [LOG] 缩略图路径: D:\code\cursor\looklook\userdata\thumbnails\1748229478668-RDpcVXNl.jpg
2025-05-26T06:01:52.432Z [LOG] 处理自定义协议请求: app://thumbnail/1748229479122-RDpcVXNl.jpg
2025-05-26T06:01:52.432Z [LOG] 缩略图路径: D:\code\cursor\looklook\userdata\thumbnails\1748229479122-RDpcVXNl.jpg
2025-05-26T06:01:52.433Z [LOG] 处理自定义协议请求: app://thumbnail/1748229479340-RDpcVXNl.jpg
2025-05-26T06:01:52.433Z [LOG] 缩略图路径: D:\code\cursor\looklook\userdata\thumbnails\1748229479340-RDpcVXNl.jpg
2025-05-26T06:01:52.433Z [LOG] 处理自定义协议请求: app://thumbnail/1748229480536-RDpcVXNl.jpg
2025-05-26T06:01:52.434Z [LOG] 缩略图路径: D:\code\cursor\looklook\userdata\thumbnails\1748229480536-RDpcVXNl.jpg
2025-05-26T06:01:52.435Z [LOG] 处理自定义协议请求: app://thumbnail/1748229480790-RDpcVXNl.jpg
2025-05-26T06:01:52.435Z [LOG] 缩略图路径: D:\code\cursor\looklook\userdata\thumbnails\1748229480790-RDpcVXNl.jpg
2025-05-26T06:01:52.436Z [LOG] 处理自定义协议请求: app://thumbnail/1748229482016-RDpcVXNl.jpg
2025-05-26T06:01:52.436Z [LOG] 缩略图路径: D:\code\cursor\looklook\userdata\thumbnails\1748229482016-RDpcVXNl.jpg
2025-05-26T06:01:52.437Z [LOG] 处理自定义协议请求: app://thumbnail/1748229482346-RDpcVXNl.jpg
2025-05-26T06:01:52.437Z [LOG] 缩略图路径: D:\code\cursor\looklook\userdata\thumbnails\1748229482346-RDpcVXNl.jpg
2025-05-26T06:01:52.438Z [LOG] 处理自定义协议请求: app://thumbnail/1748229482944-RDpcVXNl.jpg
2025-05-26T06:01:52.438Z [LOG] 缩略图路径: D:\code\cursor\looklook\userdata\thumbnails\1748229482944-RDpcVXNl.jpg
2025-05-26T06:01:52.439Z [LOG] 处理自定义协议请求: app://thumbnail/1748229483095-RDpcVXNl.jpg
2025-05-26T06:01:52.440Z [LOG] 缩略图路径: D:\code\cursor\looklook\userdata\thumbnails\1748229483095-RDpcVXNl.jpg
2025-05-26T06:01:52.440Z [LOG] 处理自定义协议请求: app://thumbnail/1748229483744-RDpcVXNl.jpg
2025-05-26T06:01:52.441Z [LOG] 缩略图路径: D:\code\cursor\looklook\userdata\thumbnails\1748229483744-RDpcVXNl.jpg
2025-05-26T06:01:52.441Z [LOG] 处理自定义协议请求: app://thumbnail/1748229485034-RDpcVXNl.jpg
2025-05-26T06:01:52.442Z [LOG] 缩略图路径: D:\code\cursor\looklook\userdata\thumbnails\1748229485034-RDpcVXNl.jpg
2025-05-26T06:01:52.442Z [LOG] 处理自定义协议请求: app://thumbnail/1748229485691-RDpcVXNl.jpg
2025-05-26T06:01:52.443Z [LOG] 缩略图路径: D:\code\cursor\looklook\userdata\thumbnails\1748229485691-RDpcVXNl.jpg
2025-05-26T06:01:52.443Z [LOG] 处理自定义协议请求: app://thumbnail/1748229485926-RDpcVXNl.jpg
2025-05-26T06:01:52.444Z [LOG] 缩略图路径: D:\code\cursor\looklook\userdata\thumbnails\1748229485926-RDpcVXNl.jpg
2025-05-26T06:01:54.296Z [LOG] 删除视频ID: 1748229476896-RDpcVXNl
2025-05-26T06:01:54.300Z [LOG] 通知渲染进程数据已更新
2025-05-26T06:01:54.302Z [LOG] 处理get-videos请求
2025-05-26T06:01:54.303Z [LOG] 删除缩略图: app://thumbnail/1748229476896-RDpcVXNl.jpg
2025-05-26T06:01:54.305Z [LOG] 缩略图已成功删除: D:\code\cursor\looklook\userdata\thumbnails\1748229476896-RDpcVXNl.jpg
2025-05-26T06:01:54.314Z [LOG] 处理自定义协议请求: app://thumbnail/1748229486700-RDpcVXNl.jpg
2025-05-26T06:01:54.314Z [LOG] 缩略图路径: D:\code\cursor\looklook\userdata\thumbnails\1748229486700-RDpcVXNl.jpg
2025-05-26T06:01:54.315Z [LOG] 删除视频ID: 1748229476546-RDpcVXNl
2025-05-26T06:01:54.317Z [LOG] 通知渲染进程数据已更新
2025-05-26T06:01:54.334Z [LOG] 处理get-videos请求
2025-05-26T06:01:54.334Z [LOG] 删除缩略图: app://thumbnail/1748229476546-RDpcVXNl.jpg
2025-05-26T06:01:54.335Z [LOG] 缩略图已成功删除: D:\code\cursor\looklook\userdata\thumbnails\1748229476546-RDpcVXNl.jpg
2025-05-26T06:01:54.339Z [LOG] 处理自定义协议请求: app://thumbnail/1748229487397-RDpcVXNl.jpg
2025-05-26T06:01:54.340Z [LOG] 缩略图路径: D:\code\cursor\looklook\userdata\thumbnails\1748229487397-RDpcVXNl.jpg
2025-05-26T06:01:54.341Z [LOG] 删除视频ID: 1748229492768-RDpcVXNl
2025-05-26T06:01:54.342Z [LOG] 通知渲染进程数据已更新
2025-05-26T06:01:54.351Z [LOG] 处理get-videos请求
2025-05-26T06:01:54.352Z [LOG] 删除缩略图: app://thumbnail/1748229492768-RDpcVXNl.jpg
2025-05-26T06:01:54.352Z [LOG] 缩略图已成功删除: D:\code\cursor\looklook\userdata\thumbnails\1748229492768-RDpcVXNl.jpg
2025-05-26T06:01:54.355Z [LOG] 处理自定义协议请求: app://thumbnail/1748229488313-RDpcVXNl.jpg
2025-05-26T06:01:54.356Z [LOG] 缩略图路径: D:\code\cursor\looklook\userdata\thumbnails\1748229488313-RDpcVXNl.jpg
2025-05-26T06:01:54.357Z [LOG] 删除视频ID: 1748229492837-RDpcVXNl
2025-05-26T06:01:54.358Z [LOG] 通知渲染进程数据已更新
2025-05-26T06:01:54.369Z [LOG] 处理get-videos请求
2025-05-26T06:01:54.370Z [LOG] 删除缩略图: app://thumbnail/1748229492837-RDpcVXNl.jpg
2025-05-26T06:01:54.370Z [LOG] 缩略图已成功删除: D:\code\cursor\looklook\userdata\thumbnails\1748229492837-RDpcVXNl.jpg
2025-05-26T06:01:54.374Z [LOG] 删除视频ID: 1748229493394-RDpcVXNl
2025-05-26T06:01:54.376Z [LOG] 通知渲染进程数据已更新
2025-05-26T06:01:54.376Z [LOG] 处理get-videos请求
2025-05-26T06:01:54.377Z [LOG] 删除缩略图: app://thumbnail/1748229493394-RDpcVXNl.jpg
2025-05-26T06:01:54.378Z [LOG] 缩略图已成功删除: D:\code\cursor\looklook\userdata\thumbnails\1748229493394-RDpcVXNl.jpg
2025-05-26T06:01:54.399Z [LOG] 删除视频ID: 1748229491709-RDpcVXNl
2025-05-26T06:01:54.401Z [LOG] 通知渲染进程数据已更新
2025-05-26T06:01:54.402Z [LOG] 处理get-videos请求
2025-05-26T06:01:54.403Z [LOG] 删除缩略图: app://thumbnail/1748229491709-RDpcVXNl.jpg
2025-05-26T06:01:54.403Z [LOG] 缩略图已成功删除: D:\code\cursor\looklook\userdata\thumbnails\1748229491709-RDpcVXNl.jpg
2025-05-26T06:01:54.406Z [LOG] 删除视频ID: 1748229491080-RDpcVXNl
2025-05-26T06:01:54.407Z [LOG] 通知渲染进程数据已更新
2025-05-26T06:01:54.408Z [LOG] 处理get-videos请求
2025-05-26T06:01:54.408Z [LOG] 删除缩略图: app://thumbnail/1748229491080-RDpcVXNl.jpg
2025-05-26T06:01:54.409Z [LOG] 缩略图已成功删除: D:\code\cursor\looklook\userdata\thumbnails\1748229491080-RDpcVXNl.jpg
2025-05-26T06:01:54.411Z [LOG] 删除视频ID: 1748229491777-RDpcVXNl
2025-05-26T06:01:54.412Z [LOG] 通知渲染进程数据已更新
2025-05-26T06:01:54.412Z [LOG] 处理get-videos请求
2025-05-26T06:01:54.413Z [LOG] 删除缩略图: app://thumbnail/1748229491777-RDpcVXNl.jpg
2025-05-26T06:01:54.413Z [LOG] 缩略图已成功删除: D:\code\cursor\looklook\userdata\thumbnails\1748229491777-RDpcVXNl.jpg
2025-05-26T06:01:54.416Z [LOG] 删除视频ID: 1748229490947-RDpcVXNl
2025-05-26T06:01:54.416Z [LOG] 通知渲染进程数据已更新
2025-05-26T06:01:54.417Z [LOG] 处理get-videos请求
2025-05-26T06:01:54.418Z [LOG] 删除缩略图: app://thumbnail/1748229490947-RDpcVXNl.jpg
2025-05-26T06:01:54.418Z [LOG] 缩略图已成功删除: D:\code\cursor\looklook\userdata\thumbnails\1748229490947-RDpcVXNl.jpg
2025-05-26T06:01:54.432Z [LOG] 删除视频ID: 1748229489927-RDpcVXNl
2025-05-26T06:01:54.434Z [LOG] 通知渲染进程数据已更新
2025-05-26T06:01:54.435Z [LOG] 处理get-videos请求
2025-05-26T06:01:54.435Z [LOG] 删除缩略图: app://thumbnail/1748229489927-RDpcVXNl.jpg
2025-05-26T06:01:54.436Z [LOG] 缩略图已成功删除: D:\code\cursor\looklook\userdata\thumbnails\1748229489927-RDpcVXNl.jpg
2025-05-26T06:01:54.441Z [LOG] 删除视频ID: 1748229488433-RDpcVXNl
2025-05-26T06:01:54.442Z [LOG] 通知渲染进程数据已更新
2025-05-26T06:01:54.452Z [LOG] 处理get-videos请求
2025-05-26T06:01:54.452Z [LOG] 删除缩略图: app://thumbnail/1748229488433-RDpcVXNl.jpg
2025-05-26T06:01:54.453Z [LOG] 缩略图已成功删除: D:\code\cursor\looklook\userdata\thumbnails\1748229488433-RDpcVXNl.jpg
2025-05-26T06:01:54.456Z [LOG] 删除视频ID: 1748229488130-RDpcVXNl
2025-05-26T06:01:54.457Z [LOG] 通知渲染进程数据已更新
2025-05-26T06:01:54.458Z [LOG] 处理get-videos请求
2025-05-26T06:01:54.458Z [LOG] 删除缩略图: app://thumbnail/1748229488130-RDpcVXNl.jpg
2025-05-26T06:01:54.459Z [LOG] 缩略图已成功删除: D:\code\cursor\looklook\userdata\thumbnails\1748229488130-RDpcVXNl.jpg
2025-05-26T06:01:54.472Z [LOG] 删除视频ID: 1748229487798-RDpcVXNl
2025-05-26T06:01:54.474Z [LOG] 通知渲染进程数据已更新
2025-05-26T06:01:54.475Z [LOG] 处理get-videos请求
2025-05-26T06:01:54.475Z [LOG] 删除缩略图: app://thumbnail/1748229487798-RDpcVXNl.jpg
2025-05-26T06:01:54.476Z [LOG] 缩略图已成功删除: D:\code\cursor\looklook\userdata\thumbnails\1748229487798-RDpcVXNl.jpg
2025-05-26T06:01:54.478Z [LOG] 处理自定义协议请求: app://thumbnail/1748229476500-RDpcVXNl.jpg
2025-05-26T06:01:54.479Z [LOG] 缩略图路径: D:\code\cursor\looklook\userdata\thumbnails\1748229476500-RDpcVXNl.jpg
2025-05-26T06:01:54.479Z [LOG] 处理自定义协议请求: app://thumbnail/1748229477295-RDpcVXNl.jpg
2025-05-26T06:01:54.480Z [LOG] 缩略图路径: D:\code\cursor\looklook\userdata\thumbnails\1748229477295-RDpcVXNl.jpg
2025-05-26T06:01:54.480Z [LOG] 处理自定义协议请求: app://thumbnail/1748229478258-RDpcVXNl.jpg
2025-05-26T06:01:54.481Z [LOG] 缩略图路径: D:\code\cursor\looklook\userdata\thumbnails\1748229478258-RDpcVXNl.jpg
2025-05-26T06:01:54.481Z [LOG] 删除视频ID: 1748229488629-RDpcVXNl
2025-05-26T06:01:54.482Z [LOG] 处理自定义协议请求: app://thumbnail/1748229478423-RDpcVXNl.jpg
2025-05-26T06:01:54.482Z [LOG] 缩略图路径: D:\code\cursor\looklook\userdata\thumbnails\1748229478423-RDpcVXNl.jpg
2025-05-26T06:01:54.482Z [LOG] 处理自定义协议请求: app://thumbnail/1748229478668-RDpcVXNl.jpg
2025-05-26T06:01:54.483Z [LOG] 缩略图路径: D:\code\cursor\looklook\userdata\thumbnails\1748229478668-RDpcVXNl.jpg
2025-05-26T06:01:54.483Z [LOG] 处理自定义协议请求: app://thumbnail/1748229479122-RDpcVXNl.jpg
2025-05-26T06:01:54.483Z [LOG] 缩略图路径: D:\code\cursor\looklook\userdata\thumbnails\1748229479122-RDpcVXNl.jpg
2025-05-26T06:01:54.483Z [LOG] 处理自定义协议请求: app://thumbnail/1748229479340-RDpcVXNl.jpg
2025-05-26T06:01:54.484Z [LOG] 缩略图路径: D:\code\cursor\looklook\userdata\thumbnails\1748229479340-RDpcVXNl.jpg
2025-05-26T06:01:54.484Z [LOG] 处理自定义协议请求: app://thumbnail/1748229480536-RDpcVXNl.jpg
2025-05-26T06:01:54.484Z [LOG] 缩略图路径: D:\code\cursor\looklook\userdata\thumbnails\1748229480536-RDpcVXNl.jpg
2025-05-26T06:01:54.485Z [LOG] 处理自定义协议请求: app://thumbnail/1748229480790-RDpcVXNl.jpg
2025-05-26T06:01:54.485Z [LOG] 缩略图路径: D:\code\cursor\looklook\userdata\thumbnails\1748229480790-RDpcVXNl.jpg
2025-05-26T06:01:54.486Z [LOG] 处理自定义协议请求: app://thumbnail/1748229482016-RDpcVXNl.jpg
2025-05-26T06:01:54.486Z [LOG] 缩略图路径: D:\code\cursor\looklook\userdata\thumbnails\1748229482016-RDpcVXNl.jpg
2025-05-26T06:01:54.487Z [LOG] 处理自定义协议请求: app://thumbnail/1748229482346-RDpcVXNl.jpg
2025-05-26T06:01:54.487Z [LOG] 缩略图路径: D:\code\cursor\looklook\userdata\thumbnails\1748229482346-RDpcVXNl.jpg
2025-05-26T06:01:54.487Z [LOG] 处理自定义协议请求: app://thumbnail/1748229482944-RDpcVXNl.jpg
2025-05-26T06:01:54.487Z [LOG] 缩略图路径: D:\code\cursor\looklook\userdata\thumbnails\1748229482944-RDpcVXNl.jpg
2025-05-26T06:01:54.488Z [LOG] 处理自定义协议请求: app://thumbnail/1748229483095-RDpcVXNl.jpg
2025-05-26T06:01:54.488Z [LOG] 缩略图路径: D:\code\cursor\looklook\userdata\thumbnails\1748229483095-RDpcVXNl.jpg
2025-05-26T06:01:54.488Z [LOG] 处理自定义协议请求: app://thumbnail/1748229483744-RDpcVXNl.jpg
2025-05-26T06:01:54.489Z [LOG] 缩略图路径: D:\code\cursor\looklook\userdata\thumbnails\1748229483744-RDpcVXNl.jpg
2025-05-26T06:01:54.489Z [LOG] 处理自定义协议请求: app://thumbnail/1748229485034-RDpcVXNl.jpg
2025-05-26T06:01:54.490Z [LOG] 缩略图路径: D:\code\cursor\looklook\userdata\thumbnails\1748229485034-RDpcVXNl.jpg
2025-05-26T06:01:54.490Z [LOG] 处理自定义协议请求: app://thumbnail/1748229485691-RDpcVXNl.jpg
2025-05-26T06:01:54.490Z [LOG] 缩略图路径: D:\code\cursor\looklook\userdata\thumbnails\1748229485691-RDpcVXNl.jpg
2025-05-26T06:01:54.491Z [LOG] 处理自定义协议请求: app://thumbnail/1748229485926-RDpcVXNl.jpg
2025-05-26T06:01:54.491Z [LOG] 缩略图路径: D:\code\cursor\looklook\userdata\thumbnails\1748229485926-RDpcVXNl.jpg
2025-05-26T06:01:54.492Z [LOG] 通知渲染进程数据已更新
2025-05-26T06:01:54.493Z [LOG] 处理get-videos请求
2025-05-26T06:01:54.494Z [LOG] 删除缩略图: app://thumbnail/1748229488629-RDpcVXNl.jpg
2025-05-26T06:01:54.494Z [LOG] 缩略图已成功删除: D:\code\cursor\looklook\userdata\thumbnails\1748229488629-RDpcVXNl.jpg
2025-05-26T06:01:54.497Z [LOG] 删除视频ID: 1748229488313-RDpcVXNl
2025-05-26T06:01:54.498Z [LOG] 通知渲染进程数据已更新
2025-05-26T06:01:54.510Z [LOG] 处理get-videos请求
2025-05-26T06:01:54.511Z [LOG] 删除缩略图: app://thumbnail/1748229488313-RDpcVXNl.jpg
2025-05-26T06:01:54.511Z [LOG] 缩略图已成功删除: D:\code\cursor\looklook\userdata\thumbnails\1748229488313-RDpcVXNl.jpg
2025-05-26T06:01:54.523Z [LOG] 删除视频ID: 1748229487397-RDpcVXNl
2025-05-26T06:01:54.524Z [LOG] 通知渲染进程数据已更新
2025-05-26T06:01:54.528Z [LOG] 处理get-videos请求
2025-05-26T06:01:54.528Z [LOG] 删除缩略图: app://thumbnail/1748229487397-RDpcVXNl.jpg
2025-05-26T06:01:54.529Z [LOG] 缩略图已成功删除: D:\code\cursor\looklook\userdata\thumbnails\1748229487397-RDpcVXNl.jpg
2025-05-26T06:01:54.540Z [LOG] 删除视频ID: 1748229486700-RDpcVXNl
2025-05-26T06:01:54.542Z [LOG] 通知渲染进程数据已更新
2025-05-26T06:01:54.544Z [LOG] 处理get-videos请求
2025-05-26T06:01:54.545Z [LOG] 删除缩略图: app://thumbnail/1748229486700-RDpcVXNl.jpg
2025-05-26T06:01:54.545Z [LOG] 缩略图已成功删除: D:\code\cursor\looklook\userdata\thumbnails\1748229486700-RDpcVXNl.jpg
2025-05-26T06:01:54.555Z [LOG] 删除视频ID: 1748229485926-RDpcVXNl
2025-05-26T06:01:54.556Z [LOG] 通知渲染进程数据已更新
2025-05-26T06:01:54.556Z [LOG] 处理get-videos请求
2025-05-26T06:01:54.557Z [LOG] 删除缩略图: app://thumbnail/1748229485926-RDpcVXNl.jpg
2025-05-26T06:01:54.557Z [LOG] 缩略图已成功删除: D:\code\cursor\looklook\userdata\thumbnails\1748229485926-RDpcVXNl.jpg
2025-05-26T06:01:54.567Z [LOG] 删除视频ID: 1748229485691-RDpcVXNl
2025-05-26T06:01:54.573Z [LOG] 通知渲染进程数据已更新
2025-05-26T06:01:54.575Z [LOG] 处理get-videos请求
2025-05-26T06:01:54.575Z [LOG] 删除缩略图: app://thumbnail/1748229485691-RDpcVXNl.jpg
2025-05-26T06:01:54.576Z [LOG] 缩略图已成功删除: D:\code\cursor\looklook\userdata\thumbnails\1748229485691-RDpcVXNl.jpg
2025-05-26T06:01:54.587Z [LOG] 删除视频ID: 1748229483744-RDpcVXNl
2025-05-26T06:01:54.588Z [LOG] 通知渲染进程数据已更新
2025-05-26T06:01:54.591Z [LOG] 处理get-videos请求
2025-05-26T06:01:54.591Z [LOG] 删除缩略图: app://thumbnail/1748229483744-RDpcVXNl.jpg
2025-05-26T06:01:54.592Z [LOG] 缩略图已成功删除: D:\code\cursor\looklook\userdata\thumbnails\1748229483744-RDpcVXNl.jpg
2025-05-26T06:01:54.600Z [LOG] 删除视频ID: 1748229485034-RDpcVXNl
2025-05-26T06:01:54.602Z [LOG] 通知渲染进程数据已更新
2025-05-26T06:01:54.603Z [LOG] 处理get-videos请求
2025-05-26T06:01:54.603Z [LOG] 删除缩略图: app://thumbnail/1748229485034-RDpcVXNl.jpg
2025-05-26T06:01:54.604Z [LOG] 缩略图已成功删除: D:\code\cursor\looklook\userdata\thumbnails\1748229485034-RDpcVXNl.jpg
2025-05-26T06:01:54.611Z [LOG] 删除视频ID: 1748229483095-RDpcVXNl
2025-05-26T06:01:54.612Z [LOG] 通知渲染进程数据已更新
2025-05-26T06:01:54.613Z [LOG] 处理get-videos请求
2025-05-26T06:01:54.613Z [LOG] 删除缩略图: app://thumbnail/1748229483095-RDpcVXNl.jpg
2025-05-26T06:01:54.614Z [LOG] 缩略图已成功删除: D:\code\cursor\looklook\userdata\thumbnails\1748229483095-RDpcVXNl.jpg
2025-05-26T06:01:54.622Z [LOG] 删除视频ID: 1748229482944-RDpcVXNl
2025-05-26T06:01:54.623Z [LOG] 通知渲染进程数据已更新
2025-05-26T06:01:54.626Z [LOG] 处理get-videos请求
2025-05-26T06:01:54.627Z [LOG] 删除缩略图: app://thumbnail/1748229482944-RDpcVXNl.jpg
2025-05-26T06:01:54.627Z [LOG] 缩略图已成功删除: D:\code\cursor\looklook\userdata\thumbnails\1748229482944-RDpcVXNl.jpg
2025-05-26T06:01:54.636Z [LOG] 删除视频ID: 1748229482346-RDpcVXNl
2025-05-26T06:01:54.637Z [LOG] 通知渲染进程数据已更新
2025-05-26T06:01:54.638Z [LOG] 处理get-videos请求
2025-05-26T06:01:54.639Z [LOG] 删除缩略图: app://thumbnail/1748229482346-RDpcVXNl.jpg
2025-05-26T06:01:54.639Z [LOG] 缩略图已成功删除: D:\code\cursor\looklook\userdata\thumbnails\1748229482346-RDpcVXNl.jpg
2025-05-26T06:01:54.643Z [LOG] 删除视频ID: 1748229482016-RDpcVXNl
2025-05-26T06:01:54.644Z [LOG] 通知渲染进程数据已更新
2025-05-26T06:01:54.648Z [LOG] 处理get-videos请求
2025-05-26T06:01:54.648Z [LOG] 删除缩略图: app://thumbnail/1748229482016-RDpcVXNl.jpg
2025-05-26T06:01:54.648Z [LOG] 缩略图已成功删除: D:\code\cursor\looklook\userdata\thumbnails\1748229482016-RDpcVXNl.jpg
2025-05-26T06:01:54.654Z [LOG] 删除视频ID: 1748229480536-RDpcVXNl
2025-05-26T06:01:54.655Z [LOG] 通知渲染进程数据已更新
2025-05-26T06:01:54.655Z [LOG] 处理get-videos请求
2025-05-26T06:01:54.656Z [LOG] 删除缩略图: app://thumbnail/1748229480536-RDpcVXNl.jpg
2025-05-26T06:01:54.656Z [LOG] 缩略图已成功删除: D:\code\cursor\looklook\userdata\thumbnails\1748229480536-RDpcVXNl.jpg
2025-05-26T06:01:54.661Z [LOG] 删除视频ID: 1748229480790-RDpcVXNl
2025-05-26T06:01:54.662Z [LOG] 通知渲染进程数据已更新
2025-05-26T06:01:54.663Z [LOG] 处理get-videos请求
2025-05-26T06:01:54.663Z [LOG] 删除缩略图: app://thumbnail/1748229480790-RDpcVXNl.jpg
2025-05-26T06:01:54.664Z [LOG] 缩略图已成功删除: D:\code\cursor\looklook\userdata\thumbnails\1748229480790-RDpcVXNl.jpg
2025-05-26T06:01:54.669Z [LOG] 删除视频ID: 1748229479340-RDpcVXNl
2025-05-26T06:01:54.670Z [LOG] 通知渲染进程数据已更新
2025-05-26T06:01:54.671Z [LOG] 处理get-videos请求
2025-05-26T06:01:54.671Z [LOG] 删除缩略图: app://thumbnail/1748229479340-RDpcVXNl.jpg
2025-05-26T06:01:54.671Z [LOG] 缩略图已成功删除: D:\code\cursor\looklook\userdata\thumbnails\1748229479340-RDpcVXNl.jpg
2025-05-26T06:01:54.673Z [LOG] 处理自定义协议请求: app://thumbnail/1748229476500-RDpcVXNl.jpg
2025-05-26T06:01:54.673Z [LOG] 缩略图路径: D:\code\cursor\looklook\userdata\thumbnails\1748229476500-RDpcVXNl.jpg
2025-05-26T06:01:54.673Z [LOG] 处理自定义协议请求: app://thumbnail/1748229477295-RDpcVXNl.jpg
2025-05-26T06:01:54.674Z [LOG] 缩略图路径: D:\code\cursor\looklook\userdata\thumbnails\1748229477295-RDpcVXNl.jpg
2025-05-26T06:01:54.674Z [LOG] 处理自定义协议请求: app://thumbnail/1748229478258-RDpcVXNl.jpg
2025-05-26T06:01:54.674Z [LOG] 缩略图路径: D:\code\cursor\looklook\userdata\thumbnails\1748229478258-RDpcVXNl.jpg
2025-05-26T06:01:54.675Z [LOG] 处理自定义协议请求: app://thumbnail/1748229478423-RDpcVXNl.jpg
2025-05-26T06:01:54.675Z [LOG] 缩略图路径: D:\code\cursor\looklook\userdata\thumbnails\1748229478423-RDpcVXNl.jpg
2025-05-26T06:01:54.675Z [LOG] 处理自定义协议请求: app://thumbnail/1748229478668-RDpcVXNl.jpg
2025-05-26T06:01:54.676Z [LOG] 缩略图路径: D:\code\cursor\looklook\userdata\thumbnails\1748229478668-RDpcVXNl.jpg
2025-05-26T06:01:54.676Z [LOG] 处理自定义协议请求: app://thumbnail/1748229479122-RDpcVXNl.jpg
2025-05-26T06:01:54.676Z [LOG] 缩略图路径: D:\code\cursor\looklook\userdata\thumbnails\1748229479122-RDpcVXNl.jpg
2025-05-26T06:01:54.680Z [LOG] 删除视频ID: 1748229479122-RDpcVXNl
2025-05-26T06:01:54.681Z [LOG] 通知渲染进程数据已更新
2025-05-26T06:01:54.682Z [LOG] 处理get-videos请求
2025-05-26T06:01:54.682Z [LOG] 删除缩略图: app://thumbnail/1748229479122-RDpcVXNl.jpg
2025-05-26T06:01:54.683Z [LOG] 缩略图已成功删除: D:\code\cursor\looklook\userdata\thumbnails\1748229479122-RDpcVXNl.jpg
2025-05-26T06:01:54.687Z [LOG] 删除视频ID: 1748229478668-RDpcVXNl
2025-05-26T06:01:54.688Z [LOG] 通知渲染进程数据已更新
2025-05-26T06:01:54.688Z [LOG] 处理get-videos请求
2025-05-26T06:01:54.688Z [LOG] 删除缩略图: app://thumbnail/1748229478668-RDpcVXNl.jpg
2025-05-26T06:01:54.689Z [LOG] 缩略图已成功删除: D:\code\cursor\looklook\userdata\thumbnails\1748229478668-RDpcVXNl.jpg
2025-05-26T06:01:54.692Z [LOG] 删除视频ID: 1748229478423-RDpcVXNl
2025-05-26T06:01:54.692Z [LOG] 通知渲染进程数据已更新
2025-05-26T06:01:54.693Z [LOG] 处理get-videos请求
2025-05-26T06:01:54.693Z [LOG] 删除缩略图: app://thumbnail/1748229478423-RDpcVXNl.jpg
2025-05-26T06:01:54.694Z [LOG] 缩略图已成功删除: D:\code\cursor\looklook\userdata\thumbnails\1748229478423-RDpcVXNl.jpg
2025-05-26T06:01:54.696Z [LOG] 删除视频ID: 1748229478258-RDpcVXNl
2025-05-26T06:01:54.697Z [LOG] 通知渲染进程数据已更新
2025-05-26T06:01:54.697Z [LOG] 处理get-videos请求
2025-05-26T06:01:54.697Z [LOG] 删除缩略图: app://thumbnail/1748229478258-RDpcVXNl.jpg
2025-05-26T06:01:54.698Z [LOG] 缩略图已成功删除: D:\code\cursor\looklook\userdata\thumbnails\1748229478258-RDpcVXNl.jpg
2025-05-26T06:01:54.701Z [LOG] 删除视频ID: 1748229477295-RDpcVXNl
2025-05-26T06:01:54.702Z [LOG] 通知渲染进程数据已更新
2025-05-26T06:01:54.702Z [LOG] 处理get-videos请求
2025-05-26T06:01:54.703Z [LOG] 删除缩略图: app://thumbnail/1748229477295-RDpcVXNl.jpg
2025-05-26T06:01:54.703Z [LOG] 缩略图已成功删除: D:\code\cursor\looklook\userdata\thumbnails\1748229477295-RDpcVXNl.jpg
2025-05-26T06:01:54.704Z [LOG] 删除视频ID: 1748229476500-RDpcVXNl
2025-05-26T06:01:54.704Z [LOG] 通知渲染进程数据已更新
2025-05-26T06:01:54.705Z [LOG] 处理get-videos请求
2025-05-26T06:01:54.705Z [LOG] 删除缩略图: app://thumbnail/1748229476500-RDpcVXNl.jpg
2025-05-26T06:01:54.706Z [LOG] 缩略图已成功删除: D:\code\cursor\looklook\userdata\thumbnails\1748229476500-RDpcVXNl.jpg
2025-05-26T06:01:56.110Z [LOG] 处理import-folder请求
2025-05-26T06:01:58.108Z [LOG] 用户选择了文件夹: D:\Users\Videos\测试
2025-05-26T06:01:58.108Z [LOG] 开始搜索文件夹 D:\Users\Videos\测试 中的视频文件
2025-05-26T06:01:58.109Z [LOG] 搜索文件夹: D:\Users\Videos\测试
2025-05-26T06:01:58.109Z [LOG] 在文件夹中找到 34 个视频文件
2025-05-26T06:01:58.109Z [LOG] 当前数据库中有 0 个视频记录
2025-05-26T06:01:58.110Z [LOG] 其中新增视频 34 个，重复视频 0 个
2025-05-26T06:01:58.110Z [LOG] 设置已加载
2025-05-26T06:01:58.110Z [LOG] 获取视频分辨率: D:\Users\Videos\测试\153151IPZZ-005.AVI
2025-05-26T06:01:58.111Z [MAIN] 开始获取视频分辨率: D:\Users\Videos\测试\153151IPZZ-005.AVI
2025-05-26T06:01:58.111Z [LOG] 直接获取视频分辨率
2025-05-26T06:01:58.111Z [RESOLUTION] 开始获取视频分辨率: D:\Users\Videos\测试\153151IPZZ-005.AVI
2025-05-26T06:01:58.111Z [PATH] 尝试获取FFprobe路径
2025-05-26T06:01:58.112Z [LOG] 使用配置的FFprobe路径: D:\code\cursor\looklook\node_modules\ffprobe-static\bin\win32\x64\ffprobe.exe
2025-05-26T06:01:58.112Z [PATH] 使用配置的FFprobe路径: D:\code\cursor\looklook\node_modules\ffprobe-static\bin\win32\x64\ffprobe.exe
2025-05-26T06:01:58.112Z [RESOLUTION] 在开发环境中使用ffprobe路径: D:\code\cursor\looklook\node_modules\ffprobe-static\bin\win32\x64\ffprobe.exe
2025-05-26T06:01:58.112Z [RESOLUTION] 检查ffprobe可执行文件是否存在: true
2025-05-26T06:01:58.112Z [LOG] 执行命令: "D:\code\cursor\looklook\node_modules\ffprobe-static\bin\win32\x64\ffprobe.exe" -v error -select_streams v:0 -show_entries stream=width,height -of csv=s=x:p=0 "D:\Users\Videos\测试\153151IPZZ-005.AVI"
2025-05-26T06:01:58.112Z [RESOLUTION] 开始执行命令获取分辨率: "D:\code\cursor\looklook\node_modules\ffprobe-static\bin\win32\x64\ffprobe.exe" -v error -select_streams v:0 -show_entries stream=width,height -of csv=s=x:p=0 "D:\Users\Videos\测试\153151IPZZ-005.AVI"
2025-05-26T06:01:58.176Z [RESOLUTION] 命令输出: "320x240"
2025-05-26T06:01:58.177Z [LOG] 成功解析分辨率: 320×240
2025-05-26T06:01:58.177Z [RESOLUTION] 成功解析分辨率: 320×240
2025-05-26T06:01:58.178Z [LOG] 获取视频时长: D:\Users\Videos\测试\153151IPZZ-005.AVI
2025-05-26T06:01:58.178Z [MAIN] 开始获取视频时长: D:\Users\Videos\测试\153151IPZZ-005.AVI
2025-05-26T06:01:58.178Z [LOG] 直接获取视频时长
2025-05-26T06:01:58.178Z [DURATION] 开始获取视频时长: D:\Users\Videos\测试\153151IPZZ-005.AVI
2025-05-26T06:01:58.178Z [PATH] 尝试获取FFprobe路径
2025-05-26T06:01:58.179Z [LOG] 使用配置的FFprobe路径: D:\code\cursor\looklook\node_modules\ffprobe-static\bin\win32\x64\ffprobe.exe
2025-05-26T06:01:58.179Z [PATH] 使用配置的FFprobe路径: D:\code\cursor\looklook\node_modules\ffprobe-static\bin\win32\x64\ffprobe.exe
2025-05-26T06:01:58.179Z [DURATION] 在开发环境中使用ffprobe路径: D:\code\cursor\looklook\node_modules\ffprobe-static\bin\win32\x64\ffprobe.exe
2025-05-26T06:01:58.179Z [DURATION] 检查ffprobe可执行文件是否存在: true
2025-05-26T06:01:58.179Z [LOG] 执行命令: "D:\code\cursor\looklook\node_modules\ffprobe-static\bin\win32\x64\ffprobe.exe" -v error -show_entries format=duration -of default=noprint_wrappers=1:nokey=1 "D:\Users\Videos\测试\153151IPZZ-005.AVI"
2025-05-26T06:01:58.180Z [DURATION] 开始执行命令获取时长: "D:\code\cursor\looklook\node_modules\ffprobe-static\bin\win32\x64\ffprobe.exe" -v error -show_entries format=duration -of default=noprint_wrappers=1:nokey=1 "D:\Users\Videos\测试\153151IPZZ-005.AVI"
2025-05-26T06:01:58.243Z [DURATION] 命令输出: "125.952000"
2025-05-26T06:01:58.243Z [LOG] 成功解析时长: 00:02:05
2025-05-26T06:01:58.244Z [DURATION] 成功解析时长: 00:02:05
2025-05-26T06:01:58.244Z [LOG] 开始生成缩略图，视频路径: D:\Users\Videos\测试\153151IPZZ-005.AVI
2025-05-26T06:01:58.244Z [LOG] 缩略图输出路径: D:\code\cursor\looklook\userdata\thumbnails\1748239318412-RDpcVXNl.jpg
2025-05-26T06:01:58.245Z [LOG] 生成随机时间点: 00:00:10
2025-05-26T06:01:58.245Z [LOG] 使用直接命令行ffmpeg生成缩略图
2025-05-26T06:01:58.245Z [PATH] 尝试获取FFmpeg路径
2025-05-26T06:01:58.245Z [LOG] 使用配置的FFmpeg路径: D:\code\cursor\looklook\node_modules\ffmpeg-static\ffmpeg.exe
2025-05-26T06:01:58.245Z [PATH] 使用配置的FFmpeg路径: D:\code\cursor\looklook\node_modules\ffmpeg-static\ffmpeg.exe
2025-05-26T06:01:58.246Z [LOG] 将使用时间点 00:00:10 生成缩略图
2025-05-26T06:01:58.246Z [LOG] 执行命令: D:\code\cursor\looklook\node_modules\ffmpeg-static\ffmpeg.exe -ss 00:00:10 -i D:\Users\Videos\测试\153151IPZZ-005.AVI -vframes 1 -s 320x180 -y D:\code\cursor\looklook\userdata\thumbnails\1748239318412-RDpcVXNl.jpg
2025-05-26T06:01:58.319Z [LOG] 直接ffmpeg成功生成缩略图: D:\code\cursor\looklook\userdata\thumbnails\1748239318412-RDpcVXNl.jpg
2025-05-26T06:01:58.320Z [LOG] 通过直接ffmpeg命令生成缩略图成功
2025-05-26T06:01:58.320Z [LOG] 设置已加载
2025-05-26T06:01:58.321Z [LOG] 获取视频分辨率: D:\Users\Videos\测试\8888F897_1745215698544.mp4
2025-05-26T06:01:58.321Z [MAIN] 开始获取视频分辨率: D:\Users\Videos\测试\8888F897_1745215698544.mp4
2025-05-26T06:01:58.321Z [LOG] 直接获取视频分辨率
2025-05-26T06:01:58.321Z [RESOLUTION] 开始获取视频分辨率: D:\Users\Videos\测试\8888F897_1745215698544.mp4
2025-05-26T06:01:58.321Z [PATH] 尝试获取FFprobe路径
2025-05-26T06:01:58.321Z [LOG] 使用配置的FFprobe路径: D:\code\cursor\looklook\node_modules\ffprobe-static\bin\win32\x64\ffprobe.exe
2025-05-26T06:01:58.322Z [PATH] 使用配置的FFprobe路径: D:\code\cursor\looklook\node_modules\ffprobe-static\bin\win32\x64\ffprobe.exe
2025-05-26T06:01:58.322Z [RESOLUTION] 在开发环境中使用ffprobe路径: D:\code\cursor\looklook\node_modules\ffprobe-static\bin\win32\x64\ffprobe.exe
2025-05-26T06:01:58.322Z [RESOLUTION] 检查ffprobe可执行文件是否存在: true
2025-05-26T06:01:58.322Z [LOG] 执行命令: "D:\code\cursor\looklook\node_modules\ffprobe-static\bin\win32\x64\ffprobe.exe" -v error -select_streams v:0 -show_entries stream=width,height -of csv=s=x:p=0 "D:\Users\Videos\测试\8888F897_1745215698544.mp4"
2025-05-26T06:01:58.322Z [RESOLUTION] 开始执行命令获取分辨率: "D:\code\cursor\looklook\node_modules\ffprobe-static\bin\win32\x64\ffprobe.exe" -v error -select_streams v:0 -show_entries stream=width,height -of csv=s=x:p=0 "D:\Users\Videos\测试\8888F897_1745215698544.mp4"
2025-05-26T06:01:58.388Z [RESOLUTION] 命令输出: "1280x720"
2025-05-26T06:01:58.389Z [LOG] 成功解析分辨率: 1280×720
2025-05-26T06:01:58.389Z [RESOLUTION] 成功解析分辨率: 1280×720
2025-05-26T06:01:58.389Z [LOG] 获取视频时长: D:\Users\Videos\测试\8888F897_1745215698544.mp4
2025-05-26T06:01:58.389Z [MAIN] 开始获取视频时长: D:\Users\Videos\测试\8888F897_1745215698544.mp4
2025-05-26T06:01:58.389Z [LOG] 直接获取视频时长
2025-05-26T06:01:58.390Z [DURATION] 开始获取视频时长: D:\Users\Videos\测试\8888F897_1745215698544.mp4
2025-05-26T06:01:58.390Z [PATH] 尝试获取FFprobe路径
2025-05-26T06:01:58.390Z [LOG] 使用配置的FFprobe路径: D:\code\cursor\looklook\node_modules\ffprobe-static\bin\win32\x64\ffprobe.exe
2025-05-26T06:01:58.390Z [PATH] 使用配置的FFprobe路径: D:\code\cursor\looklook\node_modules\ffprobe-static\bin\win32\x64\ffprobe.exe
2025-05-26T06:01:58.390Z [DURATION] 在开发环境中使用ffprobe路径: D:\code\cursor\looklook\node_modules\ffprobe-static\bin\win32\x64\ffprobe.exe
2025-05-26T06:01:58.390Z [DURATION] 检查ffprobe可执行文件是否存在: true
2025-05-26T06:01:58.390Z [LOG] 执行命令: "D:\code\cursor\looklook\node_modules\ffprobe-static\bin\win32\x64\ffprobe.exe" -v error -show_entries format=duration -of default=noprint_wrappers=1:nokey=1 "D:\Users\Videos\测试\8888F897_1745215698544.mp4"
2025-05-26T06:01:58.390Z [DURATION] 开始执行命令获取时长: "D:\code\cursor\looklook\node_modules\ffprobe-static\bin\win32\x64\ffprobe.exe" -v error -show_entries format=duration -of default=noprint_wrappers=1:nokey=1 "D:\Users\Videos\测试\8888F897_1745215698544.mp4"
2025-05-26T06:01:58.459Z [DURATION] 命令输出: "33.493333"
2025-05-26T06:01:58.459Z [LOG] 成功解析时长: 00:00:33
2025-05-26T06:01:58.459Z [DURATION] 成功解析时长: 00:00:33
2025-05-26T06:01:58.460Z [LOG] 开始生成缩略图，视频路径: D:\Users\Videos\测试\8888F897_1745215698544.mp4
2025-05-26T06:01:58.460Z [LOG] 缩略图输出路径: D:\code\cursor\looklook\userdata\thumbnails\1748239319116-RDpcVXNl.jpg
2025-05-26T06:01:58.461Z [LOG] 生成随机时间点: 00:00:43
2025-05-26T06:01:58.461Z [LOG] 使用直接命令行ffmpeg生成缩略图
2025-05-26T06:01:58.461Z [PATH] 尝试获取FFmpeg路径
2025-05-26T06:01:58.461Z [LOG] 使用配置的FFmpeg路径: D:\code\cursor\looklook\node_modules\ffmpeg-static\ffmpeg.exe
2025-05-26T06:01:58.461Z [PATH] 使用配置的FFmpeg路径: D:\code\cursor\looklook\node_modules\ffmpeg-static\ffmpeg.exe
2025-05-26T06:01:58.462Z [LOG] 将使用时间点 00:00:43 生成缩略图
2025-05-26T06:01:58.462Z [LOG] 执行命令: D:\code\cursor\looklook\node_modules\ffmpeg-static\ffmpeg.exe -ss 00:00:43 -i D:\Users\Videos\测试\8888F897_1745215698544.mp4 -vframes 1 -s 320x180 -y D:\code\cursor\looklook\userdata\thumbnails\1748239319116-RDpcVXNl.jpg
2025-05-26T06:01:59.055Z [ERROR] 直接ffmpeg生成缩略图失败: Command failed: D:\code\cursor\looklook\node_modules\ffmpeg-static\ffmpeg.exe -ss 00:00:43 -i D:\Users\Videos\测试\8888F897_1745215698544.mp4 -vframes 1 -s 320x180 -y D:\code\cursor\looklook\userdata\thumbnails\1748239319116-RDpcVXNl.jpg
ffmpeg version 7.1.1-essentials_build-www.gyan.dev Copyright (c) 2000-2025 the FFmpeg developers
  built with gcc 14.2.0 (Rev1, Built by MSYS2 project)
  configuration: --enable-gpl --enable-version3 --enable-static --disable-w32threads --disable-autodetect --enable-fontconfig --enable-iconv --enable-gnutls --enable-libxml2 --enable-gmp --enable-bzlib --enable-lzma --enable-zlib --enable-libsrt --enable-libssh --enable-libzmq --enable-avisynth --enable-sdl2 --enable-libwebp --enable-libx264 --enable-libx265 --enable-libxvid --enable-libaom --enable-libopenjpeg --enable-libvpx --enable-mediafoundation --enable-libass --enable-libfreetype --enable-libfribidi --enable-libharfbuzz --enable-libvidstab --enable-libvmaf --enable-libzimg --enable-amf --enable-cuda-llvm --enable-cuvid --enable-dxva2 --enable-d3d11va --enable-d3d12va --enable-ffnvcodec --enable-libvpl --enable-nvdec --enable-nvenc --enable-vaapi --enable-libgme --enable-libopenmpt --enable-libopencore-amrwb --enable-libmp3lame --enable-libtheora --enable-libvo-amrwbenc --enable-libgsm --enable-libopencore-amrnb --enable-libopus --enable-libspeex --enable-libvorbis --enable-librubberband
  libavutil      59. 39.100 / 59. 39.100
  libavcodec     61. 19.101 / 61. 19.101
  libavformat    61.  7.100 / 61.  7.100
  libavdevice    61.  3.100 / 61.  3.100
  libavfilter    10.  4.100 / 10.  4.100
  libswscale      8.  3.100 /  8.  3.100
  libswresample   5.  3.100 /  5.  3.100
  libpostproc    58.  3.100 / 58.  3.100
Input #0, mov,mp4,m4a,3gp,3g2,mj2, from 'D:\Users\Videos\测试\8888F897_1745215698544.mp4':
  Metadata:
    major_brand     : mp42
    minor_version   : 0
    compatible_brands: mp42mp41
    creation_time   : 2022-05-06T10:01:28.000000Z
  Duration: 00:00:33.44, start: 0.000000, bitrate: 9557 kb/s
  Stream #0:0[0x1](eng): Video: h264 (Main) (avc1 / 0x31637661), yuv420p(progressive), 1280x720 [SAR 1:1 DAR 16:9], 9226 kb/s, 25 fps, 25 tbr, 25k tbn (default)
      Metadata:
        creation_time   : 2022-05-06T10:01:28.000000Z
        handler_name    : ?Mainconcept Video Media Handler
        vendor_id       : [0][0][0][0]
        encoder         : AVC Coding
  Stream #0:1[0x2](eng): Audio: aac (LC) (mp4a / 0x6134706D), 48000 Hz, stereo, fltp, 317 kb/s (default)
      Metadata:
        creation_time   : 2022-05-06T10:01:28.000000Z
        handler_name    : #Mainconcept MP4 Sound Media Handler
        vendor_id       : [0][0][0][0]
Stream mapping:
  Stream #0:0 -> #0:0 (h264 (native) -> mjpeg (native))
Press [q] to stop, [?] for help
[vf#0:0 @ 00000000029400c0] No filtered frames for output stream, trying to initialize anyway.
[mjpeg @ 0000000002ab5b80] Non full-range YUV is non-standard, set strict_std_compliance to at most unofficial to use it.
[vost#0:0/mjpeg @ 0000000002ab5900] Error while opening encoder - maybe incorrect parameters such as bit_rate, rate, width or height.
[vf#0:0 @ 0000000002ab5740] Task finished with error code: -22 (Invalid argument)
[vf#0:0 @ 0000000002ab5740] Terminating thread with return code -22 (Invalid argument)
[vost#0:0/mjpeg @ 0000000002ab5900] Could not open encoder before EOF
[vost#0:0/mjpeg @ 0000000002ab5900] Task finished with error code: -22 (Invalid argument)
[vost#0:0/mjpeg @ 0000000002ab5900] Terminating thread with return code -22 (Invalid argument)
[out#0/image2 @ 000000000293eb80] Nothing was written into output file, because at least one of its streams received no packets.
frame=    0 fps=0.0 q=0.0 Lsize=       0KiB time=N/A bitrate=N/A speed=N/A    
Conversion failed!

2025-05-26T06:01:59.059Z [ERROR] STDERR: ffmpeg version 7.1.1-essentials_build-www.gyan.dev Copyright (c) 2000-2025 the FFmpeg developers
  built with gcc 14.2.0 (Rev1, Built by MSYS2 project)
  configuration: --enable-gpl --enable-version3 --enable-static --disable-w32threads --disable-autodetect --enable-fontconfig --enable-iconv --enable-gnutls --enable-libxml2 --enable-gmp --enable-bzlib --enable-lzma --enable-zlib --enable-libsrt --enable-libssh --enable-libzmq --enable-avisynth --enable-sdl2 --enable-libwebp --enable-libx264 --enable-libx265 --enable-libxvid --enable-libaom --enable-libopenjpeg --enable-libvpx --enable-mediafoundation --enable-libass --enable-libfreetype --enable-libfribidi --enable-libharfbuzz --enable-libvidstab --enable-libvmaf --enable-libzimg --enable-amf --enable-cuda-llvm --enable-cuvid --enable-dxva2 --enable-d3d11va --enable-d3d12va --enable-ffnvcodec --enable-libvpl --enable-nvdec --enable-nvenc --enable-vaapi --enable-libgme --enable-libopenmpt --enable-libopencore-amrwb --enable-libmp3lame --enable-libtheora --enable-libvo-amrwbenc --enable-libgsm --enable-libopencore-amrnb --enable-libopus --enable-libspeex --enable-libvorbis --enable-librubberband
  libavutil      59. 39.100 / 59. 39.100
  libavcodec     61. 19.101 / 61. 19.101
  libavformat    61.  7.100 / 61.  7.100
  libavdevice    61.  3.100 / 61.  3.100
  libavfilter    10.  4.100 / 10.  4.100
  libswscale      8.  3.100 /  8.  3.100
  libswresample   5.  3.100 /  5.  3.100
  libpostproc    58.  3.100 / 58.  3.100
Input #0, mov,mp4,m4a,3gp,3g2,mj2, from 'D:\Users\Videos\测试\8888F897_1745215698544.mp4':
  Metadata:
    major_brand     : mp42
    minor_version   : 0
    compatible_brands: mp42mp41
    creation_time   : 2022-05-06T10:01:28.000000Z
  Duration: 00:00:33.44, start: 0.000000, bitrate: 9557 kb/s
  Stream #0:0[0x1](eng): Video: h264 (Main) (avc1 / 0x31637661), yuv420p(progressive), 1280x720 [SAR 1:1 DAR 16:9], 9226 kb/s, 25 fps, 25 tbr, 25k tbn (default)
      Metadata:
        creation_time   : 2022-05-06T10:01:28.000000Z
        handler_name    : ?Mainconcept Video Media Handler
        vendor_id       : [0][0][0][0]
        encoder         : AVC Coding
  Stream #0:1[0x2](eng): Audio: aac (LC) (mp4a / 0x6134706D), 48000 Hz, stereo, fltp, 317 kb/s (default)
      Metadata:
        creation_time   : 2022-05-06T10:01:28.000000Z
        handler_name    : #Mainconcept MP4 Sound Media Handler
        vendor_id       : [0][0][0][0]
Stream mapping:
  Stream #0:0 -> #0:0 (h264 (native) -> mjpeg (native))
Press [q] to stop, [?] for help
[vf#0:0 @ 00000000029400c0] No filtered frames for output stream, trying to initialize anyway.
[mjpeg @ 0000000002ab5b80] Non full-range YUV is non-standard, set strict_std_compliance to at most unofficial to use it.
[vost#0:0/mjpeg @ 0000000002ab5900] Error while opening encoder - maybe incorrect parameters such as bit_rate, rate, width or height.
[vf#0:0 @ 0000000002ab5740] Task finished with error code: -22 (Invalid argument)
[vf#0:0 @ 0000000002ab5740] Terminating thread with return code -22 (Invalid argument)
[vost#0:0/mjpeg @ 0000000002ab5900] Could not open encoder before EOF
[vost#0:0/mjpeg @ 0000000002ab5900] Task finished with error code: -22 (Invalid argument)
[vost#0:0/mjpeg @ 0000000002ab5900] Terminating thread with return code -22 (Invalid argument)
[out#0/image2 @ 000000000293eb80] Nothing was written into output file, because at least one of its streams received no packets.
frame=    0 fps=0.0 q=0.0 Lsize=       0KiB time=N/A bitrate=N/A speed=N/A    
Conversion failed!

2025-05-26T06:01:59.063Z [ERROR] 直接ffmpeg命令生成缩略图失败: Command failed: D:\code\cursor\looklook\node_modules\ffmpeg-static\ffmpeg.exe -ss 00:00:43 -i D:\Users\Videos\测试\8888F897_1745215698544.mp4 -vframes 1 -s 320x180 -y D:\code\cursor\looklook\userdata\thumbnails\1748239319116-RDpcVXNl.jpg
ffmpeg version 7.1.1-essentials_build-www.gyan.dev Copyright (c) 2000-2025 the FFmpeg developers
  built with gcc 14.2.0 (Rev1, Built by MSYS2 project)
  configuration: --enable-gpl --enable-version3 --enable-static --disable-w32threads --disable-autodetect --enable-fontconfig --enable-iconv --enable-gnutls --enable-libxml2 --enable-gmp --enable-bzlib --enable-lzma --enable-zlib --enable-libsrt --enable-libssh --enable-libzmq --enable-avisynth --enable-sdl2 --enable-libwebp --enable-libx264 --enable-libx265 --enable-libxvid --enable-libaom --enable-libopenjpeg --enable-libvpx --enable-mediafoundation --enable-libass --enable-libfreetype --enable-libfribidi --enable-libharfbuzz --enable-libvidstab --enable-libvmaf --enable-libzimg --enable-amf --enable-cuda-llvm --enable-cuvid --enable-dxva2 --enable-d3d11va --enable-d3d12va --enable-ffnvcodec --enable-libvpl --enable-nvdec --enable-nvenc --enable-vaapi --enable-libgme --enable-libopenmpt --enable-libopencore-amrwb --enable-libmp3lame --enable-libtheora --enable-libvo-amrwbenc --enable-libgsm --enable-libopencore-amrnb --enable-libopus --enable-libspeex --enable-libvorbis --enable-librubberband
  libavutil      59. 39.100 / 59. 39.100
  libavcodec     61. 19.101 / 61. 19.101
  libavformat    61.  7.100 / 61.  7.100
  libavdevice    61.  3.100 / 61.  3.100
  libavfilter    10.  4.100 / 10.  4.100
  libswscale      8.  3.100 /  8.  3.100
  libswresample   5.  3.100 /  5.  3.100
  libpostproc    58.  3.100 / 58.  3.100
Input #0, mov,mp4,m4a,3gp,3g2,mj2, from 'D:\Users\Videos\测试\8888F897_1745215698544.mp4':
  Metadata:
    major_brand     : mp42
    minor_version   : 0
    compatible_brands: mp42mp41
    creation_time   : 2022-05-06T10:01:28.000000Z
  Duration: 00:00:33.44, start: 0.000000, bitrate: 9557 kb/s
  Stream #0:0[0x1](eng): Video: h264 (Main) (avc1 / 0x31637661), yuv420p(progressive), 1280x720 [SAR 1:1 DAR 16:9], 9226 kb/s, 25 fps, 25 tbr, 25k tbn (default)
      Metadata:
        creation_time   : 2022-05-06T10:01:28.000000Z
        handler_name    : ?Mainconcept Video Media Handler
        vendor_id       : [0][0][0][0]
        encoder         : AVC Coding
  Stream #0:1[0x2](eng): Audio: aac (LC) (mp4a / 0x6134706D), 48000 Hz, stereo, fltp, 317 kb/s (default)
      Metadata:
        creation_time   : 2022-05-06T10:01:28.000000Z
        handler_name    : #Mainconcept MP4 Sound Media Handler
        vendor_id       : [0][0][0][0]
Stream mapping:
  Stream #0:0 -> #0:0 (h264 (native) -> mjpeg (native))
Press [q] to stop, [?] for help
[vf#0:0 @ 00000000029400c0] No filtered frames for output stream, trying to initialize anyway.
[mjpeg @ 0000000002ab5b80] Non full-range YUV is non-standard, set strict_std_compliance to at most unofficial to use it.
[vost#0:0/mjpeg @ 0000000002ab5900] Error while opening encoder - maybe incorrect parameters such as bit_rate, rate, width or height.
[vf#0:0 @ 0000000002ab5740] Task finished with error code: -22 (Invalid argument)
[vf#0:0 @ 0000000002ab5740] Terminating thread with return code -22 (Invalid argument)
[vost#0:0/mjpeg @ 0000000002ab5900] Could not open encoder before EOF
[vost#0:0/mjpeg @ 0000000002ab5900] Task finished with error code: -22 (Invalid argument)
[vost#0:0/mjpeg @ 0000000002ab5900] Terminating thread with return code -22 (Invalid argument)
[out#0/image2 @ 000000000293eb80] Nothing was written into output file, because at least one of its streams received no packets.
frame=    0 fps=0.0 q=0.0 Lsize=       0KiB time=N/A bitrate=N/A speed=N/A    
Conversion failed!

2025-05-26T06:01:59.064Z [LOG] 尝试使用直接命令行方式生成缩略图
2025-05-26T06:01:59.064Z [LOG] 直接获取视频时长（秒数）
2025-05-26T06:01:59.064Z [PATH] 尝试获取FFprobe路径
2025-05-26T06:01:59.065Z [LOG] 使用配置的FFprobe路径: D:\code\cursor\looklook\node_modules\ffprobe-static\bin\win32\x64\ffprobe.exe
2025-05-26T06:01:59.065Z [PATH] 使用配置的FFprobe路径: D:\code\cursor\looklook\node_modules\ffprobe-static\bin\win32\x64\ffprobe.exe
2025-05-26T06:01:59.065Z [LOG] 在开发环境中使用ffprobe路径: D:\code\cursor\looklook\node_modules\ffprobe-static\bin\win32\x64\ffprobe.exe
2025-05-26T06:01:59.065Z [LOG] 执行命令: D:\code\cursor\looklook\node_modules\ffprobe-static\bin\win32\x64\ffprobe.exe -v error -show_entries format=duration -of default=noprint_wrappers=1:nokey=1 D:\Users\Videos\测试\8888F897_1745215698544.mp4
2025-05-26T06:01:59.127Z [LOG] 时长命令输出: 33.493333
2025-05-26T06:01:59.128Z [LOG] 成功获取视频时长: 33.493333 秒
2025-05-26T06:01:59.128Z [LOG] 获取到视频时长: 33.493333 秒, 准备截取缩略图
2025-05-26T06:01:59.129Z [LOG] 将在视频的 8 秒处截取缩略图 (随机生成)
2025-05-26T06:01:59.129Z [PATH] 尝试获取FFmpeg路径
2025-05-26T06:01:59.129Z [LOG] 使用配置的FFmpeg路径: D:\code\cursor\looklook\node_modules\ffmpeg-static\ffmpeg.exe
2025-05-26T06:01:59.129Z [PATH] 使用配置的FFmpeg路径: D:\code\cursor\looklook\node_modules\ffmpeg-static\ffmpeg.exe
2025-05-26T06:01:59.130Z [LOG] 执行命令: D:\code\cursor\looklook\node_modules\ffmpeg-static\ffmpeg.exe -i D:\Users\Videos\测试\8888F897_1745215698544.mp4 -ss 8 -vframes 1 -s 320x180 -y D:\code\cursor\looklook\userdata\thumbnails\1748239319116-RDpcVXNl.jpg
2025-05-26T06:01:59.389Z [LOG] 命令行方式成功生成缩略图: D:\code\cursor\looklook\userdata\thumbnails\1748239319116-RDpcVXNl.jpg
2025-05-26T06:01:59.390Z [LOG] 通过多步骤方法成功生成缩略图
2025-05-26T06:01:59.390Z [LOG] 设置已加载
2025-05-26T06:01:59.390Z [LOG] 获取视频分辨率: D:\Users\Videos\测试\IPX-001asdfasd.mp4
2025-05-26T06:01:59.390Z [MAIN] 开始获取视频分辨率: D:\Users\Videos\测试\IPX-001asdfasd.mp4
2025-05-26T06:01:59.391Z [LOG] 直接获取视频分辨率
2025-05-26T06:01:59.391Z [RESOLUTION] 开始获取视频分辨率: D:\Users\Videos\测试\IPX-001asdfasd.mp4
2025-05-26T06:01:59.391Z [PATH] 尝试获取FFprobe路径
2025-05-26T06:01:59.391Z [LOG] 使用配置的FFprobe路径: D:\code\cursor\looklook\node_modules\ffprobe-static\bin\win32\x64\ffprobe.exe
2025-05-26T06:01:59.391Z [PATH] 使用配置的FFprobe路径: D:\code\cursor\looklook\node_modules\ffprobe-static\bin\win32\x64\ffprobe.exe
2025-05-26T06:01:59.391Z [RESOLUTION] 在开发环境中使用ffprobe路径: D:\code\cursor\looklook\node_modules\ffprobe-static\bin\win32\x64\ffprobe.exe
2025-05-26T06:01:59.391Z [RESOLUTION] 检查ffprobe可执行文件是否存在: true
2025-05-26T06:01:59.392Z [LOG] 执行命令: "D:\code\cursor\looklook\node_modules\ffprobe-static\bin\win32\x64\ffprobe.exe" -v error -select_streams v:0 -show_entries stream=width,height -of csv=s=x:p=0 "D:\Users\Videos\测试\IPX-001asdfasd.mp4"
2025-05-26T06:01:59.392Z [RESOLUTION] 开始执行命令获取分辨率: "D:\code\cursor\looklook\node_modules\ffprobe-static\bin\win32\x64\ffprobe.exe" -v error -select_streams v:0 -show_entries stream=width,height -of csv=s=x:p=0 "D:\Users\Videos\测试\IPX-001asdfasd.mp4"
2025-05-26T06:01:59.453Z [RESOLUTION] 命令输出: "320x240"
2025-05-26T06:01:59.453Z [LOG] 成功解析分辨率: 320×240
2025-05-26T06:01:59.453Z [RESOLUTION] 成功解析分辨率: 320×240
2025-05-26T06:01:59.453Z [LOG] 获取视频时长: D:\Users\Videos\测试\IPX-001asdfasd.mp4
2025-05-26T06:01:59.454Z [MAIN] 开始获取视频时长: D:\Users\Videos\测试\IPX-001asdfasd.mp4
2025-05-26T06:01:59.454Z [LOG] 直接获取视频时长
2025-05-26T06:01:59.454Z [DURATION] 开始获取视频时长: D:\Users\Videos\测试\IPX-001asdfasd.mp4
2025-05-26T06:01:59.454Z [PATH] 尝试获取FFprobe路径
2025-05-26T06:01:59.454Z [LOG] 使用配置的FFprobe路径: D:\code\cursor\looklook\node_modules\ffprobe-static\bin\win32\x64\ffprobe.exe
2025-05-26T06:01:59.455Z [PATH] 使用配置的FFprobe路径: D:\code\cursor\looklook\node_modules\ffprobe-static\bin\win32\x64\ffprobe.exe
2025-05-26T06:01:59.455Z [DURATION] 在开发环境中使用ffprobe路径: D:\code\cursor\looklook\node_modules\ffprobe-static\bin\win32\x64\ffprobe.exe
2025-05-26T06:01:59.455Z [DURATION] 检查ffprobe可执行文件是否存在: true
2025-05-26T06:01:59.455Z [LOG] 执行命令: "D:\code\cursor\looklook\node_modules\ffprobe-static\bin\win32\x64\ffprobe.exe" -v error -show_entries format=duration -of default=noprint_wrappers=1:nokey=1 "D:\Users\Videos\测试\IPX-001asdfasd.mp4"
2025-05-26T06:01:59.455Z [DURATION] 开始执行命令获取时长: "D:\code\cursor\looklook\node_modules\ffprobe-static\bin\win32\x64\ffprobe.exe" -v error -show_entries format=duration -of default=noprint_wrappers=1:nokey=1 "D:\Users\Videos\测试\IPX-001asdfasd.mp4"
2025-05-26T06:01:59.517Z [DURATION] 命令输出: "64.896000"
2025-05-26T06:01:59.517Z [LOG] 成功解析时长: 00:01:04
2025-05-26T06:01:59.518Z [DURATION] 成功解析时长: 00:01:04
2025-05-26T06:01:59.518Z [LOG] 开始生成缩略图，视频路径: D:\Users\Videos\测试\IPX-001asdfasd.mp4
2025-05-26T06:01:59.519Z [LOG] 缩略图输出路径: D:\code\cursor\looklook\userdata\thumbnails\1748239319784-RDpcVXNl.jpg
2025-05-26T06:01:59.519Z [LOG] 生成随机时间点: 00:00:51
2025-05-26T06:01:59.520Z [LOG] 使用直接命令行ffmpeg生成缩略图
2025-05-26T06:01:59.520Z [PATH] 尝试获取FFmpeg路径
2025-05-26T06:01:59.520Z [LOG] 使用配置的FFmpeg路径: D:\code\cursor\looklook\node_modules\ffmpeg-static\ffmpeg.exe
2025-05-26T06:01:59.520Z [PATH] 使用配置的FFmpeg路径: D:\code\cursor\looklook\node_modules\ffmpeg-static\ffmpeg.exe
2025-05-26T06:01:59.520Z [LOG] 将使用时间点 00:00:51 生成缩略图
2025-05-26T06:01:59.521Z [LOG] 执行命令: D:\code\cursor\looklook\node_modules\ffmpeg-static\ffmpeg.exe -ss 00:00:51 -i D:\Users\Videos\测试\IPX-001asdfasd.mp4 -vframes 1 -s 320x180 -y D:\code\cursor\looklook\userdata\thumbnails\1748239319784-RDpcVXNl.jpg
2025-05-26T06:01:59.611Z [LOG] 直接ffmpeg成功生成缩略图: D:\code\cursor\looklook\userdata\thumbnails\1748239319784-RDpcVXNl.jpg
2025-05-26T06:01:59.611Z [LOG] 通过直接ffmpeg命令生成缩略图成功
2025-05-26T06:01:59.612Z [LOG] 设置已加载
2025-05-26T06:01:59.612Z [LOG] 获取视频分辨率: D:\Users\Videos\测试\LUXU-1234 好好好.avi
2025-05-26T06:01:59.612Z [MAIN] 开始获取视频分辨率: D:\Users\Videos\测试\LUXU-1234 好好好.avi
2025-05-26T06:01:59.612Z [LOG] 直接获取视频分辨率
2025-05-26T06:01:59.612Z [RESOLUTION] 开始获取视频分辨率: D:\Users\Videos\测试\LUXU-1234 好好好.avi
2025-05-26T06:01:59.613Z [PATH] 尝试获取FFprobe路径
2025-05-26T06:01:59.613Z [LOG] 使用配置的FFprobe路径: D:\code\cursor\looklook\node_modules\ffprobe-static\bin\win32\x64\ffprobe.exe
2025-05-26T06:01:59.613Z [PATH] 使用配置的FFprobe路径: D:\code\cursor\looklook\node_modules\ffprobe-static\bin\win32\x64\ffprobe.exe
2025-05-26T06:01:59.613Z [RESOLUTION] 在开发环境中使用ffprobe路径: D:\code\cursor\looklook\node_modules\ffprobe-static\bin\win32\x64\ffprobe.exe
2025-05-26T06:01:59.613Z [RESOLUTION] 检查ffprobe可执行文件是否存在: true
2025-05-26T06:01:59.613Z [LOG] 执行命令: "D:\code\cursor\looklook\node_modules\ffprobe-static\bin\win32\x64\ffprobe.exe" -v error -select_streams v:0 -show_entries stream=width,height -of csv=s=x:p=0 "D:\Users\Videos\测试\LUXU-1234 好好好.avi"
2025-05-26T06:01:59.613Z [RESOLUTION] 开始执行命令获取分辨率: "D:\code\cursor\looklook\node_modules\ffprobe-static\bin\win32\x64\ffprobe.exe" -v error -select_streams v:0 -show_entries stream=width,height -of csv=s=x:p=0 "D:\Users\Videos\测试\LUXU-1234 好好好.avi"
2025-05-26T06:01:59.675Z [RESOLUTION] 命令输出: "640x368"
2025-05-26T06:01:59.676Z [LOG] 成功解析分辨率: 640×368
2025-05-26T06:01:59.676Z [RESOLUTION] 成功解析分辨率: 640×368
2025-05-26T06:01:59.676Z [LOG] 获取视频时长: D:\Users\Videos\测试\LUXU-1234 好好好.avi
2025-05-26T06:01:59.676Z [MAIN] 开始获取视频时长: D:\Users\Videos\测试\LUXU-1234 好好好.avi
2025-05-26T06:01:59.677Z [LOG] 直接获取视频时长
2025-05-26T06:01:59.677Z [DURATION] 开始获取视频时长: D:\Users\Videos\测试\LUXU-1234 好好好.avi
2025-05-26T06:01:59.677Z [PATH] 尝试获取FFprobe路径
2025-05-26T06:01:59.677Z [LOG] 使用配置的FFprobe路径: D:\code\cursor\looklook\node_modules\ffprobe-static\bin\win32\x64\ffprobe.exe
2025-05-26T06:01:59.677Z [PATH] 使用配置的FFprobe路径: D:\code\cursor\looklook\node_modules\ffprobe-static\bin\win32\x64\ffprobe.exe
2025-05-26T06:01:59.677Z [DURATION] 在开发环境中使用ffprobe路径: D:\code\cursor\looklook\node_modules\ffprobe-static\bin\win32\x64\ffprobe.exe
2025-05-26T06:01:59.677Z [DURATION] 检查ffprobe可执行文件是否存在: true
2025-05-26T06:01:59.677Z [LOG] 执行命令: "D:\code\cursor\looklook\node_modules\ffprobe-static\bin\win32\x64\ffprobe.exe" -v error -show_entries format=duration -of default=noprint_wrappers=1:nokey=1 "D:\Users\Videos\测试\LUXU-1234 好好好.avi"
2025-05-26T06:01:59.677Z [DURATION] 开始执行命令获取时长: "D:\code\cursor\looklook\node_modules\ffprobe-static\bin\win32\x64\ffprobe.exe" -v error -show_entries format=duration -of default=noprint_wrappers=1:nokey=1 "D:\Users\Videos\测试\LUXU-1234 好好好.avi"
2025-05-26T06:01:59.737Z [DURATION] 命令输出: "6.400000"
2025-05-26T06:01:59.738Z [LOG] 成功解析时长: 00:00:06
2025-05-26T06:01:59.738Z [DURATION] 成功解析时长: 00:00:06
2025-05-26T06:01:59.738Z [LOG] 开始生成缩略图，视频路径: D:\Users\Videos\测试\LUXU-1234 好好好.avi
2025-05-26T06:01:59.739Z [LOG] 缩略图输出路径: D:\code\cursor\looklook\userdata\thumbnails\1748239320054-RDpcVXNl.jpg
2025-05-26T06:01:59.739Z [LOG] 生成随机时间点: 00:00:41
2025-05-26T06:01:59.739Z [LOG] 使用直接命令行ffmpeg生成缩略图
2025-05-26T06:01:59.739Z [PATH] 尝试获取FFmpeg路径
2025-05-26T06:01:59.740Z [LOG] 使用配置的FFmpeg路径: D:\code\cursor\looklook\node_modules\ffmpeg-static\ffmpeg.exe
2025-05-26T06:01:59.740Z [PATH] 使用配置的FFmpeg路径: D:\code\cursor\looklook\node_modules\ffmpeg-static\ffmpeg.exe
2025-05-26T06:01:59.740Z [LOG] 将使用时间点 00:00:41 生成缩略图
2025-05-26T06:01:59.740Z [LOG] 执行命令: D:\code\cursor\looklook\node_modules\ffmpeg-static\ffmpeg.exe -ss 00:00:41 -i D:\Users\Videos\测试\LUXU-1234 好好好.avi -vframes 1 -s 320x180 -y D:\code\cursor\looklook\userdata\thumbnails\1748239320054-RDpcVXNl.jpg
2025-05-26T06:02:00.331Z [ERROR] 直接ffmpeg生成缩略图失败: Command failed: D:\code\cursor\looklook\node_modules\ffmpeg-static\ffmpeg.exe -ss 00:00:41 -i D:\Users\Videos\测试\LUXU-1234 好好好.avi -vframes 1 -s 320x180 -y D:\code\cursor\looklook\userdata\thumbnails\1748239320054-RDpcVXNl.jpg
ffmpeg version 7.1.1-essentials_build-www.gyan.dev Copyright (c) 2000-2025 the FFmpeg developers
  built with gcc 14.2.0 (Rev1, Built by MSYS2 project)
  configuration: --enable-gpl --enable-version3 --enable-static --disable-w32threads --disable-autodetect --enable-fontconfig --enable-iconv --enable-gnutls --enable-libxml2 --enable-gmp --enable-bzlib --enable-lzma --enable-zlib --enable-libsrt --enable-libssh --enable-libzmq --enable-avisynth --enable-sdl2 --enable-libwebp --enable-libx264 --enable-libx265 --enable-libxvid --enable-libaom --enable-libopenjpeg --enable-libvpx --enable-mediafoundation --enable-libass --enable-libfreetype --enable-libfribidi --enable-libharfbuzz --enable-libvidstab --enable-libvmaf --enable-libzimg --enable-amf --enable-cuda-llvm --enable-cuvid --enable-dxva2 --enable-d3d11va --enable-d3d12va --enable-ffnvcodec --enable-libvpl --enable-nvdec --enable-nvenc --enable-vaapi --enable-libgme --enable-libopenmpt --enable-libopencore-amrwb --enable-libmp3lame --enable-libtheora --enable-libvo-amrwbenc --enable-libgsm --enable-libopencore-amrnb --enable-libopus --enable-libspeex --enable-libvorbis --enable-librubberband
  libavutil      59. 39.100 / 59. 39.100
  libavcodec     61. 19.101 / 61. 19.101
  libavformat    61.  7.100 / 61.  7.100
  libavdevice    61.  3.100 / 61.  3.100
  libavfilter    10.  4.100 / 10.  4.100
  libswscale      8.  3.100 /  8.  3.100
  libswresample   5.  3.100 /  5.  3.100
  libpostproc    58.  3.100 / 58.  3.100
Input #0, mov,mp4,m4a,3gp,3g2,mj2, from 'D:\Users\Videos\测试\LUXU-1234 好好好.avi':
  Metadata:
    major_brand     : isom
    minor_version   : 512
    compatible_brands: isomiso2mp41
    creation_time   : 1970-01-01T00:00:00.000000Z
    encoder         : Lavf53.24.2
  Duration: 00:00:06.40, start: 0.000000, bitrate: 1321 kb/s
  Stream #0:0[0x1](und): Video: mpeg4 (Simple Profile) (mp4v / 0x7634706D), yuv420p, 640x368 [SAR 1:1 DAR 40:23], 932 kb/s, 25 fps, 25 tbr, 12800 tbn (default)
      Metadata:
        creation_time   : 1970-01-01T00:00:00.000000Z
        handler_name    : VideoHandler
        vendor_id       : [0][0][0][0]
  Stream #0:1[0x2](und): Audio: aac (LC) (mp4a / 0x6134706D), 48000 Hz, 5.1, fltp, 383 kb/s (default)
      Metadata:
        creation_time   : 1970-01-01T00:00:00.000000Z
        handler_name    : SoundHandler
        vendor_id       : [0][0][0][0]
Stream mapping:
  Stream #0:0 -> #0:0 (mpeg4 (native) -> mjpeg (native))
Press [q] to stop, [?] for help
[vf#0:0 @ 00000000027e0440] No filtered frames for output stream, trying to initialize anyway.
[mjpeg @ 00000000027c2240] Non full-range YUV is non-standard, set strict_std_compliance to at most unofficial to use it.
[vost#0:0/mjpeg @ 00000000027c1fc0] Error while opening encoder - maybe incorrect parameters such as bit_rate, rate, width or height.
[vf#0:0 @ 00000000027c2840] Task finished with error code: -22 (Invalid argument)
[vf#0:0 @ 00000000027c2840] Terminating thread with return code -22 (Invalid argument)
[vost#0:0/mjpeg @ 00000000027c1fc0] Could not open encoder before EOF
[vost#0:0/mjpeg @ 00000000027c1fc0] Task finished with error code: -22 (Invalid argument)
[vost#0:0/mjpeg @ 00000000027c1fc0] Terminating thread with return code -22 (Invalid argument)
[out#0/image2 @ 0000000002724b80] Nothing was written into output file, because at least one of its streams received no packets.
frame=    0 fps=0.0 q=0.0 Lsize=       0KiB time=N/A bitrate=N/A speed=N/A    
Conversion failed!

2025-05-26T06:02:00.335Z [ERROR] STDERR: ffmpeg version 7.1.1-essentials_build-www.gyan.dev Copyright (c) 2000-2025 the FFmpeg developers
  built with gcc 14.2.0 (Rev1, Built by MSYS2 project)
  configuration: --enable-gpl --enable-version3 --enable-static --disable-w32threads --disable-autodetect --enable-fontconfig --enable-iconv --enable-gnutls --enable-libxml2 --enable-gmp --enable-bzlib --enable-lzma --enable-zlib --enable-libsrt --enable-libssh --enable-libzmq --enable-avisynth --enable-sdl2 --enable-libwebp --enable-libx264 --enable-libx265 --enable-libxvid --enable-libaom --enable-libopenjpeg --enable-libvpx --enable-mediafoundation --enable-libass --enable-libfreetype --enable-libfribidi --enable-libharfbuzz --enable-libvidstab --enable-libvmaf --enable-libzimg --enable-amf --enable-cuda-llvm --enable-cuvid --enable-dxva2 --enable-d3d11va --enable-d3d12va --enable-ffnvcodec --enable-libvpl --enable-nvdec --enable-nvenc --enable-vaapi --enable-libgme --enable-libopenmpt --enable-libopencore-amrwb --enable-libmp3lame --enable-libtheora --enable-libvo-amrwbenc --enable-libgsm --enable-libopencore-amrnb --enable-libopus --enable-libspeex --enable-libvorbis --enable-librubberband
  libavutil      59. 39.100 / 59. 39.100
  libavcodec     61. 19.101 / 61. 19.101
  libavformat    61.  7.100 / 61.  7.100
  libavdevice    61.  3.100 / 61.  3.100
  libavfilter    10.  4.100 / 10.  4.100
  libswscale      8.  3.100 /  8.  3.100
  libswresample   5.  3.100 /  5.  3.100
  libpostproc    58.  3.100 / 58.  3.100
Input #0, mov,mp4,m4a,3gp,3g2,mj2, from 'D:\Users\Videos\测试\LUXU-1234 好好好.avi':
  Metadata:
    major_brand     : isom
    minor_version   : 512
    compatible_brands: isomiso2mp41
    creation_time   : 1970-01-01T00:00:00.000000Z
    encoder         : Lavf53.24.2
  Duration: 00:00:06.40, start: 0.000000, bitrate: 1321 kb/s
  Stream #0:0[0x1](und): Video: mpeg4 (Simple Profile) (mp4v / 0x7634706D), yuv420p, 640x368 [SAR 1:1 DAR 40:23], 932 kb/s, 25 fps, 25 tbr, 12800 tbn (default)
      Metadata:
        creation_time   : 1970-01-01T00:00:00.000000Z
        handler_name    : VideoHandler
        vendor_id       : [0][0][0][0]
  Stream #0:1[0x2](und): Audio: aac (LC) (mp4a / 0x6134706D), 48000 Hz, 5.1, fltp, 383 kb/s (default)
      Metadata:
        creation_time   : 1970-01-01T00:00:00.000000Z
        handler_name    : SoundHandler
        vendor_id       : [0][0][0][0]
Stream mapping:
  Stream #0:0 -> #0:0 (mpeg4 (native) -> mjpeg (native))
Press [q] to stop, [?] for help
[vf#0:0 @ 00000000027e0440] No filtered frames for output stream, trying to initialize anyway.
[mjpeg @ 00000000027c2240] Non full-range YUV is non-standard, set strict_std_compliance to at most unofficial to use it.
[vost#0:0/mjpeg @ 00000000027c1fc0] Error while opening encoder - maybe incorrect parameters such as bit_rate, rate, width or height.
[vf#0:0 @ 00000000027c2840] Task finished with error code: -22 (Invalid argument)
[vf#0:0 @ 00000000027c2840] Terminating thread with return code -22 (Invalid argument)
[vost#0:0/mjpeg @ 00000000027c1fc0] Could not open encoder before EOF
[vost#0:0/mjpeg @ 00000000027c1fc0] Task finished with error code: -22 (Invalid argument)
[vost#0:0/mjpeg @ 00000000027c1fc0] Terminating thread with return code -22 (Invalid argument)
[out#0/image2 @ 0000000002724b80] Nothing was written into output file, because at least one of its streams received no packets.
frame=    0 fps=0.0 q=0.0 Lsize=       0KiB time=N/A bitrate=N/A speed=N/A    
Conversion failed!

2025-05-26T06:02:00.339Z [ERROR] 直接ffmpeg命令生成缩略图失败: Command failed: D:\code\cursor\looklook\node_modules\ffmpeg-static\ffmpeg.exe -ss 00:00:41 -i D:\Users\Videos\测试\LUXU-1234 好好好.avi -vframes 1 -s 320x180 -y D:\code\cursor\looklook\userdata\thumbnails\1748239320054-RDpcVXNl.jpg
ffmpeg version 7.1.1-essentials_build-www.gyan.dev Copyright (c) 2000-2025 the FFmpeg developers
  built with gcc 14.2.0 (Rev1, Built by MSYS2 project)
  configuration: --enable-gpl --enable-version3 --enable-static --disable-w32threads --disable-autodetect --enable-fontconfig --enable-iconv --enable-gnutls --enable-libxml2 --enable-gmp --enable-bzlib --enable-lzma --enable-zlib --enable-libsrt --enable-libssh --enable-libzmq --enable-avisynth --enable-sdl2 --enable-libwebp --enable-libx264 --enable-libx265 --enable-libxvid --enable-libaom --enable-libopenjpeg --enable-libvpx --enable-mediafoundation --enable-libass --enable-libfreetype --enable-libfribidi --enable-libharfbuzz --enable-libvidstab --enable-libvmaf --enable-libzimg --enable-amf --enable-cuda-llvm --enable-cuvid --enable-dxva2 --enable-d3d11va --enable-d3d12va --enable-ffnvcodec --enable-libvpl --enable-nvdec --enable-nvenc --enable-vaapi --enable-libgme --enable-libopenmpt --enable-libopencore-amrwb --enable-libmp3lame --enable-libtheora --enable-libvo-amrwbenc --enable-libgsm --enable-libopencore-amrnb --enable-libopus --enable-libspeex --enable-libvorbis --enable-librubberband
  libavutil      59. 39.100 / 59. 39.100
  libavcodec     61. 19.101 / 61. 19.101
  libavformat    61.  7.100 / 61.  7.100
  libavdevice    61.  3.100 / 61.  3.100
  libavfilter    10.  4.100 / 10.  4.100
  libswscale      8.  3.100 /  8.  3.100
  libswresample   5.  3.100 /  5.  3.100
  libpostproc    58.  3.100 / 58.  3.100
Input #0, mov,mp4,m4a,3gp,3g2,mj2, from 'D:\Users\Videos\测试\LUXU-1234 好好好.avi':
  Metadata:
    major_brand     : isom
    minor_version   : 512
    compatible_brands: isomiso2mp41
    creation_time   : 1970-01-01T00:00:00.000000Z
    encoder         : Lavf53.24.2
  Duration: 00:00:06.40, start: 0.000000, bitrate: 1321 kb/s
  Stream #0:0[0x1](und): Video: mpeg4 (Simple Profile) (mp4v / 0x7634706D), yuv420p, 640x368 [SAR 1:1 DAR 40:23], 932 kb/s, 25 fps, 25 tbr, 12800 tbn (default)
      Metadata:
        creation_time   : 1970-01-01T00:00:00.000000Z
        handler_name    : VideoHandler
        vendor_id       : [0][0][0][0]
  Stream #0:1[0x2](und): Audio: aac (LC) (mp4a / 0x6134706D), 48000 Hz, 5.1, fltp, 383 kb/s (default)
      Metadata:
        creation_time   : 1970-01-01T00:00:00.000000Z
        handler_name    : SoundHandler
        vendor_id       : [0][0][0][0]
Stream mapping:
  Stream #0:0 -> #0:0 (mpeg4 (native) -> mjpeg (native))
Press [q] to stop, [?] for help
[vf#0:0 @ 00000000027e0440] No filtered frames for output stream, trying to initialize anyway.
[mjpeg @ 00000000027c2240] Non full-range YUV is non-standard, set strict_std_compliance to at most unofficial to use it.
[vost#0:0/mjpeg @ 00000000027c1fc0] Error while opening encoder - maybe incorrect parameters such as bit_rate, rate, width or height.
[vf#0:0 @ 00000000027c2840] Task finished with error code: -22 (Invalid argument)
[vf#0:0 @ 00000000027c2840] Terminating thread with return code -22 (Invalid argument)
[vost#0:0/mjpeg @ 00000000027c1fc0] Could not open encoder before EOF
[vost#0:0/mjpeg @ 00000000027c1fc0] Task finished with error code: -22 (Invalid argument)
[vost#0:0/mjpeg @ 00000000027c1fc0] Terminating thread with return code -22 (Invalid argument)
[out#0/image2 @ 0000000002724b80] Nothing was written into output file, because at least one of its streams received no packets.
frame=    0 fps=0.0 q=0.0 Lsize=       0KiB time=N/A bitrate=N/A speed=N/A    
Conversion failed!

2025-05-26T06:02:00.340Z [LOG] 尝试使用直接命令行方式生成缩略图
2025-05-26T06:02:00.340Z [LOG] 直接获取视频时长（秒数）
2025-05-26T06:02:00.341Z [PATH] 尝试获取FFprobe路径
2025-05-26T06:02:00.341Z [LOG] 使用配置的FFprobe路径: D:\code\cursor\looklook\node_modules\ffprobe-static\bin\win32\x64\ffprobe.exe
2025-05-26T06:02:00.341Z [PATH] 使用配置的FFprobe路径: D:\code\cursor\looklook\node_modules\ffprobe-static\bin\win32\x64\ffprobe.exe
2025-05-26T06:02:00.342Z [LOG] 在开发环境中使用ffprobe路径: D:\code\cursor\looklook\node_modules\ffprobe-static\bin\win32\x64\ffprobe.exe
2025-05-26T06:02:00.342Z [LOG] 执行命令: D:\code\cursor\looklook\node_modules\ffprobe-static\bin\win32\x64\ffprobe.exe -v error -show_entries format=duration -of default=noprint_wrappers=1:nokey=1 D:\Users\Videos\测试\LUXU-1234 好好好.avi
2025-05-26T06:02:00.400Z [LOG] 时长命令输出: 6.400000
2025-05-26T06:02:00.401Z [LOG] 成功获取视频时长: 6.4 秒
2025-05-26T06:02:00.401Z [LOG] 获取到视频时长: 6.4 秒, 准备截取缩略图
2025-05-26T06:02:00.401Z [LOG] 将在视频的 3 秒处截取缩略图 (随机生成)
2025-05-26T06:02:00.402Z [PATH] 尝试获取FFmpeg路径
2025-05-26T06:02:00.402Z [LOG] 使用配置的FFmpeg路径: D:\code\cursor\looklook\node_modules\ffmpeg-static\ffmpeg.exe
2025-05-26T06:02:00.402Z [PATH] 使用配置的FFmpeg路径: D:\code\cursor\looklook\node_modules\ffmpeg-static\ffmpeg.exe
2025-05-26T06:02:00.402Z [LOG] 执行命令: D:\code\cursor\looklook\node_modules\ffmpeg-static\ffmpeg.exe -i D:\Users\Videos\测试\LUXU-1234 好好好.avi -ss 3 -vframes 1 -s 320x180 -y D:\code\cursor\looklook\userdata\thumbnails\1748239320054-RDpcVXNl.jpg
2025-05-26T06:02:00.478Z [LOG] 命令行方式成功生成缩略图: D:\code\cursor\looklook\userdata\thumbnails\1748239320054-RDpcVXNl.jpg
2025-05-26T06:02:00.478Z [LOG] 通过多步骤方法成功生成缩略图
2025-05-26T06:02:00.479Z [LOG] 设置已加载
2025-05-26T06:02:00.479Z [LOG] 获取视频分辨率: D:\Users\Videos\测试\PRED-777 dsfafsdfs.mp4
2025-05-26T06:02:00.479Z [MAIN] 开始获取视频分辨率: D:\Users\Videos\测试\PRED-777 dsfafsdfs.mp4
2025-05-26T06:02:00.479Z [LOG] 直接获取视频分辨率
2025-05-26T06:02:00.479Z [RESOLUTION] 开始获取视频分辨率: D:\Users\Videos\测试\PRED-777 dsfafsdfs.mp4
2025-05-26T06:02:00.480Z [PATH] 尝试获取FFprobe路径
2025-05-26T06:02:00.480Z [LOG] 使用配置的FFprobe路径: D:\code\cursor\looklook\node_modules\ffprobe-static\bin\win32\x64\ffprobe.exe
2025-05-26T06:02:00.480Z [PATH] 使用配置的FFprobe路径: D:\code\cursor\looklook\node_modules\ffprobe-static\bin\win32\x64\ffprobe.exe
2025-05-26T06:02:00.480Z [RESOLUTION] 在开发环境中使用ffprobe路径: D:\code\cursor\looklook\node_modules\ffprobe-static\bin\win32\x64\ffprobe.exe
2025-05-26T06:02:00.480Z [RESOLUTION] 检查ffprobe可执行文件是否存在: true
2025-05-26T06:02:00.480Z [LOG] 执行命令: "D:\code\cursor\looklook\node_modules\ffprobe-static\bin\win32\x64\ffprobe.exe" -v error -select_streams v:0 -show_entries stream=width,height -of csv=s=x:p=0 "D:\Users\Videos\测试\PRED-777 dsfafsdfs.mp4"
2025-05-26T06:02:00.480Z [RESOLUTION] 开始执行命令获取分辨率: "D:\code\cursor\looklook\node_modules\ffprobe-static\bin\win32\x64\ffprobe.exe" -v error -select_streams v:0 -show_entries stream=width,height -of csv=s=x:p=0 "D:\Users\Videos\测试\PRED-777 dsfafsdfs.mp4"
2025-05-26T06:02:00.544Z [RESOLUTION] 命令输出: "320x240"
2025-05-26T06:02:00.545Z [LOG] 成功解析分辨率: 320×240
2025-05-26T06:02:00.545Z [RESOLUTION] 成功解析分辨率: 320×240
2025-05-26T06:02:00.545Z [LOG] 获取视频时长: D:\Users\Videos\测试\PRED-777 dsfafsdfs.mp4
2025-05-26T06:02:00.545Z [MAIN] 开始获取视频时长: D:\Users\Videos\测试\PRED-777 dsfafsdfs.mp4
2025-05-26T06:02:00.546Z [LOG] 直接获取视频时长
2025-05-26T06:02:00.546Z [DURATION] 开始获取视频时长: D:\Users\Videos\测试\PRED-777 dsfafsdfs.mp4
2025-05-26T06:02:00.546Z [PATH] 尝试获取FFprobe路径
2025-05-26T06:02:00.546Z [LOG] 使用配置的FFprobe路径: D:\code\cursor\looklook\node_modules\ffprobe-static\bin\win32\x64\ffprobe.exe
2025-05-26T06:02:00.546Z [PATH] 使用配置的FFprobe路径: D:\code\cursor\looklook\node_modules\ffprobe-static\bin\win32\x64\ffprobe.exe
2025-05-26T06:02:00.546Z [DURATION] 在开发环境中使用ffprobe路径: D:\code\cursor\looklook\node_modules\ffprobe-static\bin\win32\x64\ffprobe.exe
2025-05-26T06:02:00.546Z [DURATION] 检查ffprobe可执行文件是否存在: true
2025-05-26T06:02:00.546Z [LOG] 执行命令: "D:\code\cursor\looklook\node_modules\ffprobe-static\bin\win32\x64\ffprobe.exe" -v error -show_entries format=duration -of default=noprint_wrappers=1:nokey=1 "D:\Users\Videos\测试\PRED-777 dsfafsdfs.mp4"
2025-05-26T06:02:00.546Z [DURATION] 开始执行命令获取时长: "D:\code\cursor\looklook\node_modules\ffprobe-static\bin\win32\x64\ffprobe.exe" -v error -show_entries format=duration -of default=noprint_wrappers=1:nokey=1 "D:\Users\Videos\测试\PRED-777 dsfafsdfs.mp4"
2025-05-26T06:02:00.612Z [DURATION] 命令输出: "245.291000"
2025-05-26T06:02:00.612Z [LOG] 成功解析时长: 00:04:05
2025-05-26T06:02:00.612Z [DURATION] 成功解析时长: 00:04:05
2025-05-26T06:02:00.613Z [LOG] 开始生成缩略图，视频路径: D:\Users\Videos\测试\PRED-777 dsfafsdfs.mp4
2025-05-26T06:02:00.613Z [LOG] 缩略图输出路径: D:\code\cursor\looklook\userdata\thumbnails\1748239321321-RDpcVXNl.jpg
2025-05-26T06:02:00.614Z [LOG] 生成随机时间点: 00:00:28
2025-05-26T06:02:00.614Z [LOG] 使用直接命令行ffmpeg生成缩略图
2025-05-26T06:02:00.614Z [PATH] 尝试获取FFmpeg路径
2025-05-26T06:02:00.614Z [LOG] 使用配置的FFmpeg路径: D:\code\cursor\looklook\node_modules\ffmpeg-static\ffmpeg.exe
2025-05-26T06:02:00.614Z [PATH] 使用配置的FFmpeg路径: D:\code\cursor\looklook\node_modules\ffmpeg-static\ffmpeg.exe
2025-05-26T06:02:00.614Z [LOG] 将使用时间点 00:00:28 生成缩略图
2025-05-26T06:02:00.615Z [LOG] 执行命令: D:\code\cursor\looklook\node_modules\ffmpeg-static\ffmpeg.exe -ss 00:00:28 -i D:\Users\Videos\测试\PRED-777 dsfafsdfs.mp4 -vframes 1 -s 320x180 -y D:\code\cursor\looklook\userdata\thumbnails\1748239321321-RDpcVXNl.jpg
2025-05-26T06:02:00.698Z [LOG] 直接ffmpeg成功生成缩略图: D:\code\cursor\looklook\userdata\thumbnails\1748239321321-RDpcVXNl.jpg
2025-05-26T06:02:00.698Z [LOG] 通过直接ffmpeg命令生成缩略图成功
2025-05-26T06:02:00.699Z [LOG] 设置已加载
2025-05-26T06:02:00.699Z [LOG] 获取视频分辨率: D:\Users\Videos\测试\SampleVideo_1280x720_10mb.flv
2025-05-26T06:02:00.699Z [MAIN] 开始获取视频分辨率: D:\Users\Videos\测试\SampleVideo_1280x720_10mb.flv
2025-05-26T06:02:00.700Z [LOG] 直接获取视频分辨率
2025-05-26T06:02:00.700Z [RESOLUTION] 开始获取视频分辨率: D:\Users\Videos\测试\SampleVideo_1280x720_10mb.flv
2025-05-26T06:02:00.700Z [PATH] 尝试获取FFprobe路径
2025-05-26T06:02:00.700Z [LOG] 使用配置的FFprobe路径: D:\code\cursor\looklook\node_modules\ffprobe-static\bin\win32\x64\ffprobe.exe
2025-05-26T06:02:00.700Z [PATH] 使用配置的FFprobe路径: D:\code\cursor\looklook\node_modules\ffprobe-static\bin\win32\x64\ffprobe.exe
2025-05-26T06:02:00.700Z [RESOLUTION] 在开发环境中使用ffprobe路径: D:\code\cursor\looklook\node_modules\ffprobe-static\bin\win32\x64\ffprobe.exe
2025-05-26T06:02:00.700Z [RESOLUTION] 检查ffprobe可执行文件是否存在: true
2025-05-26T06:02:00.700Z [LOG] 执行命令: "D:\code\cursor\looklook\node_modules\ffprobe-static\bin\win32\x64\ffprobe.exe" -v error -select_streams v:0 -show_entries stream=width,height -of csv=s=x:p=0 "D:\Users\Videos\测试\SampleVideo_1280x720_10mb.flv"
2025-05-26T06:02:00.701Z [RESOLUTION] 开始执行命令获取分辨率: "D:\code\cursor\looklook\node_modules\ffprobe-static\bin\win32\x64\ffprobe.exe" -v error -select_streams v:0 -show_entries stream=width,height -of csv=s=x:p=0 "D:\Users\Videos\测试\SampleVideo_1280x720_10mb.flv"
2025-05-26T06:02:00.764Z [RESOLUTION] 命令输出: "1280x720"
2025-05-26T06:02:00.764Z [LOG] 成功解析分辨率: 1280×720
2025-05-26T06:02:00.764Z [RESOLUTION] 成功解析分辨率: 1280×720
2025-05-26T06:02:00.764Z [LOG] 获取视频时长: D:\Users\Videos\测试\SampleVideo_1280x720_10mb.flv
2025-05-26T06:02:00.764Z [MAIN] 开始获取视频时长: D:\Users\Videos\测试\SampleVideo_1280x720_10mb.flv
2025-05-26T06:02:00.765Z [LOG] 直接获取视频时长
2025-05-26T06:02:00.765Z [DURATION] 开始获取视频时长: D:\Users\Videos\测试\SampleVideo_1280x720_10mb.flv
2025-05-26T06:02:00.765Z [PATH] 尝试获取FFprobe路径
2025-05-26T06:02:00.765Z [LOG] 使用配置的FFprobe路径: D:\code\cursor\looklook\node_modules\ffprobe-static\bin\win32\x64\ffprobe.exe
2025-05-26T06:02:00.765Z [PATH] 使用配置的FFprobe路径: D:\code\cursor\looklook\node_modules\ffprobe-static\bin\win32\x64\ffprobe.exe
2025-05-26T06:02:00.765Z [DURATION] 在开发环境中使用ffprobe路径: D:\code\cursor\looklook\node_modules\ffprobe-static\bin\win32\x64\ffprobe.exe
2025-05-26T06:02:00.766Z [DURATION] 检查ffprobe可执行文件是否存在: true
2025-05-26T06:02:00.766Z [LOG] 执行命令: "D:\code\cursor\looklook\node_modules\ffprobe-static\bin\win32\x64\ffprobe.exe" -v error -show_entries format=duration -of default=noprint_wrappers=1:nokey=1 "D:\Users\Videos\测试\SampleVideo_1280x720_10mb.flv"
2025-05-26T06:02:00.766Z [DURATION] 开始执行命令获取时长: "D:\code\cursor\looklook\node_modules\ffprobe-static\bin\win32\x64\ffprobe.exe" -v error -show_entries format=duration -of default=noprint_wrappers=1:nokey=1 "D:\Users\Videos\测试\SampleVideo_1280x720_10mb.flv"
2025-05-26T06:02:00.828Z [DURATION] 命令输出: "54.082000"
2025-05-26T06:02:00.829Z [LOG] 成功解析时长: 00:00:54
2025-05-26T06:02:00.829Z [DURATION] 成功解析时长: 00:00:54
2025-05-26T06:02:00.829Z [LOG] 开始生成缩略图，视频路径: D:\Users\Videos\测试\SampleVideo_1280x720_10mb.flv
2025-05-26T06:02:00.829Z [LOG] 缩略图输出路径: D:\code\cursor\looklook\userdata\thumbnails\1748239321235-RDpcVXNl.jpg
2025-05-26T06:02:00.830Z [LOG] 生成随机时间点: 00:00:17
2025-05-26T06:02:00.830Z [LOG] 使用直接命令行ffmpeg生成缩略图
2025-05-26T06:02:00.830Z [PATH] 尝试获取FFmpeg路径
2025-05-26T06:02:00.830Z [LOG] 使用配置的FFmpeg路径: D:\code\cursor\looklook\node_modules\ffmpeg-static\ffmpeg.exe
2025-05-26T06:02:00.831Z [PATH] 使用配置的FFmpeg路径: D:\code\cursor\looklook\node_modules\ffmpeg-static\ffmpeg.exe
2025-05-26T06:02:00.831Z [LOG] 将使用时间点 00:00:17 生成缩略图
2025-05-26T06:02:00.831Z [LOG] 执行命令: D:\code\cursor\looklook\node_modules\ffmpeg-static\ffmpeg.exe -ss 00:00:17 -i D:\Users\Videos\测试\SampleVideo_1280x720_10mb.flv -vframes 1 -s 320x180 -y D:\code\cursor\looklook\userdata\thumbnails\1748239321235-RDpcVXNl.jpg
2025-05-26T06:02:00.970Z [LOG] 直接ffmpeg成功生成缩略图: D:\code\cursor\looklook\userdata\thumbnails\1748239321235-RDpcVXNl.jpg
2025-05-26T06:02:00.971Z [LOG] 通过直接ffmpeg命令生成缩略图成功
2025-05-26T06:02:00.971Z [LOG] 设置已加载
2025-05-26T06:02:00.971Z [LOG] 获取视频分辨率: D:\Users\Videos\测试\SampleVideo_1280x720_10mb.mkv
2025-05-26T06:02:00.972Z [MAIN] 开始获取视频分辨率: D:\Users\Videos\测试\SampleVideo_1280x720_10mb.mkv
2025-05-26T06:02:00.972Z [LOG] 直接获取视频分辨率
2025-05-26T06:02:00.972Z [RESOLUTION] 开始获取视频分辨率: D:\Users\Videos\测试\SampleVideo_1280x720_10mb.mkv
2025-05-26T06:02:00.972Z [PATH] 尝试获取FFprobe路径
2025-05-26T06:02:00.972Z [LOG] 使用配置的FFprobe路径: D:\code\cursor\looklook\node_modules\ffprobe-static\bin\win32\x64\ffprobe.exe
2025-05-26T06:02:00.972Z [PATH] 使用配置的FFprobe路径: D:\code\cursor\looklook\node_modules\ffprobe-static\bin\win32\x64\ffprobe.exe
2025-05-26T06:02:00.972Z [RESOLUTION] 在开发环境中使用ffprobe路径: D:\code\cursor\looklook\node_modules\ffprobe-static\bin\win32\x64\ffprobe.exe
2025-05-26T06:02:00.973Z [RESOLUTION] 检查ffprobe可执行文件是否存在: true
2025-05-26T06:02:00.973Z [LOG] 执行命令: "D:\code\cursor\looklook\node_modules\ffprobe-static\bin\win32\x64\ffprobe.exe" -v error -select_streams v:0 -show_entries stream=width,height -of csv=s=x:p=0 "D:\Users\Videos\测试\SampleVideo_1280x720_10mb.mkv"
2025-05-26T06:02:00.973Z [RESOLUTION] 开始执行命令获取分辨率: "D:\code\cursor\looklook\node_modules\ffprobe-static\bin\win32\x64\ffprobe.exe" -v error -select_streams v:0 -show_entries stream=width,height -of csv=s=x:p=0 "D:\Users\Videos\测试\SampleVideo_1280x720_10mb.mkv"
2025-05-26T06:02:01.035Z [RESOLUTION] 命令输出: "1280x720"
2025-05-26T06:02:01.036Z [LOG] 成功解析分辨率: 1280×720
2025-05-26T06:02:01.036Z [RESOLUTION] 成功解析分辨率: 1280×720
2025-05-26T06:02:01.036Z [LOG] 获取视频时长: D:\Users\Videos\测试\SampleVideo_1280x720_10mb.mkv
2025-05-26T06:02:01.036Z [MAIN] 开始获取视频时长: D:\Users\Videos\测试\SampleVideo_1280x720_10mb.mkv
2025-05-26T06:02:01.036Z [LOG] 直接获取视频时长
2025-05-26T06:02:01.037Z [DURATION] 开始获取视频时长: D:\Users\Videos\测试\SampleVideo_1280x720_10mb.mkv
2025-05-26T06:02:01.037Z [PATH] 尝试获取FFprobe路径
2025-05-26T06:02:01.037Z [LOG] 使用配置的FFprobe路径: D:\code\cursor\looklook\node_modules\ffprobe-static\bin\win32\x64\ffprobe.exe
2025-05-26T06:02:01.037Z [PATH] 使用配置的FFprobe路径: D:\code\cursor\looklook\node_modules\ffprobe-static\bin\win32\x64\ffprobe.exe
2025-05-26T06:02:01.037Z [DURATION] 在开发环境中使用ffprobe路径: D:\code\cursor\looklook\node_modules\ffprobe-static\bin\win32\x64\ffprobe.exe
2025-05-26T06:02:01.037Z [DURATION] 检查ffprobe可执行文件是否存在: true
2025-05-26T06:02:01.038Z [LOG] 执行命令: "D:\code\cursor\looklook\node_modules\ffprobe-static\bin\win32\x64\ffprobe.exe" -v error -show_entries format=duration -of default=noprint_wrappers=1:nokey=1 "D:\Users\Videos\测试\SampleVideo_1280x720_10mb.mkv"
2025-05-26T06:02:01.038Z [DURATION] 开始执行命令获取时长: "D:\code\cursor\looklook\node_modules\ffprobe-static\bin\win32\x64\ffprobe.exe" -v error -show_entries format=duration -of default=noprint_wrappers=1:nokey=1 "D:\Users\Videos\测试\SampleVideo_1280x720_10mb.mkv"
2025-05-26T06:02:01.101Z [DURATION] 命令输出: "56.200000"
2025-05-26T06:02:01.102Z [LOG] 成功解析时长: 00:00:56
2025-05-26T06:02:01.102Z [DURATION] 成功解析时长: 00:00:56
2025-05-26T06:02:01.102Z [LOG] 开始生成缩略图，视频路径: D:\Users\Videos\测试\SampleVideo_1280x720_10mb.mkv
2025-05-26T06:02:01.102Z [LOG] 缩略图输出路径: D:\code\cursor\looklook\userdata\thumbnails\1748239321161-RDpcVXNl.jpg
2025-05-26T06:02:01.103Z [LOG] 生成随机时间点: 00:00:31
2025-05-26T06:02:01.103Z [LOG] 使用直接命令行ffmpeg生成缩略图
2025-05-26T06:02:01.103Z [PATH] 尝试获取FFmpeg路径
2025-05-26T06:02:01.103Z [LOG] 使用配置的FFmpeg路径: D:\code\cursor\looklook\node_modules\ffmpeg-static\ffmpeg.exe
2025-05-26T06:02:01.103Z [PATH] 使用配置的FFmpeg路径: D:\code\cursor\looklook\node_modules\ffmpeg-static\ffmpeg.exe
2025-05-26T06:02:01.104Z [LOG] 将使用时间点 00:00:31 生成缩略图
2025-05-26T06:02:01.104Z [LOG] 执行命令: D:\code\cursor\looklook\node_modules\ffmpeg-static\ffmpeg.exe -ss 00:00:31 -i D:\Users\Videos\测试\SampleVideo_1280x720_10mb.mkv -vframes 1 -s 320x180 -y D:\code\cursor\looklook\userdata\thumbnails\1748239321161-RDpcVXNl.jpg
2025-05-26T06:02:01.191Z [LOG] 直接ffmpeg成功生成缩略图: D:\code\cursor\looklook\userdata\thumbnails\1748239321161-RDpcVXNl.jpg
2025-05-26T06:02:01.191Z [LOG] 通过直接ffmpeg命令生成缩略图成功
2025-05-26T06:02:01.192Z [LOG] 设置已加载
2025-05-26T06:02:01.192Z [LOG] 获取视频分辨率: D:\Users\Videos\测试\SampleVideo_1280x720_10mb.mp4
2025-05-26T06:02:01.192Z [MAIN] 开始获取视频分辨率: D:\Users\Videos\测试\SampleVideo_1280x720_10mb.mp4
2025-05-26T06:02:01.192Z [LOG] 直接获取视频分辨率
2025-05-26T06:02:01.192Z [RESOLUTION] 开始获取视频分辨率: D:\Users\Videos\测试\SampleVideo_1280x720_10mb.mp4
2025-05-26T06:02:01.192Z [PATH] 尝试获取FFprobe路径
2025-05-26T06:02:01.193Z [LOG] 使用配置的FFprobe路径: D:\code\cursor\looklook\node_modules\ffprobe-static\bin\win32\x64\ffprobe.exe
2025-05-26T06:02:01.193Z [PATH] 使用配置的FFprobe路径: D:\code\cursor\looklook\node_modules\ffprobe-static\bin\win32\x64\ffprobe.exe
2025-05-26T06:02:01.193Z [RESOLUTION] 在开发环境中使用ffprobe路径: D:\code\cursor\looklook\node_modules\ffprobe-static\bin\win32\x64\ffprobe.exe
2025-05-26T06:02:01.193Z [RESOLUTION] 检查ffprobe可执行文件是否存在: true
2025-05-26T06:02:01.193Z [LOG] 执行命令: "D:\code\cursor\looklook\node_modules\ffprobe-static\bin\win32\x64\ffprobe.exe" -v error -select_streams v:0 -show_entries stream=width,height -of csv=s=x:p=0 "D:\Users\Videos\测试\SampleVideo_1280x720_10mb.mp4"
2025-05-26T06:02:01.193Z [RESOLUTION] 开始执行命令获取分辨率: "D:\code\cursor\looklook\node_modules\ffprobe-static\bin\win32\x64\ffprobe.exe" -v error -select_streams v:0 -show_entries stream=width,height -of csv=s=x:p=0 "D:\Users\Videos\测试\SampleVideo_1280x720_10mb.mp4"
2025-05-26T06:02:01.264Z [RESOLUTION] 命令输出: "1280x720"
2025-05-26T06:02:01.264Z [LOG] 成功解析分辨率: 1280×720
2025-05-26T06:02:01.265Z [RESOLUTION] 成功解析分辨率: 1280×720
2025-05-26T06:02:01.265Z [LOG] 获取视频时长: D:\Users\Videos\测试\SampleVideo_1280x720_10mb.mp4
2025-05-26T06:02:01.265Z [MAIN] 开始获取视频时长: D:\Users\Videos\测试\SampleVideo_1280x720_10mb.mp4
2025-05-26T06:02:01.265Z [LOG] 直接获取视频时长
2025-05-26T06:02:01.265Z [DURATION] 开始获取视频时长: D:\Users\Videos\测试\SampleVideo_1280x720_10mb.mp4
2025-05-26T06:02:01.265Z [PATH] 尝试获取FFprobe路径
2025-05-26T06:02:01.266Z [LOG] 使用配置的FFprobe路径: D:\code\cursor\looklook\node_modules\ffprobe-static\bin\win32\x64\ffprobe.exe
2025-05-26T06:02:01.266Z [PATH] 使用配置的FFprobe路径: D:\code\cursor\looklook\node_modules\ffprobe-static\bin\win32\x64\ffprobe.exe
2025-05-26T06:02:01.266Z [DURATION] 在开发环境中使用ffprobe路径: D:\code\cursor\looklook\node_modules\ffprobe-static\bin\win32\x64\ffprobe.exe
2025-05-26T06:02:01.266Z [DURATION] 检查ffprobe可执行文件是否存在: true
2025-05-26T06:02:01.266Z [LOG] 执行命令: "D:\code\cursor\looklook\node_modules\ffprobe-static\bin\win32\x64\ffprobe.exe" -v error -show_entries format=duration -of default=noprint_wrappers=1:nokey=1 "D:\Users\Videos\测试\SampleVideo_1280x720_10mb.mp4"
2025-05-26T06:02:01.266Z [DURATION] 开始执行命令获取时长: "D:\code\cursor\looklook\node_modules\ffprobe-static\bin\win32\x64\ffprobe.exe" -v error -show_entries format=duration -of default=noprint_wrappers=1:nokey=1 "D:\Users\Videos\测试\SampleVideo_1280x720_10mb.mp4"
2025-05-26T06:02:01.337Z [DURATION] 命令输出: "62.315000"
2025-05-26T06:02:01.337Z [LOG] 成功解析时长: 00:01:02
2025-05-26T06:02:01.337Z [DURATION] 成功解析时长: 00:01:02
2025-05-26T06:02:01.338Z [LOG] 开始生成缩略图，视频路径: D:\Users\Videos\测试\SampleVideo_1280x720_10mb.mp4
2025-05-26T06:02:01.338Z [LOG] 缩略图输出路径: D:\code\cursor\looklook\userdata\thumbnails\1748239322019-RDpcVXNl.jpg
2025-05-26T06:02:01.339Z [LOG] 生成随机时间点: 00:00:41
2025-05-26T06:02:01.339Z [LOG] 使用直接命令行ffmpeg生成缩略图
2025-05-26T06:02:01.339Z [PATH] 尝试获取FFmpeg路径
2025-05-26T06:02:01.340Z [LOG] 使用配置的FFmpeg路径: D:\code\cursor\looklook\node_modules\ffmpeg-static\ffmpeg.exe
2025-05-26T06:02:01.340Z [PATH] 使用配置的FFmpeg路径: D:\code\cursor\looklook\node_modules\ffmpeg-static\ffmpeg.exe
2025-05-26T06:02:01.340Z [LOG] 将使用时间点 00:00:41 生成缩略图
2025-05-26T06:02:01.340Z [LOG] 执行命令: D:\code\cursor\looklook\node_modules\ffmpeg-static\ffmpeg.exe -ss 00:00:41 -i D:\Users\Videos\测试\SampleVideo_1280x720_10mb.mp4 -vframes 1 -s 320x180 -y D:\code\cursor\looklook\userdata\thumbnails\1748239322019-RDpcVXNl.jpg
2025-05-26T06:02:01.484Z [LOG] 直接ffmpeg成功生成缩略图: D:\code\cursor\looklook\userdata\thumbnails\1748239322019-RDpcVXNl.jpg
2025-05-26T06:02:01.484Z [LOG] 通过直接ffmpeg命令生成缩略图成功
2025-05-26T06:02:01.485Z [LOG] 设置已加载
2025-05-26T06:02:01.485Z [LOG] 获取视频分辨率: D:\Users\Videos\测试\SampleVideo_1280x720_1mb.flv
2025-05-26T06:02:01.485Z [MAIN] 开始获取视频分辨率: D:\Users\Videos\测试\SampleVideo_1280x720_1mb.flv
2025-05-26T06:02:01.485Z [LOG] 直接获取视频分辨率
2025-05-26T06:02:01.485Z [RESOLUTION] 开始获取视频分辨率: D:\Users\Videos\测试\SampleVideo_1280x720_1mb.flv
2025-05-26T06:02:01.485Z [PATH] 尝试获取FFprobe路径
2025-05-26T06:02:01.486Z [LOG] 使用配置的FFprobe路径: D:\code\cursor\looklook\node_modules\ffprobe-static\bin\win32\x64\ffprobe.exe
2025-05-26T06:02:01.486Z [PATH] 使用配置的FFprobe路径: D:\code\cursor\looklook\node_modules\ffprobe-static\bin\win32\x64\ffprobe.exe
2025-05-26T06:02:01.486Z [RESOLUTION] 在开发环境中使用ffprobe路径: D:\code\cursor\looklook\node_modules\ffprobe-static\bin\win32\x64\ffprobe.exe
2025-05-26T06:02:01.486Z [RESOLUTION] 检查ffprobe可执行文件是否存在: true
2025-05-26T06:02:01.486Z [LOG] 执行命令: "D:\code\cursor\looklook\node_modules\ffprobe-static\bin\win32\x64\ffprobe.exe" -v error -select_streams v:0 -show_entries stream=width,height -of csv=s=x:p=0 "D:\Users\Videos\测试\SampleVideo_1280x720_1mb.flv"
2025-05-26T06:02:01.486Z [RESOLUTION] 开始执行命令获取分辨率: "D:\code\cursor\looklook\node_modules\ffprobe-static\bin\win32\x64\ffprobe.exe" -v error -select_streams v:0 -show_entries stream=width,height -of csv=s=x:p=0 "D:\Users\Videos\测试\SampleVideo_1280x720_1mb.flv"
2025-05-26T06:02:01.546Z [RESOLUTION] 命令输出: "1280x720"
2025-05-26T06:02:01.547Z [LOG] 成功解析分辨率: 1280×720
2025-05-26T06:02:01.547Z [RESOLUTION] 成功解析分辨率: 1280×720
2025-05-26T06:02:01.547Z [LOG] 获取视频时长: D:\Users\Videos\测试\SampleVideo_1280x720_1mb.flv
2025-05-26T06:02:01.547Z [MAIN] 开始获取视频时长: D:\Users\Videos\测试\SampleVideo_1280x720_1mb.flv
2025-05-26T06:02:01.547Z [LOG] 直接获取视频时长
2025-05-26T06:02:01.548Z [DURATION] 开始获取视频时长: D:\Users\Videos\测试\SampleVideo_1280x720_1mb.flv
2025-05-26T06:02:01.548Z [PATH] 尝试获取FFprobe路径
2025-05-26T06:02:01.548Z [LOG] 使用配置的FFprobe路径: D:\code\cursor\looklook\node_modules\ffprobe-static\bin\win32\x64\ffprobe.exe
2025-05-26T06:02:01.548Z [PATH] 使用配置的FFprobe路径: D:\code\cursor\looklook\node_modules\ffprobe-static\bin\win32\x64\ffprobe.exe
2025-05-26T06:02:01.548Z [DURATION] 在开发环境中使用ffprobe路径: D:\code\cursor\looklook\node_modules\ffprobe-static\bin\win32\x64\ffprobe.exe
2025-05-26T06:02:01.548Z [DURATION] 检查ffprobe可执行文件是否存在: true
2025-05-26T06:02:01.548Z [LOG] 执行命令: "D:\code\cursor\looklook\node_modules\ffprobe-static\bin\win32\x64\ffprobe.exe" -v error -show_entries format=duration -of default=noprint_wrappers=1:nokey=1 "D:\Users\Videos\测试\SampleVideo_1280x720_1mb.flv"
2025-05-26T06:02:01.548Z [DURATION] 开始执行命令获取时长: "D:\code\cursor\looklook\node_modules\ffprobe-static\bin\win32\x64\ffprobe.exe" -v error -show_entries format=duration -of default=noprint_wrappers=1:nokey=1 "D:\Users\Videos\测试\SampleVideo_1280x720_1mb.flv"
2025-05-26T06:02:01.611Z [DURATION] 命令输出: "5.160000"
2025-05-26T06:02:01.612Z [LOG] 成功解析时长: 00:00:05
2025-05-26T06:02:01.612Z [DURATION] 成功解析时长: 00:00:05
2025-05-26T06:02:01.612Z [LOG] 开始生成缩略图，视频路径: D:\Users\Videos\测试\SampleVideo_1280x720_1mb.flv
2025-05-26T06:02:01.612Z [LOG] 缩略图输出路径: D:\code\cursor\looklook\userdata\thumbnails\1748239321966-RDpcVXNl.jpg
2025-05-26T06:02:01.613Z [LOG] 生成随机时间点: 00:00:54
2025-05-26T06:02:01.613Z [LOG] 使用直接命令行ffmpeg生成缩略图
2025-05-26T06:02:01.613Z [PATH] 尝试获取FFmpeg路径
2025-05-26T06:02:01.614Z [LOG] 使用配置的FFmpeg路径: D:\code\cursor\looklook\node_modules\ffmpeg-static\ffmpeg.exe
2025-05-26T06:02:01.614Z [PATH] 使用配置的FFmpeg路径: D:\code\cursor\looklook\node_modules\ffmpeg-static\ffmpeg.exe
2025-05-26T06:02:01.614Z [LOG] 将使用时间点 00:00:54 生成缩略图
2025-05-26T06:02:01.614Z [LOG] 执行命令: D:\code\cursor\looklook\node_modules\ffmpeg-static\ffmpeg.exe -ss 00:00:54 -i D:\Users\Videos\测试\SampleVideo_1280x720_1mb.flv -vframes 1 -s 320x180 -y D:\code\cursor\looklook\userdata\thumbnails\1748239321966-RDpcVXNl.jpg
2025-05-26T06:02:02.211Z [ERROR] 直接ffmpeg生成缩略图失败: Command failed: D:\code\cursor\looklook\node_modules\ffmpeg-static\ffmpeg.exe -ss 00:00:54 -i D:\Users\Videos\测试\SampleVideo_1280x720_1mb.flv -vframes 1 -s 320x180 -y D:\code\cursor\looklook\userdata\thumbnails\1748239321966-RDpcVXNl.jpg
ffmpeg version 7.1.1-essentials_build-www.gyan.dev Copyright (c) 2000-2025 the FFmpeg developers
  built with gcc 14.2.0 (Rev1, Built by MSYS2 project)
  configuration: --enable-gpl --enable-version3 --enable-static --disable-w32threads --disable-autodetect --enable-fontconfig --enable-iconv --enable-gnutls --enable-libxml2 --enable-gmp --enable-bzlib --enable-lzma --enable-zlib --enable-libsrt --enable-libssh --enable-libzmq --enable-avisynth --enable-sdl2 --enable-libwebp --enable-libx264 --enable-libx265 --enable-libxvid --enable-libaom --enable-libopenjpeg --enable-libvpx --enable-mediafoundation --enable-libass --enable-libfreetype --enable-libfribidi --enable-libharfbuzz --enable-libvidstab --enable-libvmaf --enable-libzimg --enable-amf --enable-cuda-llvm --enable-cuvid --enable-dxva2 --enable-d3d11va --enable-d3d12va --enable-ffnvcodec --enable-libvpl --enable-nvdec --enable-nvenc --enable-vaapi --enable-libgme --enable-libopenmpt --enable-libopencore-amrwb --enable-libmp3lame --enable-libtheora --enable-libvo-amrwbenc --enable-libgsm --enable-libopencore-amrnb --enable-libopus --enable-libspeex --enable-libvorbis --enable-librubberband
  libavutil      59. 39.100 / 59. 39.100
  libavcodec     61. 19.101 / 61. 19.101
  libavformat    61.  7.100 / 61.  7.100
  libavdevice    61.  3.100 / 61.  3.100
  libavfilter    10.  4.100 / 10.  4.100
  libswscale      8.  3.100 /  8.  3.100
  libswresample   5.  3.100 /  5.  3.100
  libpostproc    58.  3.100 / 58.  3.100
Input #0, flv, from 'D:\Users\Videos\测试\SampleVideo_1280x720_1mb.flv':
  Metadata:
    encoder         : Lavf53.24.2
  Duration: 00:00:05.16, start: 0.000000, bitrate: 1629 kb/s
  Stream #0:0: Audio: aac (LC), 48000 Hz, 5.1, fltp, 384 kb/s
  Stream #0:1: Video: flv1 (flv), yuv420p, 1280x720, 1200 kb/s, 1k fps, 25 tbr, 1k tbn
Stream mapping:
  Stream #0:1 -> #0:0 (flv1 (flv) -> mjpeg (native))
Press [q] to stop, [?] for help
[vf#0:0 @ 0000000002b30940] No filtered frames for output stream, trying to initialize anyway.
[mjpeg @ 0000000002b300c0] Non full-range YUV is non-standard, set strict_std_compliance to at most unofficial to use it.
[vost#0:0/mjpeg @ 00000000026f6900] Error while opening encoder - maybe incorrect parameters such as bit_rate, rate, width or height.
[vf#0:0 @ 0000000002b305c0] Task finished with error code: -22 (Invalid argument)
[vf#0:0 @ 0000000002b305c0] Terminating thread with return code -22 (Invalid argument)
[vost#0:0/mjpeg @ 00000000026f6900] Could not open encoder before EOF
[vost#0:0/mjpeg @ 00000000026f6900] Task finished with error code: -22 (Invalid argument)
[vost#0:0/mjpeg @ 00000000026f6900] Terminating thread with return code -22 (Invalid argument)
[out#0/image2 @ 00000000026e73c0] Nothing was written into output file, because at least one of its streams received no packets.
frame=    0 fps=0.0 q=0.0 Lsize=       0KiB time=N/A bitrate=N/A speed=N/A    
Conversion failed!

2025-05-26T06:02:02.216Z [ERROR] STDERR: ffmpeg version 7.1.1-essentials_build-www.gyan.dev Copyright (c) 2000-2025 the FFmpeg developers
  built with gcc 14.2.0 (Rev1, Built by MSYS2 project)
  configuration: --enable-gpl --enable-version3 --enable-static --disable-w32threads --disable-autodetect --enable-fontconfig --enable-iconv --enable-gnutls --enable-libxml2 --enable-gmp --enable-bzlib --enable-lzma --enable-zlib --enable-libsrt --enable-libssh --enable-libzmq --enable-avisynth --enable-sdl2 --enable-libwebp --enable-libx264 --enable-libx265 --enable-libxvid --enable-libaom --enable-libopenjpeg --enable-libvpx --enable-mediafoundation --enable-libass --enable-libfreetype --enable-libfribidi --enable-libharfbuzz --enable-libvidstab --enable-libvmaf --enable-libzimg --enable-amf --enable-cuda-llvm --enable-cuvid --enable-dxva2 --enable-d3d11va --enable-d3d12va --enable-ffnvcodec --enable-libvpl --enable-nvdec --enable-nvenc --enable-vaapi --enable-libgme --enable-libopenmpt --enable-libopencore-amrwb --enable-libmp3lame --enable-libtheora --enable-libvo-amrwbenc --enable-libgsm --enable-libopencore-amrnb --enable-libopus --enable-libspeex --enable-libvorbis --enable-librubberband
  libavutil      59. 39.100 / 59. 39.100
  libavcodec     61. 19.101 / 61. 19.101
  libavformat    61.  7.100 / 61.  7.100
  libavdevice    61.  3.100 / 61.  3.100
  libavfilter    10.  4.100 / 10.  4.100
  libswscale      8.  3.100 /  8.  3.100
  libswresample   5.  3.100 /  5.  3.100
  libpostproc    58.  3.100 / 58.  3.100
Input #0, flv, from 'D:\Users\Videos\测试\SampleVideo_1280x720_1mb.flv':
  Metadata:
    encoder         : Lavf53.24.2
  Duration: 00:00:05.16, start: 0.000000, bitrate: 1629 kb/s
  Stream #0:0: Audio: aac (LC), 48000 Hz, 5.1, fltp, 384 kb/s
  Stream #0:1: Video: flv1 (flv), yuv420p, 1280x720, 1200 kb/s, 1k fps, 25 tbr, 1k tbn
Stream mapping:
  Stream #0:1 -> #0:0 (flv1 (flv) -> mjpeg (native))
Press [q] to stop, [?] for help
[vf#0:0 @ 0000000002b30940] No filtered frames for output stream, trying to initialize anyway.
[mjpeg @ 0000000002b300c0] Non full-range YUV is non-standard, set strict_std_compliance to at most unofficial to use it.
[vost#0:0/mjpeg @ 00000000026f6900] Error while opening encoder - maybe incorrect parameters such as bit_rate, rate, width or height.
[vf#0:0 @ 0000000002b305c0] Task finished with error code: -22 (Invalid argument)
[vf#0:0 @ 0000000002b305c0] Terminating thread with return code -22 (Invalid argument)
[vost#0:0/mjpeg @ 00000000026f6900] Could not open encoder before EOF
[vost#0:0/mjpeg @ 00000000026f6900] Task finished with error code: -22 (Invalid argument)
[vost#0:0/mjpeg @ 00000000026f6900] Terminating thread with return code -22 (Invalid argument)
[out#0/image2 @ 00000000026e73c0] Nothing was written into output file, because at least one of its streams received no packets.
frame=    0 fps=0.0 q=0.0 Lsize=       0KiB time=N/A bitrate=N/A speed=N/A    
Conversion failed!

2025-05-26T06:02:02.219Z [ERROR] 直接ffmpeg命令生成缩略图失败: Command failed: D:\code\cursor\looklook\node_modules\ffmpeg-static\ffmpeg.exe -ss 00:00:54 -i D:\Users\Videos\测试\SampleVideo_1280x720_1mb.flv -vframes 1 -s 320x180 -y D:\code\cursor\looklook\userdata\thumbnails\1748239321966-RDpcVXNl.jpg
ffmpeg version 7.1.1-essentials_build-www.gyan.dev Copyright (c) 2000-2025 the FFmpeg developers
  built with gcc 14.2.0 (Rev1, Built by MSYS2 project)
  configuration: --enable-gpl --enable-version3 --enable-static --disable-w32threads --disable-autodetect --enable-fontconfig --enable-iconv --enable-gnutls --enable-libxml2 --enable-gmp --enable-bzlib --enable-lzma --enable-zlib --enable-libsrt --enable-libssh --enable-libzmq --enable-avisynth --enable-sdl2 --enable-libwebp --enable-libx264 --enable-libx265 --enable-libxvid --enable-libaom --enable-libopenjpeg --enable-libvpx --enable-mediafoundation --enable-libass --enable-libfreetype --enable-libfribidi --enable-libharfbuzz --enable-libvidstab --enable-libvmaf --enable-libzimg --enable-amf --enable-cuda-llvm --enable-cuvid --enable-dxva2 --enable-d3d11va --enable-d3d12va --enable-ffnvcodec --enable-libvpl --enable-nvdec --enable-nvenc --enable-vaapi --enable-libgme --enable-libopenmpt --enable-libopencore-amrwb --enable-libmp3lame --enable-libtheora --enable-libvo-amrwbenc --enable-libgsm --enable-libopencore-amrnb --enable-libopus --enable-libspeex --enable-libvorbis --enable-librubberband
  libavutil      59. 39.100 / 59. 39.100
  libavcodec     61. 19.101 / 61. 19.101
  libavformat    61.  7.100 / 61.  7.100
  libavdevice    61.  3.100 / 61.  3.100
  libavfilter    10.  4.100 / 10.  4.100
  libswscale      8.  3.100 /  8.  3.100
  libswresample   5.  3.100 /  5.  3.100
  libpostproc    58.  3.100 / 58.  3.100
Input #0, flv, from 'D:\Users\Videos\测试\SampleVideo_1280x720_1mb.flv':
  Metadata:
    encoder         : Lavf53.24.2
  Duration: 00:00:05.16, start: 0.000000, bitrate: 1629 kb/s
  Stream #0:0: Audio: aac (LC), 48000 Hz, 5.1, fltp, 384 kb/s
  Stream #0:1: Video: flv1 (flv), yuv420p, 1280x720, 1200 kb/s, 1k fps, 25 tbr, 1k tbn
Stream mapping:
  Stream #0:1 -> #0:0 (flv1 (flv) -> mjpeg (native))
Press [q] to stop, [?] for help
[vf#0:0 @ 0000000002b30940] No filtered frames for output stream, trying to initialize anyway.
[mjpeg @ 0000000002b300c0] Non full-range YUV is non-standard, set strict_std_compliance to at most unofficial to use it.
[vost#0:0/mjpeg @ 00000000026f6900] Error while opening encoder - maybe incorrect parameters such as bit_rate, rate, width or height.
[vf#0:0 @ 0000000002b305c0] Task finished with error code: -22 (Invalid argument)
[vf#0:0 @ 0000000002b305c0] Terminating thread with return code -22 (Invalid argument)
[vost#0:0/mjpeg @ 00000000026f6900] Could not open encoder before EOF
[vost#0:0/mjpeg @ 00000000026f6900] Task finished with error code: -22 (Invalid argument)
[vost#0:0/mjpeg @ 00000000026f6900] Terminating thread with return code -22 (Invalid argument)
[out#0/image2 @ 00000000026e73c0] Nothing was written into output file, because at least one of its streams received no packets.
frame=    0 fps=0.0 q=0.0 Lsize=       0KiB time=N/A bitrate=N/A speed=N/A    
Conversion failed!

2025-05-26T06:02:02.220Z [LOG] 尝试使用直接命令行方式生成缩略图
2025-05-26T06:02:02.220Z [LOG] 直接获取视频时长（秒数）
2025-05-26T06:02:02.221Z [PATH] 尝试获取FFprobe路径
2025-05-26T06:02:02.221Z [LOG] 使用配置的FFprobe路径: D:\code\cursor\looklook\node_modules\ffprobe-static\bin\win32\x64\ffprobe.exe
2025-05-26T06:02:02.221Z [PATH] 使用配置的FFprobe路径: D:\code\cursor\looklook\node_modules\ffprobe-static\bin\win32\x64\ffprobe.exe
2025-05-26T06:02:02.222Z [LOG] 在开发环境中使用ffprobe路径: D:\code\cursor\looklook\node_modules\ffprobe-static\bin\win32\x64\ffprobe.exe
2025-05-26T06:02:02.222Z [LOG] 执行命令: D:\code\cursor\looklook\node_modules\ffprobe-static\bin\win32\x64\ffprobe.exe -v error -show_entries format=duration -of default=noprint_wrappers=1:nokey=1 D:\Users\Videos\测试\SampleVideo_1280x720_1mb.flv
2025-05-26T06:02:02.286Z [LOG] 时长命令输出: 5.160000
2025-05-26T06:02:02.286Z [LOG] 成功获取视频时长: 5.16 秒
2025-05-26T06:02:02.287Z [LOG] 获取到视频时长: 5.16 秒, 准备截取缩略图
2025-05-26T06:02:02.287Z [LOG] 将在视频的 2 秒处截取缩略图 (随机生成)
2025-05-26T06:02:02.287Z [PATH] 尝试获取FFmpeg路径
2025-05-26T06:02:02.287Z [LOG] 使用配置的FFmpeg路径: D:\code\cursor\looklook\node_modules\ffmpeg-static\ffmpeg.exe
2025-05-26T06:02:02.287Z [PATH] 使用配置的FFmpeg路径: D:\code\cursor\looklook\node_modules\ffmpeg-static\ffmpeg.exe
2025-05-26T06:02:02.288Z [LOG] 执行命令: D:\code\cursor\looklook\node_modules\ffmpeg-static\ffmpeg.exe -i D:\Users\Videos\测试\SampleVideo_1280x720_1mb.flv -ss 2 -vframes 1 -s 320x180 -y D:\code\cursor\looklook\userdata\thumbnails\1748239321966-RDpcVXNl.jpg
2025-05-26T06:02:02.376Z [LOG] 命令行方式成功生成缩略图: D:\code\cursor\looklook\userdata\thumbnails\1748239321966-RDpcVXNl.jpg
2025-05-26T06:02:02.377Z [LOG] 通过多步骤方法成功生成缩略图
2025-05-26T06:02:02.377Z [LOG] 设置已加载
2025-05-26T06:02:02.378Z [LOG] 获取视频分辨率: D:\Users\Videos\测试\SampleVideo_1280x720_1mb.mkv
2025-05-26T06:02:02.378Z [MAIN] 开始获取视频分辨率: D:\Users\Videos\测试\SampleVideo_1280x720_1mb.mkv
2025-05-26T06:02:02.378Z [LOG] 直接获取视频分辨率
2025-05-26T06:02:02.378Z [RESOLUTION] 开始获取视频分辨率: D:\Users\Videos\测试\SampleVideo_1280x720_1mb.mkv
2025-05-26T06:02:02.378Z [PATH] 尝试获取FFprobe路径
2025-05-26T06:02:02.379Z [LOG] 使用配置的FFprobe路径: D:\code\cursor\looklook\node_modules\ffprobe-static\bin\win32\x64\ffprobe.exe
2025-05-26T06:02:02.379Z [PATH] 使用配置的FFprobe路径: D:\code\cursor\looklook\node_modules\ffprobe-static\bin\win32\x64\ffprobe.exe
2025-05-26T06:02:02.379Z [RESOLUTION] 在开发环境中使用ffprobe路径: D:\code\cursor\looklook\node_modules\ffprobe-static\bin\win32\x64\ffprobe.exe
2025-05-26T06:02:02.379Z [RESOLUTION] 检查ffprobe可执行文件是否存在: true
2025-05-26T06:02:02.379Z [LOG] 执行命令: "D:\code\cursor\looklook\node_modules\ffprobe-static\bin\win32\x64\ffprobe.exe" -v error -select_streams v:0 -show_entries stream=width,height -of csv=s=x:p=0 "D:\Users\Videos\测试\SampleVideo_1280x720_1mb.mkv"
2025-05-26T06:02:02.379Z [RESOLUTION] 开始执行命令获取分辨率: "D:\code\cursor\looklook\node_modules\ffprobe-static\bin\win32\x64\ffprobe.exe" -v error -select_streams v:0 -show_entries stream=width,height -of csv=s=x:p=0 "D:\Users\Videos\测试\SampleVideo_1280x720_1mb.mkv"
2025-05-26T06:02:02.441Z [RESOLUTION] 命令输出: "1280x720"
2025-05-26T06:02:02.441Z [LOG] 成功解析分辨率: 1280×720
2025-05-26T06:02:02.441Z [RESOLUTION] 成功解析分辨率: 1280×720
2025-05-26T06:02:02.442Z [LOG] 获取视频时长: D:\Users\Videos\测试\SampleVideo_1280x720_1mb.mkv
2025-05-26T06:02:02.442Z [MAIN] 开始获取视频时长: D:\Users\Videos\测试\SampleVideo_1280x720_1mb.mkv
2025-05-26T06:02:02.442Z [LOG] 直接获取视频时长
2025-05-26T06:02:02.442Z [DURATION] 开始获取视频时长: D:\Users\Videos\测试\SampleVideo_1280x720_1mb.mkv
2025-05-26T06:02:02.442Z [PATH] 尝试获取FFprobe路径
2025-05-26T06:02:02.442Z [LOG] 使用配置的FFprobe路径: D:\code\cursor\looklook\node_modules\ffprobe-static\bin\win32\x64\ffprobe.exe
2025-05-26T06:02:02.442Z [PATH] 使用配置的FFprobe路径: D:\code\cursor\looklook\node_modules\ffprobe-static\bin\win32\x64\ffprobe.exe
2025-05-26T06:02:02.443Z [DURATION] 在开发环境中使用ffprobe路径: D:\code\cursor\looklook\node_modules\ffprobe-static\bin\win32\x64\ffprobe.exe
2025-05-26T06:02:02.443Z [DURATION] 检查ffprobe可执行文件是否存在: true
2025-05-26T06:02:02.443Z [LOG] 执行命令: "D:\code\cursor\looklook\node_modules\ffprobe-static\bin\win32\x64\ffprobe.exe" -v error -show_entries format=duration -of default=noprint_wrappers=1:nokey=1 "D:\Users\Videos\测试\SampleVideo_1280x720_1mb.mkv"
2025-05-26T06:02:02.443Z [DURATION] 开始执行命令获取时长: "D:\code\cursor\looklook\node_modules\ffprobe-static\bin\win32\x64\ffprobe.exe" -v error -show_entries format=duration -of default=noprint_wrappers=1:nokey=1 "D:\Users\Videos\测试\SampleVideo_1280x720_1mb.mkv"
2025-05-26T06:02:02.503Z [DURATION] 命令输出: "3.600000"
2025-05-26T06:02:02.503Z [LOG] 成功解析时长: 00:00:03
2025-05-26T06:02:02.503Z [DURATION] 成功解析时长: 00:00:03
2025-05-26T06:02:02.504Z [LOG] 开始生成缩略图，视频路径: D:\Users\Videos\测试\SampleVideo_1280x720_1mb.mkv
2025-05-26T06:02:02.504Z [LOG] 缩略图输出路径: D:\code\cursor\looklook\userdata\thumbnails\1748239323009-RDpcVXNl.jpg
2025-05-26T06:02:02.504Z [LOG] 生成随机时间点: 00:00:45
2025-05-26T06:02:02.505Z [LOG] 使用直接命令行ffmpeg生成缩略图
2025-05-26T06:02:02.505Z [PATH] 尝试获取FFmpeg路径
2025-05-26T06:02:02.505Z [LOG] 使用配置的FFmpeg路径: D:\code\cursor\looklook\node_modules\ffmpeg-static\ffmpeg.exe
2025-05-26T06:02:02.505Z [PATH] 使用配置的FFmpeg路径: D:\code\cursor\looklook\node_modules\ffmpeg-static\ffmpeg.exe
2025-05-26T06:02:02.505Z [LOG] 将使用时间点 00:00:45 生成缩略图
2025-05-26T06:02:02.505Z [LOG] 执行命令: D:\code\cursor\looklook\node_modules\ffmpeg-static\ffmpeg.exe -ss 00:00:45 -i D:\Users\Videos\测试\SampleVideo_1280x720_1mb.mkv -vframes 1 -s 320x180 -y D:\code\cursor\looklook\userdata\thumbnails\1748239323009-RDpcVXNl.jpg
2025-05-26T06:02:03.090Z [ERROR] 直接ffmpeg生成缩略图失败: Command failed: D:\code\cursor\looklook\node_modules\ffmpeg-static\ffmpeg.exe -ss 00:00:45 -i D:\Users\Videos\测试\SampleVideo_1280x720_1mb.mkv -vframes 1 -s 320x180 -y D:\code\cursor\looklook\userdata\thumbnails\1748239323009-RDpcVXNl.jpg
ffmpeg version 7.1.1-essentials_build-www.gyan.dev Copyright (c) 2000-2025 the FFmpeg developers
  built with gcc 14.2.0 (Rev1, Built by MSYS2 project)
  configuration: --enable-gpl --enable-version3 --enable-static --disable-w32threads --disable-autodetect --enable-fontconfig --enable-iconv --enable-gnutls --enable-libxml2 --enable-gmp --enable-bzlib --enable-lzma --enable-zlib --enable-libsrt --enable-libssh --enable-libzmq --enable-avisynth --enable-sdl2 --enable-libwebp --enable-libx264 --enable-libx265 --enable-libxvid --enable-libaom --enable-libopenjpeg --enable-libvpx --enable-mediafoundation --enable-libass --enable-libfreetype --enable-libfribidi --enable-libharfbuzz --enable-libvidstab --enable-libvmaf --enable-libzimg --enable-amf --enable-cuda-llvm --enable-cuvid --enable-dxva2 --enable-d3d11va --enable-d3d12va --enable-ffnvcodec --enable-libvpl --enable-nvdec --enable-nvenc --enable-vaapi --enable-libgme --enable-libopenmpt --enable-libopencore-amrwb --enable-libmp3lame --enable-libtheora --enable-libvo-amrwbenc --enable-libgsm --enable-libopencore-amrnb --enable-libopus --enable-libspeex --enable-libvorbis --enable-librubberband
  libavutil      59. 39.100 / 59. 39.100
  libavcodec     61. 19.101 / 61. 19.101
  libavformat    61.  7.100 / 61.  7.100
  libavdevice    61.  3.100 / 61.  3.100
  libavfilter    10.  4.100 / 10.  4.100
  libswscale      8.  3.100 /  8.  3.100
  libswresample   5.  3.100 /  5.  3.100
  libpostproc    58.  3.100 / 58.  3.100
[in#0/matroska,webm @ 00000000026cff00] could not seek to position 45.000
Input #0, matroska,webm, from 'D:\Users\Videos\测试\SampleVideo_1280x720_1mb.mkv':
  Metadata:
    ENCODER         : Lavf53.24.2
  Duration: 00:00:03.60, bitrate: 2338 kb/s
  Stream #0:0: Video: mpeg4 (Simple Profile), yuv420p, 1280x720 [SAR 1:1 DAR 16:9], 25 fps, 25 tbr, 1k tbn (default)
  Stream #0:1: Audio: aac (LC), 48000 Hz, 5.1, fltp (default)
Stream mapping:
  Stream #0:0 -> #0:0 (mpeg4 (native) -> mjpeg (native))
Press [q] to stop, [?] for help
[vf#0:0 @ 0000000002a73540] No filtered frames for output stream, trying to initialize anyway.
[mjpeg @ 00000000027a0440] Non full-range YUV is non-standard, set strict_std_compliance to at most unofficial to use it.
[vost#0:0/mjpeg @ 00000000027a00c0] Error while opening encoder - maybe incorrect parameters such as bit_rate, rate, width or height.
[vf#0:0 @ 00000000027a0b80] Task finished with error code: -22 (Invalid argument)
[vf#0:0 @ 00000000027a0b80] Terminating thread with return code -22 (Invalid argument)
[vost#0:0/mjpeg @ 00000000027a00c0] Could not open encoder before EOF
[vost#0:0/mjpeg @ 00000000027a00c0] Task finished with error code: -22 (Invalid argument)
[vost#0:0/mjpeg @ 00000000027a00c0] Terminating thread with return code -22 (Invalid argument)
[out#0/image2 @ 00000000026d0c80] Nothing was written into output file, because at least one of its streams received no packets.
frame=    0 fps=0.0 q=0.0 Lsize=       0KiB time=N/A bitrate=N/A speed=N/A    
Conversion failed!

2025-05-26T06:02:03.093Z [ERROR] STDERR: ffmpeg version 7.1.1-essentials_build-www.gyan.dev Copyright (c) 2000-2025 the FFmpeg developers
  built with gcc 14.2.0 (Rev1, Built by MSYS2 project)
  configuration: --enable-gpl --enable-version3 --enable-static --disable-w32threads --disable-autodetect --enable-fontconfig --enable-iconv --enable-gnutls --enable-libxml2 --enable-gmp --enable-bzlib --enable-lzma --enable-zlib --enable-libsrt --enable-libssh --enable-libzmq --enable-avisynth --enable-sdl2 --enable-libwebp --enable-libx264 --enable-libx265 --enable-libxvid --enable-libaom --enable-libopenjpeg --enable-libvpx --enable-mediafoundation --enable-libass --enable-libfreetype --enable-libfribidi --enable-libharfbuzz --enable-libvidstab --enable-libvmaf --enable-libzimg --enable-amf --enable-cuda-llvm --enable-cuvid --enable-dxva2 --enable-d3d11va --enable-d3d12va --enable-ffnvcodec --enable-libvpl --enable-nvdec --enable-nvenc --enable-vaapi --enable-libgme --enable-libopenmpt --enable-libopencore-amrwb --enable-libmp3lame --enable-libtheora --enable-libvo-amrwbenc --enable-libgsm --enable-libopencore-amrnb --enable-libopus --enable-libspeex --enable-libvorbis --enable-librubberband
  libavutil      59. 39.100 / 59. 39.100
  libavcodec     61. 19.101 / 61. 19.101
  libavformat    61.  7.100 / 61.  7.100
  libavdevice    61.  3.100 / 61.  3.100
  libavfilter    10.  4.100 / 10.  4.100
  libswscale      8.  3.100 /  8.  3.100
  libswresample   5.  3.100 /  5.  3.100
  libpostproc    58.  3.100 / 58.  3.100
[in#0/matroska,webm @ 00000000026cff00] could not seek to position 45.000
Input #0, matroska,webm, from 'D:\Users\Videos\测试\SampleVideo_1280x720_1mb.mkv':
  Metadata:
    ENCODER         : Lavf53.24.2
  Duration: 00:00:03.60, bitrate: 2338 kb/s
  Stream #0:0: Video: mpeg4 (Simple Profile), yuv420p, 1280x720 [SAR 1:1 DAR 16:9], 25 fps, 25 tbr, 1k tbn (default)
  Stream #0:1: Audio: aac (LC), 48000 Hz, 5.1, fltp (default)
Stream mapping:
  Stream #0:0 -> #0:0 (mpeg4 (native) -> mjpeg (native))
Press [q] to stop, [?] for help
[vf#0:0 @ 0000000002a73540] No filtered frames for output stream, trying to initialize anyway.
[mjpeg @ 00000000027a0440] Non full-range YUV is non-standard, set strict_std_compliance to at most unofficial to use it.
[vost#0:0/mjpeg @ 00000000027a00c0] Error while opening encoder - maybe incorrect parameters such as bit_rate, rate, width or height.
[vf#0:0 @ 00000000027a0b80] Task finished with error code: -22 (Invalid argument)
[vf#0:0 @ 00000000027a0b80] Terminating thread with return code -22 (Invalid argument)
[vost#0:0/mjpeg @ 00000000027a00c0] Could not open encoder before EOF
[vost#0:0/mjpeg @ 00000000027a00c0] Task finished with error code: -22 (Invalid argument)
[vost#0:0/mjpeg @ 00000000027a00c0] Terminating thread with return code -22 (Invalid argument)
[out#0/image2 @ 00000000026d0c80] Nothing was written into output file, because at least one of its streams received no packets.
frame=    0 fps=0.0 q=0.0 Lsize=       0KiB time=N/A bitrate=N/A speed=N/A    
Conversion failed!

2025-05-26T06:02:03.096Z [ERROR] 直接ffmpeg命令生成缩略图失败: Command failed: D:\code\cursor\looklook\node_modules\ffmpeg-static\ffmpeg.exe -ss 00:00:45 -i D:\Users\Videos\测试\SampleVideo_1280x720_1mb.mkv -vframes 1 -s 320x180 -y D:\code\cursor\looklook\userdata\thumbnails\1748239323009-RDpcVXNl.jpg
ffmpeg version 7.1.1-essentials_build-www.gyan.dev Copyright (c) 2000-2025 the FFmpeg developers
  built with gcc 14.2.0 (Rev1, Built by MSYS2 project)
  configuration: --enable-gpl --enable-version3 --enable-static --disable-w32threads --disable-autodetect --enable-fontconfig --enable-iconv --enable-gnutls --enable-libxml2 --enable-gmp --enable-bzlib --enable-lzma --enable-zlib --enable-libsrt --enable-libssh --enable-libzmq --enable-avisynth --enable-sdl2 --enable-libwebp --enable-libx264 --enable-libx265 --enable-libxvid --enable-libaom --enable-libopenjpeg --enable-libvpx --enable-mediafoundation --enable-libass --enable-libfreetype --enable-libfribidi --enable-libharfbuzz --enable-libvidstab --enable-libvmaf --enable-libzimg --enable-amf --enable-cuda-llvm --enable-cuvid --enable-dxva2 --enable-d3d11va --enable-d3d12va --enable-ffnvcodec --enable-libvpl --enable-nvdec --enable-nvenc --enable-vaapi --enable-libgme --enable-libopenmpt --enable-libopencore-amrwb --enable-libmp3lame --enable-libtheora --enable-libvo-amrwbenc --enable-libgsm --enable-libopencore-amrnb --enable-libopus --enable-libspeex --enable-libvorbis --enable-librubberband
  libavutil      59. 39.100 / 59. 39.100
  libavcodec     61. 19.101 / 61. 19.101
  libavformat    61.  7.100 / 61.  7.100
  libavdevice    61.  3.100 / 61.  3.100
  libavfilter    10.  4.100 / 10.  4.100
  libswscale      8.  3.100 /  8.  3.100
  libswresample   5.  3.100 /  5.  3.100
  libpostproc    58.  3.100 / 58.  3.100
[in#0/matroska,webm @ 00000000026cff00] could not seek to position 45.000
Input #0, matroska,webm, from 'D:\Users\Videos\测试\SampleVideo_1280x720_1mb.mkv':
  Metadata:
    ENCODER         : Lavf53.24.2
  Duration: 00:00:03.60, bitrate: 2338 kb/s
  Stream #0:0: Video: mpeg4 (Simple Profile), yuv420p, 1280x720 [SAR 1:1 DAR 16:9], 25 fps, 25 tbr, 1k tbn (default)
  Stream #0:1: Audio: aac (LC), 48000 Hz, 5.1, fltp (default)
Stream mapping:
  Stream #0:0 -> #0:0 (mpeg4 (native) -> mjpeg (native))
Press [q] to stop, [?] for help
[vf#0:0 @ 0000000002a73540] No filtered frames for output stream, trying to initialize anyway.
[mjpeg @ 00000000027a0440] Non full-range YUV is non-standard, set strict_std_compliance to at most unofficial to use it.
[vost#0:0/mjpeg @ 00000000027a00c0] Error while opening encoder - maybe incorrect parameters such as bit_rate, rate, width or height.
[vf#0:0 @ 00000000027a0b80] Task finished with error code: -22 (Invalid argument)
[vf#0:0 @ 00000000027a0b80] Terminating thread with return code -22 (Invalid argument)
[vost#0:0/mjpeg @ 00000000027a00c0] Could not open encoder before EOF
[vost#0:0/mjpeg @ 00000000027a00c0] Task finished with error code: -22 (Invalid argument)
[vost#0:0/mjpeg @ 00000000027a00c0] Terminating thread with return code -22 (Invalid argument)
[out#0/image2 @ 00000000026d0c80] Nothing was written into output file, because at least one of its streams received no packets.
frame=    0 fps=0.0 q=0.0 Lsize=       0KiB time=N/A bitrate=N/A speed=N/A    
Conversion failed!

2025-05-26T06:02:03.097Z [LOG] 尝试使用直接命令行方式生成缩略图
2025-05-26T06:02:03.097Z [LOG] 直接获取视频时长（秒数）
2025-05-26T06:02:03.097Z [PATH] 尝试获取FFprobe路径
2025-05-26T06:02:03.098Z [LOG] 使用配置的FFprobe路径: D:\code\cursor\looklook\node_modules\ffprobe-static\bin\win32\x64\ffprobe.exe
2025-05-26T06:02:03.098Z [PATH] 使用配置的FFprobe路径: D:\code\cursor\looklook\node_modules\ffprobe-static\bin\win32\x64\ffprobe.exe
2025-05-26T06:02:03.098Z [LOG] 在开发环境中使用ffprobe路径: D:\code\cursor\looklook\node_modules\ffprobe-static\bin\win32\x64\ffprobe.exe
2025-05-26T06:02:03.099Z [LOG] 执行命令: D:\code\cursor\looklook\node_modules\ffprobe-static\bin\win32\x64\ffprobe.exe -v error -show_entries format=duration -of default=noprint_wrappers=1:nokey=1 D:\Users\Videos\测试\SampleVideo_1280x720_1mb.mkv
2025-05-26T06:02:03.160Z [LOG] 时长命令输出: 3.600000
2025-05-26T06:02:03.160Z [LOG] 成功获取视频时长: 3.6 秒
2025-05-26T06:02:03.161Z [LOG] 获取到视频时长: 3.6 秒, 准备截取缩略图
2025-05-26T06:02:03.161Z [LOG] 将在视频的 0 秒处截取缩略图 (随机生成)
2025-05-26T06:02:03.161Z [PATH] 尝试获取FFmpeg路径
2025-05-26T06:02:03.162Z [LOG] 使用配置的FFmpeg路径: D:\code\cursor\looklook\node_modules\ffmpeg-static\ffmpeg.exe
2025-05-26T06:02:03.162Z [PATH] 使用配置的FFmpeg路径: D:\code\cursor\looklook\node_modules\ffmpeg-static\ffmpeg.exe
2025-05-26T06:02:03.162Z [LOG] 执行命令: D:\code\cursor\looklook\node_modules\ffmpeg-static\ffmpeg.exe -i D:\Users\Videos\测试\SampleVideo_1280x720_1mb.mkv -ss 0 -vframes 1 -s 320x180 -y D:\code\cursor\looklook\userdata\thumbnails\1748239323009-RDpcVXNl.jpg
2025-05-26T06:02:03.245Z [LOG] 命令行方式成功生成缩略图: D:\code\cursor\looklook\userdata\thumbnails\1748239323009-RDpcVXNl.jpg
2025-05-26T06:02:03.246Z [LOG] 通过多步骤方法成功生成缩略图
2025-05-26T06:02:03.246Z [LOG] 设置已加载
2025-05-26T06:02:03.246Z [LOG] 获取视频分辨率: D:\Users\Videos\测试\SampleVideo_1280x720_1mb.mp4
2025-05-26T06:02:03.247Z [MAIN] 开始获取视频分辨率: D:\Users\Videos\测试\SampleVideo_1280x720_1mb.mp4
2025-05-26T06:02:03.247Z [LOG] 直接获取视频分辨率
2025-05-26T06:02:03.247Z [RESOLUTION] 开始获取视频分辨率: D:\Users\Videos\测试\SampleVideo_1280x720_1mb.mp4
2025-05-26T06:02:03.247Z [PATH] 尝试获取FFprobe路径
2025-05-26T06:02:03.247Z [LOG] 使用配置的FFprobe路径: D:\code\cursor\looklook\node_modules\ffprobe-static\bin\win32\x64\ffprobe.exe
2025-05-26T06:02:03.247Z [PATH] 使用配置的FFprobe路径: D:\code\cursor\looklook\node_modules\ffprobe-static\bin\win32\x64\ffprobe.exe
2025-05-26T06:02:03.247Z [RESOLUTION] 在开发环境中使用ffprobe路径: D:\code\cursor\looklook\node_modules\ffprobe-static\bin\win32\x64\ffprobe.exe
2025-05-26T06:02:03.247Z [RESOLUTION] 检查ffprobe可执行文件是否存在: true
2025-05-26T06:02:03.248Z [LOG] 执行命令: "D:\code\cursor\looklook\node_modules\ffprobe-static\bin\win32\x64\ffprobe.exe" -v error -select_streams v:0 -show_entries stream=width,height -of csv=s=x:p=0 "D:\Users\Videos\测试\SampleVideo_1280x720_1mb.mp4"
2025-05-26T06:02:03.248Z [RESOLUTION] 开始执行命令获取分辨率: "D:\code\cursor\looklook\node_modules\ffprobe-static\bin\win32\x64\ffprobe.exe" -v error -select_streams v:0 -show_entries stream=width,height -of csv=s=x:p=0 "D:\Users\Videos\测试\SampleVideo_1280x720_1mb.mp4"
2025-05-26T06:02:03.322Z [RESOLUTION] 命令输出: "1280x720"
2025-05-26T06:02:03.323Z [LOG] 成功解析分辨率: 1280×720
2025-05-26T06:02:03.323Z [RESOLUTION] 成功解析分辨率: 1280×720
2025-05-26T06:02:03.323Z [LOG] 获取视频时长: D:\Users\Videos\测试\SampleVideo_1280x720_1mb.mp4
2025-05-26T06:02:03.324Z [MAIN] 开始获取视频时长: D:\Users\Videos\测试\SampleVideo_1280x720_1mb.mp4
2025-05-26T06:02:03.324Z [LOG] 直接获取视频时长
2025-05-26T06:02:03.324Z [DURATION] 开始获取视频时长: D:\Users\Videos\测试\SampleVideo_1280x720_1mb.mp4
2025-05-26T06:02:03.324Z [PATH] 尝试获取FFprobe路径
2025-05-26T06:02:03.324Z [LOG] 使用配置的FFprobe路径: D:\code\cursor\looklook\node_modules\ffprobe-static\bin\win32\x64\ffprobe.exe
2025-05-26T06:02:03.324Z [PATH] 使用配置的FFprobe路径: D:\code\cursor\looklook\node_modules\ffprobe-static\bin\win32\x64\ffprobe.exe
2025-05-26T06:02:03.324Z [DURATION] 在开发环境中使用ffprobe路径: D:\code\cursor\looklook\node_modules\ffprobe-static\bin\win32\x64\ffprobe.exe
2025-05-26T06:02:03.324Z [DURATION] 检查ffprobe可执行文件是否存在: true
2025-05-26T06:02:03.325Z [LOG] 执行命令: "D:\code\cursor\looklook\node_modules\ffprobe-static\bin\win32\x64\ffprobe.exe" -v error -show_entries format=duration -of default=noprint_wrappers=1:nokey=1 "D:\Users\Videos\测试\SampleVideo_1280x720_1mb.mp4"
2025-05-26T06:02:03.325Z [DURATION] 开始执行命令获取时长: "D:\code\cursor\looklook\node_modules\ffprobe-static\bin\win32\x64\ffprobe.exe" -v error -show_entries format=duration -of default=noprint_wrappers=1:nokey=1 "D:\Users\Videos\测试\SampleVideo_1280x720_1mb.mp4"
2025-05-26T06:02:03.398Z [DURATION] 命令输出: "5.312000"
2025-05-26T06:02:03.398Z [LOG] 成功解析时长: 00:00:05
2025-05-26T06:02:03.398Z [DURATION] 成功解析时长: 00:00:05
2025-05-26T06:02:03.399Z [LOG] 开始生成缩略图，视频路径: D:\Users\Videos\测试\SampleVideo_1280x720_1mb.mp4
2025-05-26T06:02:03.399Z [LOG] 缩略图输出路径: D:\code\cursor\looklook\userdata\thumbnails\1748239323361-RDpcVXNl.jpg
2025-05-26T06:02:03.400Z [LOG] 生成随机时间点: 00:00:26
2025-05-26T06:02:03.400Z [LOG] 使用直接命令行ffmpeg生成缩略图
2025-05-26T06:02:03.400Z [PATH] 尝试获取FFmpeg路径
2025-05-26T06:02:03.401Z [LOG] 使用配置的FFmpeg路径: D:\code\cursor\looklook\node_modules\ffmpeg-static\ffmpeg.exe
2025-05-26T06:02:03.401Z [PATH] 使用配置的FFmpeg路径: D:\code\cursor\looklook\node_modules\ffmpeg-static\ffmpeg.exe
2025-05-26T06:02:03.401Z [LOG] 将使用时间点 00:00:26 生成缩略图
2025-05-26T06:02:03.401Z [LOG] 执行命令: D:\code\cursor\looklook\node_modules\ffmpeg-static\ffmpeg.exe -ss 00:00:26 -i D:\Users\Videos\测试\SampleVideo_1280x720_1mb.mp4 -vframes 1 -s 320x180 -y D:\code\cursor\looklook\userdata\thumbnails\1748239323361-RDpcVXNl.jpg
2025-05-26T06:02:04.013Z [ERROR] 直接ffmpeg生成缩略图失败: Command failed: D:\code\cursor\looklook\node_modules\ffmpeg-static\ffmpeg.exe -ss 00:00:26 -i D:\Users\Videos\测试\SampleVideo_1280x720_1mb.mp4 -vframes 1 -s 320x180 -y D:\code\cursor\looklook\userdata\thumbnails\1748239323361-RDpcVXNl.jpg
ffmpeg version 7.1.1-essentials_build-www.gyan.dev Copyright (c) 2000-2025 the FFmpeg developers
  built with gcc 14.2.0 (Rev1, Built by MSYS2 project)
  configuration: --enable-gpl --enable-version3 --enable-static --disable-w32threads --disable-autodetect --enable-fontconfig --enable-iconv --enable-gnutls --enable-libxml2 --enable-gmp --enable-bzlib --enable-lzma --enable-zlib --enable-libsrt --enable-libssh --enable-libzmq --enable-avisynth --enable-sdl2 --enable-libwebp --enable-libx264 --enable-libx265 --enable-libxvid --enable-libaom --enable-libopenjpeg --enable-libvpx --enable-mediafoundation --enable-libass --enable-libfreetype --enable-libfribidi --enable-libharfbuzz --enable-libvidstab --enable-libvmaf --enable-libzimg --enable-amf --enable-cuda-llvm --enable-cuvid --enable-dxva2 --enable-d3d11va --enable-d3d12va --enable-ffnvcodec --enable-libvpl --enable-nvdec --enable-nvenc --enable-vaapi --enable-libgme --enable-libopenmpt --enable-libopencore-amrwb --enable-libmp3lame --enable-libtheora --enable-libvo-amrwbenc --enable-libgsm --enable-libopencore-amrnb --enable-libopus --enable-libspeex --enable-libvorbis --enable-librubberband
  libavutil      59. 39.100 / 59. 39.100
  libavcodec     61. 19.101 / 61. 19.101
  libavformat    61.  7.100 / 61.  7.100
  libavdevice    61.  3.100 / 61.  3.100
  libavfilter    10.  4.100 / 10.  4.100
  libswscale      8.  3.100 /  8.  3.100
  libswresample   5.  3.100 /  5.  3.100
  libpostproc    58.  3.100 / 58.  3.100
Input #0, mov,mp4,m4a,3gp,3g2,mj2, from 'D:\Users\Videos\测试\SampleVideo_1280x720_1mb.mp4':
  Metadata:
    major_brand     : isom
    minor_version   : 512
    compatible_brands: isomiso2avc1mp41
    creation_time   : 1970-01-01T00:00:00.000000Z
    encoder         : Lavf53.24.2
  Duration: 00:00:05.31, start: 0.000000, bitrate: 1589 kb/s
  Stream #0:0[0x1](und): Video: h264 (Main) (avc1 / 0x31637661), yuv420p(progressive), 1280x720 [SAR 1:1 DAR 16:9], 1205 kb/s, 25 fps, 25 tbr, 12800 tbn (default)
      Metadata:
        creation_time   : 1970-01-01T00:00:00.000000Z
        handler_name    : VideoHandler
        vendor_id       : [0][0][0][0]
  Stream #0:1[0x2](und): Audio: aac (LC) (mp4a / 0x6134706D), 48000 Hz, 5.1, fltp, 384 kb/s (default)
      Metadata:
        creation_time   : 1970-01-01T00:00:00.000000Z
        handler_name    : SoundHandler
        vendor_id       : [0][0][0][0]
Stream mapping:
  Stream #0:0 -> #0:0 (h264 (native) -> mjpeg (native))
Press [q] to stop, [?] for help
[vf#0:0 @ 000000000266c000] No filtered frames for output stream, trying to initialize anyway.
[mjpeg @ 000000000266bac0] Non full-range YUV is non-standard, set strict_std_compliance to at most unofficial to use it.
[vost#0:0/mjpeg @ 00000000026669c0] Error while opening encoder - maybe incorrect parameters such as bit_rate, rate, width or height.
[vf#0:0 @ 0000000002c35d00] Task finished with error code: -22 (Invalid argument)
[vf#0:0 @ 0000000002c35d00] Terminating thread with return code -22 (Invalid argument)
[vost#0:0/mjpeg @ 00000000026669c0] Could not open encoder before EOF
[vost#0:0/mjpeg @ 00000000026669c0] Task finished with error code: -22 (Invalid argument)
[vost#0:0/mjpeg @ 00000000026669c0] Terminating thread with return code -22 (Invalid argument)
[out#0/image2 @ 0000000002660780] Nothing was written into output file, because at least one of its streams received no packets.
frame=    0 fps=0.0 q=0.0 Lsize=       0KiB time=N/A bitrate=N/A speed=N/A    
Conversion failed!

2025-05-26T06:02:04.017Z [ERROR] STDERR: ffmpeg version 7.1.1-essentials_build-www.gyan.dev Copyright (c) 2000-2025 the FFmpeg developers
  built with gcc 14.2.0 (Rev1, Built by MSYS2 project)
  configuration: --enable-gpl --enable-version3 --enable-static --disable-w32threads --disable-autodetect --enable-fontconfig --enable-iconv --enable-gnutls --enable-libxml2 --enable-gmp --enable-bzlib --enable-lzma --enable-zlib --enable-libsrt --enable-libssh --enable-libzmq --enable-avisynth --enable-sdl2 --enable-libwebp --enable-libx264 --enable-libx265 --enable-libxvid --enable-libaom --enable-libopenjpeg --enable-libvpx --enable-mediafoundation --enable-libass --enable-libfreetype --enable-libfribidi --enable-libharfbuzz --enable-libvidstab --enable-libvmaf --enable-libzimg --enable-amf --enable-cuda-llvm --enable-cuvid --enable-dxva2 --enable-d3d11va --enable-d3d12va --enable-ffnvcodec --enable-libvpl --enable-nvdec --enable-nvenc --enable-vaapi --enable-libgme --enable-libopenmpt --enable-libopencore-amrwb --enable-libmp3lame --enable-libtheora --enable-libvo-amrwbenc --enable-libgsm --enable-libopencore-amrnb --enable-libopus --enable-libspeex --enable-libvorbis --enable-librubberband
  libavutil      59. 39.100 / 59. 39.100
  libavcodec     61. 19.101 / 61. 19.101
  libavformat    61.  7.100 / 61.  7.100
  libavdevice    61.  3.100 / 61.  3.100
  libavfilter    10.  4.100 / 10.  4.100
  libswscale      8.  3.100 /  8.  3.100
  libswresample   5.  3.100 /  5.  3.100
  libpostproc    58.  3.100 / 58.  3.100
Input #0, mov,mp4,m4a,3gp,3g2,mj2, from 'D:\Users\Videos\测试\SampleVideo_1280x720_1mb.mp4':
  Metadata:
    major_brand     : isom
    minor_version   : 512
    compatible_brands: isomiso2avc1mp41
    creation_time   : 1970-01-01T00:00:00.000000Z
    encoder         : Lavf53.24.2
  Duration: 00:00:05.31, start: 0.000000, bitrate: 1589 kb/s
  Stream #0:0[0x1](und): Video: h264 (Main) (avc1 / 0x31637661), yuv420p(progressive), 1280x720 [SAR 1:1 DAR 16:9], 1205 kb/s, 25 fps, 25 tbr, 12800 tbn (default)
      Metadata:
        creation_time   : 1970-01-01T00:00:00.000000Z
        handler_name    : VideoHandler
        vendor_id       : [0][0][0][0]
  Stream #0:1[0x2](und): Audio: aac (LC) (mp4a / 0x6134706D), 48000 Hz, 5.1, fltp, 384 kb/s (default)
      Metadata:
        creation_time   : 1970-01-01T00:00:00.000000Z
        handler_name    : SoundHandler
        vendor_id       : [0][0][0][0]
Stream mapping:
  Stream #0:0 -> #0:0 (h264 (native) -> mjpeg (native))
Press [q] to stop, [?] for help
[vf#0:0 @ 000000000266c000] No filtered frames for output stream, trying to initialize anyway.
[mjpeg @ 000000000266bac0] Non full-range YUV is non-standard, set strict_std_compliance to at most unofficial to use it.
[vost#0:0/mjpeg @ 00000000026669c0] Error while opening encoder - maybe incorrect parameters such as bit_rate, rate, width or height.
[vf#0:0 @ 0000000002c35d00] Task finished with error code: -22 (Invalid argument)
[vf#0:0 @ 0000000002c35d00] Terminating thread with return code -22 (Invalid argument)
[vost#0:0/mjpeg @ 00000000026669c0] Could not open encoder before EOF
[vost#0:0/mjpeg @ 00000000026669c0] Task finished with error code: -22 (Invalid argument)
[vost#0:0/mjpeg @ 00000000026669c0] Terminating thread with return code -22 (Invalid argument)
[out#0/image2 @ 0000000002660780] Nothing was written into output file, because at least one of its streams received no packets.
frame=    0 fps=0.0 q=0.0 Lsize=       0KiB time=N/A bitrate=N/A speed=N/A    
Conversion failed!

2025-05-26T06:02:04.021Z [ERROR] 直接ffmpeg命令生成缩略图失败: Command failed: D:\code\cursor\looklook\node_modules\ffmpeg-static\ffmpeg.exe -ss 00:00:26 -i D:\Users\Videos\测试\SampleVideo_1280x720_1mb.mp4 -vframes 1 -s 320x180 -y D:\code\cursor\looklook\userdata\thumbnails\1748239323361-RDpcVXNl.jpg
ffmpeg version 7.1.1-essentials_build-www.gyan.dev Copyright (c) 2000-2025 the FFmpeg developers
  built with gcc 14.2.0 (Rev1, Built by MSYS2 project)
  configuration: --enable-gpl --enable-version3 --enable-static --disable-w32threads --disable-autodetect --enable-fontconfig --enable-iconv --enable-gnutls --enable-libxml2 --enable-gmp --enable-bzlib --enable-lzma --enable-zlib --enable-libsrt --enable-libssh --enable-libzmq --enable-avisynth --enable-sdl2 --enable-libwebp --enable-libx264 --enable-libx265 --enable-libxvid --enable-libaom --enable-libopenjpeg --enable-libvpx --enable-mediafoundation --enable-libass --enable-libfreetype --enable-libfribidi --enable-libharfbuzz --enable-libvidstab --enable-libvmaf --enable-libzimg --enable-amf --enable-cuda-llvm --enable-cuvid --enable-dxva2 --enable-d3d11va --enable-d3d12va --enable-ffnvcodec --enable-libvpl --enable-nvdec --enable-nvenc --enable-vaapi --enable-libgme --enable-libopenmpt --enable-libopencore-amrwb --enable-libmp3lame --enable-libtheora --enable-libvo-amrwbenc --enable-libgsm --enable-libopencore-amrnb --enable-libopus --enable-libspeex --enable-libvorbis --enable-librubberband
  libavutil      59. 39.100 / 59. 39.100
  libavcodec     61. 19.101 / 61. 19.101
  libavformat    61.  7.100 / 61.  7.100
  libavdevice    61.  3.100 / 61.  3.100
  libavfilter    10.  4.100 / 10.  4.100
  libswscale      8.  3.100 /  8.  3.100
  libswresample   5.  3.100 /  5.  3.100
  libpostproc    58.  3.100 / 58.  3.100
Input #0, mov,mp4,m4a,3gp,3g2,mj2, from 'D:\Users\Videos\测试\SampleVideo_1280x720_1mb.mp4':
  Metadata:
    major_brand     : isom
    minor_version   : 512
    compatible_brands: isomiso2avc1mp41
    creation_time   : 1970-01-01T00:00:00.000000Z
    encoder         : Lavf53.24.2
  Duration: 00:00:05.31, start: 0.000000, bitrate: 1589 kb/s
  Stream #0:0[0x1](und): Video: h264 (Main) (avc1 / 0x31637661), yuv420p(progressive), 1280x720 [SAR 1:1 DAR 16:9], 1205 kb/s, 25 fps, 25 tbr, 12800 tbn (default)
      Metadata:
        creation_time   : 1970-01-01T00:00:00.000000Z
        handler_name    : VideoHandler
        vendor_id       : [0][0][0][0]
  Stream #0:1[0x2](und): Audio: aac (LC) (mp4a / 0x6134706D), 48000 Hz, 5.1, fltp, 384 kb/s (default)
      Metadata:
        creation_time   : 1970-01-01T00:00:00.000000Z
        handler_name    : SoundHandler
        vendor_id       : [0][0][0][0]
Stream mapping:
  Stream #0:0 -> #0:0 (h264 (native) -> mjpeg (native))
Press [q] to stop, [?] for help
[vf#0:0 @ 000000000266c000] No filtered frames for output stream, trying to initialize anyway.
[mjpeg @ 000000000266bac0] Non full-range YUV is non-standard, set strict_std_compliance to at most unofficial to use it.
[vost#0:0/mjpeg @ 00000000026669c0] Error while opening encoder - maybe incorrect parameters such as bit_rate, rate, width or height.
[vf#0:0 @ 0000000002c35d00] Task finished with error code: -22 (Invalid argument)
[vf#0:0 @ 0000000002c35d00] Terminating thread with return code -22 (Invalid argument)
[vost#0:0/mjpeg @ 00000000026669c0] Could not open encoder before EOF
[vost#0:0/mjpeg @ 00000000026669c0] Task finished with error code: -22 (Invalid argument)
[vost#0:0/mjpeg @ 00000000026669c0] Terminating thread with return code -22 (Invalid argument)
[out#0/image2 @ 0000000002660780] Nothing was written into output file, because at least one of its streams received no packets.
frame=    0 fps=0.0 q=0.0 Lsize=       0KiB time=N/A bitrate=N/A speed=N/A    
Conversion failed!

2025-05-26T06:02:04.022Z [LOG] 尝试使用直接命令行方式生成缩略图
2025-05-26T06:02:04.022Z [LOG] 直接获取视频时长（秒数）
2025-05-26T06:02:04.022Z [PATH] 尝试获取FFprobe路径
2025-05-26T06:02:04.023Z [LOG] 使用配置的FFprobe路径: D:\code\cursor\looklook\node_modules\ffprobe-static\bin\win32\x64\ffprobe.exe
2025-05-26T06:02:04.023Z [PATH] 使用配置的FFprobe路径: D:\code\cursor\looklook\node_modules\ffprobe-static\bin\win32\x64\ffprobe.exe
2025-05-26T06:02:04.023Z [LOG] 在开发环境中使用ffprobe路径: D:\code\cursor\looklook\node_modules\ffprobe-static\bin\win32\x64\ffprobe.exe
2025-05-26T06:02:04.024Z [LOG] 执行命令: D:\code\cursor\looklook\node_modules\ffprobe-static\bin\win32\x64\ffprobe.exe -v error -show_entries format=duration -of default=noprint_wrappers=1:nokey=1 D:\Users\Videos\测试\SampleVideo_1280x720_1mb.mp4
2025-05-26T06:02:04.097Z [LOG] 时长命令输出: 5.312000
2025-05-26T06:02:04.098Z [LOG] 成功获取视频时长: 5.312 秒
2025-05-26T06:02:04.098Z [LOG] 获取到视频时长: 5.312 秒, 准备截取缩略图
2025-05-26T06:02:04.098Z [LOG] 将在视频的 2 秒处截取缩略图 (随机生成)
2025-05-26T06:02:04.098Z [PATH] 尝试获取FFmpeg路径
2025-05-26T06:02:04.099Z [LOG] 使用配置的FFmpeg路径: D:\code\cursor\looklook\node_modules\ffmpeg-static\ffmpeg.exe
2025-05-26T06:02:04.099Z [PATH] 使用配置的FFmpeg路径: D:\code\cursor\looklook\node_modules\ffmpeg-static\ffmpeg.exe
2025-05-26T06:02:04.099Z [LOG] 执行命令: D:\code\cursor\looklook\node_modules\ffmpeg-static\ffmpeg.exe -i D:\Users\Videos\测试\SampleVideo_1280x720_1mb.mp4 -ss 2 -vframes 1 -s 320x180 -y D:\code\cursor\looklook\userdata\thumbnails\1748239323361-RDpcVXNl.jpg
2025-05-26T06:02:04.216Z [LOG] 命令行方式成功生成缩略图: D:\code\cursor\looklook\userdata\thumbnails\1748239323361-RDpcVXNl.jpg
2025-05-26T06:02:04.216Z [LOG] 通过多步骤方法成功生成缩略图
2025-05-26T06:02:04.217Z [LOG] 设置已加载
2025-05-26T06:02:04.217Z [LOG] 获取视频分辨率: D:\Users\Videos\测试\SampleVideo_1280x720_20mb.flv
2025-05-26T06:02:04.217Z [MAIN] 开始获取视频分辨率: D:\Users\Videos\测试\SampleVideo_1280x720_20mb.flv
2025-05-26T06:02:04.217Z [LOG] 直接获取视频分辨率
2025-05-26T06:02:04.218Z [RESOLUTION] 开始获取视频分辨率: D:\Users\Videos\测试\SampleVideo_1280x720_20mb.flv
2025-05-26T06:02:04.218Z [PATH] 尝试获取FFprobe路径
2025-05-26T06:02:04.218Z [LOG] 使用配置的FFprobe路径: D:\code\cursor\looklook\node_modules\ffprobe-static\bin\win32\x64\ffprobe.exe
2025-05-26T06:02:04.218Z [PATH] 使用配置的FFprobe路径: D:\code\cursor\looklook\node_modules\ffprobe-static\bin\win32\x64\ffprobe.exe
2025-05-26T06:02:04.218Z [RESOLUTION] 在开发环境中使用ffprobe路径: D:\code\cursor\looklook\node_modules\ffprobe-static\bin\win32\x64\ffprobe.exe
2025-05-26T06:02:04.218Z [RESOLUTION] 检查ffprobe可执行文件是否存在: true
2025-05-26T06:02:04.218Z [LOG] 执行命令: "D:\code\cursor\looklook\node_modules\ffprobe-static\bin\win32\x64\ffprobe.exe" -v error -select_streams v:0 -show_entries stream=width,height -of csv=s=x:p=0 "D:\Users\Videos\测试\SampleVideo_1280x720_20mb.flv"
2025-05-26T06:02:04.219Z [RESOLUTION] 开始执行命令获取分辨率: "D:\code\cursor\looklook\node_modules\ffprobe-static\bin\win32\x64\ffprobe.exe" -v error -select_streams v:0 -show_entries stream=width,height -of csv=s=x:p=0 "D:\Users\Videos\测试\SampleVideo_1280x720_20mb.flv"
2025-05-26T06:02:04.280Z [RESOLUTION] 命令输出: "1280x720"
2025-05-26T06:02:04.280Z [LOG] 成功解析分辨率: 1280×720
2025-05-26T06:02:04.280Z [RESOLUTION] 成功解析分辨率: 1280×720
2025-05-26T06:02:04.281Z [LOG] 获取视频时长: D:\Users\Videos\测试\SampleVideo_1280x720_20mb.flv
2025-05-26T06:02:04.281Z [MAIN] 开始获取视频时长: D:\Users\Videos\测试\SampleVideo_1280x720_20mb.flv
2025-05-26T06:02:04.281Z [LOG] 直接获取视频时长
2025-05-26T06:02:04.281Z [DURATION] 开始获取视频时长: D:\Users\Videos\测试\SampleVideo_1280x720_20mb.flv
2025-05-26T06:02:04.281Z [PATH] 尝试获取FFprobe路径
2025-05-26T06:02:04.281Z [LOG] 使用配置的FFprobe路径: D:\code\cursor\looklook\node_modules\ffprobe-static\bin\win32\x64\ffprobe.exe
2025-05-26T06:02:04.282Z [PATH] 使用配置的FFprobe路径: D:\code\cursor\looklook\node_modules\ffprobe-static\bin\win32\x64\ffprobe.exe
2025-05-26T06:02:04.282Z [DURATION] 在开发环境中使用ffprobe路径: D:\code\cursor\looklook\node_modules\ffprobe-static\bin\win32\x64\ffprobe.exe
2025-05-26T06:02:04.282Z [DURATION] 检查ffprobe可执行文件是否存在: true
2025-05-26T06:02:04.282Z [LOG] 执行命令: "D:\code\cursor\looklook\node_modules\ffprobe-static\bin\win32\x64\ffprobe.exe" -v error -show_entries format=duration -of default=noprint_wrappers=1:nokey=1 "D:\Users\Videos\测试\SampleVideo_1280x720_20mb.flv"
2025-05-26T06:02:04.282Z [DURATION] 开始执行命令获取时长: "D:\code\cursor\looklook\node_modules\ffprobe-static\bin\win32\x64\ffprobe.exe" -v error -show_entries format=duration -of default=noprint_wrappers=1:nokey=1 "D:\Users\Videos\测试\SampleVideo_1280x720_20mb.flv"
2025-05-26T06:02:04.342Z [DURATION] 命令输出: "105.282000"
2025-05-26T06:02:04.343Z [LOG] 成功解析时长: 00:01:45
2025-05-26T06:02:04.343Z [DURATION] 成功解析时长: 00:01:45
2025-05-26T06:02:04.343Z [LOG] 开始生成缩略图，视频路径: D:\Users\Videos\测试\SampleVideo_1280x720_20mb.flv
2025-05-26T06:02:04.343Z [LOG] 缩略图输出路径: D:\code\cursor\looklook\userdata\thumbnails\1748239324691-RDpcVXNl.jpg
2025-05-26T06:02:04.344Z [LOG] 生成随机时间点: 00:00:53
2025-05-26T06:02:04.344Z [LOG] 使用直接命令行ffmpeg生成缩略图
2025-05-26T06:02:04.344Z [PATH] 尝试获取FFmpeg路径
2025-05-26T06:02:04.344Z [LOG] 使用配置的FFmpeg路径: D:\code\cursor\looklook\node_modules\ffmpeg-static\ffmpeg.exe
2025-05-26T06:02:04.345Z [PATH] 使用配置的FFmpeg路径: D:\code\cursor\looklook\node_modules\ffmpeg-static\ffmpeg.exe
2025-05-26T06:02:04.345Z [LOG] 将使用时间点 00:00:53 生成缩略图
2025-05-26T06:02:04.345Z [LOG] 执行命令: D:\code\cursor\looklook\node_modules\ffmpeg-static\ffmpeg.exe -ss 00:00:53 -i D:\Users\Videos\测试\SampleVideo_1280x720_20mb.flv -vframes 1 -s 320x180 -y D:\code\cursor\looklook\userdata\thumbnails\1748239324691-RDpcVXNl.jpg
2025-05-26T06:02:04.439Z [LOG] 直接ffmpeg成功生成缩略图: D:\code\cursor\looklook\userdata\thumbnails\1748239324691-RDpcVXNl.jpg
2025-05-26T06:02:04.440Z [LOG] 通过直接ffmpeg命令生成缩略图成功
2025-05-26T06:02:04.440Z [LOG] 设置已加载
2025-05-26T06:02:04.441Z [LOG] 获取视频分辨率: D:\Users\Videos\测试\SampleVideo_1280x720_20mb.mkv
2025-05-26T06:02:04.441Z [MAIN] 开始获取视频分辨率: D:\Users\Videos\测试\SampleVideo_1280x720_20mb.mkv
2025-05-26T06:02:04.441Z [LOG] 直接获取视频分辨率
2025-05-26T06:02:04.441Z [RESOLUTION] 开始获取视频分辨率: D:\Users\Videos\测试\SampleVideo_1280x720_20mb.mkv
2025-05-26T06:02:04.441Z [PATH] 尝试获取FFprobe路径
2025-05-26T06:02:04.441Z [LOG] 使用配置的FFprobe路径: D:\code\cursor\looklook\node_modules\ffprobe-static\bin\win32\x64\ffprobe.exe
2025-05-26T06:02:04.441Z [PATH] 使用配置的FFprobe路径: D:\code\cursor\looklook\node_modules\ffprobe-static\bin\win32\x64\ffprobe.exe
2025-05-26T06:02:04.441Z [RESOLUTION] 在开发环境中使用ffprobe路径: D:\code\cursor\looklook\node_modules\ffprobe-static\bin\win32\x64\ffprobe.exe
2025-05-26T06:02:04.442Z [RESOLUTION] 检查ffprobe可执行文件是否存在: true
2025-05-26T06:02:04.442Z [LOG] 执行命令: "D:\code\cursor\looklook\node_modules\ffprobe-static\bin\win32\x64\ffprobe.exe" -v error -select_streams v:0 -show_entries stream=width,height -of csv=s=x:p=0 "D:\Users\Videos\测试\SampleVideo_1280x720_20mb.mkv"
2025-05-26T06:02:04.442Z [RESOLUTION] 开始执行命令获取分辨率: "D:\code\cursor\looklook\node_modules\ffprobe-static\bin\win32\x64\ffprobe.exe" -v error -select_streams v:0 -show_entries stream=width,height -of csv=s=x:p=0 "D:\Users\Videos\测试\SampleVideo_1280x720_20mb.mkv"
2025-05-26T06:02:04.507Z [RESOLUTION] 命令输出: "1280x720"
2025-05-26T06:02:04.508Z [LOG] 成功解析分辨率: 1280×720
2025-05-26T06:02:04.508Z [RESOLUTION] 成功解析分辨率: 1280×720
2025-05-26T06:02:04.508Z [LOG] 获取视频时长: D:\Users\Videos\测试\SampleVideo_1280x720_20mb.mkv
2025-05-26T06:02:04.508Z [MAIN] 开始获取视频时长: D:\Users\Videos\测试\SampleVideo_1280x720_20mb.mkv
2025-05-26T06:02:04.509Z [LOG] 直接获取视频时长
2025-05-26T06:02:04.509Z [DURATION] 开始获取视频时长: D:\Users\Videos\测试\SampleVideo_1280x720_20mb.mkv
2025-05-26T06:02:04.509Z [PATH] 尝试获取FFprobe路径
2025-05-26T06:02:04.509Z [LOG] 使用配置的FFprobe路径: D:\code\cursor\looklook\node_modules\ffprobe-static\bin\win32\x64\ffprobe.exe
2025-05-26T06:02:04.509Z [PATH] 使用配置的FFprobe路径: D:\code\cursor\looklook\node_modules\ffprobe-static\bin\win32\x64\ffprobe.exe
2025-05-26T06:02:04.509Z [DURATION] 在开发环境中使用ffprobe路径: D:\code\cursor\looklook\node_modules\ffprobe-static\bin\win32\x64\ffprobe.exe
2025-05-26T06:02:04.510Z [DURATION] 检查ffprobe可执行文件是否存在: true
2025-05-26T06:02:04.510Z [LOG] 执行命令: "D:\code\cursor\looklook\node_modules\ffprobe-static\bin\win32\x64\ffprobe.exe" -v error -show_entries format=duration -of default=noprint_wrappers=1:nokey=1 "D:\Users\Videos\测试\SampleVideo_1280x720_20mb.mkv"
2025-05-26T06:02:04.510Z [DURATION] 开始执行命令获取时长: "D:\code\cursor\looklook\node_modules\ffprobe-static\bin\win32\x64\ffprobe.exe" -v error -show_entries format=duration -of default=noprint_wrappers=1:nokey=1 "D:\Users\Videos\测试\SampleVideo_1280x720_20mb.mkv"
2025-05-26T06:02:04.575Z [DURATION] 命令输出: "112.720000"
2025-05-26T06:02:04.576Z [LOG] 成功解析时长: 00:01:52
2025-05-26T06:02:04.576Z [DURATION] 成功解析时长: 00:01:52
2025-05-26T06:02:04.577Z [LOG] 开始生成缩略图，视频路径: D:\Users\Videos\测试\SampleVideo_1280x720_20mb.mkv
2025-05-26T06:02:04.577Z [LOG] 缩略图输出路径: D:\code\cursor\looklook\userdata\thumbnails\1748239324886-RDpcVXNl.jpg
2025-05-26T06:02:04.577Z [LOG] 生成随机时间点: 00:00:21
2025-05-26T06:02:04.577Z [LOG] 使用直接命令行ffmpeg生成缩略图
2025-05-26T06:02:04.578Z [PATH] 尝试获取FFmpeg路径
2025-05-26T06:02:04.578Z [LOG] 使用配置的FFmpeg路径: D:\code\cursor\looklook\node_modules\ffmpeg-static\ffmpeg.exe
2025-05-26T06:02:04.578Z [PATH] 使用配置的FFmpeg路径: D:\code\cursor\looklook\node_modules\ffmpeg-static\ffmpeg.exe
2025-05-26T06:02:04.578Z [LOG] 将使用时间点 00:00:21 生成缩略图
2025-05-26T06:02:04.579Z [LOG] 执行命令: D:\code\cursor\looklook\node_modules\ffmpeg-static\ffmpeg.exe -ss 00:00:21 -i D:\Users\Videos\测试\SampleVideo_1280x720_20mb.mkv -vframes 1 -s 320x180 -y D:\code\cursor\looklook\userdata\thumbnails\1748239324886-RDpcVXNl.jpg
2025-05-26T06:02:04.675Z [LOG] 直接ffmpeg成功生成缩略图: D:\code\cursor\looklook\userdata\thumbnails\1748239324886-RDpcVXNl.jpg
2025-05-26T06:02:04.675Z [LOG] 通过直接ffmpeg命令生成缩略图成功
2025-05-26T06:02:04.676Z [LOG] 设置已加载
2025-05-26T06:02:04.676Z [LOG] 获取视频分辨率: D:\Users\Videos\测试\SampleVideo_1280x720_20mb.mp4
2025-05-26T06:02:04.676Z [MAIN] 开始获取视频分辨率: D:\Users\Videos\测试\SampleVideo_1280x720_20mb.mp4
2025-05-26T06:02:04.676Z [LOG] 直接获取视频分辨率
2025-05-26T06:02:04.677Z [RESOLUTION] 开始获取视频分辨率: D:\Users\Videos\测试\SampleVideo_1280x720_20mb.mp4
2025-05-26T06:02:04.677Z [PATH] 尝试获取FFprobe路径
2025-05-26T06:02:04.677Z [LOG] 使用配置的FFprobe路径: D:\code\cursor\looklook\node_modules\ffprobe-static\bin\win32\x64\ffprobe.exe
2025-05-26T06:02:04.677Z [PATH] 使用配置的FFprobe路径: D:\code\cursor\looklook\node_modules\ffprobe-static\bin\win32\x64\ffprobe.exe
2025-05-26T06:02:04.677Z [RESOLUTION] 在开发环境中使用ffprobe路径: D:\code\cursor\looklook\node_modules\ffprobe-static\bin\win32\x64\ffprobe.exe
2025-05-26T06:02:04.677Z [RESOLUTION] 检查ffprobe可执行文件是否存在: true
2025-05-26T06:02:04.677Z [LOG] 执行命令: "D:\code\cursor\looklook\node_modules\ffprobe-static\bin\win32\x64\ffprobe.exe" -v error -select_streams v:0 -show_entries stream=width,height -of csv=s=x:p=0 "D:\Users\Videos\测试\SampleVideo_1280x720_20mb.mp4"
2025-05-26T06:02:04.677Z [RESOLUTION] 开始执行命令获取分辨率: "D:\code\cursor\looklook\node_modules\ffprobe-static\bin\win32\x64\ffprobe.exe" -v error -select_streams v:0 -show_entries stream=width,height -of csv=s=x:p=0 "D:\Users\Videos\测试\SampleVideo_1280x720_20mb.mp4"
2025-05-26T06:02:04.751Z [RESOLUTION] 命令输出: "1280x720"
2025-05-26T06:02:04.752Z [LOG] 成功解析分辨率: 1280×720
2025-05-26T06:02:04.752Z [RESOLUTION] 成功解析分辨率: 1280×720
2025-05-26T06:02:04.752Z [LOG] 获取视频时长: D:\Users\Videos\测试\SampleVideo_1280x720_20mb.mp4
2025-05-26T06:02:04.753Z [MAIN] 开始获取视频时长: D:\Users\Videos\测试\SampleVideo_1280x720_20mb.mp4
2025-05-26T06:02:04.753Z [LOG] 直接获取视频时长
2025-05-26T06:02:04.753Z [DURATION] 开始获取视频时长: D:\Users\Videos\测试\SampleVideo_1280x720_20mb.mp4
2025-05-26T06:02:04.753Z [PATH] 尝试获取FFprobe路径
2025-05-26T06:02:04.753Z [LOG] 使用配置的FFprobe路径: D:\code\cursor\looklook\node_modules\ffprobe-static\bin\win32\x64\ffprobe.exe
2025-05-26T06:02:04.753Z [PATH] 使用配置的FFprobe路径: D:\code\cursor\looklook\node_modules\ffprobe-static\bin\win32\x64\ffprobe.exe
2025-05-26T06:02:04.753Z [DURATION] 在开发环境中使用ffprobe路径: D:\code\cursor\looklook\node_modules\ffprobe-static\bin\win32\x64\ffprobe.exe
2025-05-26T06:02:04.754Z [DURATION] 检查ffprobe可执行文件是否存在: true
2025-05-26T06:02:04.754Z [LOG] 执行命令: "D:\code\cursor\looklook\node_modules\ffprobe-static\bin\win32\x64\ffprobe.exe" -v error -show_entries format=duration -of default=noprint_wrappers=1:nokey=1 "D:\Users\Videos\测试\SampleVideo_1280x720_20mb.mp4"
2025-05-26T06:02:04.754Z [DURATION] 开始执行命令获取时长: "D:\code\cursor\looklook\node_modules\ffprobe-static\bin\win32\x64\ffprobe.exe" -v error -show_entries format=duration -of default=noprint_wrappers=1:nokey=1 "D:\Users\Videos\测试\SampleVideo_1280x720_20mb.mp4"
2025-05-26T06:02:04.827Z [DURATION] 命令输出: "117.312000"
2025-05-26T06:02:04.828Z [LOG] 成功解析时长: 00:01:57
2025-05-26T06:02:04.828Z [DURATION] 成功解析时长: 00:01:57
2025-05-26T06:02:04.828Z [LOG] 开始生成缩略图，视频路径: D:\Users\Videos\测试\SampleVideo_1280x720_20mb.mp4
2025-05-26T06:02:04.829Z [LOG] 缩略图输出路径: D:\code\cursor\looklook\userdata\thumbnails\1748239324910-RDpcVXNl.jpg
2025-05-26T06:02:04.829Z [LOG] 生成随机时间点: 00:00:41
2025-05-26T06:02:04.829Z [LOG] 使用直接命令行ffmpeg生成缩略图
2025-05-26T06:02:04.829Z [PATH] 尝试获取FFmpeg路径
2025-05-26T06:02:04.829Z [LOG] 使用配置的FFmpeg路径: D:\code\cursor\looklook\node_modules\ffmpeg-static\ffmpeg.exe
2025-05-26T06:02:04.830Z [PATH] 使用配置的FFmpeg路径: D:\code\cursor\looklook\node_modules\ffmpeg-static\ffmpeg.exe
2025-05-26T06:02:04.830Z [LOG] 将使用时间点 00:00:41 生成缩略图
2025-05-26T06:02:04.830Z [LOG] 执行命令: D:\code\cursor\looklook\node_modules\ffmpeg-static\ffmpeg.exe -ss 00:00:41 -i D:\Users\Videos\测试\SampleVideo_1280x720_20mb.mp4 -vframes 1 -s 320x180 -y D:\code\cursor\looklook\userdata\thumbnails\1748239324910-RDpcVXNl.jpg
2025-05-26T06:02:04.966Z [LOG] 直接ffmpeg成功生成缩略图: D:\code\cursor\looklook\userdata\thumbnails\1748239324910-RDpcVXNl.jpg
2025-05-26T06:02:04.966Z [LOG] 通过直接ffmpeg命令生成缩略图成功
2025-05-26T06:02:04.967Z [LOG] 设置已加载
2025-05-26T06:02:04.967Z [LOG] 获取视频分辨率: D:\Users\Videos\测试\SampleVideo_1280x720_2mb.flv
2025-05-26T06:02:04.967Z [MAIN] 开始获取视频分辨率: D:\Users\Videos\测试\SampleVideo_1280x720_2mb.flv
2025-05-26T06:02:04.967Z [LOG] 直接获取视频分辨率
2025-05-26T06:02:04.968Z [RESOLUTION] 开始获取视频分辨率: D:\Users\Videos\测试\SampleVideo_1280x720_2mb.flv
2025-05-26T06:02:04.968Z [PATH] 尝试获取FFprobe路径
2025-05-26T06:02:04.968Z [LOG] 使用配置的FFprobe路径: D:\code\cursor\looklook\node_modules\ffprobe-static\bin\win32\x64\ffprobe.exe
2025-05-26T06:02:04.968Z [PATH] 使用配置的FFprobe路径: D:\code\cursor\looklook\node_modules\ffprobe-static\bin\win32\x64\ffprobe.exe
2025-05-26T06:02:04.968Z [RESOLUTION] 在开发环境中使用ffprobe路径: D:\code\cursor\looklook\node_modules\ffprobe-static\bin\win32\x64\ffprobe.exe
2025-05-26T06:02:04.968Z [RESOLUTION] 检查ffprobe可执行文件是否存在: true
2025-05-26T06:02:04.968Z [LOG] 执行命令: "D:\code\cursor\looklook\node_modules\ffprobe-static\bin\win32\x64\ffprobe.exe" -v error -select_streams v:0 -show_entries stream=width,height -of csv=s=x:p=0 "D:\Users\Videos\测试\SampleVideo_1280x720_2mb.flv"
2025-05-26T06:02:04.968Z [RESOLUTION] 开始执行命令获取分辨率: "D:\code\cursor\looklook\node_modules\ffprobe-static\bin\win32\x64\ffprobe.exe" -v error -select_streams v:0 -show_entries stream=width,height -of csv=s=x:p=0 "D:\Users\Videos\测试\SampleVideo_1280x720_2mb.flv"
2025-05-26T06:02:05.031Z [RESOLUTION] 命令输出: "1280x720"
2025-05-26T06:02:05.031Z [LOG] 成功解析分辨率: 1280×720
2025-05-26T06:02:05.031Z [RESOLUTION] 成功解析分辨率: 1280×720
2025-05-26T06:02:05.032Z [LOG] 获取视频时长: D:\Users\Videos\测试\SampleVideo_1280x720_2mb.flv
2025-05-26T06:02:05.032Z [MAIN] 开始获取视频时长: D:\Users\Videos\测试\SampleVideo_1280x720_2mb.flv
2025-05-26T06:02:05.032Z [LOG] 直接获取视频时长
2025-05-26T06:02:05.032Z [DURATION] 开始获取视频时长: D:\Users\Videos\测试\SampleVideo_1280x720_2mb.flv
2025-05-26T06:02:05.032Z [PATH] 尝试获取FFprobe路径
2025-05-26T06:02:05.032Z [LOG] 使用配置的FFprobe路径: D:\code\cursor\looklook\node_modules\ffprobe-static\bin\win32\x64\ffprobe.exe
2025-05-26T06:02:05.032Z [PATH] 使用配置的FFprobe路径: D:\code\cursor\looklook\node_modules\ffprobe-static\bin\win32\x64\ffprobe.exe
2025-05-26T06:02:05.033Z [DURATION] 在开发环境中使用ffprobe路径: D:\code\cursor\looklook\node_modules\ffprobe-static\bin\win32\x64\ffprobe.exe
2025-05-26T06:02:05.033Z [DURATION] 检查ffprobe可执行文件是否存在: true
2025-05-26T06:02:05.033Z [LOG] 执行命令: "D:\code\cursor\looklook\node_modules\ffprobe-static\bin\win32\x64\ffprobe.exe" -v error -show_entries format=duration -of default=noprint_wrappers=1:nokey=1 "D:\Users\Videos\测试\SampleVideo_1280x720_2mb.flv"
2025-05-26T06:02:05.033Z [DURATION] 开始执行命令获取时长: "D:\code\cursor\looklook\node_modules\ffprobe-static\bin\win32\x64\ffprobe.exe" -v error -show_entries format=duration -of default=noprint_wrappers=1:nokey=1 "D:\Users\Videos\测试\SampleVideo_1280x720_2mb.flv"
2025-05-26T06:02:05.096Z [DURATION] 命令输出: "11.000000"
2025-05-26T06:02:05.096Z [LOG] 成功解析时长: 00:00:11
2025-05-26T06:02:05.097Z [DURATION] 成功解析时长: 00:00:11
2025-05-26T06:02:05.097Z [LOG] 开始生成缩略图，视频路径: D:\Users\Videos\测试\SampleVideo_1280x720_2mb.flv
2025-05-26T06:02:05.098Z [LOG] 缩略图输出路径: D:\code\cursor\looklook\userdata\thumbnails\1748239325611-RDpcVXNl.jpg
2025-05-26T06:02:05.099Z [LOG] 生成随机时间点: 00:00:21
2025-05-26T06:02:05.099Z [LOG] 使用直接命令行ffmpeg生成缩略图
2025-05-26T06:02:05.099Z [PATH] 尝试获取FFmpeg路径
2025-05-26T06:02:05.100Z [LOG] 使用配置的FFmpeg路径: D:\code\cursor\looklook\node_modules\ffmpeg-static\ffmpeg.exe
2025-05-26T06:02:05.100Z [PATH] 使用配置的FFmpeg路径: D:\code\cursor\looklook\node_modules\ffmpeg-static\ffmpeg.exe
2025-05-26T06:02:05.100Z [LOG] 将使用时间点 00:00:21 生成缩略图
2025-05-26T06:02:05.100Z [LOG] 执行命令: D:\code\cursor\looklook\node_modules\ffmpeg-static\ffmpeg.exe -ss 00:00:21 -i D:\Users\Videos\测试\SampleVideo_1280x720_2mb.flv -vframes 1 -s 320x180 -y D:\code\cursor\looklook\userdata\thumbnails\1748239325611-RDpcVXNl.jpg
2025-05-26T06:02:05.683Z [ERROR] 直接ffmpeg生成缩略图失败: Command failed: D:\code\cursor\looklook\node_modules\ffmpeg-static\ffmpeg.exe -ss 00:00:21 -i D:\Users\Videos\测试\SampleVideo_1280x720_2mb.flv -vframes 1 -s 320x180 -y D:\code\cursor\looklook\userdata\thumbnails\1748239325611-RDpcVXNl.jpg
ffmpeg version 7.1.1-essentials_build-www.gyan.dev Copyright (c) 2000-2025 the FFmpeg developers
  built with gcc 14.2.0 (Rev1, Built by MSYS2 project)
  configuration: --enable-gpl --enable-version3 --enable-static --disable-w32threads --disable-autodetect --enable-fontconfig --enable-iconv --enable-gnutls --enable-libxml2 --enable-gmp --enable-bzlib --enable-lzma --enable-zlib --enable-libsrt --enable-libssh --enable-libzmq --enable-avisynth --enable-sdl2 --enable-libwebp --enable-libx264 --enable-libx265 --enable-libxvid --enable-libaom --enable-libopenjpeg --enable-libvpx --enable-mediafoundation --enable-libass --enable-libfreetype --enable-libfribidi --enable-libharfbuzz --enable-libvidstab --enable-libvmaf --enable-libzimg --enable-amf --enable-cuda-llvm --enable-cuvid --enable-dxva2 --enable-d3d11va --enable-d3d12va --enable-ffnvcodec --enable-libvpl --enable-nvdec --enable-nvenc --enable-vaapi --enable-libgme --enable-libopenmpt --enable-libopencore-amrwb --enable-libmp3lame --enable-libtheora --enable-libvo-amrwbenc --enable-libgsm --enable-libopencore-amrnb --enable-libopus --enable-libspeex --enable-libvorbis --enable-librubberband
  libavutil      59. 39.100 / 59. 39.100
  libavcodec     61. 19.101 / 61. 19.101
  libavformat    61.  7.100 / 61.  7.100
  libavdevice    61.  3.100 / 61.  3.100
  libavfilter    10.  4.100 / 10.  4.100
  libswscale      8.  3.100 /  8.  3.100
  libswresample   5.  3.100 /  5.  3.100
  libpostproc    58.  3.100 / 58.  3.100
Input #0, flv, from 'D:\Users\Videos\测试\SampleVideo_1280x720_2mb.flv':
  Metadata:
    encoder         : Lavf53.24.2
  Duration: 00:00:11.00, start: 0.000000, bitrate: 1525 kb/s
  Stream #0:0: Audio: aac (LC), 48000 Hz, 5.1, fltp, 384 kb/s
  Stream #0:1: Video: flv1 (flv), yuv420p, 1280x720, 1200 kb/s, 1k fps, 25 tbr, 1k tbn
Stream mapping:
  Stream #0:1 -> #0:0 (flv1 (flv) -> mjpeg (native))
Press [q] to stop, [?] for help
[vf#0:0 @ 0000000002b20940] No filtered frames for output stream, trying to initialize anyway.
[mjpeg @ 0000000002b200c0] Non full-range YUV is non-standard, set strict_std_compliance to at most unofficial to use it.
[vost#0:0/mjpeg @ 00000000026e6900] Error while opening encoder - maybe incorrect parameters such as bit_rate, rate, width or height.
[vf#0:0 @ 0000000002b205c0] Task finished with error code: -22 (Invalid argument)
[vf#0:0 @ 0000000002b205c0] Terminating thread with return code -22 (Invalid argument)
[vost#0:0/mjpeg @ 00000000026e6900] Could not open encoder before EOF
[vost#0:0/mjpeg @ 00000000026e6900] Task finished with error code: -22 (Invalid argument)
[vost#0:0/mjpeg @ 00000000026e6900] Terminating thread with return code -22 (Invalid argument)
[out#0/image2 @ 00000000026d73c0] Nothing was written into output file, because at least one of its streams received no packets.
frame=    0 fps=0.0 q=0.0 Lsize=       0KiB time=N/A bitrate=N/A speed=N/A    
Conversion failed!

2025-05-26T06:02:05.686Z [ERROR] STDERR: ffmpeg version 7.1.1-essentials_build-www.gyan.dev Copyright (c) 2000-2025 the FFmpeg developers
  built with gcc 14.2.0 (Rev1, Built by MSYS2 project)
  configuration: --enable-gpl --enable-version3 --enable-static --disable-w32threads --disable-autodetect --enable-fontconfig --enable-iconv --enable-gnutls --enable-libxml2 --enable-gmp --enable-bzlib --enable-lzma --enable-zlib --enable-libsrt --enable-libssh --enable-libzmq --enable-avisynth --enable-sdl2 --enable-libwebp --enable-libx264 --enable-libx265 --enable-libxvid --enable-libaom --enable-libopenjpeg --enable-libvpx --enable-mediafoundation --enable-libass --enable-libfreetype --enable-libfribidi --enable-libharfbuzz --enable-libvidstab --enable-libvmaf --enable-libzimg --enable-amf --enable-cuda-llvm --enable-cuvid --enable-dxva2 --enable-d3d11va --enable-d3d12va --enable-ffnvcodec --enable-libvpl --enable-nvdec --enable-nvenc --enable-vaapi --enable-libgme --enable-libopenmpt --enable-libopencore-amrwb --enable-libmp3lame --enable-libtheora --enable-libvo-amrwbenc --enable-libgsm --enable-libopencore-amrnb --enable-libopus --enable-libspeex --enable-libvorbis --enable-librubberband
  libavutil      59. 39.100 / 59. 39.100
  libavcodec     61. 19.101 / 61. 19.101
  libavformat    61.  7.100 / 61.  7.100
  libavdevice    61.  3.100 / 61.  3.100
  libavfilter    10.  4.100 / 10.  4.100
  libswscale      8.  3.100 /  8.  3.100
  libswresample   5.  3.100 /  5.  3.100
  libpostproc    58.  3.100 / 58.  3.100
Input #0, flv, from 'D:\Users\Videos\测试\SampleVideo_1280x720_2mb.flv':
  Metadata:
    encoder         : Lavf53.24.2
  Duration: 00:00:11.00, start: 0.000000, bitrate: 1525 kb/s
  Stream #0:0: Audio: aac (LC), 48000 Hz, 5.1, fltp, 384 kb/s
  Stream #0:1: Video: flv1 (flv), yuv420p, 1280x720, 1200 kb/s, 1k fps, 25 tbr, 1k tbn
Stream mapping:
  Stream #0:1 -> #0:0 (flv1 (flv) -> mjpeg (native))
Press [q] to stop, [?] for help
[vf#0:0 @ 0000000002b20940] No filtered frames for output stream, trying to initialize anyway.
[mjpeg @ 0000000002b200c0] Non full-range YUV is non-standard, set strict_std_compliance to at most unofficial to use it.
[vost#0:0/mjpeg @ 00000000026e6900] Error while opening encoder - maybe incorrect parameters such as bit_rate, rate, width or height.
[vf#0:0 @ 0000000002b205c0] Task finished with error code: -22 (Invalid argument)
[vf#0:0 @ 0000000002b205c0] Terminating thread with return code -22 (Invalid argument)
[vost#0:0/mjpeg @ 00000000026e6900] Could not open encoder before EOF
[vost#0:0/mjpeg @ 00000000026e6900] Task finished with error code: -22 (Invalid argument)
[vost#0:0/mjpeg @ 00000000026e6900] Terminating thread with return code -22 (Invalid argument)
[out#0/image2 @ 00000000026d73c0] Nothing was written into output file, because at least one of its streams received no packets.
frame=    0 fps=0.0 q=0.0 Lsize=       0KiB time=N/A bitrate=N/A speed=N/A    
Conversion failed!

2025-05-26T06:02:05.689Z [ERROR] 直接ffmpeg命令生成缩略图失败: Command failed: D:\code\cursor\looklook\node_modules\ffmpeg-static\ffmpeg.exe -ss 00:00:21 -i D:\Users\Videos\测试\SampleVideo_1280x720_2mb.flv -vframes 1 -s 320x180 -y D:\code\cursor\looklook\userdata\thumbnails\1748239325611-RDpcVXNl.jpg
ffmpeg version 7.1.1-essentials_build-www.gyan.dev Copyright (c) 2000-2025 the FFmpeg developers
  built with gcc 14.2.0 (Rev1, Built by MSYS2 project)
  configuration: --enable-gpl --enable-version3 --enable-static --disable-w32threads --disable-autodetect --enable-fontconfig --enable-iconv --enable-gnutls --enable-libxml2 --enable-gmp --enable-bzlib --enable-lzma --enable-zlib --enable-libsrt --enable-libssh --enable-libzmq --enable-avisynth --enable-sdl2 --enable-libwebp --enable-libx264 --enable-libx265 --enable-libxvid --enable-libaom --enable-libopenjpeg --enable-libvpx --enable-mediafoundation --enable-libass --enable-libfreetype --enable-libfribidi --enable-libharfbuzz --enable-libvidstab --enable-libvmaf --enable-libzimg --enable-amf --enable-cuda-llvm --enable-cuvid --enable-dxva2 --enable-d3d11va --enable-d3d12va --enable-ffnvcodec --enable-libvpl --enable-nvdec --enable-nvenc --enable-vaapi --enable-libgme --enable-libopenmpt --enable-libopencore-amrwb --enable-libmp3lame --enable-libtheora --enable-libvo-amrwbenc --enable-libgsm --enable-libopencore-amrnb --enable-libopus --enable-libspeex --enable-libvorbis --enable-librubberband
  libavutil      59. 39.100 / 59. 39.100
  libavcodec     61. 19.101 / 61. 19.101
  libavformat    61.  7.100 / 61.  7.100
  libavdevice    61.  3.100 / 61.  3.100
  libavfilter    10.  4.100 / 10.  4.100
  libswscale      8.  3.100 /  8.  3.100
  libswresample   5.  3.100 /  5.  3.100
  libpostproc    58.  3.100 / 58.  3.100
Input #0, flv, from 'D:\Users\Videos\测试\SampleVideo_1280x720_2mb.flv':
  Metadata:
    encoder         : Lavf53.24.2
  Duration: 00:00:11.00, start: 0.000000, bitrate: 1525 kb/s
  Stream #0:0: Audio: aac (LC), 48000 Hz, 5.1, fltp, 384 kb/s
  Stream #0:1: Video: flv1 (flv), yuv420p, 1280x720, 1200 kb/s, 1k fps, 25 tbr, 1k tbn
Stream mapping:
  Stream #0:1 -> #0:0 (flv1 (flv) -> mjpeg (native))
Press [q] to stop, [?] for help
[vf#0:0 @ 0000000002b20940] No filtered frames for output stream, trying to initialize anyway.
[mjpeg @ 0000000002b200c0] Non full-range YUV is non-standard, set strict_std_compliance to at most unofficial to use it.
[vost#0:0/mjpeg @ 00000000026e6900] Error while opening encoder - maybe incorrect parameters such as bit_rate, rate, width or height.
[vf#0:0 @ 0000000002b205c0] Task finished with error code: -22 (Invalid argument)
[vf#0:0 @ 0000000002b205c0] Terminating thread with return code -22 (Invalid argument)
[vost#0:0/mjpeg @ 00000000026e6900] Could not open encoder before EOF
[vost#0:0/mjpeg @ 00000000026e6900] Task finished with error code: -22 (Invalid argument)
[vost#0:0/mjpeg @ 00000000026e6900] Terminating thread with return code -22 (Invalid argument)
[out#0/image2 @ 00000000026d73c0] Nothing was written into output file, because at least one of its streams received no packets.
frame=    0 fps=0.0 q=0.0 Lsize=       0KiB time=N/A bitrate=N/A speed=N/A    
Conversion failed!

2025-05-26T06:02:05.689Z [LOG] 尝试使用直接命令行方式生成缩略图
2025-05-26T06:02:05.690Z [LOG] 直接获取视频时长（秒数）
2025-05-26T06:02:05.690Z [PATH] 尝试获取FFprobe路径
2025-05-26T06:02:05.690Z [LOG] 使用配置的FFprobe路径: D:\code\cursor\looklook\node_modules\ffprobe-static\bin\win32\x64\ffprobe.exe
2025-05-26T06:02:05.690Z [PATH] 使用配置的FFprobe路径: D:\code\cursor\looklook\node_modules\ffprobe-static\bin\win32\x64\ffprobe.exe
2025-05-26T06:02:05.691Z [LOG] 在开发环境中使用ffprobe路径: D:\code\cursor\looklook\node_modules\ffprobe-static\bin\win32\x64\ffprobe.exe
2025-05-26T06:02:05.691Z [LOG] 执行命令: D:\code\cursor\looklook\node_modules\ffprobe-static\bin\win32\x64\ffprobe.exe -v error -show_entries format=duration -of default=noprint_wrappers=1:nokey=1 D:\Users\Videos\测试\SampleVideo_1280x720_2mb.flv
2025-05-26T06:02:05.745Z [LOG] 时长命令输出: 11.000000
2025-05-26T06:02:05.746Z [LOG] 成功获取视频时长: 11 秒
2025-05-26T06:02:05.746Z [LOG] 获取到视频时长: 11 秒, 准备截取缩略图
2025-05-26T06:02:05.746Z [LOG] 将在视频的 4 秒处截取缩略图 (随机生成)
2025-05-26T06:02:05.747Z [PATH] 尝试获取FFmpeg路径
2025-05-26T06:02:05.747Z [LOG] 使用配置的FFmpeg路径: D:\code\cursor\looklook\node_modules\ffmpeg-static\ffmpeg.exe
2025-05-26T06:02:05.747Z [PATH] 使用配置的FFmpeg路径: D:\code\cursor\looklook\node_modules\ffmpeg-static\ffmpeg.exe
2025-05-26T06:02:05.747Z [LOG] 执行命令: D:\code\cursor\looklook\node_modules\ffmpeg-static\ffmpeg.exe -i D:\Users\Videos\测试\SampleVideo_1280x720_2mb.flv -ss 4 -vframes 1 -s 320x180 -y D:\code\cursor\looklook\userdata\thumbnails\1748239325611-RDpcVXNl.jpg
2025-05-26T06:02:05.862Z [LOG] 命令行方式成功生成缩略图: D:\code\cursor\looklook\userdata\thumbnails\1748239325611-RDpcVXNl.jpg
2025-05-26T06:02:05.862Z [LOG] 通过多步骤方法成功生成缩略图
2025-05-26T06:02:05.862Z [LOG] 设置已加载
2025-05-26T06:02:05.863Z [LOG] 获取视频分辨率: D:\Users\Videos\测试\SampleVideo_1280x720_2mb.mkv
2025-05-26T06:02:05.863Z [MAIN] 开始获取视频分辨率: D:\Users\Videos\测试\SampleVideo_1280x720_2mb.mkv
2025-05-26T06:02:05.863Z [LOG] 直接获取视频分辨率
2025-05-26T06:02:05.863Z [RESOLUTION] 开始获取视频分辨率: D:\Users\Videos\测试\SampleVideo_1280x720_2mb.mkv
2025-05-26T06:02:05.863Z [PATH] 尝试获取FFprobe路径
2025-05-26T06:02:05.863Z [LOG] 使用配置的FFprobe路径: D:\code\cursor\looklook\node_modules\ffprobe-static\bin\win32\x64\ffprobe.exe
2025-05-26T06:02:05.864Z [PATH] 使用配置的FFprobe路径: D:\code\cursor\looklook\node_modules\ffprobe-static\bin\win32\x64\ffprobe.exe
2025-05-26T06:02:05.864Z [RESOLUTION] 在开发环境中使用ffprobe路径: D:\code\cursor\looklook\node_modules\ffprobe-static\bin\win32\x64\ffprobe.exe
2025-05-26T06:02:05.864Z [RESOLUTION] 检查ffprobe可执行文件是否存在: true
2025-05-26T06:02:05.864Z [LOG] 执行命令: "D:\code\cursor\looklook\node_modules\ffprobe-static\bin\win32\x64\ffprobe.exe" -v error -select_streams v:0 -show_entries stream=width,height -of csv=s=x:p=0 "D:\Users\Videos\测试\SampleVideo_1280x720_2mb.mkv"
2025-05-26T06:02:05.864Z [RESOLUTION] 开始执行命令获取分辨率: "D:\code\cursor\looklook\node_modules\ffprobe-static\bin\win32\x64\ffprobe.exe" -v error -select_streams v:0 -show_entries stream=width,height -of csv=s=x:p=0 "D:\Users\Videos\测试\SampleVideo_1280x720_2mb.mkv"
2025-05-26T06:02:05.927Z [RESOLUTION] 命令输出: "1280x720"
2025-05-26T06:02:05.928Z [LOG] 成功解析分辨率: 1280×720
2025-05-26T06:02:05.928Z [RESOLUTION] 成功解析分辨率: 1280×720
2025-05-26T06:02:05.928Z [LOG] 获取视频时长: D:\Users\Videos\测试\SampleVideo_1280x720_2mb.mkv
2025-05-26T06:02:05.928Z [MAIN] 开始获取视频时长: D:\Users\Videos\测试\SampleVideo_1280x720_2mb.mkv
2025-05-26T06:02:05.928Z [LOG] 直接获取视频时长
2025-05-26T06:02:05.929Z [DURATION] 开始获取视频时长: D:\Users\Videos\测试\SampleVideo_1280x720_2mb.mkv
2025-05-26T06:02:05.929Z [PATH] 尝试获取FFprobe路径
2025-05-26T06:02:05.929Z [LOG] 使用配置的FFprobe路径: D:\code\cursor\looklook\node_modules\ffprobe-static\bin\win32\x64\ffprobe.exe
2025-05-26T06:02:05.929Z [PATH] 使用配置的FFprobe路径: D:\code\cursor\looklook\node_modules\ffprobe-static\bin\win32\x64\ffprobe.exe
2025-05-26T06:02:05.929Z [DURATION] 在开发环境中使用ffprobe路径: D:\code\cursor\looklook\node_modules\ffprobe-static\bin\win32\x64\ffprobe.exe
2025-05-26T06:02:05.929Z [DURATION] 检查ffprobe可执行文件是否存在: true
2025-05-26T06:02:05.929Z [LOG] 执行命令: "D:\code\cursor\looklook\node_modules\ffprobe-static\bin\win32\x64\ffprobe.exe" -v error -show_entries format=duration -of default=noprint_wrappers=1:nokey=1 "D:\Users\Videos\测试\SampleVideo_1280x720_2mb.mkv"
2025-05-26T06:02:05.930Z [DURATION] 开始执行命令获取时长: "D:\code\cursor\looklook\node_modules\ffprobe-static\bin\win32\x64\ffprobe.exe" -v error -show_entries format=duration -of default=noprint_wrappers=1:nokey=1 "D:\Users\Videos\测试\SampleVideo_1280x720_2mb.mkv"
2025-05-26T06:02:05.992Z [DURATION] 命令输出: "10.650000"
2025-05-26T06:02:05.993Z [LOG] 成功解析时长: 00:00:10
2025-05-26T06:02:05.993Z [DURATION] 成功解析时长: 00:00:10
2025-05-26T06:02:05.993Z [LOG] 开始生成缩略图，视频路径: D:\Users\Videos\测试\SampleVideo_1280x720_2mb.mkv
2025-05-26T06:02:05.993Z [LOG] 缩略图输出路径: D:\code\cursor\looklook\userdata\thumbnails\1748239326721-RDpcVXNl.jpg
2025-05-26T06:02:05.994Z [LOG] 生成随机时间点: 00:00:31
2025-05-26T06:02:05.994Z [LOG] 使用直接命令行ffmpeg生成缩略图
2025-05-26T06:02:05.995Z [PATH] 尝试获取FFmpeg路径
2025-05-26T06:02:05.995Z [LOG] 使用配置的FFmpeg路径: D:\code\cursor\looklook\node_modules\ffmpeg-static\ffmpeg.exe
2025-05-26T06:02:05.995Z [PATH] 使用配置的FFmpeg路径: D:\code\cursor\looklook\node_modules\ffmpeg-static\ffmpeg.exe
2025-05-26T06:02:05.995Z [LOG] 将使用时间点 00:00:31 生成缩略图
2025-05-26T06:02:05.995Z [LOG] 执行命令: D:\code\cursor\looklook\node_modules\ffmpeg-static\ffmpeg.exe -ss 00:00:31 -i D:\Users\Videos\测试\SampleVideo_1280x720_2mb.mkv -vframes 1 -s 320x180 -y D:\code\cursor\looklook\userdata\thumbnails\1748239326721-RDpcVXNl.jpg
2025-05-26T06:02:06.598Z [ERROR] 直接ffmpeg生成缩略图失败: Command failed: D:\code\cursor\looklook\node_modules\ffmpeg-static\ffmpeg.exe -ss 00:00:31 -i D:\Users\Videos\测试\SampleVideo_1280x720_2mb.mkv -vframes 1 -s 320x180 -y D:\code\cursor\looklook\userdata\thumbnails\1748239326721-RDpcVXNl.jpg
ffmpeg version 7.1.1-essentials_build-www.gyan.dev Copyright (c) 2000-2025 the FFmpeg developers
  built with gcc 14.2.0 (Rev1, Built by MSYS2 project)
  configuration: --enable-gpl --enable-version3 --enable-static --disable-w32threads --disable-autodetect --enable-fontconfig --enable-iconv --enable-gnutls --enable-libxml2 --enable-gmp --enable-bzlib --enable-lzma --enable-zlib --enable-libsrt --enable-libssh --enable-libzmq --enable-avisynth --enable-sdl2 --enable-libwebp --enable-libx264 --enable-libx265 --enable-libxvid --enable-libaom --enable-libopenjpeg --enable-libvpx --enable-mediafoundation --enable-libass --enable-libfreetype --enable-libfribidi --enable-libharfbuzz --enable-libvidstab --enable-libvmaf --enable-libzimg --enable-amf --enable-cuda-llvm --enable-cuvid --enable-dxva2 --enable-d3d11va --enable-d3d12va --enable-ffnvcodec --enable-libvpl --enable-nvdec --enable-nvenc --enable-vaapi --enable-libgme --enable-libopenmpt --enable-libopencore-amrwb --enable-libmp3lame --enable-libtheora --enable-libvo-amrwbenc --enable-libgsm --enable-libopencore-amrnb --enable-libopus --enable-libspeex --enable-libvorbis --enable-librubberband
  libavutil      59. 39.100 / 59. 39.100
  libavcodec     61. 19.101 / 61. 19.101
  libavformat    61.  7.100 / 61.  7.100
  libavdevice    61.  3.100 / 61.  3.100
  libavfilter    10.  4.100 / 10.  4.100
  libswscale      8.  3.100 /  8.  3.100
  libswresample   5.  3.100 /  5.  3.100
  libpostproc    58.  3.100 / 58.  3.100
Input #0, matroska,webm, from 'D:\Users\Videos\测试\SampleVideo_1280x720_2mb.mkv':
  Metadata:
    ENCODER         : Lavf53.24.2
  Duration: 00:00:10.65, bitrate: 1575 kb/s
  Stream #0:0: Video: mpeg4 (Simple Profile), yuv420p, 1280x720 [SAR 1:1 DAR 16:9], 25 fps, 25 tbr, 1k tbn (default)
  Stream #0:1: Audio: aac (LC), 48000 Hz, 5.1, fltp (default)
Stream mapping:
  Stream #0:0 -> #0:0 (mpeg4 (native) -> mjpeg (native))
Press [q] to stop, [?] for help
[vf#0:0 @ 0000000002a49500] No filtered frames for output stream, trying to initialize anyway.
[mjpeg @ 0000000002a43100] Non full-range YUV is non-standard, set strict_std_compliance to at most unofficial to use it.
[vost#0:0/mjpeg @ 0000000002a42e80] Error while opening encoder - maybe incorrect parameters such as bit_rate, rate, width or height.
[vf#0:0 @ 0000000002a1d680] Task finished with error code: -22 (Invalid argument)
[vf#0:0 @ 0000000002a1d680] Terminating thread with return code -22 (Invalid argument)
[vost#0:0/mjpeg @ 0000000002a42e80] Could not open encoder before EOF
[vost#0:0/mjpeg @ 0000000002a42e80] Task finished with error code: -22 (Invalid argument)
[vost#0:0/mjpeg @ 0000000002a42e80] Terminating thread with return code -22 (Invalid argument)
[out#0/image2 @ 0000000002770440] Nothing was written into output file, because at least one of its streams received no packets.
frame=    0 fps=0.0 q=0.0 Lsize=       0KiB time=N/A bitrate=N/A speed=N/A    
Conversion failed!

2025-05-26T06:02:06.601Z [ERROR] STDERR: ffmpeg version 7.1.1-essentials_build-www.gyan.dev Copyright (c) 2000-2025 the FFmpeg developers
  built with gcc 14.2.0 (Rev1, Built by MSYS2 project)
  configuration: --enable-gpl --enable-version3 --enable-static --disable-w32threads --disable-autodetect --enable-fontconfig --enable-iconv --enable-gnutls --enable-libxml2 --enable-gmp --enable-bzlib --enable-lzma --enable-zlib --enable-libsrt --enable-libssh --enable-libzmq --enable-avisynth --enable-sdl2 --enable-libwebp --enable-libx264 --enable-libx265 --enable-libxvid --enable-libaom --enable-libopenjpeg --enable-libvpx --enable-mediafoundation --enable-libass --enable-libfreetype --enable-libfribidi --enable-libharfbuzz --enable-libvidstab --enable-libvmaf --enable-libzimg --enable-amf --enable-cuda-llvm --enable-cuvid --enable-dxva2 --enable-d3d11va --enable-d3d12va --enable-ffnvcodec --enable-libvpl --enable-nvdec --enable-nvenc --enable-vaapi --enable-libgme --enable-libopenmpt --enable-libopencore-amrwb --enable-libmp3lame --enable-libtheora --enable-libvo-amrwbenc --enable-libgsm --enable-libopencore-amrnb --enable-libopus --enable-libspeex --enable-libvorbis --enable-librubberband
  libavutil      59. 39.100 / 59. 39.100
  libavcodec     61. 19.101 / 61. 19.101
  libavformat    61.  7.100 / 61.  7.100
  libavdevice    61.  3.100 / 61.  3.100
  libavfilter    10.  4.100 / 10.  4.100
  libswscale      8.  3.100 /  8.  3.100
  libswresample   5.  3.100 /  5.  3.100
  libpostproc    58.  3.100 / 58.  3.100
Input #0, matroska,webm, from 'D:\Users\Videos\测试\SampleVideo_1280x720_2mb.mkv':
  Metadata:
    ENCODER         : Lavf53.24.2
  Duration: 00:00:10.65, bitrate: 1575 kb/s
  Stream #0:0: Video: mpeg4 (Simple Profile), yuv420p, 1280x720 [SAR 1:1 DAR 16:9], 25 fps, 25 tbr, 1k tbn (default)
  Stream #0:1: Audio: aac (LC), 48000 Hz, 5.1, fltp (default)
Stream mapping:
  Stream #0:0 -> #0:0 (mpeg4 (native) -> mjpeg (native))
Press [q] to stop, [?] for help
[vf#0:0 @ 0000000002a49500] No filtered frames for output stream, trying to initialize anyway.
[mjpeg @ 0000000002a43100] Non full-range YUV is non-standard, set strict_std_compliance to at most unofficial to use it.
[vost#0:0/mjpeg @ 0000000002a42e80] Error while opening encoder - maybe incorrect parameters such as bit_rate, rate, width or height.
[vf#0:0 @ 0000000002a1d680] Task finished with error code: -22 (Invalid argument)
[vf#0:0 @ 0000000002a1d680] Terminating thread with return code -22 (Invalid argument)
[vost#0:0/mjpeg @ 0000000002a42e80] Could not open encoder before EOF
[vost#0:0/mjpeg @ 0000000002a42e80] Task finished with error code: -22 (Invalid argument)
[vost#0:0/mjpeg @ 0000000002a42e80] Terminating thread with return code -22 (Invalid argument)
[out#0/image2 @ 0000000002770440] Nothing was written into output file, because at least one of its streams received no packets.
frame=    0 fps=0.0 q=0.0 Lsize=       0KiB time=N/A bitrate=N/A speed=N/A    
Conversion failed!

2025-05-26T06:02:06.605Z [ERROR] 直接ffmpeg命令生成缩略图失败: Command failed: D:\code\cursor\looklook\node_modules\ffmpeg-static\ffmpeg.exe -ss 00:00:31 -i D:\Users\Videos\测试\SampleVideo_1280x720_2mb.mkv -vframes 1 -s 320x180 -y D:\code\cursor\looklook\userdata\thumbnails\1748239326721-RDpcVXNl.jpg
ffmpeg version 7.1.1-essentials_build-www.gyan.dev Copyright (c) 2000-2025 the FFmpeg developers
  built with gcc 14.2.0 (Rev1, Built by MSYS2 project)
  configuration: --enable-gpl --enable-version3 --enable-static --disable-w32threads --disable-autodetect --enable-fontconfig --enable-iconv --enable-gnutls --enable-libxml2 --enable-gmp --enable-bzlib --enable-lzma --enable-zlib --enable-libsrt --enable-libssh --enable-libzmq --enable-avisynth --enable-sdl2 --enable-libwebp --enable-libx264 --enable-libx265 --enable-libxvid --enable-libaom --enable-libopenjpeg --enable-libvpx --enable-mediafoundation --enable-libass --enable-libfreetype --enable-libfribidi --enable-libharfbuzz --enable-libvidstab --enable-libvmaf --enable-libzimg --enable-amf --enable-cuda-llvm --enable-cuvid --enable-dxva2 --enable-d3d11va --enable-d3d12va --enable-ffnvcodec --enable-libvpl --enable-nvdec --enable-nvenc --enable-vaapi --enable-libgme --enable-libopenmpt --enable-libopencore-amrwb --enable-libmp3lame --enable-libtheora --enable-libvo-amrwbenc --enable-libgsm --enable-libopencore-amrnb --enable-libopus --enable-libspeex --enable-libvorbis --enable-librubberband
  libavutil      59. 39.100 / 59. 39.100
  libavcodec     61. 19.101 / 61. 19.101
  libavformat    61.  7.100 / 61.  7.100
  libavdevice    61.  3.100 / 61.  3.100
  libavfilter    10.  4.100 / 10.  4.100
  libswscale      8.  3.100 /  8.  3.100
  libswresample   5.  3.100 /  5.  3.100
  libpostproc    58.  3.100 / 58.  3.100
Input #0, matroska,webm, from 'D:\Users\Videos\测试\SampleVideo_1280x720_2mb.mkv':
  Metadata:
    ENCODER         : Lavf53.24.2
  Duration: 00:00:10.65, bitrate: 1575 kb/s
  Stream #0:0: Video: mpeg4 (Simple Profile), yuv420p, 1280x720 [SAR 1:1 DAR 16:9], 25 fps, 25 tbr, 1k tbn (default)
  Stream #0:1: Audio: aac (LC), 48000 Hz, 5.1, fltp (default)
Stream mapping:
  Stream #0:0 -> #0:0 (mpeg4 (native) -> mjpeg (native))
Press [q] to stop, [?] for help
[vf#0:0 @ 0000000002a49500] No filtered frames for output stream, trying to initialize anyway.
[mjpeg @ 0000000002a43100] Non full-range YUV is non-standard, set strict_std_compliance to at most unofficial to use it.
[vost#0:0/mjpeg @ 0000000002a42e80] Error while opening encoder - maybe incorrect parameters such as bit_rate, rate, width or height.
[vf#0:0 @ 0000000002a1d680] Task finished with error code: -22 (Invalid argument)
[vf#0:0 @ 0000000002a1d680] Terminating thread with return code -22 (Invalid argument)
[vost#0:0/mjpeg @ 0000000002a42e80] Could not open encoder before EOF
[vost#0:0/mjpeg @ 0000000002a42e80] Task finished with error code: -22 (Invalid argument)
[vost#0:0/mjpeg @ 0000000002a42e80] Terminating thread with return code -22 (Invalid argument)
[out#0/image2 @ 0000000002770440] Nothing was written into output file, because at least one of its streams received no packets.
frame=    0 fps=0.0 q=0.0 Lsize=       0KiB time=N/A bitrate=N/A speed=N/A    
Conversion failed!

2025-05-26T06:02:06.605Z [LOG] 尝试使用直接命令行方式生成缩略图
2025-05-26T06:02:06.606Z [LOG] 直接获取视频时长（秒数）
2025-05-26T06:02:06.606Z [PATH] 尝试获取FFprobe路径
2025-05-26T06:02:06.606Z [LOG] 使用配置的FFprobe路径: D:\code\cursor\looklook\node_modules\ffprobe-static\bin\win32\x64\ffprobe.exe
2025-05-26T06:02:06.607Z [PATH] 使用配置的FFprobe路径: D:\code\cursor\looklook\node_modules\ffprobe-static\bin\win32\x64\ffprobe.exe
2025-05-26T06:02:06.607Z [LOG] 在开发环境中使用ffprobe路径: D:\code\cursor\looklook\node_modules\ffprobe-static\bin\win32\x64\ffprobe.exe
2025-05-26T06:02:06.607Z [LOG] 执行命令: D:\code\cursor\looklook\node_modules\ffprobe-static\bin\win32\x64\ffprobe.exe -v error -show_entries format=duration -of default=noprint_wrappers=1:nokey=1 D:\Users\Videos\测试\SampleVideo_1280x720_2mb.mkv
2025-05-26T06:02:06.670Z [LOG] 时长命令输出: 10.650000
2025-05-26T06:02:06.671Z [LOG] 成功获取视频时长: 10.65 秒
2025-05-26T06:02:06.671Z [LOG] 获取到视频时长: 10.65 秒, 准备截取缩略图
2025-05-26T06:02:06.671Z [LOG] 将在视频的 4 秒处截取缩略图 (随机生成)
2025-05-26T06:02:06.671Z [PATH] 尝试获取FFmpeg路径
2025-05-26T06:02:06.672Z [LOG] 使用配置的FFmpeg路径: D:\code\cursor\looklook\node_modules\ffmpeg-static\ffmpeg.exe
2025-05-26T06:02:06.672Z [PATH] 使用配置的FFmpeg路径: D:\code\cursor\looklook\node_modules\ffmpeg-static\ffmpeg.exe
2025-05-26T06:02:06.672Z [LOG] 执行命令: D:\code\cursor\looklook\node_modules\ffmpeg-static\ffmpeg.exe -i D:\Users\Videos\测试\SampleVideo_1280x720_2mb.mkv -ss 4 -vframes 1 -s 320x180 -y D:\code\cursor\looklook\userdata\thumbnails\1748239326721-RDpcVXNl.jpg
2025-05-26T06:02:06.797Z [LOG] 命令行方式成功生成缩略图: D:\code\cursor\looklook\userdata\thumbnails\1748239326721-RDpcVXNl.jpg
2025-05-26T06:02:06.797Z [LOG] 通过多步骤方法成功生成缩略图
2025-05-26T06:02:06.798Z [LOG] 设置已加载
2025-05-26T06:02:06.798Z [LOG] 获取视频分辨率: D:\Users\Videos\测试\SampleVideo_1280x720_2mb.mp4
2025-05-26T06:02:06.798Z [MAIN] 开始获取视频分辨率: D:\Users\Videos\测试\SampleVideo_1280x720_2mb.mp4
2025-05-26T06:02:06.798Z [LOG] 直接获取视频分辨率
2025-05-26T06:02:06.798Z [RESOLUTION] 开始获取视频分辨率: D:\Users\Videos\测试\SampleVideo_1280x720_2mb.mp4
2025-05-26T06:02:06.798Z [PATH] 尝试获取FFprobe路径
2025-05-26T06:02:06.799Z [LOG] 使用配置的FFprobe路径: D:\code\cursor\looklook\node_modules\ffprobe-static\bin\win32\x64\ffprobe.exe
2025-05-26T06:02:06.799Z [PATH] 使用配置的FFprobe路径: D:\code\cursor\looklook\node_modules\ffprobe-static\bin\win32\x64\ffprobe.exe
2025-05-26T06:02:06.799Z [RESOLUTION] 在开发环境中使用ffprobe路径: D:\code\cursor\looklook\node_modules\ffprobe-static\bin\win32\x64\ffprobe.exe
2025-05-26T06:02:06.799Z [RESOLUTION] 检查ffprobe可执行文件是否存在: true
2025-05-26T06:02:06.799Z [LOG] 执行命令: "D:\code\cursor\looklook\node_modules\ffprobe-static\bin\win32\x64\ffprobe.exe" -v error -select_streams v:0 -show_entries stream=width,height -of csv=s=x:p=0 "D:\Users\Videos\测试\SampleVideo_1280x720_2mb.mp4"
2025-05-26T06:02:06.799Z [RESOLUTION] 开始执行命令获取分辨率: "D:\code\cursor\looklook\node_modules\ffprobe-static\bin\win32\x64\ffprobe.exe" -v error -select_streams v:0 -show_entries stream=width,height -of csv=s=x:p=0 "D:\Users\Videos\测试\SampleVideo_1280x720_2mb.mp4"
2025-05-26T06:02:06.870Z [RESOLUTION] 命令输出: "1280x720"
2025-05-26T06:02:06.871Z [LOG] 成功解析分辨率: 1280×720
2025-05-26T06:02:06.871Z [RESOLUTION] 成功解析分辨率: 1280×720
2025-05-26T06:02:06.871Z [LOG] 获取视频时长: D:\Users\Videos\测试\SampleVideo_1280x720_2mb.mp4
2025-05-26T06:02:06.871Z [MAIN] 开始获取视频时长: D:\Users\Videos\测试\SampleVideo_1280x720_2mb.mp4
2025-05-26T06:02:06.871Z [LOG] 直接获取视频时长
2025-05-26T06:02:06.871Z [DURATION] 开始获取视频时长: D:\Users\Videos\测试\SampleVideo_1280x720_2mb.mp4
2025-05-26T06:02:06.872Z [PATH] 尝试获取FFprobe路径
2025-05-26T06:02:06.872Z [LOG] 使用配置的FFprobe路径: D:\code\cursor\looklook\node_modules\ffprobe-static\bin\win32\x64\ffprobe.exe
2025-05-26T06:02:06.872Z [PATH] 使用配置的FFprobe路径: D:\code\cursor\looklook\node_modules\ffprobe-static\bin\win32\x64\ffprobe.exe
2025-05-26T06:02:06.872Z [DURATION] 在开发环境中使用ffprobe路径: D:\code\cursor\looklook\node_modules\ffprobe-static\bin\win32\x64\ffprobe.exe
2025-05-26T06:02:06.872Z [DURATION] 检查ffprobe可执行文件是否存在: true
2025-05-26T06:02:06.872Z [LOG] 执行命令: "D:\code\cursor\looklook\node_modules\ffprobe-static\bin\win32\x64\ffprobe.exe" -v error -show_entries format=duration -of default=noprint_wrappers=1:nokey=1 "D:\Users\Videos\测试\SampleVideo_1280x720_2mb.mp4"
2025-05-26T06:02:06.872Z [DURATION] 开始执行命令获取时长: "D:\code\cursor\looklook\node_modules\ffprobe-static\bin\win32\x64\ffprobe.exe" -v error -show_entries format=duration -of default=noprint_wrappers=1:nokey=1 "D:\Users\Videos\测试\SampleVideo_1280x720_2mb.mp4"
2025-05-26T06:02:06.949Z [DURATION] 命令输出: "13.504000"
2025-05-26T06:02:06.949Z [LOG] 成功解析时长: 00:00:13
2025-05-26T06:02:06.950Z [DURATION] 成功解析时长: 00:00:13
2025-05-26T06:02:06.950Z [LOG] 开始生成缩略图，视频路径: D:\Users\Videos\测试\SampleVideo_1280x720_2mb.mp4
2025-05-26T06:02:06.950Z [LOG] 缩略图输出路径: D:\code\cursor\looklook\userdata\thumbnails\1748239327107-RDpcVXNl.jpg
2025-05-26T06:02:06.951Z [LOG] 生成随机时间点: 00:00:50
2025-05-26T06:02:06.951Z [LOG] 使用直接命令行ffmpeg生成缩略图
2025-05-26T06:02:06.951Z [PATH] 尝试获取FFmpeg路径
2025-05-26T06:02:06.951Z [LOG] 使用配置的FFmpeg路径: D:\code\cursor\looklook\node_modules\ffmpeg-static\ffmpeg.exe
2025-05-26T06:02:06.951Z [PATH] 使用配置的FFmpeg路径: D:\code\cursor\looklook\node_modules\ffmpeg-static\ffmpeg.exe
2025-05-26T06:02:06.952Z [LOG] 将使用时间点 00:00:50 生成缩略图
2025-05-26T06:02:06.952Z [LOG] 执行命令: D:\code\cursor\looklook\node_modules\ffmpeg-static\ffmpeg.exe -ss 00:00:50 -i D:\Users\Videos\测试\SampleVideo_1280x720_2mb.mp4 -vframes 1 -s 320x180 -y D:\code\cursor\looklook\userdata\thumbnails\1748239327107-RDpcVXNl.jpg
2025-05-26T06:02:07.564Z [ERROR] 直接ffmpeg生成缩略图失败: Command failed: D:\code\cursor\looklook\node_modules\ffmpeg-static\ffmpeg.exe -ss 00:00:50 -i D:\Users\Videos\测试\SampleVideo_1280x720_2mb.mp4 -vframes 1 -s 320x180 -y D:\code\cursor\looklook\userdata\thumbnails\1748239327107-RDpcVXNl.jpg
ffmpeg version 7.1.1-essentials_build-www.gyan.dev Copyright (c) 2000-2025 the FFmpeg developers
  built with gcc 14.2.0 (Rev1, Built by MSYS2 project)
  configuration: --enable-gpl --enable-version3 --enable-static --disable-w32threads --disable-autodetect --enable-fontconfig --enable-iconv --enable-gnutls --enable-libxml2 --enable-gmp --enable-bzlib --enable-lzma --enable-zlib --enable-libsrt --enable-libssh --enable-libzmq --enable-avisynth --enable-sdl2 --enable-libwebp --enable-libx264 --enable-libx265 --enable-libxvid --enable-libaom --enable-libopenjpeg --enable-libvpx --enable-mediafoundation --enable-libass --enable-libfreetype --enable-libfribidi --enable-libharfbuzz --enable-libvidstab --enable-libvmaf --enable-libzimg --enable-amf --enable-cuda-llvm --enable-cuvid --enable-dxva2 --enable-d3d11va --enable-d3d12va --enable-ffnvcodec --enable-libvpl --enable-nvdec --enable-nvenc --enable-vaapi --enable-libgme --enable-libopenmpt --enable-libopencore-amrwb --enable-libmp3lame --enable-libtheora --enable-libvo-amrwbenc --enable-libgsm --enable-libopencore-amrnb --enable-libopus --enable-libspeex --enable-libvorbis --enable-librubberband
  libavutil      59. 39.100 / 59. 39.100
  libavcodec     61. 19.101 / 61. 19.101
  libavformat    61.  7.100 / 61.  7.100
  libavdevice    61.  3.100 / 61.  3.100
  libavfilter    10.  4.100 / 10.  4.100
  libswscale      8.  3.100 /  8.  3.100
  libswresample   5.  3.100 /  5.  3.100
  libpostproc    58.  3.100 / 58.  3.100
Input #0, mov,mp4,m4a,3gp,3g2,mj2, from 'D:\Users\Videos\测试\SampleVideo_1280x720_2mb.mp4':
  Metadata:
    major_brand     : isom
    minor_version   : 512
    compatible_brands: isomiso2avc1mp41
    creation_time   : 1970-01-01T00:00:00.000000Z
    encoder         : Lavf53.24.2
  Duration: 00:00:13.50, start: 0.000000, bitrate: 1248 kb/s
  Stream #0:0[0x1](und): Video: h264 (Main) (avc1 / 0x31637661), yuv420p(progressive), 1280x720 [SAR 1:1 DAR 16:9], 862 kb/s, 25 fps, 25 tbr, 12800 tbn (default)
      Metadata:
        creation_time   : 1970-01-01T00:00:00.000000Z
        handler_name    : VideoHandler
        vendor_id       : [0][0][0][0]
  Stream #0:1[0x2](und): Audio: aac (LC) (mp4a / 0x6134706D), 48000 Hz, 5.1, fltp, 381 kb/s (default)
      Metadata:
        creation_time   : 1970-01-01T00:00:00.000000Z
        handler_name    : SoundHandler
        vendor_id       : [0][0][0][0]
Stream mapping:
  Stream #0:0 -> #0:0 (h264 (native) -> mjpeg (native))
Press [q] to stop, [?] for help
[vf#0:0 @ 0000000002a50540] No filtered frames for output stream, trying to initialize anyway.
[mjpeg @ 0000000002710f00] Non full-range YUV is non-standard, set strict_std_compliance to at most unofficial to use it.
[vost#0:0/mjpeg @ 00000000026fc600] Error while opening encoder - maybe incorrect parameters such as bit_rate, rate, width or height.
[vf#0:0 @ 0000000002a500c0] Task finished with error code: -22 (Invalid argument)
[vf#0:0 @ 0000000002a500c0] Terminating thread with return code -22 (Invalid argument)
[vost#0:0/mjpeg @ 00000000026fc600] Could not open encoder before EOF
[vost#0:0/mjpeg @ 00000000026fc600] Task finished with error code: -22 (Invalid argument)
[vost#0:0/mjpeg @ 00000000026fc600] Terminating thread with return code -22 (Invalid argument)
[out#0/image2 @ 0000000002706fc0] Nothing was written into output file, because at least one of its streams received no packets.
frame=    0 fps=0.0 q=0.0 Lsize=       0KiB time=N/A bitrate=N/A speed=N/A    
Conversion failed!

2025-05-26T06:02:07.568Z [ERROR] STDERR: ffmpeg version 7.1.1-essentials_build-www.gyan.dev Copyright (c) 2000-2025 the FFmpeg developers
  built with gcc 14.2.0 (Rev1, Built by MSYS2 project)
  configuration: --enable-gpl --enable-version3 --enable-static --disable-w32threads --disable-autodetect --enable-fontconfig --enable-iconv --enable-gnutls --enable-libxml2 --enable-gmp --enable-bzlib --enable-lzma --enable-zlib --enable-libsrt --enable-libssh --enable-libzmq --enable-avisynth --enable-sdl2 --enable-libwebp --enable-libx264 --enable-libx265 --enable-libxvid --enable-libaom --enable-libopenjpeg --enable-libvpx --enable-mediafoundation --enable-libass --enable-libfreetype --enable-libfribidi --enable-libharfbuzz --enable-libvidstab --enable-libvmaf --enable-libzimg --enable-amf --enable-cuda-llvm --enable-cuvid --enable-dxva2 --enable-d3d11va --enable-d3d12va --enable-ffnvcodec --enable-libvpl --enable-nvdec --enable-nvenc --enable-vaapi --enable-libgme --enable-libopenmpt --enable-libopencore-amrwb --enable-libmp3lame --enable-libtheora --enable-libvo-amrwbenc --enable-libgsm --enable-libopencore-amrnb --enable-libopus --enable-libspeex --enable-libvorbis --enable-librubberband
  libavutil      59. 39.100 / 59. 39.100
  libavcodec     61. 19.101 / 61. 19.101
  libavformat    61.  7.100 / 61.  7.100
  libavdevice    61.  3.100 / 61.  3.100
  libavfilter    10.  4.100 / 10.  4.100
  libswscale      8.  3.100 /  8.  3.100
  libswresample   5.  3.100 /  5.  3.100
  libpostproc    58.  3.100 / 58.  3.100
Input #0, mov,mp4,m4a,3gp,3g2,mj2, from 'D:\Users\Videos\测试\SampleVideo_1280x720_2mb.mp4':
  Metadata:
    major_brand     : isom
    minor_version   : 512
    compatible_brands: isomiso2avc1mp41
    creation_time   : 1970-01-01T00:00:00.000000Z
    encoder         : Lavf53.24.2
  Duration: 00:00:13.50, start: 0.000000, bitrate: 1248 kb/s
  Stream #0:0[0x1](und): Video: h264 (Main) (avc1 / 0x31637661), yuv420p(progressive), 1280x720 [SAR 1:1 DAR 16:9], 862 kb/s, 25 fps, 25 tbr, 12800 tbn (default)
      Metadata:
        creation_time   : 1970-01-01T00:00:00.000000Z
        handler_name    : VideoHandler
        vendor_id       : [0][0][0][0]
  Stream #0:1[0x2](und): Audio: aac (LC) (mp4a / 0x6134706D), 48000 Hz, 5.1, fltp, 381 kb/s (default)
      Metadata:
        creation_time   : 1970-01-01T00:00:00.000000Z
        handler_name    : SoundHandler
        vendor_id       : [0][0][0][0]
Stream mapping:
  Stream #0:0 -> #0:0 (h264 (native) -> mjpeg (native))
Press [q] to stop, [?] for help
[vf#0:0 @ 0000000002a50540] No filtered frames for output stream, trying to initialize anyway.
[mjpeg @ 0000000002710f00] Non full-range YUV is non-standard, set strict_std_compliance to at most unofficial to use it.
[vost#0:0/mjpeg @ 00000000026fc600] Error while opening encoder - maybe incorrect parameters such as bit_rate, rate, width or height.
[vf#0:0 @ 0000000002a500c0] Task finished with error code: -22 (Invalid argument)
[vf#0:0 @ 0000000002a500c0] Terminating thread with return code -22 (Invalid argument)
[vost#0:0/mjpeg @ 00000000026fc600] Could not open encoder before EOF
[vost#0:0/mjpeg @ 00000000026fc600] Task finished with error code: -22 (Invalid argument)
[vost#0:0/mjpeg @ 00000000026fc600] Terminating thread with return code -22 (Invalid argument)
[out#0/image2 @ 0000000002706fc0] Nothing was written into output file, because at least one of its streams received no packets.
frame=    0 fps=0.0 q=0.0 Lsize=       0KiB time=N/A bitrate=N/A speed=N/A    
Conversion failed!

2025-05-26T06:02:07.572Z [ERROR] 直接ffmpeg命令生成缩略图失败: Command failed: D:\code\cursor\looklook\node_modules\ffmpeg-static\ffmpeg.exe -ss 00:00:50 -i D:\Users\Videos\测试\SampleVideo_1280x720_2mb.mp4 -vframes 1 -s 320x180 -y D:\code\cursor\looklook\userdata\thumbnails\1748239327107-RDpcVXNl.jpg
ffmpeg version 7.1.1-essentials_build-www.gyan.dev Copyright (c) 2000-2025 the FFmpeg developers
  built with gcc 14.2.0 (Rev1, Built by MSYS2 project)
  configuration: --enable-gpl --enable-version3 --enable-static --disable-w32threads --disable-autodetect --enable-fontconfig --enable-iconv --enable-gnutls --enable-libxml2 --enable-gmp --enable-bzlib --enable-lzma --enable-zlib --enable-libsrt --enable-libssh --enable-libzmq --enable-avisynth --enable-sdl2 --enable-libwebp --enable-libx264 --enable-libx265 --enable-libxvid --enable-libaom --enable-libopenjpeg --enable-libvpx --enable-mediafoundation --enable-libass --enable-libfreetype --enable-libfribidi --enable-libharfbuzz --enable-libvidstab --enable-libvmaf --enable-libzimg --enable-amf --enable-cuda-llvm --enable-cuvid --enable-dxva2 --enable-d3d11va --enable-d3d12va --enable-ffnvcodec --enable-libvpl --enable-nvdec --enable-nvenc --enable-vaapi --enable-libgme --enable-libopenmpt --enable-libopencore-amrwb --enable-libmp3lame --enable-libtheora --enable-libvo-amrwbenc --enable-libgsm --enable-libopencore-amrnb --enable-libopus --enable-libspeex --enable-libvorbis --enable-librubberband
  libavutil      59. 39.100 / 59. 39.100
  libavcodec     61. 19.101 / 61. 19.101
  libavformat    61.  7.100 / 61.  7.100
  libavdevice    61.  3.100 / 61.  3.100
  libavfilter    10.  4.100 / 10.  4.100
  libswscale      8.  3.100 /  8.  3.100
  libswresample   5.  3.100 /  5.  3.100
  libpostproc    58.  3.100 / 58.  3.100
Input #0, mov,mp4,m4a,3gp,3g2,mj2, from 'D:\Users\Videos\测试\SampleVideo_1280x720_2mb.mp4':
  Metadata:
    major_brand     : isom
    minor_version   : 512
    compatible_brands: isomiso2avc1mp41
    creation_time   : 1970-01-01T00:00:00.000000Z
    encoder         : Lavf53.24.2
  Duration: 00:00:13.50, start: 0.000000, bitrate: 1248 kb/s
  Stream #0:0[0x1](und): Video: h264 (Main) (avc1 / 0x31637661), yuv420p(progressive), 1280x720 [SAR 1:1 DAR 16:9], 862 kb/s, 25 fps, 25 tbr, 12800 tbn (default)
      Metadata:
        creation_time   : 1970-01-01T00:00:00.000000Z
        handler_name    : VideoHandler
        vendor_id       : [0][0][0][0]
  Stream #0:1[0x2](und): Audio: aac (LC) (mp4a / 0x6134706D), 48000 Hz, 5.1, fltp, 381 kb/s (default)
      Metadata:
        creation_time   : 1970-01-01T00:00:00.000000Z
        handler_name    : SoundHandler
        vendor_id       : [0][0][0][0]
Stream mapping:
  Stream #0:0 -> #0:0 (h264 (native) -> mjpeg (native))
Press [q] to stop, [?] for help
[vf#0:0 @ 0000000002a50540] No filtered frames for output stream, trying to initialize anyway.
[mjpeg @ 0000000002710f00] Non full-range YUV is non-standard, set strict_std_compliance to at most unofficial to use it.
[vost#0:0/mjpeg @ 00000000026fc600] Error while opening encoder - maybe incorrect parameters such as bit_rate, rate, width or height.
[vf#0:0 @ 0000000002a500c0] Task finished with error code: -22 (Invalid argument)
[vf#0:0 @ 0000000002a500c0] Terminating thread with return code -22 (Invalid argument)
[vost#0:0/mjpeg @ 00000000026fc600] Could not open encoder before EOF
[vost#0:0/mjpeg @ 00000000026fc600] Task finished with error code: -22 (Invalid argument)
[vost#0:0/mjpeg @ 00000000026fc600] Terminating thread with return code -22 (Invalid argument)
[out#0/image2 @ 0000000002706fc0] Nothing was written into output file, because at least one of its streams received no packets.
frame=    0 fps=0.0 q=0.0 Lsize=       0KiB time=N/A bitrate=N/A speed=N/A    
Conversion failed!

2025-05-26T06:02:07.573Z [LOG] 尝试使用直接命令行方式生成缩略图
2025-05-26T06:02:07.573Z [LOG] 直接获取视频时长（秒数）
2025-05-26T06:02:07.573Z [PATH] 尝试获取FFprobe路径
2025-05-26T06:02:07.574Z [LOG] 使用配置的FFprobe路径: D:\code\cursor\looklook\node_modules\ffprobe-static\bin\win32\x64\ffprobe.exe
2025-05-26T06:02:07.574Z [PATH] 使用配置的FFprobe路径: D:\code\cursor\looklook\node_modules\ffprobe-static\bin\win32\x64\ffprobe.exe
2025-05-26T06:02:07.574Z [LOG] 在开发环境中使用ffprobe路径: D:\code\cursor\looklook\node_modules\ffprobe-static\bin\win32\x64\ffprobe.exe
2025-05-26T06:02:07.574Z [LOG] 执行命令: D:\code\cursor\looklook\node_modules\ffprobe-static\bin\win32\x64\ffprobe.exe -v error -show_entries format=duration -of default=noprint_wrappers=1:nokey=1 D:\Users\Videos\测试\SampleVideo_1280x720_2mb.mp4
2025-05-26T06:02:07.643Z [LOG] 时长命令输出: 13.504000
2025-05-26T06:02:07.643Z [LOG] 成功获取视频时长: 13.504 秒
2025-05-26T06:02:07.643Z [LOG] 获取到视频时长: 13.504 秒, 准备截取缩略图
2025-05-26T06:02:07.644Z [LOG] 将在视频的 3 秒处截取缩略图 (随机生成)
2025-05-26T06:02:07.644Z [PATH] 尝试获取FFmpeg路径
2025-05-26T06:02:07.644Z [LOG] 使用配置的FFmpeg路径: D:\code\cursor\looklook\node_modules\ffmpeg-static\ffmpeg.exe
2025-05-26T06:02:07.644Z [PATH] 使用配置的FFmpeg路径: D:\code\cursor\looklook\node_modules\ffmpeg-static\ffmpeg.exe
2025-05-26T06:02:07.644Z [LOG] 执行命令: D:\code\cursor\looklook\node_modules\ffmpeg-static\ffmpeg.exe -i D:\Users\Videos\测试\SampleVideo_1280x720_2mb.mp4 -ss 3 -vframes 1 -s 320x180 -y D:\code\cursor\looklook\userdata\thumbnails\1748239327107-RDpcVXNl.jpg
2025-05-26T06:02:07.771Z [LOG] 命令行方式成功生成缩略图: D:\code\cursor\looklook\userdata\thumbnails\1748239327107-RDpcVXNl.jpg
2025-05-26T06:02:07.772Z [LOG] 通过多步骤方法成功生成缩略图
2025-05-26T06:02:07.772Z [LOG] 设置已加载
2025-05-26T06:02:07.772Z [LOG] 获取视频分辨率: D:\Users\Videos\测试\SampleVideo_1280x720_30mb.mp4
2025-05-26T06:02:07.773Z [MAIN] 开始获取视频分辨率: D:\Users\Videos\测试\SampleVideo_1280x720_30mb.mp4
2025-05-26T06:02:07.773Z [LOG] 直接获取视频分辨率
2025-05-26T06:02:07.773Z [RESOLUTION] 开始获取视频分辨率: D:\Users\Videos\测试\SampleVideo_1280x720_30mb.mp4
2025-05-26T06:02:07.773Z [PATH] 尝试获取FFprobe路径
2025-05-26T06:02:07.773Z [LOG] 使用配置的FFprobe路径: D:\code\cursor\looklook\node_modules\ffprobe-static\bin\win32\x64\ffprobe.exe
2025-05-26T06:02:07.773Z [PATH] 使用配置的FFprobe路径: D:\code\cursor\looklook\node_modules\ffprobe-static\bin\win32\x64\ffprobe.exe
2025-05-26T06:02:07.773Z [RESOLUTION] 在开发环境中使用ffprobe路径: D:\code\cursor\looklook\node_modules\ffprobe-static\bin\win32\x64\ffprobe.exe
2025-05-26T06:02:07.774Z [RESOLUTION] 检查ffprobe可执行文件是否存在: true
2025-05-26T06:02:07.774Z [LOG] 执行命令: "D:\code\cursor\looklook\node_modules\ffprobe-static\bin\win32\x64\ffprobe.exe" -v error -select_streams v:0 -show_entries stream=width,height -of csv=s=x:p=0 "D:\Users\Videos\测试\SampleVideo_1280x720_30mb.mp4"
2025-05-26T06:02:07.774Z [RESOLUTION] 开始执行命令获取分辨率: "D:\code\cursor\looklook\node_modules\ffprobe-static\bin\win32\x64\ffprobe.exe" -v error -select_streams v:0 -show_entries stream=width,height -of csv=s=x:p=0 "D:\Users\Videos\测试\SampleVideo_1280x720_30mb.mp4"
2025-05-26T06:02:07.845Z [RESOLUTION] 命令输出: "1280x720"
2025-05-26T06:02:07.846Z [LOG] 成功解析分辨率: 1280×720
2025-05-26T06:02:07.846Z [RESOLUTION] 成功解析分辨率: 1280×720
2025-05-26T06:02:07.846Z [LOG] 获取视频时长: D:\Users\Videos\测试\SampleVideo_1280x720_30mb.mp4
2025-05-26T06:02:07.846Z [MAIN] 开始获取视频时长: D:\Users\Videos\测试\SampleVideo_1280x720_30mb.mp4
2025-05-26T06:02:07.847Z [LOG] 直接获取视频时长
2025-05-26T06:02:07.847Z [DURATION] 开始获取视频时长: D:\Users\Videos\测试\SampleVideo_1280x720_30mb.mp4
2025-05-26T06:02:07.847Z [PATH] 尝试获取FFprobe路径
2025-05-26T06:02:07.847Z [LOG] 使用配置的FFprobe路径: D:\code\cursor\looklook\node_modules\ffprobe-static\bin\win32\x64\ffprobe.exe
2025-05-26T06:02:07.847Z [PATH] 使用配置的FFprobe路径: D:\code\cursor\looklook\node_modules\ffprobe-static\bin\win32\x64\ffprobe.exe
2025-05-26T06:02:07.847Z [DURATION] 在开发环境中使用ffprobe路径: D:\code\cursor\looklook\node_modules\ffprobe-static\bin\win32\x64\ffprobe.exe
2025-05-26T06:02:07.847Z [DURATION] 检查ffprobe可执行文件是否存在: true
2025-05-26T06:02:07.848Z [LOG] 执行命令: "D:\code\cursor\looklook\node_modules\ffprobe-static\bin\win32\x64\ffprobe.exe" -v error -show_entries format=duration -of default=noprint_wrappers=1:nokey=1 "D:\Users\Videos\测试\SampleVideo_1280x720_30mb.mp4"
2025-05-26T06:02:07.848Z [DURATION] 开始执行命令获取时长: "D:\code\cursor\looklook\node_modules\ffprobe-static\bin\win32\x64\ffprobe.exe" -v error -show_entries format=duration -of default=noprint_wrappers=1:nokey=1 "D:\Users\Videos\测试\SampleVideo_1280x720_30mb.mp4"
2025-05-26T06:02:07.926Z [DURATION] 命令输出: "170.859000"
2025-05-26T06:02:07.927Z [LOG] 成功解析时长: 00:02:50
2025-05-26T06:02:07.927Z [DURATION] 成功解析时长: 00:02:50
2025-05-26T06:02:07.927Z [LOG] 开始生成缩略图，视频路径: D:\Users\Videos\测试\SampleVideo_1280x720_30mb.mp4
2025-05-26T06:02:07.928Z [LOG] 缩略图输出路径: D:\code\cursor\looklook\userdata\thumbnails\1748239328726-RDpcVXNl.jpg
2025-05-26T06:02:07.928Z [LOG] 生成随机时间点: 00:00:24
2025-05-26T06:02:07.928Z [LOG] 使用直接命令行ffmpeg生成缩略图
2025-05-26T06:02:07.928Z [PATH] 尝试获取FFmpeg路径
2025-05-26T06:02:07.929Z [LOG] 使用配置的FFmpeg路径: D:\code\cursor\looklook\node_modules\ffmpeg-static\ffmpeg.exe
2025-05-26T06:02:07.929Z [PATH] 使用配置的FFmpeg路径: D:\code\cursor\looklook\node_modules\ffmpeg-static\ffmpeg.exe
2025-05-26T06:02:07.929Z [LOG] 将使用时间点 00:00:24 生成缩略图
2025-05-26T06:02:07.929Z [LOG] 执行命令: D:\code\cursor\looklook\node_modules\ffmpeg-static\ffmpeg.exe -ss 00:00:24 -i D:\Users\Videos\测试\SampleVideo_1280x720_30mb.mp4 -vframes 1 -s 320x180 -y D:\code\cursor\looklook\userdata\thumbnails\1748239328726-RDpcVXNl.jpg
2025-05-26T06:02:08.041Z [LOG] 直接ffmpeg成功生成缩略图: D:\code\cursor\looklook\userdata\thumbnails\1748239328726-RDpcVXNl.jpg
2025-05-26T06:02:08.041Z [LOG] 通过直接ffmpeg命令生成缩略图成功
2025-05-26T06:02:08.042Z [LOG] 设置已加载
2025-05-26T06:02:08.043Z [LOG] 获取视频分辨率: D:\Users\Videos\测试\SampleVideo_1280x720_5mb.flv
2025-05-26T06:02:08.043Z [MAIN] 开始获取视频分辨率: D:\Users\Videos\测试\SampleVideo_1280x720_5mb.flv
2025-05-26T06:02:08.043Z [LOG] 直接获取视频分辨率
2025-05-26T06:02:08.043Z [RESOLUTION] 开始获取视频分辨率: D:\Users\Videos\测试\SampleVideo_1280x720_5mb.flv
2025-05-26T06:02:08.043Z [PATH] 尝试获取FFprobe路径
2025-05-26T06:02:08.043Z [LOG] 使用配置的FFprobe路径: D:\code\cursor\looklook\node_modules\ffprobe-static\bin\win32\x64\ffprobe.exe
2025-05-26T06:02:08.043Z [PATH] 使用配置的FFprobe路径: D:\code\cursor\looklook\node_modules\ffprobe-static\bin\win32\x64\ffprobe.exe
2025-05-26T06:02:08.043Z [RESOLUTION] 在开发环境中使用ffprobe路径: D:\code\cursor\looklook\node_modules\ffprobe-static\bin\win32\x64\ffprobe.exe
2025-05-26T06:02:08.044Z [RESOLUTION] 检查ffprobe可执行文件是否存在: true
2025-05-26T06:02:08.044Z [LOG] 执行命令: "D:\code\cursor\looklook\node_modules\ffprobe-static\bin\win32\x64\ffprobe.exe" -v error -select_streams v:0 -show_entries stream=width,height -of csv=s=x:p=0 "D:\Users\Videos\测试\SampleVideo_1280x720_5mb.flv"
2025-05-26T06:02:08.044Z [RESOLUTION] 开始执行命令获取分辨率: "D:\code\cursor\looklook\node_modules\ffprobe-static\bin\win32\x64\ffprobe.exe" -v error -select_streams v:0 -show_entries stream=width,height -of csv=s=x:p=0 "D:\Users\Videos\测试\SampleVideo_1280x720_5mb.flv"
2025-05-26T06:02:08.110Z [RESOLUTION] 命令输出: "1280x720"
2025-05-26T06:02:08.111Z [LOG] 成功解析分辨率: 1280×720
2025-05-26T06:02:08.111Z [RESOLUTION] 成功解析分辨率: 1280×720
2025-05-26T06:02:08.111Z [LOG] 获取视频时长: D:\Users\Videos\测试\SampleVideo_1280x720_5mb.flv
2025-05-26T06:02:08.111Z [MAIN] 开始获取视频时长: D:\Users\Videos\测试\SampleVideo_1280x720_5mb.flv
2025-05-26T06:02:08.111Z [LOG] 直接获取视频时长
2025-05-26T06:02:08.111Z [DURATION] 开始获取视频时长: D:\Users\Videos\测试\SampleVideo_1280x720_5mb.flv
2025-05-26T06:02:08.112Z [PATH] 尝试获取FFprobe路径
2025-05-26T06:02:08.112Z [LOG] 使用配置的FFprobe路径: D:\code\cursor\looklook\node_modules\ffprobe-static\bin\win32\x64\ffprobe.exe
2025-05-26T06:02:08.112Z [PATH] 使用配置的FFprobe路径: D:\code\cursor\looklook\node_modules\ffprobe-static\bin\win32\x64\ffprobe.exe
2025-05-26T06:02:08.112Z [DURATION] 在开发环境中使用ffprobe路径: D:\code\cursor\looklook\node_modules\ffprobe-static\bin\win32\x64\ffprobe.exe
2025-05-26T06:02:08.112Z [DURATION] 检查ffprobe可执行文件是否存在: true
2025-05-26T06:02:08.112Z [LOG] 执行命令: "D:\code\cursor\looklook\node_modules\ffprobe-static\bin\win32\x64\ffprobe.exe" -v error -show_entries format=duration -of default=noprint_wrappers=1:nokey=1 "D:\Users\Videos\测试\SampleVideo_1280x720_5mb.flv"
2025-05-26T06:02:08.112Z [DURATION] 开始执行命令获取时长: "D:\code\cursor\looklook\node_modules\ffprobe-static\bin\win32\x64\ffprobe.exe" -v error -show_entries format=duration -of default=noprint_wrappers=1:nokey=1 "D:\Users\Videos\测试\SampleVideo_1280x720_5mb.flv"
2025-05-26T06:02:08.175Z [DURATION] 命令输出: "26.400000"
2025-05-26T06:02:08.176Z [LOG] 成功解析时长: 00:00:26
2025-05-26T06:02:08.176Z [DURATION] 成功解析时长: 00:00:26
2025-05-26T06:02:08.176Z [LOG] 开始生成缩略图，视频路径: D:\Users\Videos\测试\SampleVideo_1280x720_5mb.flv
2025-05-26T06:02:08.177Z [LOG] 缩略图输出路径: D:\code\cursor\looklook\userdata\thumbnails\1748239328564-RDpcVXNl.jpg
2025-05-26T06:02:08.177Z [LOG] 生成随机时间点: 00:00:54
2025-05-26T06:02:08.177Z [LOG] 使用直接命令行ffmpeg生成缩略图
2025-05-26T06:02:08.177Z [PATH] 尝试获取FFmpeg路径
2025-05-26T06:02:08.178Z [LOG] 使用配置的FFmpeg路径: D:\code\cursor\looklook\node_modules\ffmpeg-static\ffmpeg.exe
2025-05-26T06:02:08.178Z [PATH] 使用配置的FFmpeg路径: D:\code\cursor\looklook\node_modules\ffmpeg-static\ffmpeg.exe
2025-05-26T06:02:08.178Z [LOG] 将使用时间点 00:00:54 生成缩略图
2025-05-26T06:02:08.179Z [LOG] 执行命令: D:\code\cursor\looklook\node_modules\ffmpeg-static\ffmpeg.exe -ss 00:00:54 -i D:\Users\Videos\测试\SampleVideo_1280x720_5mb.flv -vframes 1 -s 320x180 -y D:\code\cursor\looklook\userdata\thumbnails\1748239328564-RDpcVXNl.jpg
2025-05-26T06:02:08.763Z [ERROR] 直接ffmpeg生成缩略图失败: Command failed: D:\code\cursor\looklook\node_modules\ffmpeg-static\ffmpeg.exe -ss 00:00:54 -i D:\Users\Videos\测试\SampleVideo_1280x720_5mb.flv -vframes 1 -s 320x180 -y D:\code\cursor\looklook\userdata\thumbnails\1748239328564-RDpcVXNl.jpg
ffmpeg version 7.1.1-essentials_build-www.gyan.dev Copyright (c) 2000-2025 the FFmpeg developers
  built with gcc 14.2.0 (Rev1, Built by MSYS2 project)
  configuration: --enable-gpl --enable-version3 --enable-static --disable-w32threads --disable-autodetect --enable-fontconfig --enable-iconv --enable-gnutls --enable-libxml2 --enable-gmp --enable-bzlib --enable-lzma --enable-zlib --enable-libsrt --enable-libssh --enable-libzmq --enable-avisynth --enable-sdl2 --enable-libwebp --enable-libx264 --enable-libx265 --enable-libxvid --enable-libaom --enable-libopenjpeg --enable-libvpx --enable-mediafoundation --enable-libass --enable-libfreetype --enable-libfribidi --enable-libharfbuzz --enable-libvidstab --enable-libvmaf --enable-libzimg --enable-amf --enable-cuda-llvm --enable-cuvid --enable-dxva2 --enable-d3d11va --enable-d3d12va --enable-ffnvcodec --enable-libvpl --enable-nvdec --enable-nvenc --enable-vaapi --enable-libgme --enable-libopenmpt --enable-libopencore-amrwb --enable-libmp3lame --enable-libtheora --enable-libvo-amrwbenc --enable-libgsm --enable-libopencore-amrnb --enable-libopus --enable-libspeex --enable-libvorbis --enable-librubberband
  libavutil      59. 39.100 / 59. 39.100
  libavcodec     61. 19.101 / 61. 19.101
  libavformat    61.  7.100 / 61.  7.100
  libavdevice    61.  3.100 / 61.  3.100
  libavfilter    10.  4.100 / 10.  4.100
  libswscale      8.  3.100 /  8.  3.100
  libswresample   5.  3.100 /  5.  3.100
  libpostproc    58.  3.100 / 58.  3.100
Input #0, flv, from 'D:\Users\Videos\测试\SampleVideo_1280x720_5mb.flv':
  Metadata:
    encoder         : Lavf53.24.2
  Duration: 00:00:26.40, start: 0.000000, bitrate: 1589 kb/s
  Stream #0:0: Audio: aac (LC), 48000 Hz, 5.1, fltp, 384 kb/s
  Stream #0:1: Video: flv1 (flv), yuv420p, 1280x720, 1200 kb/s, 1k fps, 25 tbr, 1k tbn
Stream mapping:
  Stream #0:1 -> #0:0 (flv1 (flv) -> mjpeg (native))
Press [q] to stop, [?] for help
[vf#0:0 @ 0000000002ab5040] No filtered frames for output stream, trying to initialize anyway.
[mjpeg @ 0000000002ab4780] Non full-range YUV is non-standard, set strict_std_compliance to at most unofficial to use it.
[vost#0:0/mjpeg @ 00000000026b6900] Error while opening encoder - maybe incorrect parameters such as bit_rate, rate, width or height.
[vf#0:0 @ 0000000002ab4cc0] Task finished with error code: -22 (Invalid argument)
[vf#0:0 @ 0000000002ab4cc0] Terminating thread with return code -22 (Invalid argument)
[vost#0:0/mjpeg @ 00000000026b6900] Could not open encoder before EOF
[vost#0:0/mjpeg @ 00000000026b6900] Task finished with error code: -22 (Invalid argument)
[vost#0:0/mjpeg @ 00000000026b6900] Terminating thread with return code -22 (Invalid argument)
[out#0/image2 @ 00000000026a73c0] Nothing was written into output file, because at least one of its streams received no packets.
frame=    0 fps=0.0 q=0.0 Lsize=       0KiB time=N/A bitrate=N/A speed=N/A    
Conversion failed!

2025-05-26T06:02:08.767Z [ERROR] STDERR: ffmpeg version 7.1.1-essentials_build-www.gyan.dev Copyright (c) 2000-2025 the FFmpeg developers
  built with gcc 14.2.0 (Rev1, Built by MSYS2 project)
  configuration: --enable-gpl --enable-version3 --enable-static --disable-w32threads --disable-autodetect --enable-fontconfig --enable-iconv --enable-gnutls --enable-libxml2 --enable-gmp --enable-bzlib --enable-lzma --enable-zlib --enable-libsrt --enable-libssh --enable-libzmq --enable-avisynth --enable-sdl2 --enable-libwebp --enable-libx264 --enable-libx265 --enable-libxvid --enable-libaom --enable-libopenjpeg --enable-libvpx --enable-mediafoundation --enable-libass --enable-libfreetype --enable-libfribidi --enable-libharfbuzz --enable-libvidstab --enable-libvmaf --enable-libzimg --enable-amf --enable-cuda-llvm --enable-cuvid --enable-dxva2 --enable-d3d11va --enable-d3d12va --enable-ffnvcodec --enable-libvpl --enable-nvdec --enable-nvenc --enable-vaapi --enable-libgme --enable-libopenmpt --enable-libopencore-amrwb --enable-libmp3lame --enable-libtheora --enable-libvo-amrwbenc --enable-libgsm --enable-libopencore-amrnb --enable-libopus --enable-libspeex --enable-libvorbis --enable-librubberband
  libavutil      59. 39.100 / 59. 39.100
  libavcodec     61. 19.101 / 61. 19.101
  libavformat    61.  7.100 / 61.  7.100
  libavdevice    61.  3.100 / 61.  3.100
  libavfilter    10.  4.100 / 10.  4.100
  libswscale      8.  3.100 /  8.  3.100
  libswresample   5.  3.100 /  5.  3.100
  libpostproc    58.  3.100 / 58.  3.100
Input #0, flv, from 'D:\Users\Videos\测试\SampleVideo_1280x720_5mb.flv':
  Metadata:
    encoder         : Lavf53.24.2
  Duration: 00:00:26.40, start: 0.000000, bitrate: 1589 kb/s
  Stream #0:0: Audio: aac (LC), 48000 Hz, 5.1, fltp, 384 kb/s
  Stream #0:1: Video: flv1 (flv), yuv420p, 1280x720, 1200 kb/s, 1k fps, 25 tbr, 1k tbn
Stream mapping:
  Stream #0:1 -> #0:0 (flv1 (flv) -> mjpeg (native))
Press [q] to stop, [?] for help
[vf#0:0 @ 0000000002ab5040] No filtered frames for output stream, trying to initialize anyway.
[mjpeg @ 0000000002ab4780] Non full-range YUV is non-standard, set strict_std_compliance to at most unofficial to use it.
[vost#0:0/mjpeg @ 00000000026b6900] Error while opening encoder - maybe incorrect parameters such as bit_rate, rate, width or height.
[vf#0:0 @ 0000000002ab4cc0] Task finished with error code: -22 (Invalid argument)
[vf#0:0 @ 0000000002ab4cc0] Terminating thread with return code -22 (Invalid argument)
[vost#0:0/mjpeg @ 00000000026b6900] Could not open encoder before EOF
[vost#0:0/mjpeg @ 00000000026b6900] Task finished with error code: -22 (Invalid argument)
[vost#0:0/mjpeg @ 00000000026b6900] Terminating thread with return code -22 (Invalid argument)
[out#0/image2 @ 00000000026a73c0] Nothing was written into output file, because at least one of its streams received no packets.
frame=    0 fps=0.0 q=0.0 Lsize=       0KiB time=N/A bitrate=N/A speed=N/A    
Conversion failed!

2025-05-26T06:02:08.770Z [ERROR] 直接ffmpeg命令生成缩略图失败: Command failed: D:\code\cursor\looklook\node_modules\ffmpeg-static\ffmpeg.exe -ss 00:00:54 -i D:\Users\Videos\测试\SampleVideo_1280x720_5mb.flv -vframes 1 -s 320x180 -y D:\code\cursor\looklook\userdata\thumbnails\1748239328564-RDpcVXNl.jpg
ffmpeg version 7.1.1-essentials_build-www.gyan.dev Copyright (c) 2000-2025 the FFmpeg developers
  built with gcc 14.2.0 (Rev1, Built by MSYS2 project)
  configuration: --enable-gpl --enable-version3 --enable-static --disable-w32threads --disable-autodetect --enable-fontconfig --enable-iconv --enable-gnutls --enable-libxml2 --enable-gmp --enable-bzlib --enable-lzma --enable-zlib --enable-libsrt --enable-libssh --enable-libzmq --enable-avisynth --enable-sdl2 --enable-libwebp --enable-libx264 --enable-libx265 --enable-libxvid --enable-libaom --enable-libopenjpeg --enable-libvpx --enable-mediafoundation --enable-libass --enable-libfreetype --enable-libfribidi --enable-libharfbuzz --enable-libvidstab --enable-libvmaf --enable-libzimg --enable-amf --enable-cuda-llvm --enable-cuvid --enable-dxva2 --enable-d3d11va --enable-d3d12va --enable-ffnvcodec --enable-libvpl --enable-nvdec --enable-nvenc --enable-vaapi --enable-libgme --enable-libopenmpt --enable-libopencore-amrwb --enable-libmp3lame --enable-libtheora --enable-libvo-amrwbenc --enable-libgsm --enable-libopencore-amrnb --enable-libopus --enable-libspeex --enable-libvorbis --enable-librubberband
  libavutil      59. 39.100 / 59. 39.100
  libavcodec     61. 19.101 / 61. 19.101
  libavformat    61.  7.100 / 61.  7.100
  libavdevice    61.  3.100 / 61.  3.100
  libavfilter    10.  4.100 / 10.  4.100
  libswscale      8.  3.100 /  8.  3.100
  libswresample   5.  3.100 /  5.  3.100
  libpostproc    58.  3.100 / 58.  3.100
Input #0, flv, from 'D:\Users\Videos\测试\SampleVideo_1280x720_5mb.flv':
  Metadata:
    encoder         : Lavf53.24.2
  Duration: 00:00:26.40, start: 0.000000, bitrate: 1589 kb/s
  Stream #0:0: Audio: aac (LC), 48000 Hz, 5.1, fltp, 384 kb/s
  Stream #0:1: Video: flv1 (flv), yuv420p, 1280x720, 1200 kb/s, 1k fps, 25 tbr, 1k tbn
Stream mapping:
  Stream #0:1 -> #0:0 (flv1 (flv) -> mjpeg (native))
Press [q] to stop, [?] for help
[vf#0:0 @ 0000000002ab5040] No filtered frames for output stream, trying to initialize anyway.
[mjpeg @ 0000000002ab4780] Non full-range YUV is non-standard, set strict_std_compliance to at most unofficial to use it.
[vost#0:0/mjpeg @ 00000000026b6900] Error while opening encoder - maybe incorrect parameters such as bit_rate, rate, width or height.
[vf#0:0 @ 0000000002ab4cc0] Task finished with error code: -22 (Invalid argument)
[vf#0:0 @ 0000000002ab4cc0] Terminating thread with return code -22 (Invalid argument)
[vost#0:0/mjpeg @ 00000000026b6900] Could not open encoder before EOF
[vost#0:0/mjpeg @ 00000000026b6900] Task finished with error code: -22 (Invalid argument)
[vost#0:0/mjpeg @ 00000000026b6900] Terminating thread with return code -22 (Invalid argument)
[out#0/image2 @ 00000000026a73c0] Nothing was written into output file, because at least one of its streams received no packets.
frame=    0 fps=0.0 q=0.0 Lsize=       0KiB time=N/A bitrate=N/A speed=N/A    
Conversion failed!

2025-05-26T06:02:08.771Z [LOG] 尝试使用直接命令行方式生成缩略图
2025-05-26T06:02:08.771Z [LOG] 直接获取视频时长（秒数）
2025-05-26T06:02:08.772Z [PATH] 尝试获取FFprobe路径
2025-05-26T06:02:08.772Z [LOG] 使用配置的FFprobe路径: D:\code\cursor\looklook\node_modules\ffprobe-static\bin\win32\x64\ffprobe.exe
2025-05-26T06:02:08.772Z [PATH] 使用配置的FFprobe路径: D:\code\cursor\looklook\node_modules\ffprobe-static\bin\win32\x64\ffprobe.exe
2025-05-26T06:02:08.773Z [LOG] 在开发环境中使用ffprobe路径: D:\code\cursor\looklook\node_modules\ffprobe-static\bin\win32\x64\ffprobe.exe
2025-05-26T06:02:08.773Z [LOG] 执行命令: D:\code\cursor\looklook\node_modules\ffprobe-static\bin\win32\x64\ffprobe.exe -v error -show_entries format=duration -of default=noprint_wrappers=1:nokey=1 D:\Users\Videos\测试\SampleVideo_1280x720_5mb.flv
2025-05-26T06:02:08.835Z [LOG] 时长命令输出: 26.400000
2025-05-26T06:02:08.835Z [LOG] 成功获取视频时长: 26.4 秒
2025-05-26T06:02:08.836Z [LOG] 获取到视频时长: 26.4 秒, 准备截取缩略图
2025-05-26T06:02:08.836Z [LOG] 将在视频的 6 秒处截取缩略图 (随机生成)
2025-05-26T06:02:08.836Z [PATH] 尝试获取FFmpeg路径
2025-05-26T06:02:08.837Z [LOG] 使用配置的FFmpeg路径: D:\code\cursor\looklook\node_modules\ffmpeg-static\ffmpeg.exe
2025-05-26T06:02:08.837Z [PATH] 使用配置的FFmpeg路径: D:\code\cursor\looklook\node_modules\ffmpeg-static\ffmpeg.exe
2025-05-26T06:02:08.837Z [LOG] 执行命令: D:\code\cursor\looklook\node_modules\ffmpeg-static\ffmpeg.exe -i D:\Users\Videos\测试\SampleVideo_1280x720_5mb.flv -ss 6 -vframes 1 -s 320x180 -y D:\code\cursor\looklook\userdata\thumbnails\1748239328564-RDpcVXNl.jpg
2025-05-26T06:02:08.970Z [LOG] 命令行方式成功生成缩略图: D:\code\cursor\looklook\userdata\thumbnails\1748239328564-RDpcVXNl.jpg
2025-05-26T06:02:08.970Z [LOG] 通过多步骤方法成功生成缩略图
2025-05-26T06:02:08.971Z [LOG] 设置已加载
2025-05-26T06:02:08.971Z [LOG] 获取视频分辨率: D:\Users\Videos\测试\SampleVideo_1280x720_5mb.mkv
2025-05-26T06:02:08.971Z [MAIN] 开始获取视频分辨率: D:\Users\Videos\测试\SampleVideo_1280x720_5mb.mkv
2025-05-26T06:02:08.972Z [LOG] 直接获取视频分辨率
2025-05-26T06:02:08.972Z [RESOLUTION] 开始获取视频分辨率: D:\Users\Videos\测试\SampleVideo_1280x720_5mb.mkv
2025-05-26T06:02:08.972Z [PATH] 尝试获取FFprobe路径
2025-05-26T06:02:08.972Z [LOG] 使用配置的FFprobe路径: D:\code\cursor\looklook\node_modules\ffprobe-static\bin\win32\x64\ffprobe.exe
2025-05-26T06:02:08.972Z [PATH] 使用配置的FFprobe路径: D:\code\cursor\looklook\node_modules\ffprobe-static\bin\win32\x64\ffprobe.exe
2025-05-26T06:02:08.972Z [RESOLUTION] 在开发环境中使用ffprobe路径: D:\code\cursor\looklook\node_modules\ffprobe-static\bin\win32\x64\ffprobe.exe
2025-05-26T06:02:08.972Z [RESOLUTION] 检查ffprobe可执行文件是否存在: true
2025-05-26T06:02:08.972Z [LOG] 执行命令: "D:\code\cursor\looklook\node_modules\ffprobe-static\bin\win32\x64\ffprobe.exe" -v error -select_streams v:0 -show_entries stream=width,height -of csv=s=x:p=0 "D:\Users\Videos\测试\SampleVideo_1280x720_5mb.mkv"
2025-05-26T06:02:08.972Z [RESOLUTION] 开始执行命令获取分辨率: "D:\code\cursor\looklook\node_modules\ffprobe-static\bin\win32\x64\ffprobe.exe" -v error -select_streams v:0 -show_entries stream=width,height -of csv=s=x:p=0 "D:\Users\Videos\测试\SampleVideo_1280x720_5mb.mkv"
2025-05-26T06:02:09.037Z [RESOLUTION] 命令输出: "1280x720"
2025-05-26T06:02:09.038Z [LOG] 成功解析分辨率: 1280×720
2025-05-26T06:02:09.038Z [RESOLUTION] 成功解析分辨率: 1280×720
2025-05-26T06:02:09.038Z [LOG] 获取视频时长: D:\Users\Videos\测试\SampleVideo_1280x720_5mb.mkv
2025-05-26T06:02:09.038Z [MAIN] 开始获取视频时长: D:\Users\Videos\测试\SampleVideo_1280x720_5mb.mkv
2025-05-26T06:02:09.039Z [LOG] 直接获取视频时长
2025-05-26T06:02:09.039Z [DURATION] 开始获取视频时长: D:\Users\Videos\测试\SampleVideo_1280x720_5mb.mkv
2025-05-26T06:02:09.039Z [PATH] 尝试获取FFprobe路径
2025-05-26T06:02:09.040Z [LOG] 使用配置的FFprobe路径: D:\code\cursor\looklook\node_modules\ffprobe-static\bin\win32\x64\ffprobe.exe
2025-05-26T06:02:09.040Z [PATH] 使用配置的FFprobe路径: D:\code\cursor\looklook\node_modules\ffprobe-static\bin\win32\x64\ffprobe.exe
2025-05-26T06:02:09.040Z [DURATION] 在开发环境中使用ffprobe路径: D:\code\cursor\looklook\node_modules\ffprobe-static\bin\win32\x64\ffprobe.exe
2025-05-26T06:02:09.040Z [DURATION] 检查ffprobe可执行文件是否存在: true
2025-05-26T06:02:09.040Z [LOG] 执行命令: "D:\code\cursor\looklook\node_modules\ffprobe-static\bin\win32\x64\ffprobe.exe" -v error -show_entries format=duration -of default=noprint_wrappers=1:nokey=1 "D:\Users\Videos\测试\SampleVideo_1280x720_5mb.mkv"
2025-05-26T06:02:09.041Z [DURATION] 开始执行命令获取时长: "D:\code\cursor\looklook\node_modules\ffprobe-static\bin\win32\x64\ffprobe.exe" -v error -show_entries format=duration -of default=noprint_wrappers=1:nokey=1 "D:\Users\Videos\测试\SampleVideo_1280x720_5mb.mkv"
2025-05-26T06:02:09.106Z [DURATION] 命令输出: "26.330000"
2025-05-26T06:02:09.106Z [LOG] 成功解析时长: 00:00:26
2025-05-26T06:02:09.106Z [DURATION] 成功解析时长: 00:00:26
2025-05-26T06:02:09.107Z [LOG] 开始生成缩略图，视频路径: D:\Users\Videos\测试\SampleVideo_1280x720_5mb.mkv
2025-05-26T06:02:09.107Z [LOG] 缩略图输出路径: D:\code\cursor\looklook\userdata\thumbnails\1748239329614-RDpcVXNl.jpg
2025-05-26T06:02:09.107Z [LOG] 生成随机时间点: 00:00:50
2025-05-26T06:02:09.108Z [LOG] 使用直接命令行ffmpeg生成缩略图
2025-05-26T06:02:09.108Z [PATH] 尝试获取FFmpeg路径
2025-05-26T06:02:09.108Z [LOG] 使用配置的FFmpeg路径: D:\code\cursor\looklook\node_modules\ffmpeg-static\ffmpeg.exe
2025-05-26T06:02:09.108Z [PATH] 使用配置的FFmpeg路径: D:\code\cursor\looklook\node_modules\ffmpeg-static\ffmpeg.exe
2025-05-26T06:02:09.108Z [LOG] 将使用时间点 00:00:50 生成缩略图
2025-05-26T06:02:09.109Z [LOG] 执行命令: D:\code\cursor\looklook\node_modules\ffmpeg-static\ffmpeg.exe -ss 00:00:50 -i D:\Users\Videos\测试\SampleVideo_1280x720_5mb.mkv -vframes 1 -s 320x180 -y D:\code\cursor\looklook\userdata\thumbnails\1748239329614-RDpcVXNl.jpg
2025-05-26T06:02:09.693Z [ERROR] 直接ffmpeg生成缩略图失败: Command failed: D:\code\cursor\looklook\node_modules\ffmpeg-static\ffmpeg.exe -ss 00:00:50 -i D:\Users\Videos\测试\SampleVideo_1280x720_5mb.mkv -vframes 1 -s 320x180 -y D:\code\cursor\looklook\userdata\thumbnails\1748239329614-RDpcVXNl.jpg
ffmpeg version 7.1.1-essentials_build-www.gyan.dev Copyright (c) 2000-2025 the FFmpeg developers
  built with gcc 14.2.0 (Rev1, Built by MSYS2 project)
  configuration: --enable-gpl --enable-version3 --enable-static --disable-w32threads --disable-autodetect --enable-fontconfig --enable-iconv --enable-gnutls --enable-libxml2 --enable-gmp --enable-bzlib --enable-lzma --enable-zlib --enable-libsrt --enable-libssh --enable-libzmq --enable-avisynth --enable-sdl2 --enable-libwebp --enable-libx264 --enable-libx265 --enable-libxvid --enable-libaom --enable-libopenjpeg --enable-libvpx --enable-mediafoundation --enable-libass --enable-libfreetype --enable-libfribidi --enable-libharfbuzz --enable-libvidstab --enable-libvmaf --enable-libzimg --enable-amf --enable-cuda-llvm --enable-cuvid --enable-dxva2 --enable-d3d11va --enable-d3d12va --enable-ffnvcodec --enable-libvpl --enable-nvdec --enable-nvenc --enable-vaapi --enable-libgme --enable-libopenmpt --enable-libopencore-amrwb --enable-libmp3lame --enable-libtheora --enable-libvo-amrwbenc --enable-libgsm --enable-libopencore-amrnb --enable-libopus --enable-libspeex --enable-libvorbis --enable-librubberband
  libavutil      59. 39.100 / 59. 39.100
  libavcodec     61. 19.101 / 61. 19.101
  libavformat    61.  7.100 / 61.  7.100
  libavdevice    61.  3.100 / 61.  3.100
  libavfilter    10.  4.100 / 10.  4.100
  libswscale      8.  3.100 /  8.  3.100
  libswresample   5.  3.100 /  5.  3.100
  libpostproc    58.  3.100 / 58.  3.100
Input #0, matroska,webm, from 'D:\Users\Videos\测试\SampleVideo_1280x720_5mb.mkv':
  Metadata:
    ENCODER         : Lavf53.24.2
  Duration: 00:00:26.33, bitrate: 1594 kb/s
  Stream #0:0: Video: mpeg4 (Simple Profile), yuv420p, 1280x720 [SAR 1:1 DAR 16:9], 25 fps, 25 tbr, 1k tbn (default)
  Stream #0:1: Audio: aac (LC), 48000 Hz, 5.1, fltp (default)
Stream mapping:
  Stream #0:0 -> #0:0 (mpeg4 (native) -> mjpeg (native))
Press [q] to stop, [?] for help
[vf#0:0 @ 000000000262b880] No filtered frames for output stream, trying to initialize anyway.
[mjpeg @ 0000000002a03640] Non full-range YUV is non-standard, set strict_std_compliance to at most unofficial to use it.
[vost#0:0/mjpeg @ 0000000002a03240] Error while opening encoder - maybe incorrect parameters such as bit_rate, rate, width or height.
[vf#0:0 @ 0000000002a03d80] Task finished with error code: -22 (Invalid argument)
[vf#0:0 @ 0000000002a03d80] Terminating thread with return code -22 (Invalid argument)
[vost#0:0/mjpeg @ 0000000002a03240] Could not open encoder before EOF
[vost#0:0/mjpeg @ 0000000002a03240] Task finished with error code: -22 (Invalid argument)
[vost#0:0/mjpeg @ 0000000002a03240] Terminating thread with return code -22 (Invalid argument)
[out#0/image2 @ 0000000002730980] Nothing was written into output file, because at least one of its streams received no packets.
frame=    0 fps=0.0 q=0.0 Lsize=       0KiB time=N/A bitrate=N/A speed=N/A    
Conversion failed!

2025-05-26T06:02:09.695Z [ERROR] STDERR: ffmpeg version 7.1.1-essentials_build-www.gyan.dev Copyright (c) 2000-2025 the FFmpeg developers
  built with gcc 14.2.0 (Rev1, Built by MSYS2 project)
  configuration: --enable-gpl --enable-version3 --enable-static --disable-w32threads --disable-autodetect --enable-fontconfig --enable-iconv --enable-gnutls --enable-libxml2 --enable-gmp --enable-bzlib --enable-lzma --enable-zlib --enable-libsrt --enable-libssh --enable-libzmq --enable-avisynth --enable-sdl2 --enable-libwebp --enable-libx264 --enable-libx265 --enable-libxvid --enable-libaom --enable-libopenjpeg --enable-libvpx --enable-mediafoundation --enable-libass --enable-libfreetype --enable-libfribidi --enable-libharfbuzz --enable-libvidstab --enable-libvmaf --enable-libzimg --enable-amf --enable-cuda-llvm --enable-cuvid --enable-dxva2 --enable-d3d11va --enable-d3d12va --enable-ffnvcodec --enable-libvpl --enable-nvdec --enable-nvenc --enable-vaapi --enable-libgme --enable-libopenmpt --enable-libopencore-amrwb --enable-libmp3lame --enable-libtheora --enable-libvo-amrwbenc --enable-libgsm --enable-libopencore-amrnb --enable-libopus --enable-libspeex --enable-libvorbis --enable-librubberband
  libavutil      59. 39.100 / 59. 39.100
  libavcodec     61. 19.101 / 61. 19.101
  libavformat    61.  7.100 / 61.  7.100
  libavdevice    61.  3.100 / 61.  3.100
  libavfilter    10.  4.100 / 10.  4.100
  libswscale      8.  3.100 /  8.  3.100
  libswresample   5.  3.100 /  5.  3.100
  libpostproc    58.  3.100 / 58.  3.100
Input #0, matroska,webm, from 'D:\Users\Videos\测试\SampleVideo_1280x720_5mb.mkv':
  Metadata:
    ENCODER         : Lavf53.24.2
  Duration: 00:00:26.33, bitrate: 1594 kb/s
  Stream #0:0: Video: mpeg4 (Simple Profile), yuv420p, 1280x720 [SAR 1:1 DAR 16:9], 25 fps, 25 tbr, 1k tbn (default)
  Stream #0:1: Audio: aac (LC), 48000 Hz, 5.1, fltp (default)
Stream mapping:
  Stream #0:0 -> #0:0 (mpeg4 (native) -> mjpeg (native))
Press [q] to stop, [?] for help
[vf#0:0 @ 000000000262b880] No filtered frames for output stream, trying to initialize anyway.
[mjpeg @ 0000000002a03640] Non full-range YUV is non-standard, set strict_std_compliance to at most unofficial to use it.
[vost#0:0/mjpeg @ 0000000002a03240] Error while opening encoder - maybe incorrect parameters such as bit_rate, rate, width or height.
[vf#0:0 @ 0000000002a03d80] Task finished with error code: -22 (Invalid argument)
[vf#0:0 @ 0000000002a03d80] Terminating thread with return code -22 (Invalid argument)
[vost#0:0/mjpeg @ 0000000002a03240] Could not open encoder before EOF
[vost#0:0/mjpeg @ 0000000002a03240] Task finished with error code: -22 (Invalid argument)
[vost#0:0/mjpeg @ 0000000002a03240] Terminating thread with return code -22 (Invalid argument)
[out#0/image2 @ 0000000002730980] Nothing was written into output file, because at least one of its streams received no packets.
frame=    0 fps=0.0 q=0.0 Lsize=       0KiB time=N/A bitrate=N/A speed=N/A    
Conversion failed!

2025-05-26T06:02:09.698Z [ERROR] 直接ffmpeg命令生成缩略图失败: Command failed: D:\code\cursor\looklook\node_modules\ffmpeg-static\ffmpeg.exe -ss 00:00:50 -i D:\Users\Videos\测试\SampleVideo_1280x720_5mb.mkv -vframes 1 -s 320x180 -y D:\code\cursor\looklook\userdata\thumbnails\1748239329614-RDpcVXNl.jpg
ffmpeg version 7.1.1-essentials_build-www.gyan.dev Copyright (c) 2000-2025 the FFmpeg developers
  built with gcc 14.2.0 (Rev1, Built by MSYS2 project)
  configuration: --enable-gpl --enable-version3 --enable-static --disable-w32threads --disable-autodetect --enable-fontconfig --enable-iconv --enable-gnutls --enable-libxml2 --enable-gmp --enable-bzlib --enable-lzma --enable-zlib --enable-libsrt --enable-libssh --enable-libzmq --enable-avisynth --enable-sdl2 --enable-libwebp --enable-libx264 --enable-libx265 --enable-libxvid --enable-libaom --enable-libopenjpeg --enable-libvpx --enable-mediafoundation --enable-libass --enable-libfreetype --enable-libfribidi --enable-libharfbuzz --enable-libvidstab --enable-libvmaf --enable-libzimg --enable-amf --enable-cuda-llvm --enable-cuvid --enable-dxva2 --enable-d3d11va --enable-d3d12va --enable-ffnvcodec --enable-libvpl --enable-nvdec --enable-nvenc --enable-vaapi --enable-libgme --enable-libopenmpt --enable-libopencore-amrwb --enable-libmp3lame --enable-libtheora --enable-libvo-amrwbenc --enable-libgsm --enable-libopencore-amrnb --enable-libopus --enable-libspeex --enable-libvorbis --enable-librubberband
  libavutil      59. 39.100 / 59. 39.100
  libavcodec     61. 19.101 / 61. 19.101
  libavformat    61.  7.100 / 61.  7.100
  libavdevice    61.  3.100 / 61.  3.100
  libavfilter    10.  4.100 / 10.  4.100
  libswscale      8.  3.100 /  8.  3.100
  libswresample   5.  3.100 /  5.  3.100
  libpostproc    58.  3.100 / 58.  3.100
Input #0, matroska,webm, from 'D:\Users\Videos\测试\SampleVideo_1280x720_5mb.mkv':
  Metadata:
    ENCODER         : Lavf53.24.2
  Duration: 00:00:26.33, bitrate: 1594 kb/s
  Stream #0:0: Video: mpeg4 (Simple Profile), yuv420p, 1280x720 [SAR 1:1 DAR 16:9], 25 fps, 25 tbr, 1k tbn (default)
  Stream #0:1: Audio: aac (LC), 48000 Hz, 5.1, fltp (default)
Stream mapping:
  Stream #0:0 -> #0:0 (mpeg4 (native) -> mjpeg (native))
Press [q] to stop, [?] for help
[vf#0:0 @ 000000000262b880] No filtered frames for output stream, trying to initialize anyway.
[mjpeg @ 0000000002a03640] Non full-range YUV is non-standard, set strict_std_compliance to at most unofficial to use it.
[vost#0:0/mjpeg @ 0000000002a03240] Error while opening encoder - maybe incorrect parameters such as bit_rate, rate, width or height.
[vf#0:0 @ 0000000002a03d80] Task finished with error code: -22 (Invalid argument)
[vf#0:0 @ 0000000002a03d80] Terminating thread with return code -22 (Invalid argument)
[vost#0:0/mjpeg @ 0000000002a03240] Could not open encoder before EOF
[vost#0:0/mjpeg @ 0000000002a03240] Task finished with error code: -22 (Invalid argument)
[vost#0:0/mjpeg @ 0000000002a03240] Terminating thread with return code -22 (Invalid argument)
[out#0/image2 @ 0000000002730980] Nothing was written into output file, because at least one of its streams received no packets.
frame=    0 fps=0.0 q=0.0 Lsize=       0KiB time=N/A bitrate=N/A speed=N/A    
Conversion failed!

2025-05-26T06:02:09.698Z [LOG] 尝试使用直接命令行方式生成缩略图
2025-05-26T06:02:09.698Z [LOG] 直接获取视频时长（秒数）
2025-05-26T06:02:09.698Z [PATH] 尝试获取FFprobe路径
2025-05-26T06:02:09.699Z [LOG] 使用配置的FFprobe路径: D:\code\cursor\looklook\node_modules\ffprobe-static\bin\win32\x64\ffprobe.exe
2025-05-26T06:02:09.699Z [PATH] 使用配置的FFprobe路径: D:\code\cursor\looklook\node_modules\ffprobe-static\bin\win32\x64\ffprobe.exe
2025-05-26T06:02:09.699Z [LOG] 在开发环境中使用ffprobe路径: D:\code\cursor\looklook\node_modules\ffprobe-static\bin\win32\x64\ffprobe.exe
2025-05-26T06:02:09.699Z [LOG] 执行命令: D:\code\cursor\looklook\node_modules\ffprobe-static\bin\win32\x64\ffprobe.exe -v error -show_entries format=duration -of default=noprint_wrappers=1:nokey=1 D:\Users\Videos\测试\SampleVideo_1280x720_5mb.mkv
2025-05-26T06:02:09.754Z [LOG] 时长命令输出: 26.330000
2025-05-26T06:02:09.754Z [LOG] 成功获取视频时长: 26.33 秒
2025-05-26T06:02:09.755Z [LOG] 获取到视频时长: 26.33 秒, 准备截取缩略图
2025-05-26T06:02:09.755Z [LOG] 将在视频的 5 秒处截取缩略图 (随机生成)
2025-05-26T06:02:09.755Z [PATH] 尝试获取FFmpeg路径
2025-05-26T06:02:09.755Z [LOG] 使用配置的FFmpeg路径: D:\code\cursor\looklook\node_modules\ffmpeg-static\ffmpeg.exe
2025-05-26T06:02:09.755Z [PATH] 使用配置的FFmpeg路径: D:\code\cursor\looklook\node_modules\ffmpeg-static\ffmpeg.exe
2025-05-26T06:02:09.755Z [LOG] 执行命令: D:\code\cursor\looklook\node_modules\ffmpeg-static\ffmpeg.exe -i D:\Users\Videos\测试\SampleVideo_1280x720_5mb.mkv -ss 5 -vframes 1 -s 320x180 -y D:\code\cursor\looklook\userdata\thumbnails\1748239329614-RDpcVXNl.jpg
2025-05-26T06:02:09.876Z [LOG] 命令行方式成功生成缩略图: D:\code\cursor\looklook\userdata\thumbnails\1748239329614-RDpcVXNl.jpg
2025-05-26T06:02:09.876Z [LOG] 通过多步骤方法成功生成缩略图
2025-05-26T06:02:09.877Z [LOG] 设置已加载
2025-05-26T06:02:09.877Z [LOG] 获取视频分辨率: D:\Users\Videos\测试\SampleVideo_1280x720_5mb.mp4
2025-05-26T06:02:09.877Z [MAIN] 开始获取视频分辨率: D:\Users\Videos\测试\SampleVideo_1280x720_5mb.mp4
2025-05-26T06:02:09.877Z [LOG] 直接获取视频分辨率
2025-05-26T06:02:09.878Z [RESOLUTION] 开始获取视频分辨率: D:\Users\Videos\测试\SampleVideo_1280x720_5mb.mp4
2025-05-26T06:02:09.878Z [PATH] 尝试获取FFprobe路径
2025-05-26T06:02:09.878Z [LOG] 使用配置的FFprobe路径: D:\code\cursor\looklook\node_modules\ffprobe-static\bin\win32\x64\ffprobe.exe
2025-05-26T06:02:09.878Z [PATH] 使用配置的FFprobe路径: D:\code\cursor\looklook\node_modules\ffprobe-static\bin\win32\x64\ffprobe.exe
2025-05-26T06:02:09.878Z [RESOLUTION] 在开发环境中使用ffprobe路径: D:\code\cursor\looklook\node_modules\ffprobe-static\bin\win32\x64\ffprobe.exe
2025-05-26T06:02:09.878Z [RESOLUTION] 检查ffprobe可执行文件是否存在: true
2025-05-26T06:02:09.878Z [LOG] 执行命令: "D:\code\cursor\looklook\node_modules\ffprobe-static\bin\win32\x64\ffprobe.exe" -v error -select_streams v:0 -show_entries stream=width,height -of csv=s=x:p=0 "D:\Users\Videos\测试\SampleVideo_1280x720_5mb.mp4"
2025-05-26T06:02:09.878Z [RESOLUTION] 开始执行命令获取分辨率: "D:\code\cursor\looklook\node_modules\ffprobe-static\bin\win32\x64\ffprobe.exe" -v error -select_streams v:0 -show_entries stream=width,height -of csv=s=x:p=0 "D:\Users\Videos\测试\SampleVideo_1280x720_5mb.mp4"
2025-05-26T06:02:09.947Z [RESOLUTION] 命令输出: "1280x720"
2025-05-26T06:02:09.948Z [LOG] 成功解析分辨率: 1280×720
2025-05-26T06:02:09.948Z [RESOLUTION] 成功解析分辨率: 1280×720
2025-05-26T06:02:09.948Z [LOG] 获取视频时长: D:\Users\Videos\测试\SampleVideo_1280x720_5mb.mp4
2025-05-26T06:02:09.948Z [MAIN] 开始获取视频时长: D:\Users\Videos\测试\SampleVideo_1280x720_5mb.mp4
2025-05-26T06:02:09.949Z [LOG] 直接获取视频时长
2025-05-26T06:02:09.949Z [DURATION] 开始获取视频时长: D:\Users\Videos\测试\SampleVideo_1280x720_5mb.mp4
2025-05-26T06:02:09.949Z [PATH] 尝试获取FFprobe路径
2025-05-26T06:02:09.949Z [LOG] 使用配置的FFprobe路径: D:\code\cursor\looklook\node_modules\ffprobe-static\bin\win32\x64\ffprobe.exe
2025-05-26T06:02:09.949Z [PATH] 使用配置的FFprobe路径: D:\code\cursor\looklook\node_modules\ffprobe-static\bin\win32\x64\ffprobe.exe
2025-05-26T06:02:09.949Z [DURATION] 在开发环境中使用ffprobe路径: D:\code\cursor\looklook\node_modules\ffprobe-static\bin\win32\x64\ffprobe.exe
2025-05-26T06:02:09.949Z [DURATION] 检查ffprobe可执行文件是否存在: true
2025-05-26T06:02:09.949Z [LOG] 执行命令: "D:\code\cursor\looklook\node_modules\ffprobe-static\bin\win32\x64\ffprobe.exe" -v error -show_entries format=duration -of default=noprint_wrappers=1:nokey=1 "D:\Users\Videos\测试\SampleVideo_1280x720_5mb.mp4"
2025-05-26T06:02:09.950Z [DURATION] 开始执行命令获取时长: "D:\code\cursor\looklook\node_modules\ffprobe-static\bin\win32\x64\ffprobe.exe" -v error -show_entries format=duration -of default=noprint_wrappers=1:nokey=1 "D:\Users\Videos\测试\SampleVideo_1280x720_5mb.mp4"
2025-05-26T06:02:10.021Z [DURATION] 命令输出: "29.568000"
2025-05-26T06:02:10.021Z [LOG] 成功解析时长: 00:00:29
2025-05-26T06:02:10.022Z [DURATION] 成功解析时长: 00:00:29
2025-05-26T06:02:10.022Z [LOG] 开始生成缩略图，视频路径: D:\Users\Videos\测试\SampleVideo_1280x720_5mb.mp4
2025-05-26T06:02:10.023Z [LOG] 缩略图输出路径: D:\code\cursor\looklook\userdata\thumbnails\1748239330536-RDpcVXNl.jpg
2025-05-26T06:02:10.023Z [LOG] 生成随机时间点: 00:00:40
2025-05-26T06:02:10.024Z [LOG] 使用直接命令行ffmpeg生成缩略图
2025-05-26T06:02:10.024Z [PATH] 尝试获取FFmpeg路径
2025-05-26T06:02:10.024Z [LOG] 使用配置的FFmpeg路径: D:\code\cursor\looklook\node_modules\ffmpeg-static\ffmpeg.exe
2025-05-26T06:02:10.024Z [PATH] 使用配置的FFmpeg路径: D:\code\cursor\looklook\node_modules\ffmpeg-static\ffmpeg.exe
2025-05-26T06:02:10.024Z [LOG] 将使用时间点 00:00:40 生成缩略图
2025-05-26T06:02:10.024Z [LOG] 执行命令: D:\code\cursor\looklook\node_modules\ffmpeg-static\ffmpeg.exe -ss 00:00:40 -i D:\Users\Videos\测试\SampleVideo_1280x720_5mb.mp4 -vframes 1 -s 320x180 -y D:\code\cursor\looklook\userdata\thumbnails\1748239330536-RDpcVXNl.jpg
2025-05-26T06:02:10.632Z [ERROR] 直接ffmpeg生成缩略图失败: Command failed: D:\code\cursor\looklook\node_modules\ffmpeg-static\ffmpeg.exe -ss 00:00:40 -i D:\Users\Videos\测试\SampleVideo_1280x720_5mb.mp4 -vframes 1 -s 320x180 -y D:\code\cursor\looklook\userdata\thumbnails\1748239330536-RDpcVXNl.jpg
ffmpeg version 7.1.1-essentials_build-www.gyan.dev Copyright (c) 2000-2025 the FFmpeg developers
  built with gcc 14.2.0 (Rev1, Built by MSYS2 project)
  configuration: --enable-gpl --enable-version3 --enable-static --disable-w32threads --disable-autodetect --enable-fontconfig --enable-iconv --enable-gnutls --enable-libxml2 --enable-gmp --enable-bzlib --enable-lzma --enable-zlib --enable-libsrt --enable-libssh --enable-libzmq --enable-avisynth --enable-sdl2 --enable-libwebp --enable-libx264 --enable-libx265 --enable-libxvid --enable-libaom --enable-libopenjpeg --enable-libvpx --enable-mediafoundation --enable-libass --enable-libfreetype --enable-libfribidi --enable-libharfbuzz --enable-libvidstab --enable-libvmaf --enable-libzimg --enable-amf --enable-cuda-llvm --enable-cuvid --enable-dxva2 --enable-d3d11va --enable-d3d12va --enable-ffnvcodec --enable-libvpl --enable-nvdec --enable-nvenc --enable-vaapi --enable-libgme --enable-libopenmpt --enable-libopencore-amrwb --enable-libmp3lame --enable-libtheora --enable-libvo-amrwbenc --enable-libgsm --enable-libopencore-amrnb --enable-libopus --enable-libspeex --enable-libvorbis --enable-librubberband
  libavutil      59. 39.100 / 59. 39.100
  libavcodec     61. 19.101 / 61. 19.101
  libavformat    61.  7.100 / 61.  7.100
  libavdevice    61.  3.100 / 61.  3.100
  libavfilter    10.  4.100 / 10.  4.100
  libswscale      8.  3.100 /  8.  3.100
  libswresample   5.  3.100 /  5.  3.100
  libpostproc    58.  3.100 / 58.  3.100
Input #0, mov,mp4,m4a,3gp,3g2,mj2, from 'D:\Users\Videos\测试\SampleVideo_1280x720_5mb.mp4':
  Metadata:
    major_brand     : isom
    minor_version   : 512
    compatible_brands: isomiso2avc1mp41
    creation_time   : 1970-01-01T00:00:00.000000Z
    encoder         : Lavf53.24.2
  Duration: 00:00:29.57, start: 0.000000, bitrate: 1421 kb/s
  Stream #0:0[0x1](und): Video: h264 (Main) (avc1 / 0x31637661), yuv420p(progressive), 1280x720 [SAR 1:1 DAR 16:9], 1032 kb/s, 25 fps, 25 tbr, 12800 tbn (default)
      Metadata:
        creation_time   : 1970-01-01T00:00:00.000000Z
        handler_name    : VideoHandler
        vendor_id       : [0][0][0][0]
  Stream #0:1[0x2](und): Audio: aac (LC) (mp4a / 0x6134706D), 48000 Hz, 5.1, fltp, 383 kb/s (default)
      Metadata:
        creation_time   : 1970-01-01T00:00:00.000000Z
        handler_name    : SoundHandler
        vendor_id       : [0][0][0][0]
Stream mapping:
  Stream #0:0 -> #0:0 (h264 (native) -> mjpeg (native))
Press [q] to stop, [?] for help
[vf#0:0 @ 00000000029a00c0] No filtered frames for output stream, trying to initialize anyway.
[mjpeg @ 000000000296c2c0] Non full-range YUV is non-standard, set strict_std_compliance to at most unofficial to use it.
[vost#0:0/mjpeg @ 000000000296c040] Error while opening encoder - maybe incorrect parameters such as bit_rate, rate, width or height.
[vf#0:0 @ 000000000270e5c0] Task finished with error code: -22 (Invalid argument)
[vf#0:0 @ 000000000270e5c0] Terminating thread with return code -22 (Invalid argument)
[vost#0:0/mjpeg @ 000000000296c040] Could not open encoder before EOF
[vost#0:0/mjpeg @ 000000000296c040] Task finished with error code: -22 (Invalid argument)
[vost#0:0/mjpeg @ 000000000296c040] Terminating thread with return code -22 (Invalid argument)
[out#0/image2 @ 000000000264c640] Nothing was written into output file, because at least one of its streams received no packets.
frame=    0 fps=0.0 q=0.0 Lsize=       0KiB time=N/A bitrate=N/A speed=N/A    
Conversion failed!

2025-05-26T06:02:10.635Z [ERROR] STDERR: ffmpeg version 7.1.1-essentials_build-www.gyan.dev Copyright (c) 2000-2025 the FFmpeg developers
  built with gcc 14.2.0 (Rev1, Built by MSYS2 project)
  configuration: --enable-gpl --enable-version3 --enable-static --disable-w32threads --disable-autodetect --enable-fontconfig --enable-iconv --enable-gnutls --enable-libxml2 --enable-gmp --enable-bzlib --enable-lzma --enable-zlib --enable-libsrt --enable-libssh --enable-libzmq --enable-avisynth --enable-sdl2 --enable-libwebp --enable-libx264 --enable-libx265 --enable-libxvid --enable-libaom --enable-libopenjpeg --enable-libvpx --enable-mediafoundation --enable-libass --enable-libfreetype --enable-libfribidi --enable-libharfbuzz --enable-libvidstab --enable-libvmaf --enable-libzimg --enable-amf --enable-cuda-llvm --enable-cuvid --enable-dxva2 --enable-d3d11va --enable-d3d12va --enable-ffnvcodec --enable-libvpl --enable-nvdec --enable-nvenc --enable-vaapi --enable-libgme --enable-libopenmpt --enable-libopencore-amrwb --enable-libmp3lame --enable-libtheora --enable-libvo-amrwbenc --enable-libgsm --enable-libopencore-amrnb --enable-libopus --enable-libspeex --enable-libvorbis --enable-librubberband
  libavutil      59. 39.100 / 59. 39.100
  libavcodec     61. 19.101 / 61. 19.101
  libavformat    61.  7.100 / 61.  7.100
  libavdevice    61.  3.100 / 61.  3.100
  libavfilter    10.  4.100 / 10.  4.100
  libswscale      8.  3.100 /  8.  3.100
  libswresample   5.  3.100 /  5.  3.100
  libpostproc    58.  3.100 / 58.  3.100
Input #0, mov,mp4,m4a,3gp,3g2,mj2, from 'D:\Users\Videos\测试\SampleVideo_1280x720_5mb.mp4':
  Metadata:
    major_brand     : isom
    minor_version   : 512
    compatible_brands: isomiso2avc1mp41
    creation_time   : 1970-01-01T00:00:00.000000Z
    encoder         : Lavf53.24.2
  Duration: 00:00:29.57, start: 0.000000, bitrate: 1421 kb/s
  Stream #0:0[0x1](und): Video: h264 (Main) (avc1 / 0x31637661), yuv420p(progressive), 1280x720 [SAR 1:1 DAR 16:9], 1032 kb/s, 25 fps, 25 tbr, 12800 tbn (default)
      Metadata:
        creation_time   : 1970-01-01T00:00:00.000000Z
        handler_name    : VideoHandler
        vendor_id       : [0][0][0][0]
  Stream #0:1[0x2](und): Audio: aac (LC) (mp4a / 0x6134706D), 48000 Hz, 5.1, fltp, 383 kb/s (default)
      Metadata:
        creation_time   : 1970-01-01T00:00:00.000000Z
        handler_name    : SoundHandler
        vendor_id       : [0][0][0][0]
Stream mapping:
  Stream #0:0 -> #0:0 (h264 (native) -> mjpeg (native))
Press [q] to stop, [?] for help
[vf#0:0 @ 00000000029a00c0] No filtered frames for output stream, trying to initialize anyway.
[mjpeg @ 000000000296c2c0] Non full-range YUV is non-standard, set strict_std_compliance to at most unofficial to use it.
[vost#0:0/mjpeg @ 000000000296c040] Error while opening encoder - maybe incorrect parameters such as bit_rate, rate, width or height.
[vf#0:0 @ 000000000270e5c0] Task finished with error code: -22 (Invalid argument)
[vf#0:0 @ 000000000270e5c0] Terminating thread with return code -22 (Invalid argument)
[vost#0:0/mjpeg @ 000000000296c040] Could not open encoder before EOF
[vost#0:0/mjpeg @ 000000000296c040] Task finished with error code: -22 (Invalid argument)
[vost#0:0/mjpeg @ 000000000296c040] Terminating thread with return code -22 (Invalid argument)
[out#0/image2 @ 000000000264c640] Nothing was written into output file, because at least one of its streams received no packets.
frame=    0 fps=0.0 q=0.0 Lsize=       0KiB time=N/A bitrate=N/A speed=N/A    
Conversion failed!

2025-05-26T06:02:10.639Z [ERROR] 直接ffmpeg命令生成缩略图失败: Command failed: D:\code\cursor\looklook\node_modules\ffmpeg-static\ffmpeg.exe -ss 00:00:40 -i D:\Users\Videos\测试\SampleVideo_1280x720_5mb.mp4 -vframes 1 -s 320x180 -y D:\code\cursor\looklook\userdata\thumbnails\1748239330536-RDpcVXNl.jpg
ffmpeg version 7.1.1-essentials_build-www.gyan.dev Copyright (c) 2000-2025 the FFmpeg developers
  built with gcc 14.2.0 (Rev1, Built by MSYS2 project)
  configuration: --enable-gpl --enable-version3 --enable-static --disable-w32threads --disable-autodetect --enable-fontconfig --enable-iconv --enable-gnutls --enable-libxml2 --enable-gmp --enable-bzlib --enable-lzma --enable-zlib --enable-libsrt --enable-libssh --enable-libzmq --enable-avisynth --enable-sdl2 --enable-libwebp --enable-libx264 --enable-libx265 --enable-libxvid --enable-libaom --enable-libopenjpeg --enable-libvpx --enable-mediafoundation --enable-libass --enable-libfreetype --enable-libfribidi --enable-libharfbuzz --enable-libvidstab --enable-libvmaf --enable-libzimg --enable-amf --enable-cuda-llvm --enable-cuvid --enable-dxva2 --enable-d3d11va --enable-d3d12va --enable-ffnvcodec --enable-libvpl --enable-nvdec --enable-nvenc --enable-vaapi --enable-libgme --enable-libopenmpt --enable-libopencore-amrwb --enable-libmp3lame --enable-libtheora --enable-libvo-amrwbenc --enable-libgsm --enable-libopencore-amrnb --enable-libopus --enable-libspeex --enable-libvorbis --enable-librubberband
  libavutil      59. 39.100 / 59. 39.100
  libavcodec     61. 19.101 / 61. 19.101
  libavformat    61.  7.100 / 61.  7.100
  libavdevice    61.  3.100 / 61.  3.100
  libavfilter    10.  4.100 / 10.  4.100
  libswscale      8.  3.100 /  8.  3.100
  libswresample   5.  3.100 /  5.  3.100
  libpostproc    58.  3.100 / 58.  3.100
Input #0, mov,mp4,m4a,3gp,3g2,mj2, from 'D:\Users\Videos\测试\SampleVideo_1280x720_5mb.mp4':
  Metadata:
    major_brand     : isom
    minor_version   : 512
    compatible_brands: isomiso2avc1mp41
    creation_time   : 1970-01-01T00:00:00.000000Z
    encoder         : Lavf53.24.2
  Duration: 00:00:29.57, start: 0.000000, bitrate: 1421 kb/s
  Stream #0:0[0x1](und): Video: h264 (Main) (avc1 / 0x31637661), yuv420p(progressive), 1280x720 [SAR 1:1 DAR 16:9], 1032 kb/s, 25 fps, 25 tbr, 12800 tbn (default)
      Metadata:
        creation_time   : 1970-01-01T00:00:00.000000Z
        handler_name    : VideoHandler
        vendor_id       : [0][0][0][0]
  Stream #0:1[0x2](und): Audio: aac (LC) (mp4a / 0x6134706D), 48000 Hz, 5.1, fltp, 383 kb/s (default)
      Metadata:
        creation_time   : 1970-01-01T00:00:00.000000Z
        handler_name    : SoundHandler
        vendor_id       : [0][0][0][0]
Stream mapping:
  Stream #0:0 -> #0:0 (h264 (native) -> mjpeg (native))
Press [q] to stop, [?] for help
[vf#0:0 @ 00000000029a00c0] No filtered frames for output stream, trying to initialize anyway.
[mjpeg @ 000000000296c2c0] Non full-range YUV is non-standard, set strict_std_compliance to at most unofficial to use it.
[vost#0:0/mjpeg @ 000000000296c040] Error while opening encoder - maybe incorrect parameters such as bit_rate, rate, width or height.
[vf#0:0 @ 000000000270e5c0] Task finished with error code: -22 (Invalid argument)
[vf#0:0 @ 000000000270e5c0] Terminating thread with return code -22 (Invalid argument)
[vost#0:0/mjpeg @ 000000000296c040] Could not open encoder before EOF
[vost#0:0/mjpeg @ 000000000296c040] Task finished with error code: -22 (Invalid argument)
[vost#0:0/mjpeg @ 000000000296c040] Terminating thread with return code -22 (Invalid argument)
[out#0/image2 @ 000000000264c640] Nothing was written into output file, because at least one of its streams received no packets.
frame=    0 fps=0.0 q=0.0 Lsize=       0KiB time=N/A bitrate=N/A speed=N/A    
Conversion failed!

2025-05-26T06:02:10.640Z [LOG] 尝试使用直接命令行方式生成缩略图
2025-05-26T06:02:10.640Z [LOG] 直接获取视频时长（秒数）
2025-05-26T06:02:10.640Z [PATH] 尝试获取FFprobe路径
2025-05-26T06:02:10.641Z [LOG] 使用配置的FFprobe路径: D:\code\cursor\looklook\node_modules\ffprobe-static\bin\win32\x64\ffprobe.exe
2025-05-26T06:02:10.641Z [PATH] 使用配置的FFprobe路径: D:\code\cursor\looklook\node_modules\ffprobe-static\bin\win32\x64\ffprobe.exe
2025-05-26T06:02:10.641Z [LOG] 在开发环境中使用ffprobe路径: D:\code\cursor\looklook\node_modules\ffprobe-static\bin\win32\x64\ffprobe.exe
2025-05-26T06:02:10.642Z [LOG] 执行命令: D:\code\cursor\looklook\node_modules\ffprobe-static\bin\win32\x64\ffprobe.exe -v error -show_entries format=duration -of default=noprint_wrappers=1:nokey=1 D:\Users\Videos\测试\SampleVideo_1280x720_5mb.mp4
2025-05-26T06:02:10.704Z [LOG] 时长命令输出: 29.568000
2025-05-26T06:02:10.705Z [LOG] 成功获取视频时长: 29.568 秒
2025-05-26T06:02:10.705Z [LOG] 获取到视频时长: 29.568 秒, 准备截取缩略图
2025-05-26T06:02:10.705Z [LOG] 将在视频的 6 秒处截取缩略图 (随机生成)
2025-05-26T06:02:10.706Z [PATH] 尝试获取FFmpeg路径
2025-05-26T06:02:10.706Z [LOG] 使用配置的FFmpeg路径: D:\code\cursor\looklook\node_modules\ffmpeg-static\ffmpeg.exe
2025-05-26T06:02:10.706Z [PATH] 使用配置的FFmpeg路径: D:\code\cursor\looklook\node_modules\ffmpeg-static\ffmpeg.exe
2025-05-26T06:02:10.706Z [LOG] 执行命令: D:\code\cursor\looklook\node_modules\ffmpeg-static\ffmpeg.exe -i D:\Users\Videos\测试\SampleVideo_1280x720_5mb.mp4 -ss 6 -vframes 1 -s 320x180 -y D:\code\cursor\looklook\userdata\thumbnails\1748239330536-RDpcVXNl.jpg
2025-05-26T06:02:10.865Z [LOG] 命令行方式成功生成缩略图: D:\code\cursor\looklook\userdata\thumbnails\1748239330536-RDpcVXNl.jpg
2025-05-26T06:02:10.865Z [LOG] 通过多步骤方法成功生成缩略图
2025-05-26T06:02:10.865Z [LOG] 设置已加载
2025-05-26T06:02:10.866Z [LOG] 获取视频分辨率: D:\Users\Videos\测试\SampleVideo_360x240_10mb.mp4
2025-05-26T06:02:10.866Z [MAIN] 开始获取视频分辨率: D:\Users\Videos\测试\SampleVideo_360x240_10mb.mp4
2025-05-26T06:02:10.866Z [LOG] 直接获取视频分辨率
2025-05-26T06:02:10.866Z [RESOLUTION] 开始获取视频分辨率: D:\Users\Videos\测试\SampleVideo_360x240_10mb.mp4
2025-05-26T06:02:10.866Z [PATH] 尝试获取FFprobe路径
2025-05-26T06:02:10.867Z [LOG] 使用配置的FFprobe路径: D:\code\cursor\looklook\node_modules\ffprobe-static\bin\win32\x64\ffprobe.exe
2025-05-26T06:02:10.867Z [PATH] 使用配置的FFprobe路径: D:\code\cursor\looklook\node_modules\ffprobe-static\bin\win32\x64\ffprobe.exe
2025-05-26T06:02:10.867Z [RESOLUTION] 在开发环境中使用ffprobe路径: D:\code\cursor\looklook\node_modules\ffprobe-static\bin\win32\x64\ffprobe.exe
2025-05-26T06:02:10.867Z [RESOLUTION] 检查ffprobe可执行文件是否存在: true
2025-05-26T06:02:10.867Z [LOG] 执行命令: "D:\code\cursor\looklook\node_modules\ffprobe-static\bin\win32\x64\ffprobe.exe" -v error -select_streams v:0 -show_entries stream=width,height -of csv=s=x:p=0 "D:\Users\Videos\测试\SampleVideo_360x240_10mb.mp4"
2025-05-26T06:02:10.867Z [RESOLUTION] 开始执行命令获取分辨率: "D:\code\cursor\looklook\node_modules\ffprobe-static\bin\win32\x64\ffprobe.exe" -v error -select_streams v:0 -show_entries stream=width,height -of csv=s=x:p=0 "D:\Users\Videos\测试\SampleVideo_360x240_10mb.mp4"
2025-05-26T06:02:10.928Z [RESOLUTION] 命令输出: "320x240"
2025-05-26T06:02:10.929Z [LOG] 成功解析分辨率: 320×240
2025-05-26T06:02:10.929Z [RESOLUTION] 成功解析分辨率: 320×240
2025-05-26T06:02:10.929Z [LOG] 获取视频时长: D:\Users\Videos\测试\SampleVideo_360x240_10mb.mp4
2025-05-26T06:02:10.929Z [MAIN] 开始获取视频时长: D:\Users\Videos\测试\SampleVideo_360x240_10mb.mp4
2025-05-26T06:02:10.930Z [LOG] 直接获取视频时长
2025-05-26T06:02:10.930Z [DURATION] 开始获取视频时长: D:\Users\Videos\测试\SampleVideo_360x240_10mb.mp4
2025-05-26T06:02:10.930Z [PATH] 尝试获取FFprobe路径
2025-05-26T06:02:10.930Z [LOG] 使用配置的FFprobe路径: D:\code\cursor\looklook\node_modules\ffprobe-static\bin\win32\x64\ffprobe.exe
2025-05-26T06:02:10.930Z [PATH] 使用配置的FFprobe路径: D:\code\cursor\looklook\node_modules\ffprobe-static\bin\win32\x64\ffprobe.exe
2025-05-26T06:02:10.930Z [DURATION] 在开发环境中使用ffprobe路径: D:\code\cursor\looklook\node_modules\ffprobe-static\bin\win32\x64\ffprobe.exe
2025-05-26T06:02:10.930Z [DURATION] 检查ffprobe可执行文件是否存在: true
2025-05-26T06:02:10.930Z [LOG] 执行命令: "D:\code\cursor\looklook\node_modules\ffprobe-static\bin\win32\x64\ffprobe.exe" -v error -show_entries format=duration -of default=noprint_wrappers=1:nokey=1 "D:\Users\Videos\测试\SampleVideo_360x240_10mb.mp4"
2025-05-26T06:02:10.930Z [DURATION] 开始执行命令获取时长: "D:\code\cursor\looklook\node_modules\ffprobe-static\bin\win32\x64\ffprobe.exe" -v error -show_entries format=duration -of default=noprint_wrappers=1:nokey=1 "D:\Users\Videos\测试\SampleVideo_360x240_10mb.mp4"
2025-05-26T06:02:10.999Z [DURATION] 命令输出: "125.952000"
2025-05-26T06:02:11.000Z [LOG] 成功解析时长: 00:02:05
2025-05-26T06:02:11.000Z [DURATION] 成功解析时长: 00:02:05
2025-05-26T06:02:11.000Z [LOG] 开始生成缩略图，视频路径: D:\Users\Videos\测试\SampleVideo_360x240_10mb.mp4
2025-05-26T06:02:11.001Z [LOG] 缩略图输出路径: D:\code\cursor\looklook\userdata\thumbnails\1748239331403-RDpcVXNl.jpg
2025-05-26T06:02:11.001Z [LOG] 生成随机时间点: 00:00:14
2025-05-26T06:02:11.001Z [LOG] 使用直接命令行ffmpeg生成缩略图
2025-05-26T06:02:11.001Z [PATH] 尝试获取FFmpeg路径
2025-05-26T06:02:11.002Z [LOG] 使用配置的FFmpeg路径: D:\code\cursor\looklook\node_modules\ffmpeg-static\ffmpeg.exe
2025-05-26T06:02:11.002Z [PATH] 使用配置的FFmpeg路径: D:\code\cursor\looklook\node_modules\ffmpeg-static\ffmpeg.exe
2025-05-26T06:02:11.002Z [LOG] 将使用时间点 00:00:14 生成缩略图
2025-05-26T06:02:11.002Z [LOG] 执行命令: D:\code\cursor\looklook\node_modules\ffmpeg-static\ffmpeg.exe -ss 00:00:14 -i D:\Users\Videos\测试\SampleVideo_360x240_10mb.mp4 -vframes 1 -s 320x180 -y D:\code\cursor\looklook\userdata\thumbnails\1748239331403-RDpcVXNl.jpg
2025-05-26T06:02:11.078Z [LOG] 直接ffmpeg成功生成缩略图: D:\code\cursor\looklook\userdata\thumbnails\1748239331403-RDpcVXNl.jpg
2025-05-26T06:02:11.079Z [LOG] 通过直接ffmpeg命令生成缩略图成功
2025-05-26T06:02:11.079Z [LOG] 设置已加载
2025-05-26T06:02:11.079Z [LOG] 获取视频分辨率: D:\Users\Videos\测试\SampleVideo_360x240_20mb.mp4
2025-05-26T06:02:11.080Z [MAIN] 开始获取视频分辨率: D:\Users\Videos\测试\SampleVideo_360x240_20mb.mp4
2025-05-26T06:02:11.080Z [LOG] 直接获取视频分辨率
2025-05-26T06:02:11.080Z [RESOLUTION] 开始获取视频分辨率: D:\Users\Videos\测试\SampleVideo_360x240_20mb.mp4
2025-05-26T06:02:11.080Z [PATH] 尝试获取FFprobe路径
2025-05-26T06:02:11.080Z [LOG] 使用配置的FFprobe路径: D:\code\cursor\looklook\node_modules\ffprobe-static\bin\win32\x64\ffprobe.exe
2025-05-26T06:02:11.081Z [PATH] 使用配置的FFprobe路径: D:\code\cursor\looklook\node_modules\ffprobe-static\bin\win32\x64\ffprobe.exe
2025-05-26T06:02:11.081Z [RESOLUTION] 在开发环境中使用ffprobe路径: D:\code\cursor\looklook\node_modules\ffprobe-static\bin\win32\x64\ffprobe.exe
2025-05-26T06:02:11.081Z [RESOLUTION] 检查ffprobe可执行文件是否存在: true
2025-05-26T06:02:11.081Z [LOG] 执行命令: "D:\code\cursor\looklook\node_modules\ffprobe-static\bin\win32\x64\ffprobe.exe" -v error -select_streams v:0 -show_entries stream=width,height -of csv=s=x:p=0 "D:\Users\Videos\测试\SampleVideo_360x240_20mb.mp4"
2025-05-26T06:02:11.081Z [RESOLUTION] 开始执行命令获取分辨率: "D:\code\cursor\looklook\node_modules\ffprobe-static\bin\win32\x64\ffprobe.exe" -v error -select_streams v:0 -show_entries stream=width,height -of csv=s=x:p=0 "D:\Users\Videos\测试\SampleVideo_360x240_20mb.mp4"
2025-05-26T06:02:11.144Z [RESOLUTION] 命令输出: "320x240"
2025-05-26T06:02:11.145Z [LOG] 成功解析分辨率: 320×240
2025-05-26T06:02:11.145Z [RESOLUTION] 成功解析分辨率: 320×240
2025-05-26T06:02:11.145Z [LOG] 获取视频时长: D:\Users\Videos\测试\SampleVideo_360x240_20mb.mp4
2025-05-26T06:02:11.145Z [MAIN] 开始获取视频时长: D:\Users\Videos\测试\SampleVideo_360x240_20mb.mp4
2025-05-26T06:02:11.146Z [LOG] 直接获取视频时长
2025-05-26T06:02:11.146Z [DURATION] 开始获取视频时长: D:\Users\Videos\测试\SampleVideo_360x240_20mb.mp4
2025-05-26T06:02:11.146Z [PATH] 尝试获取FFprobe路径
2025-05-26T06:02:11.146Z [LOG] 使用配置的FFprobe路径: D:\code\cursor\looklook\node_modules\ffprobe-static\bin\win32\x64\ffprobe.exe
2025-05-26T06:02:11.146Z [PATH] 使用配置的FFprobe路径: D:\code\cursor\looklook\node_modules\ffprobe-static\bin\win32\x64\ffprobe.exe
2025-05-26T06:02:11.146Z [DURATION] 在开发环境中使用ffprobe路径: D:\code\cursor\looklook\node_modules\ffprobe-static\bin\win32\x64\ffprobe.exe
2025-05-26T06:02:11.146Z [DURATION] 检查ffprobe可执行文件是否存在: true
2025-05-26T06:02:11.146Z [LOG] 执行命令: "D:\code\cursor\looklook\node_modules\ffprobe-static\bin\win32\x64\ffprobe.exe" -v error -show_entries format=duration -of default=noprint_wrappers=1:nokey=1 "D:\Users\Videos\测试\SampleVideo_360x240_20mb.mp4"
2025-05-26T06:02:11.147Z [DURATION] 开始执行命令获取时长: "D:\code\cursor\looklook\node_modules\ffprobe-static\bin\win32\x64\ffprobe.exe" -v error -show_entries format=duration -of default=noprint_wrappers=1:nokey=1 "D:\Users\Videos\测试\SampleVideo_360x240_20mb.mp4"
2025-05-26T06:02:11.212Z [DURATION] 命令输出: "245.291000"
2025-05-26T06:02:11.212Z [LOG] 成功解析时长: 00:04:05
2025-05-26T06:02:11.213Z [DURATION] 成功解析时长: 00:04:05
2025-05-26T06:02:11.213Z [LOG] 开始生成缩略图，视频路径: D:\Users\Videos\测试\SampleVideo_360x240_20mb.mp4
2025-05-26T06:02:11.213Z [LOG] 缩略图输出路径: D:\code\cursor\looklook\userdata\thumbnails\1748239331128-RDpcVXNl.jpg
2025-05-26T06:02:11.214Z [LOG] 生成随机时间点: 00:00:54
2025-05-26T06:02:11.214Z [LOG] 使用直接命令行ffmpeg生成缩略图
2025-05-26T06:02:11.214Z [PATH] 尝试获取FFmpeg路径
2025-05-26T06:02:11.214Z [LOG] 使用配置的FFmpeg路径: D:\code\cursor\looklook\node_modules\ffmpeg-static\ffmpeg.exe
2025-05-26T06:02:11.214Z [PATH] 使用配置的FFmpeg路径: D:\code\cursor\looklook\node_modules\ffmpeg-static\ffmpeg.exe
2025-05-26T06:02:11.214Z [LOG] 将使用时间点 00:00:54 生成缩略图
2025-05-26T06:02:11.215Z [LOG] 执行命令: D:\code\cursor\looklook\node_modules\ffmpeg-static\ffmpeg.exe -ss 00:00:54 -i D:\Users\Videos\测试\SampleVideo_360x240_20mb.mp4 -vframes 1 -s 320x180 -y D:\code\cursor\looklook\userdata\thumbnails\1748239331128-RDpcVXNl.jpg
2025-05-26T06:02:11.293Z [LOG] 直接ffmpeg成功生成缩略图: D:\code\cursor\looklook\userdata\thumbnails\1748239331128-RDpcVXNl.jpg
2025-05-26T06:02:11.294Z [LOG] 通过直接ffmpeg命令生成缩略图成功
2025-05-26T06:02:11.294Z [LOG] 设置已加载
2025-05-26T06:02:11.294Z [LOG] 获取视频分辨率: D:\Users\Videos\测试\SampleVideo_360x240_30mb.mp4
2025-05-26T06:02:11.294Z [MAIN] 开始获取视频分辨率: D:\Users\Videos\测试\SampleVideo_360x240_30mb.mp4
2025-05-26T06:02:11.295Z [LOG] 直接获取视频分辨率
2025-05-26T06:02:11.295Z [RESOLUTION] 开始获取视频分辨率: D:\Users\Videos\测试\SampleVideo_360x240_30mb.mp4
2025-05-26T06:02:11.295Z [PATH] 尝试获取FFprobe路径
2025-05-26T06:02:11.295Z [LOG] 使用配置的FFprobe路径: D:\code\cursor\looklook\node_modules\ffprobe-static\bin\win32\x64\ffprobe.exe
2025-05-26T06:02:11.295Z [PATH] 使用配置的FFprobe路径: D:\code\cursor\looklook\node_modules\ffprobe-static\bin\win32\x64\ffprobe.exe
2025-05-26T06:02:11.295Z [RESOLUTION] 在开发环境中使用ffprobe路径: D:\code\cursor\looklook\node_modules\ffprobe-static\bin\win32\x64\ffprobe.exe
2025-05-26T06:02:11.295Z [RESOLUTION] 检查ffprobe可执行文件是否存在: true
2025-05-26T06:02:11.295Z [LOG] 执行命令: "D:\code\cursor\looklook\node_modules\ffprobe-static\bin\win32\x64\ffprobe.exe" -v error -select_streams v:0 -show_entries stream=width,height -of csv=s=x:p=0 "D:\Users\Videos\测试\SampleVideo_360x240_30mb.mp4"
2025-05-26T06:02:11.296Z [RESOLUTION] 开始执行命令获取分辨率: "D:\code\cursor\looklook\node_modules\ffprobe-static\bin\win32\x64\ffprobe.exe" -v error -select_streams v:0 -show_entries stream=width,height -of csv=s=x:p=0 "D:\Users\Videos\测试\SampleVideo_360x240_30mb.mp4"
2025-05-26T06:02:11.365Z [RESOLUTION] 命令输出: "320x240"
2025-05-26T06:02:11.365Z [LOG] 成功解析分辨率: 320×240
2025-05-26T06:02:11.365Z [RESOLUTION] 成功解析分辨率: 320×240
2025-05-26T06:02:11.366Z [LOG] 获取视频时长: D:\Users\Videos\测试\SampleVideo_360x240_30mb.mp4
2025-05-26T06:02:11.366Z [MAIN] 开始获取视频时长: D:\Users\Videos\测试\SampleVideo_360x240_30mb.mp4
2025-05-26T06:02:11.366Z [LOG] 直接获取视频时长
2025-05-26T06:02:11.366Z [DURATION] 开始获取视频时长: D:\Users\Videos\测试\SampleVideo_360x240_30mb.mp4
2025-05-26T06:02:11.366Z [PATH] 尝试获取FFprobe路径
2025-05-26T06:02:11.366Z [LOG] 使用配置的FFprobe路径: D:\code\cursor\looklook\node_modules\ffprobe-static\bin\win32\x64\ffprobe.exe
2025-05-26T06:02:11.366Z [PATH] 使用配置的FFprobe路径: D:\code\cursor\looklook\node_modules\ffprobe-static\bin\win32\x64\ffprobe.exe
2025-05-26T06:02:11.367Z [DURATION] 在开发环境中使用ffprobe路径: D:\code\cursor\looklook\node_modules\ffprobe-static\bin\win32\x64\ffprobe.exe
2025-05-26T06:02:11.367Z [DURATION] 检查ffprobe可执行文件是否存在: true
2025-05-26T06:02:11.367Z [LOG] 执行命令: "D:\code\cursor\looklook\node_modules\ffprobe-static\bin\win32\x64\ffprobe.exe" -v error -show_entries format=duration -of default=noprint_wrappers=1:nokey=1 "D:\Users\Videos\测试\SampleVideo_360x240_30mb.mp4"
2025-05-26T06:02:11.367Z [DURATION] 开始执行命令获取时长: "D:\code\cursor\looklook\node_modules\ffprobe-static\bin\win32\x64\ffprobe.exe" -v error -show_entries format=duration -of default=noprint_wrappers=1:nokey=1 "D:\Users\Videos\测试\SampleVideo_360x240_30mb.mp4"
2025-05-26T06:02:11.431Z [DURATION] 命令输出: "368.200000"
2025-05-26T06:02:11.431Z [LOG] 成功解析时长: 00:06:08
2025-05-26T06:02:11.432Z [DURATION] 成功解析时长: 00:06:08
2025-05-26T06:02:11.432Z [LOG] 开始生成缩略图，视频路径: D:\Users\Videos\测试\SampleVideo_360x240_30mb.mp4
2025-05-26T06:02:11.432Z [LOG] 缩略图输出路径: D:\code\cursor\looklook\userdata\thumbnails\1748239331386-RDpcVXNl.jpg
2025-05-26T06:02:11.433Z [LOG] 生成随机时间点: 00:00:50
2025-05-26T06:02:11.433Z [LOG] 使用直接命令行ffmpeg生成缩略图
2025-05-26T06:02:11.433Z [PATH] 尝试获取FFmpeg路径
2025-05-26T06:02:11.433Z [LOG] 使用配置的FFmpeg路径: D:\code\cursor\looklook\node_modules\ffmpeg-static\ffmpeg.exe
2025-05-26T06:02:11.433Z [PATH] 使用配置的FFmpeg路径: D:\code\cursor\looklook\node_modules\ffmpeg-static\ffmpeg.exe
2025-05-26T06:02:11.433Z [LOG] 将使用时间点 00:00:50 生成缩略图
2025-05-26T06:02:11.434Z [LOG] 执行命令: D:\code\cursor\looklook\node_modules\ffmpeg-static\ffmpeg.exe -ss 00:00:50 -i D:\Users\Videos\测试\SampleVideo_360x240_30mb.mp4 -vframes 1 -s 320x180 -y D:\code\cursor\looklook\userdata\thumbnails\1748239331386-RDpcVXNl.jpg
2025-05-26T06:02:11.521Z [LOG] 直接ffmpeg成功生成缩略图: D:\code\cursor\looklook\userdata\thumbnails\1748239331386-RDpcVXNl.jpg
2025-05-26T06:02:11.521Z [LOG] 通过直接ffmpeg命令生成缩略图成功
2025-05-26T06:02:11.521Z [LOG] 设置已加载
2025-05-26T06:02:11.522Z [LOG] 获取视频分辨率: D:\Users\Videos\测试\SampleVideo_360x240_5mb.mp4
2025-05-26T06:02:11.522Z [MAIN] 开始获取视频分辨率: D:\Users\Videos\测试\SampleVideo_360x240_5mb.mp4
2025-05-26T06:02:11.522Z [LOG] 直接获取视频分辨率
2025-05-26T06:02:11.522Z [RESOLUTION] 开始获取视频分辨率: D:\Users\Videos\测试\SampleVideo_360x240_5mb.mp4
2025-05-26T06:02:11.522Z [PATH] 尝试获取FFprobe路径
2025-05-26T06:02:11.522Z [LOG] 使用配置的FFprobe路径: D:\code\cursor\looklook\node_modules\ffprobe-static\bin\win32\x64\ffprobe.exe
2025-05-26T06:02:11.522Z [PATH] 使用配置的FFprobe路径: D:\code\cursor\looklook\node_modules\ffprobe-static\bin\win32\x64\ffprobe.exe
2025-05-26T06:02:11.523Z [RESOLUTION] 在开发环境中使用ffprobe路径: D:\code\cursor\looklook\node_modules\ffprobe-static\bin\win32\x64\ffprobe.exe
2025-05-26T06:02:11.523Z [RESOLUTION] 检查ffprobe可执行文件是否存在: true
2025-05-26T06:02:11.523Z [LOG] 执行命令: "D:\code\cursor\looklook\node_modules\ffprobe-static\bin\win32\x64\ffprobe.exe" -v error -select_streams v:0 -show_entries stream=width,height -of csv=s=x:p=0 "D:\Users\Videos\测试\SampleVideo_360x240_5mb.mp4"
2025-05-26T06:02:11.523Z [RESOLUTION] 开始执行命令获取分辨率: "D:\code\cursor\looklook\node_modules\ffprobe-static\bin\win32\x64\ffprobe.exe" -v error -select_streams v:0 -show_entries stream=width,height -of csv=s=x:p=0 "D:\Users\Videos\测试\SampleVideo_360x240_5mb.mp4"
2025-05-26T06:02:11.586Z [RESOLUTION] 命令输出: "320x240"
2025-05-26T06:02:11.587Z [LOG] 成功解析分辨率: 320×240
2025-05-26T06:02:11.587Z [RESOLUTION] 成功解析分辨率: 320×240
2025-05-26T06:02:11.587Z [LOG] 获取视频时长: D:\Users\Videos\测试\SampleVideo_360x240_5mb.mp4
2025-05-26T06:02:11.587Z [MAIN] 开始获取视频时长: D:\Users\Videos\测试\SampleVideo_360x240_5mb.mp4
2025-05-26T06:02:11.588Z [LOG] 直接获取视频时长
2025-05-26T06:02:11.588Z [DURATION] 开始获取视频时长: D:\Users\Videos\测试\SampleVideo_360x240_5mb.mp4
2025-05-26T06:02:11.588Z [PATH] 尝试获取FFprobe路径
2025-05-26T06:02:11.588Z [LOG] 使用配置的FFprobe路径: D:\code\cursor\looklook\node_modules\ffprobe-static\bin\win32\x64\ffprobe.exe
2025-05-26T06:02:11.588Z [PATH] 使用配置的FFprobe路径: D:\code\cursor\looklook\node_modules\ffprobe-static\bin\win32\x64\ffprobe.exe
2025-05-26T06:02:11.588Z [DURATION] 在开发环境中使用ffprobe路径: D:\code\cursor\looklook\node_modules\ffprobe-static\bin\win32\x64\ffprobe.exe
2025-05-26T06:02:11.588Z [DURATION] 检查ffprobe可执行文件是否存在: true
2025-05-26T06:02:11.589Z [LOG] 执行命令: "D:\code\cursor\looklook\node_modules\ffprobe-static\bin\win32\x64\ffprobe.exe" -v error -show_entries format=duration -of default=noprint_wrappers=1:nokey=1 "D:\Users\Videos\测试\SampleVideo_360x240_5mb.mp4"
2025-05-26T06:02:11.589Z [DURATION] 开始执行命令获取时长: "D:\code\cursor\looklook\node_modules\ffprobe-static\bin\win32\x64\ffprobe.exe" -v error -show_entries format=duration -of default=noprint_wrappers=1:nokey=1 "D:\Users\Videos\测试\SampleVideo_360x240_5mb.mp4"
2025-05-26T06:02:11.656Z [DURATION] 命令输出: "64.896000"
2025-05-26T06:02:11.656Z [LOG] 成功解析时长: 00:01:04
2025-05-26T06:02:11.656Z [DURATION] 成功解析时长: 00:01:04
2025-05-26T06:02:11.657Z [LOG] 开始生成缩略图，视频路径: D:\Users\Videos\测试\SampleVideo_360x240_5mb.mp4
2025-05-26T06:02:11.657Z [LOG] 缩略图输出路径: D:\code\cursor\looklook\userdata\thumbnails\1748239331521-RDpcVXNl.jpg
2025-05-26T06:02:11.657Z [LOG] 生成随机时间点: 00:00:55
2025-05-26T06:02:11.657Z [LOG] 使用直接命令行ffmpeg生成缩略图
2025-05-26T06:02:11.658Z [PATH] 尝试获取FFmpeg路径
2025-05-26T06:02:11.658Z [LOG] 使用配置的FFmpeg路径: D:\code\cursor\looklook\node_modules\ffmpeg-static\ffmpeg.exe
2025-05-26T06:02:11.658Z [PATH] 使用配置的FFmpeg路径: D:\code\cursor\looklook\node_modules\ffmpeg-static\ffmpeg.exe
2025-05-26T06:02:11.658Z [LOG] 将使用时间点 00:00:55 生成缩略图
2025-05-26T06:02:11.659Z [LOG] 执行命令: D:\code\cursor\looklook\node_modules\ffmpeg-static\ffmpeg.exe -ss 00:00:55 -i D:\Users\Videos\测试\SampleVideo_360x240_5mb.mp4 -vframes 1 -s 320x180 -y D:\code\cursor\looklook\userdata\thumbnails\1748239331521-RDpcVXNl.jpg
2025-05-26T06:02:11.736Z [LOG] 直接ffmpeg成功生成缩略图: D:\code\cursor\looklook\userdata\thumbnails\1748239331521-RDpcVXNl.jpg
2025-05-26T06:02:11.736Z [LOG] 通过直接ffmpeg命令生成缩略图成功
2025-05-26T06:02:11.737Z [LOG] 设置已加载
2025-05-26T06:02:11.737Z [LOG] 获取视频分辨率: D:\Users\Videos\测试\SampleVideo_640x360_1mb.mp4
2025-05-26T06:02:11.737Z [MAIN] 开始获取视频分辨率: D:\Users\Videos\测试\SampleVideo_640x360_1mb.mp4
2025-05-26T06:02:11.737Z [LOG] 直接获取视频分辨率
2025-05-26T06:02:11.737Z [RESOLUTION] 开始获取视频分辨率: D:\Users\Videos\测试\SampleVideo_640x360_1mb.mp4
2025-05-26T06:02:11.737Z [PATH] 尝试获取FFprobe路径
2025-05-26T06:02:11.737Z [LOG] 使用配置的FFprobe路径: D:\code\cursor\looklook\node_modules\ffprobe-static\bin\win32\x64\ffprobe.exe
2025-05-26T06:02:11.738Z [PATH] 使用配置的FFprobe路径: D:\code\cursor\looklook\node_modules\ffprobe-static\bin\win32\x64\ffprobe.exe
2025-05-26T06:02:11.738Z [RESOLUTION] 在开发环境中使用ffprobe路径: D:\code\cursor\looklook\node_modules\ffprobe-static\bin\win32\x64\ffprobe.exe
2025-05-26T06:02:11.738Z [RESOLUTION] 检查ffprobe可执行文件是否存在: true
2025-05-26T06:02:11.738Z [LOG] 执行命令: "D:\code\cursor\looklook\node_modules\ffprobe-static\bin\win32\x64\ffprobe.exe" -v error -select_streams v:0 -show_entries stream=width,height -of csv=s=x:p=0 "D:\Users\Videos\测试\SampleVideo_640x360_1mb.mp4"
2025-05-26T06:02:11.738Z [RESOLUTION] 开始执行命令获取分辨率: "D:\code\cursor\looklook\node_modules\ffprobe-static\bin\win32\x64\ffprobe.exe" -v error -select_streams v:0 -show_entries stream=width,height -of csv=s=x:p=0 "D:\Users\Videos\测试\SampleVideo_640x360_1mb.mp4"
2025-05-26T06:02:11.803Z [RESOLUTION] 命令输出: "640x368"
2025-05-26T06:02:11.803Z [LOG] 成功解析分辨率: 640×368
2025-05-26T06:02:11.803Z [RESOLUTION] 成功解析分辨率: 640×368
2025-05-26T06:02:11.803Z [LOG] 获取视频时长: D:\Users\Videos\测试\SampleVideo_640x360_1mb.mp4
2025-05-26T06:02:11.804Z [MAIN] 开始获取视频时长: D:\Users\Videos\测试\SampleVideo_640x360_1mb.mp4
2025-05-26T06:02:11.804Z [LOG] 直接获取视频时长
2025-05-26T06:02:11.804Z [DURATION] 开始获取视频时长: D:\Users\Videos\测试\SampleVideo_640x360_1mb.mp4
2025-05-26T06:02:11.804Z [PATH] 尝试获取FFprobe路径
2025-05-26T06:02:11.804Z [LOG] 使用配置的FFprobe路径: D:\code\cursor\looklook\node_modules\ffprobe-static\bin\win32\x64\ffprobe.exe
2025-05-26T06:02:11.804Z [PATH] 使用配置的FFprobe路径: D:\code\cursor\looklook\node_modules\ffprobe-static\bin\win32\x64\ffprobe.exe
2025-05-26T06:02:11.804Z [DURATION] 在开发环境中使用ffprobe路径: D:\code\cursor\looklook\node_modules\ffprobe-static\bin\win32\x64\ffprobe.exe
2025-05-26T06:02:11.804Z [DURATION] 检查ffprobe可执行文件是否存在: true
2025-05-26T06:02:11.805Z [LOG] 执行命令: "D:\code\cursor\looklook\node_modules\ffprobe-static\bin\win32\x64\ffprobe.exe" -v error -show_entries format=duration -of default=noprint_wrappers=1:nokey=1 "D:\Users\Videos\测试\SampleVideo_640x360_1mb.mp4"
2025-05-26T06:02:11.805Z [DURATION] 开始执行命令获取时长: "D:\code\cursor\looklook\node_modules\ffprobe-static\bin\win32\x64\ffprobe.exe" -v error -show_entries format=duration -of default=noprint_wrappers=1:nokey=1 "D:\Users\Videos\测试\SampleVideo_640x360_1mb.mp4"
2025-05-26T06:02:11.870Z [DURATION] 命令输出: "6.400000"
2025-05-26T06:02:11.870Z [LOG] 成功解析时长: 00:00:06
2025-05-26T06:02:11.870Z [DURATION] 成功解析时长: 00:00:06
2025-05-26T06:02:11.871Z [LOG] 开始生成缩略图，视频路径: D:\Users\Videos\测试\SampleVideo_640x360_1mb.mp4
2025-05-26T06:02:11.871Z [LOG] 缩略图输出路径: D:\code\cursor\looklook\userdata\thumbnails\1748239331823-RDpcVXNl.jpg
2025-05-26T06:02:11.871Z [LOG] 生成随机时间点: 00:00:11
2025-05-26T06:02:11.871Z [LOG] 使用直接命令行ffmpeg生成缩略图
2025-05-26T06:02:11.871Z [PATH] 尝试获取FFmpeg路径
2025-05-26T06:02:11.872Z [LOG] 使用配置的FFmpeg路径: D:\code\cursor\looklook\node_modules\ffmpeg-static\ffmpeg.exe
2025-05-26T06:02:11.872Z [PATH] 使用配置的FFmpeg路径: D:\code\cursor\looklook\node_modules\ffmpeg-static\ffmpeg.exe
2025-05-26T06:02:11.872Z [LOG] 将使用时间点 00:00:11 生成缩略图
2025-05-26T06:02:11.872Z [LOG] 执行命令: D:\code\cursor\looklook\node_modules\ffmpeg-static\ffmpeg.exe -ss 00:00:11 -i D:\Users\Videos\测试\SampleVideo_640x360_1mb.mp4 -vframes 1 -s 320x180 -y D:\code\cursor\looklook\userdata\thumbnails\1748239331823-RDpcVXNl.jpg
2025-05-26T06:02:12.450Z [ERROR] 直接ffmpeg生成缩略图失败: Command failed: D:\code\cursor\looklook\node_modules\ffmpeg-static\ffmpeg.exe -ss 00:00:11 -i D:\Users\Videos\测试\SampleVideo_640x360_1mb.mp4 -vframes 1 -s 320x180 -y D:\code\cursor\looklook\userdata\thumbnails\1748239331823-RDpcVXNl.jpg
ffmpeg version 7.1.1-essentials_build-www.gyan.dev Copyright (c) 2000-2025 the FFmpeg developers
  built with gcc 14.2.0 (Rev1, Built by MSYS2 project)
  configuration: --enable-gpl --enable-version3 --enable-static --disable-w32threads --disable-autodetect --enable-fontconfig --enable-iconv --enable-gnutls --enable-libxml2 --enable-gmp --enable-bzlib --enable-lzma --enable-zlib --enable-libsrt --enable-libssh --enable-libzmq --enable-avisynth --enable-sdl2 --enable-libwebp --enable-libx264 --enable-libx265 --enable-libxvid --enable-libaom --enable-libopenjpeg --enable-libvpx --enable-mediafoundation --enable-libass --enable-libfreetype --enable-libfribidi --enable-libharfbuzz --enable-libvidstab --enable-libvmaf --enable-libzimg --enable-amf --enable-cuda-llvm --enable-cuvid --enable-dxva2 --enable-d3d11va --enable-d3d12va --enable-ffnvcodec --enable-libvpl --enable-nvdec --enable-nvenc --enable-vaapi --enable-libgme --enable-libopenmpt --enable-libopencore-amrwb --enable-libmp3lame --enable-libtheora --enable-libvo-amrwbenc --enable-libgsm --enable-libopencore-amrnb --enable-libopus --enable-libspeex --enable-libvorbis --enable-librubberband
  libavutil      59. 39.100 / 59. 39.100
  libavcodec     61. 19.101 / 61. 19.101
  libavformat    61.  7.100 / 61.  7.100
  libavdevice    61.  3.100 / 61.  3.100
  libavfilter    10.  4.100 / 10.  4.100
  libswscale      8.  3.100 /  8.  3.100
  libswresample   5.  3.100 /  5.  3.100
  libpostproc    58.  3.100 / 58.  3.100
Input #0, mov,mp4,m4a,3gp,3g2,mj2, from 'D:\Users\Videos\测试\SampleVideo_640x360_1mb.mp4':
  Metadata:
    major_brand     : isom
    minor_version   : 512
    compatible_brands: isomiso2mp41
    creation_time   : 1970-01-01T00:00:00.000000Z
    encoder         : Lavf53.24.2
  Duration: 00:00:06.40, start: 0.000000, bitrate: 1321 kb/s
  Stream #0:0[0x1](und): Video: mpeg4 (Simple Profile) (mp4v / 0x7634706D), yuv420p, 640x368 [SAR 1:1 DAR 40:23], 932 kb/s, 25 fps, 25 tbr, 12800 tbn (default)
      Metadata:
        creation_time   : 1970-01-01T00:00:00.000000Z
        handler_name    : VideoHandler
        vendor_id       : [0][0][0][0]
  Stream #0:1[0x2](und): Audio: aac (LC) (mp4a / 0x6134706D), 48000 Hz, 5.1, fltp, 383 kb/s (default)
      Metadata:
        creation_time   : 1970-01-01T00:00:00.000000Z
        handler_name    : SoundHandler
        vendor_id       : [0][0][0][0]
Stream mapping:
  Stream #0:0 -> #0:0 (mpeg4 (native) -> mjpeg (native))
Press [q] to stop, [?] for help
[vf#0:0 @ 00000000027f02c0] No filtered frames for output stream, trying to initialize anyway.
[mjpeg @ 0000000002732280] Non full-range YUV is non-standard, set strict_std_compliance to at most unofficial to use it.
[vost#0:0/mjpeg @ 00000000029dab80] Error while opening encoder - maybe incorrect parameters such as bit_rate, rate, width or height.
[vf#0:0 @ 000000000299fc40] Task finished with error code: -22 (Invalid argument)
[vf#0:0 @ 000000000299fc40] Terminating thread with return code -22 (Invalid argument)
[vost#0:0/mjpeg @ 00000000029dab80] Could not open encoder before EOF
[vost#0:0/mjpeg @ 00000000029dab80] Task finished with error code: -22 (Invalid argument)
[vost#0:0/mjpeg @ 00000000029dab80] Terminating thread with return code -22 (Invalid argument)
[out#0/image2 @ 00000000026987c0] Nothing was written into output file, because at least one of its streams received no packets.
frame=    0 fps=0.0 q=0.0 Lsize=       0KiB time=N/A bitrate=N/A speed=N/A    
Conversion failed!

2025-05-26T06:02:12.454Z [ERROR] STDERR: ffmpeg version 7.1.1-essentials_build-www.gyan.dev Copyright (c) 2000-2025 the FFmpeg developers
  built with gcc 14.2.0 (Rev1, Built by MSYS2 project)
  configuration: --enable-gpl --enable-version3 --enable-static --disable-w32threads --disable-autodetect --enable-fontconfig --enable-iconv --enable-gnutls --enable-libxml2 --enable-gmp --enable-bzlib --enable-lzma --enable-zlib --enable-libsrt --enable-libssh --enable-libzmq --enable-avisynth --enable-sdl2 --enable-libwebp --enable-libx264 --enable-libx265 --enable-libxvid --enable-libaom --enable-libopenjpeg --enable-libvpx --enable-mediafoundation --enable-libass --enable-libfreetype --enable-libfribidi --enable-libharfbuzz --enable-libvidstab --enable-libvmaf --enable-libzimg --enable-amf --enable-cuda-llvm --enable-cuvid --enable-dxva2 --enable-d3d11va --enable-d3d12va --enable-ffnvcodec --enable-libvpl --enable-nvdec --enable-nvenc --enable-vaapi --enable-libgme --enable-libopenmpt --enable-libopencore-amrwb --enable-libmp3lame --enable-libtheora --enable-libvo-amrwbenc --enable-libgsm --enable-libopencore-amrnb --enable-libopus --enable-libspeex --enable-libvorbis --enable-librubberband
  libavutil      59. 39.100 / 59. 39.100
  libavcodec     61. 19.101 / 61. 19.101
  libavformat    61.  7.100 / 61.  7.100
  libavdevice    61.  3.100 / 61.  3.100
  libavfilter    10.  4.100 / 10.  4.100
  libswscale      8.  3.100 /  8.  3.100
  libswresample   5.  3.100 /  5.  3.100
  libpostproc    58.  3.100 / 58.  3.100
Input #0, mov,mp4,m4a,3gp,3g2,mj2, from 'D:\Users\Videos\测试\SampleVideo_640x360_1mb.mp4':
  Metadata:
    major_brand     : isom
    minor_version   : 512
    compatible_brands: isomiso2mp41
    creation_time   : 1970-01-01T00:00:00.000000Z
    encoder         : Lavf53.24.2
  Duration: 00:00:06.40, start: 0.000000, bitrate: 1321 kb/s
  Stream #0:0[0x1](und): Video: mpeg4 (Simple Profile) (mp4v / 0x7634706D), yuv420p, 640x368 [SAR 1:1 DAR 40:23], 932 kb/s, 25 fps, 25 tbr, 12800 tbn (default)
      Metadata:
        creation_time   : 1970-01-01T00:00:00.000000Z
        handler_name    : VideoHandler
        vendor_id       : [0][0][0][0]
  Stream #0:1[0x2](und): Audio: aac (LC) (mp4a / 0x6134706D), 48000 Hz, 5.1, fltp, 383 kb/s (default)
      Metadata:
        creation_time   : 1970-01-01T00:00:00.000000Z
        handler_name    : SoundHandler
        vendor_id       : [0][0][0][0]
Stream mapping:
  Stream #0:0 -> #0:0 (mpeg4 (native) -> mjpeg (native))
Press [q] to stop, [?] for help
[vf#0:0 @ 00000000027f02c0] No filtered frames for output stream, trying to initialize anyway.
[mjpeg @ 0000000002732280] Non full-range YUV is non-standard, set strict_std_compliance to at most unofficial to use it.
[vost#0:0/mjpeg @ 00000000029dab80] Error while opening encoder - maybe incorrect parameters such as bit_rate, rate, width or height.
[vf#0:0 @ 000000000299fc40] Task finished with error code: -22 (Invalid argument)
[vf#0:0 @ 000000000299fc40] Terminating thread with return code -22 (Invalid argument)
[vost#0:0/mjpeg @ 00000000029dab80] Could not open encoder before EOF
[vost#0:0/mjpeg @ 00000000029dab80] Task finished with error code: -22 (Invalid argument)
[vost#0:0/mjpeg @ 00000000029dab80] Terminating thread with return code -22 (Invalid argument)
[out#0/image2 @ 00000000026987c0] Nothing was written into output file, because at least one of its streams received no packets.
frame=    0 fps=0.0 q=0.0 Lsize=       0KiB time=N/A bitrate=N/A speed=N/A    
Conversion failed!

2025-05-26T06:02:12.458Z [ERROR] 直接ffmpeg命令生成缩略图失败: Command failed: D:\code\cursor\looklook\node_modules\ffmpeg-static\ffmpeg.exe -ss 00:00:11 -i D:\Users\Videos\测试\SampleVideo_640x360_1mb.mp4 -vframes 1 -s 320x180 -y D:\code\cursor\looklook\userdata\thumbnails\1748239331823-RDpcVXNl.jpg
ffmpeg version 7.1.1-essentials_build-www.gyan.dev Copyright (c) 2000-2025 the FFmpeg developers
  built with gcc 14.2.0 (Rev1, Built by MSYS2 project)
  configuration: --enable-gpl --enable-version3 --enable-static --disable-w32threads --disable-autodetect --enable-fontconfig --enable-iconv --enable-gnutls --enable-libxml2 --enable-gmp --enable-bzlib --enable-lzma --enable-zlib --enable-libsrt --enable-libssh --enable-libzmq --enable-avisynth --enable-sdl2 --enable-libwebp --enable-libx264 --enable-libx265 --enable-libxvid --enable-libaom --enable-libopenjpeg --enable-libvpx --enable-mediafoundation --enable-libass --enable-libfreetype --enable-libfribidi --enable-libharfbuzz --enable-libvidstab --enable-libvmaf --enable-libzimg --enable-amf --enable-cuda-llvm --enable-cuvid --enable-dxva2 --enable-d3d11va --enable-d3d12va --enable-ffnvcodec --enable-libvpl --enable-nvdec --enable-nvenc --enable-vaapi --enable-libgme --enable-libopenmpt --enable-libopencore-amrwb --enable-libmp3lame --enable-libtheora --enable-libvo-amrwbenc --enable-libgsm --enable-libopencore-amrnb --enable-libopus --enable-libspeex --enable-libvorbis --enable-librubberband
  libavutil      59. 39.100 / 59. 39.100
  libavcodec     61. 19.101 / 61. 19.101
  libavformat    61.  7.100 / 61.  7.100
  libavdevice    61.  3.100 / 61.  3.100
  libavfilter    10.  4.100 / 10.  4.100
  libswscale      8.  3.100 /  8.  3.100
  libswresample   5.  3.100 /  5.  3.100
  libpostproc    58.  3.100 / 58.  3.100
Input #0, mov,mp4,m4a,3gp,3g2,mj2, from 'D:\Users\Videos\测试\SampleVideo_640x360_1mb.mp4':
  Metadata:
    major_brand     : isom
    minor_version   : 512
    compatible_brands: isomiso2mp41
    creation_time   : 1970-01-01T00:00:00.000000Z
    encoder         : Lavf53.24.2
  Duration: 00:00:06.40, start: 0.000000, bitrate: 1321 kb/s
  Stream #0:0[0x1](und): Video: mpeg4 (Simple Profile) (mp4v / 0x7634706D), yuv420p, 640x368 [SAR 1:1 DAR 40:23], 932 kb/s, 25 fps, 25 tbr, 12800 tbn (default)
      Metadata:
        creation_time   : 1970-01-01T00:00:00.000000Z
        handler_name    : VideoHandler
        vendor_id       : [0][0][0][0]
  Stream #0:1[0x2](und): Audio: aac (LC) (mp4a / 0x6134706D), 48000 Hz, 5.1, fltp, 383 kb/s (default)
      Metadata:
        creation_time   : 1970-01-01T00:00:00.000000Z
        handler_name    : SoundHandler
        vendor_id       : [0][0][0][0]
Stream mapping:
  Stream #0:0 -> #0:0 (mpeg4 (native) -> mjpeg (native))
Press [q] to stop, [?] for help
[vf#0:0 @ 00000000027f02c0] No filtered frames for output stream, trying to initialize anyway.
[mjpeg @ 0000000002732280] Non full-range YUV is non-standard, set strict_std_compliance to at most unofficial to use it.
[vost#0:0/mjpeg @ 00000000029dab80] Error while opening encoder - maybe incorrect parameters such as bit_rate, rate, width or height.
[vf#0:0 @ 000000000299fc40] Task finished with error code: -22 (Invalid argument)
[vf#0:0 @ 000000000299fc40] Terminating thread with return code -22 (Invalid argument)
[vost#0:0/mjpeg @ 00000000029dab80] Could not open encoder before EOF
[vost#0:0/mjpeg @ 00000000029dab80] Task finished with error code: -22 (Invalid argument)
[vost#0:0/mjpeg @ 00000000029dab80] Terminating thread with return code -22 (Invalid argument)
[out#0/image2 @ 00000000026987c0] Nothing was written into output file, because at least one of its streams received no packets.
frame=    0 fps=0.0 q=0.0 Lsize=       0KiB time=N/A bitrate=N/A speed=N/A    
Conversion failed!

2025-05-26T06:02:12.458Z [LOG] 尝试使用直接命令行方式生成缩略图
2025-05-26T06:02:12.459Z [LOG] 直接获取视频时长（秒数）
2025-05-26T06:02:12.459Z [PATH] 尝试获取FFprobe路径
2025-05-26T06:02:12.459Z [LOG] 使用配置的FFprobe路径: D:\code\cursor\looklook\node_modules\ffprobe-static\bin\win32\x64\ffprobe.exe
2025-05-26T06:02:12.459Z [PATH] 使用配置的FFprobe路径: D:\code\cursor\looklook\node_modules\ffprobe-static\bin\win32\x64\ffprobe.exe
2025-05-26T06:02:12.460Z [LOG] 在开发环境中使用ffprobe路径: D:\code\cursor\looklook\node_modules\ffprobe-static\bin\win32\x64\ffprobe.exe
2025-05-26T06:02:12.460Z [LOG] 执行命令: D:\code\cursor\looklook\node_modules\ffprobe-static\bin\win32\x64\ffprobe.exe -v error -show_entries format=duration -of default=noprint_wrappers=1:nokey=1 D:\Users\Videos\测试\SampleVideo_640x360_1mb.mp4
2025-05-26T06:02:12.521Z [LOG] 时长命令输出: 6.400000
2025-05-26T06:02:12.521Z [LOG] 成功获取视频时长: 6.4 秒
2025-05-26T06:02:12.522Z [LOG] 获取到视频时长: 6.4 秒, 准备截取缩略图
2025-05-26T06:02:12.522Z [LOG] 将在视频的 3 秒处截取缩略图 (随机生成)
2025-05-26T06:02:12.522Z [PATH] 尝试获取FFmpeg路径
2025-05-26T06:02:12.523Z [LOG] 使用配置的FFmpeg路径: D:\code\cursor\looklook\node_modules\ffmpeg-static\ffmpeg.exe
2025-05-26T06:02:12.523Z [PATH] 使用配置的FFmpeg路径: D:\code\cursor\looklook\node_modules\ffmpeg-static\ffmpeg.exe
2025-05-26T06:02:12.523Z [LOG] 执行命令: D:\code\cursor\looklook\node_modules\ffmpeg-static\ffmpeg.exe -i D:\Users\Videos\测试\SampleVideo_640x360_1mb.mp4 -ss 3 -vframes 1 -s 320x180 -y D:\code\cursor\looklook\userdata\thumbnails\1748239331823-RDpcVXNl.jpg
2025-05-26T06:02:12.607Z [LOG] 命令行方式成功生成缩略图: D:\code\cursor\looklook\userdata\thumbnails\1748239331823-RDpcVXNl.jpg
2025-05-26T06:02:12.608Z [LOG] 通过多步骤方法成功生成缩略图
2025-05-26T06:02:12.608Z [LOG] 设置已加载
2025-05-26T06:02:12.608Z [LOG] 获取视频分辨率: D:\Users\Videos\测试\SampleVideo_640x360_2mb.mp4
2025-05-26T06:02:12.609Z [MAIN] 开始获取视频分辨率: D:\Users\Videos\测试\SampleVideo_640x360_2mb.mp4
2025-05-26T06:02:12.609Z [LOG] 直接获取视频分辨率
2025-05-26T06:02:12.609Z [RESOLUTION] 开始获取视频分辨率: D:\Users\Videos\测试\SampleVideo_640x360_2mb.mp4
2025-05-26T06:02:12.609Z [PATH] 尝试获取FFprobe路径
2025-05-26T06:02:12.610Z [LOG] 使用配置的FFprobe路径: D:\code\cursor\looklook\node_modules\ffprobe-static\bin\win32\x64\ffprobe.exe
2025-05-26T06:02:12.610Z [PATH] 使用配置的FFprobe路径: D:\code\cursor\looklook\node_modules\ffprobe-static\bin\win32\x64\ffprobe.exe
2025-05-26T06:02:12.610Z [RESOLUTION] 在开发环境中使用ffprobe路径: D:\code\cursor\looklook\node_modules\ffprobe-static\bin\win32\x64\ffprobe.exe
2025-05-26T06:02:12.610Z [RESOLUTION] 检查ffprobe可执行文件是否存在: true
2025-05-26T06:02:12.610Z [LOG] 执行命令: "D:\code\cursor\looklook\node_modules\ffprobe-static\bin\win32\x64\ffprobe.exe" -v error -select_streams v:0 -show_entries stream=width,height -of csv=s=x:p=0 "D:\Users\Videos\测试\SampleVideo_640x360_2mb.mp4"
2025-05-26T06:02:12.611Z [RESOLUTION] 开始执行命令获取分辨率: "D:\code\cursor\looklook\node_modules\ffprobe-static\bin\win32\x64\ffprobe.exe" -v error -select_streams v:0 -show_entries stream=width,height -of csv=s=x:p=0 "D:\Users\Videos\测试\SampleVideo_640x360_2mb.mp4"
2025-05-26T06:02:12.678Z [RESOLUTION] 命令输出: "640x368"
2025-05-26T06:02:12.679Z [LOG] 成功解析分辨率: 640×368
2025-05-26T06:02:12.679Z [RESOLUTION] 成功解析分辨率: 640×368
2025-05-26T06:02:12.679Z [LOG] 获取视频时长: D:\Users\Videos\测试\SampleVideo_640x360_2mb.mp4
2025-05-26T06:02:12.679Z [MAIN] 开始获取视频时长: D:\Users\Videos\测试\SampleVideo_640x360_2mb.mp4
2025-05-26T06:02:12.680Z [LOG] 直接获取视频时长
2025-05-26T06:02:12.680Z [DURATION] 开始获取视频时长: D:\Users\Videos\测试\SampleVideo_640x360_2mb.mp4
2025-05-26T06:02:12.680Z [PATH] 尝试获取FFprobe路径
2025-05-26T06:02:12.680Z [LOG] 使用配置的FFprobe路径: D:\code\cursor\looklook\node_modules\ffprobe-static\bin\win32\x64\ffprobe.exe
2025-05-26T06:02:12.680Z [PATH] 使用配置的FFprobe路径: D:\code\cursor\looklook\node_modules\ffprobe-static\bin\win32\x64\ffprobe.exe
2025-05-26T06:02:12.680Z [DURATION] 在开发环境中使用ffprobe路径: D:\code\cursor\looklook\node_modules\ffprobe-static\bin\win32\x64\ffprobe.exe
2025-05-26T06:02:12.681Z [DURATION] 检查ffprobe可执行文件是否存在: true
2025-05-26T06:02:12.681Z [LOG] 执行命令: "D:\code\cursor\looklook\node_modules\ffprobe-static\bin\win32\x64\ffprobe.exe" -v error -show_entries format=duration -of default=noprint_wrappers=1:nokey=1 "D:\Users\Videos\测试\SampleVideo_640x360_2mb.mp4"
2025-05-26T06:02:12.681Z [DURATION] 开始执行命令获取时长: "D:\code\cursor\looklook\node_modules\ffprobe-static\bin\win32\x64\ffprobe.exe" -v error -show_entries format=duration -of default=noprint_wrappers=1:nokey=1 "D:\Users\Videos\测试\SampleVideo_640x360_2mb.mp4"
2025-05-26T06:02:12.747Z [DURATION] 命令输出: "15.190000"
2025-05-26T06:02:12.747Z [LOG] 成功解析时长: 00:00:15
2025-05-26T06:02:12.747Z [DURATION] 成功解析时长: 00:00:15
2025-05-26T06:02:12.748Z [LOG] 开始生成缩略图，视频路径: D:\Users\Videos\测试\SampleVideo_640x360_2mb.mp4
2025-05-26T06:02:12.748Z [LOG] 缩略图输出路径: D:\code\cursor\looklook\userdata\thumbnails\1748239333469-RDpcVXNl.jpg
2025-05-26T06:02:12.748Z [LOG] 生成随机时间点: 00:00:38
2025-05-26T06:02:12.749Z [LOG] 使用直接命令行ffmpeg生成缩略图
2025-05-26T06:02:12.749Z [PATH] 尝试获取FFmpeg路径
2025-05-26T06:02:12.749Z [LOG] 使用配置的FFmpeg路径: D:\code\cursor\looklook\node_modules\ffmpeg-static\ffmpeg.exe
2025-05-26T06:02:12.749Z [PATH] 使用配置的FFmpeg路径: D:\code\cursor\looklook\node_modules\ffmpeg-static\ffmpeg.exe
2025-05-26T06:02:12.749Z [LOG] 将使用时间点 00:00:38 生成缩略图
2025-05-26T06:02:12.750Z [LOG] 执行命令: D:\code\cursor\looklook\node_modules\ffmpeg-static\ffmpeg.exe -ss 00:00:38 -i D:\Users\Videos\测试\SampleVideo_640x360_2mb.mp4 -vframes 1 -s 320x180 -y D:\code\cursor\looklook\userdata\thumbnails\1748239333469-RDpcVXNl.jpg
2025-05-26T06:02:13.339Z [ERROR] 直接ffmpeg生成缩略图失败: Command failed: D:\code\cursor\looklook\node_modules\ffmpeg-static\ffmpeg.exe -ss 00:00:38 -i D:\Users\Videos\测试\SampleVideo_640x360_2mb.mp4 -vframes 1 -s 320x180 -y D:\code\cursor\looklook\userdata\thumbnails\1748239333469-RDpcVXNl.jpg
ffmpeg version 7.1.1-essentials_build-www.gyan.dev Copyright (c) 2000-2025 the FFmpeg developers
  built with gcc 14.2.0 (Rev1, Built by MSYS2 project)
  configuration: --enable-gpl --enable-version3 --enable-static --disable-w32threads --disable-autodetect --enable-fontconfig --enable-iconv --enable-gnutls --enable-libxml2 --enable-gmp --enable-bzlib --enable-lzma --enable-zlib --enable-libsrt --enable-libssh --enable-libzmq --enable-avisynth --enable-sdl2 --enable-libwebp --enable-libx264 --enable-libx265 --enable-libxvid --enable-libaom --enable-libopenjpeg --enable-libvpx --enable-mediafoundation --enable-libass --enable-libfreetype --enable-libfribidi --enable-libharfbuzz --enable-libvidstab --enable-libvmaf --enable-libzimg --enable-amf --enable-cuda-llvm --enable-cuvid --enable-dxva2 --enable-d3d11va --enable-d3d12va --enable-ffnvcodec --enable-libvpl --enable-nvdec --enable-nvenc --enable-vaapi --enable-libgme --enable-libopenmpt --enable-libopencore-amrwb --enable-libmp3lame --enable-libtheora --enable-libvo-amrwbenc --enable-libgsm --enable-libopencore-amrnb --enable-libopus --enable-libspeex --enable-libvorbis --enable-librubberband
  libavutil      59. 39.100 / 59. 39.100
  libavcodec     61. 19.101 / 61. 19.101
  libavformat    61.  7.100 / 61.  7.100
  libavdevice    61.  3.100 / 61.  3.100
  libavfilter    10.  4.100 / 10.  4.100
  libswscale      8.  3.100 /  8.  3.100
  libswresample   5.  3.100 /  5.  3.100
  libpostproc    58.  3.100 / 58.  3.100
Input #0, mov,mp4,m4a,3gp,3g2,mj2, from 'D:\Users\Videos\测试\SampleVideo_640x360_2mb.mp4':
  Metadata:
    major_brand     : isom
    minor_version   : 512
    compatible_brands: isomiso2mp41
    creation_time   : 1970-01-01T00:00:00.000000Z
    encoder         : Lavf53.24.2
  Duration: 00:00:15.19, start: 0.000000, bitrate: 1109 kb/s
  Stream #0:0[0x1](und): Video: mpeg4 (Simple Profile) (mp4v / 0x7634706D), yuv420p, 640x368 [SAR 1:1 DAR 40:23], 723 kb/s, 25 fps, 25 tbr, 12800 tbn (default)
      Metadata:
        creation_time   : 1970-01-01T00:00:00.000000Z
        handler_name    : VideoHandler
        vendor_id       : [0][0][0][0]
  Stream #0:1[0x2](und): Audio: aac (LC) (mp4a / 0x6134706D), 48000 Hz, 5.1, fltp, 382 kb/s (default)
      Metadata:
        creation_time   : 1970-01-01T00:00:00.000000Z
        handler_name    : SoundHandler
        vendor_id       : [0][0][0][0]
Stream mapping:
  Stream #0:0 -> #0:0 (mpeg4 (native) -> mjpeg (native))
Press [q] to stop, [?] for help
[vf#0:0 @ 00000000026abc80] No filtered frames for output stream, trying to initialize anyway.
[mjpeg @ 0000000002770bc0] Non full-range YUV is non-standard, set strict_std_compliance to at most unofficial to use it.
[vost#0:0/mjpeg @ 0000000002770840] Error while opening encoder - maybe incorrect parameters such as bit_rate, rate, width or height.
[vf#0:0 @ 00000000026ab300] Task finished with error code: -22 (Invalid argument)
[vf#0:0 @ 00000000026ab300] Terminating thread with return code -22 (Invalid argument)
[vost#0:0/mjpeg @ 0000000002770840] Could not open encoder before EOF
[vost#0:0/mjpeg @ 0000000002770840] Task finished with error code: -22 (Invalid argument)
[vost#0:0/mjpeg @ 0000000002770840] Terminating thread with return code -22 (Invalid argument)
[out#0/image2 @ 00000000026a0780] Nothing was written into output file, because at least one of its streams received no packets.
frame=    0 fps=0.0 q=0.0 Lsize=       0KiB time=N/A bitrate=N/A speed=N/A    
Conversion failed!

2025-05-26T06:02:13.343Z [ERROR] STDERR: ffmpeg version 7.1.1-essentials_build-www.gyan.dev Copyright (c) 2000-2025 the FFmpeg developers
  built with gcc 14.2.0 (Rev1, Built by MSYS2 project)
  configuration: --enable-gpl --enable-version3 --enable-static --disable-w32threads --disable-autodetect --enable-fontconfig --enable-iconv --enable-gnutls --enable-libxml2 --enable-gmp --enable-bzlib --enable-lzma --enable-zlib --enable-libsrt --enable-libssh --enable-libzmq --enable-avisynth --enable-sdl2 --enable-libwebp --enable-libx264 --enable-libx265 --enable-libxvid --enable-libaom --enable-libopenjpeg --enable-libvpx --enable-mediafoundation --enable-libass --enable-libfreetype --enable-libfribidi --enable-libharfbuzz --enable-libvidstab --enable-libvmaf --enable-libzimg --enable-amf --enable-cuda-llvm --enable-cuvid --enable-dxva2 --enable-d3d11va --enable-d3d12va --enable-ffnvcodec --enable-libvpl --enable-nvdec --enable-nvenc --enable-vaapi --enable-libgme --enable-libopenmpt --enable-libopencore-amrwb --enable-libmp3lame --enable-libtheora --enable-libvo-amrwbenc --enable-libgsm --enable-libopencore-amrnb --enable-libopus --enable-libspeex --enable-libvorbis --enable-librubberband
  libavutil      59. 39.100 / 59. 39.100
  libavcodec     61. 19.101 / 61. 19.101
  libavformat    61.  7.100 / 61.  7.100
  libavdevice    61.  3.100 / 61.  3.100
  libavfilter    10.  4.100 / 10.  4.100
  libswscale      8.  3.100 /  8.  3.100
  libswresample   5.  3.100 /  5.  3.100
  libpostproc    58.  3.100 / 58.  3.100
Input #0, mov,mp4,m4a,3gp,3g2,mj2, from 'D:\Users\Videos\测试\SampleVideo_640x360_2mb.mp4':
  Metadata:
    major_brand     : isom
    minor_version   : 512
    compatible_brands: isomiso2mp41
    creation_time   : 1970-01-01T00:00:00.000000Z
    encoder         : Lavf53.24.2
  Duration: 00:00:15.19, start: 0.000000, bitrate: 1109 kb/s
  Stream #0:0[0x1](und): Video: mpeg4 (Simple Profile) (mp4v / 0x7634706D), yuv420p, 640x368 [SAR 1:1 DAR 40:23], 723 kb/s, 25 fps, 25 tbr, 12800 tbn (default)
      Metadata:
        creation_time   : 1970-01-01T00:00:00.000000Z
        handler_name    : VideoHandler
        vendor_id       : [0][0][0][0]
  Stream #0:1[0x2](und): Audio: aac (LC) (mp4a / 0x6134706D), 48000 Hz, 5.1, fltp, 382 kb/s (default)
      Metadata:
        creation_time   : 1970-01-01T00:00:00.000000Z
        handler_name    : SoundHandler
        vendor_id       : [0][0][0][0]
Stream mapping:
  Stream #0:0 -> #0:0 (mpeg4 (native) -> mjpeg (native))
Press [q] to stop, [?] for help
[vf#0:0 @ 00000000026abc80] No filtered frames for output stream, trying to initialize anyway.
[mjpeg @ 0000000002770bc0] Non full-range YUV is non-standard, set strict_std_compliance to at most unofficial to use it.
[vost#0:0/mjpeg @ 0000000002770840] Error while opening encoder - maybe incorrect parameters such as bit_rate, rate, width or height.
[vf#0:0 @ 00000000026ab300] Task finished with error code: -22 (Invalid argument)
[vf#0:0 @ 00000000026ab300] Terminating thread with return code -22 (Invalid argument)
[vost#0:0/mjpeg @ 0000000002770840] Could not open encoder before EOF
[vost#0:0/mjpeg @ 0000000002770840] Task finished with error code: -22 (Invalid argument)
[vost#0:0/mjpeg @ 0000000002770840] Terminating thread with return code -22 (Invalid argument)
[out#0/image2 @ 00000000026a0780] Nothing was written into output file, because at least one of its streams received no packets.
frame=    0 fps=0.0 q=0.0 Lsize=       0KiB time=N/A bitrate=N/A speed=N/A    
Conversion failed!

2025-05-26T06:02:13.347Z [ERROR] 直接ffmpeg命令生成缩略图失败: Command failed: D:\code\cursor\looklook\node_modules\ffmpeg-static\ffmpeg.exe -ss 00:00:38 -i D:\Users\Videos\测试\SampleVideo_640x360_2mb.mp4 -vframes 1 -s 320x180 -y D:\code\cursor\looklook\userdata\thumbnails\1748239333469-RDpcVXNl.jpg
ffmpeg version 7.1.1-essentials_build-www.gyan.dev Copyright (c) 2000-2025 the FFmpeg developers
  built with gcc 14.2.0 (Rev1, Built by MSYS2 project)
  configuration: --enable-gpl --enable-version3 --enable-static --disable-w32threads --disable-autodetect --enable-fontconfig --enable-iconv --enable-gnutls --enable-libxml2 --enable-gmp --enable-bzlib --enable-lzma --enable-zlib --enable-libsrt --enable-libssh --enable-libzmq --enable-avisynth --enable-sdl2 --enable-libwebp --enable-libx264 --enable-libx265 --enable-libxvid --enable-libaom --enable-libopenjpeg --enable-libvpx --enable-mediafoundation --enable-libass --enable-libfreetype --enable-libfribidi --enable-libharfbuzz --enable-libvidstab --enable-libvmaf --enable-libzimg --enable-amf --enable-cuda-llvm --enable-cuvid --enable-dxva2 --enable-d3d11va --enable-d3d12va --enable-ffnvcodec --enable-libvpl --enable-nvdec --enable-nvenc --enable-vaapi --enable-libgme --enable-libopenmpt --enable-libopencore-amrwb --enable-libmp3lame --enable-libtheora --enable-libvo-amrwbenc --enable-libgsm --enable-libopencore-amrnb --enable-libopus --enable-libspeex --enable-libvorbis --enable-librubberband
  libavutil      59. 39.100 / 59. 39.100
  libavcodec     61. 19.101 / 61. 19.101
  libavformat    61.  7.100 / 61.  7.100
  libavdevice    61.  3.100 / 61.  3.100
  libavfilter    10.  4.100 / 10.  4.100
  libswscale      8.  3.100 /  8.  3.100
  libswresample   5.  3.100 /  5.  3.100
  libpostproc    58.  3.100 / 58.  3.100
Input #0, mov,mp4,m4a,3gp,3g2,mj2, from 'D:\Users\Videos\测试\SampleVideo_640x360_2mb.mp4':
  Metadata:
    major_brand     : isom
    minor_version   : 512
    compatible_brands: isomiso2mp41
    creation_time   : 1970-01-01T00:00:00.000000Z
    encoder         : Lavf53.24.2
  Duration: 00:00:15.19, start: 0.000000, bitrate: 1109 kb/s
  Stream #0:0[0x1](und): Video: mpeg4 (Simple Profile) (mp4v / 0x7634706D), yuv420p, 640x368 [SAR 1:1 DAR 40:23], 723 kb/s, 25 fps, 25 tbr, 12800 tbn (default)
      Metadata:
        creation_time   : 1970-01-01T00:00:00.000000Z
        handler_name    : VideoHandler
        vendor_id       : [0][0][0][0]
  Stream #0:1[0x2](und): Audio: aac (LC) (mp4a / 0x6134706D), 48000 Hz, 5.1, fltp, 382 kb/s (default)
      Metadata:
        creation_time   : 1970-01-01T00:00:00.000000Z
        handler_name    : SoundHandler
        vendor_id       : [0][0][0][0]
Stream mapping:
  Stream #0:0 -> #0:0 (mpeg4 (native) -> mjpeg (native))
Press [q] to stop, [?] for help
[vf#0:0 @ 00000000026abc80] No filtered frames for output stream, trying to initialize anyway.
[mjpeg @ 0000000002770bc0] Non full-range YUV is non-standard, set strict_std_compliance to at most unofficial to use it.
[vost#0:0/mjpeg @ 0000000002770840] Error while opening encoder - maybe incorrect parameters such as bit_rate, rate, width or height.
[vf#0:0 @ 00000000026ab300] Task finished with error code: -22 (Invalid argument)
[vf#0:0 @ 00000000026ab300] Terminating thread with return code -22 (Invalid argument)
[vost#0:0/mjpeg @ 0000000002770840] Could not open encoder before EOF
[vost#0:0/mjpeg @ 0000000002770840] Task finished with error code: -22 (Invalid argument)
[vost#0:0/mjpeg @ 0000000002770840] Terminating thread with return code -22 (Invalid argument)
[out#0/image2 @ 00000000026a0780] Nothing was written into output file, because at least one of its streams received no packets.
frame=    0 fps=0.0 q=0.0 Lsize=       0KiB time=N/A bitrate=N/A speed=N/A    
Conversion failed!

2025-05-26T06:02:13.347Z [LOG] 尝试使用直接命令行方式生成缩略图
2025-05-26T06:02:13.348Z [LOG] 直接获取视频时长（秒数）
2025-05-26T06:02:13.348Z [PATH] 尝试获取FFprobe路径
2025-05-26T06:02:13.348Z [LOG] 使用配置的FFprobe路径: D:\code\cursor\looklook\node_modules\ffprobe-static\bin\win32\x64\ffprobe.exe
2025-05-26T06:02:13.349Z [PATH] 使用配置的FFprobe路径: D:\code\cursor\looklook\node_modules\ffprobe-static\bin\win32\x64\ffprobe.exe
2025-05-26T06:02:13.349Z [LOG] 在开发环境中使用ffprobe路径: D:\code\cursor\looklook\node_modules\ffprobe-static\bin\win32\x64\ffprobe.exe
2025-05-26T06:02:13.349Z [LOG] 执行命令: D:\code\cursor\looklook\node_modules\ffprobe-static\bin\win32\x64\ffprobe.exe -v error -show_entries format=duration -of default=noprint_wrappers=1:nokey=1 D:\Users\Videos\测试\SampleVideo_640x360_2mb.mp4
2025-05-26T06:02:13.411Z [LOG] 时长命令输出: 15.190000
2025-05-26T06:02:13.412Z [LOG] 成功获取视频时长: 15.19 秒
2025-05-26T06:02:13.412Z [LOG] 获取到视频时长: 15.19 秒, 准备截取缩略图
2025-05-26T06:02:13.412Z [LOG] 将在视频的 4 秒处截取缩略图 (随机生成)
2025-05-26T06:02:13.412Z [PATH] 尝试获取FFmpeg路径
2025-05-26T06:02:13.413Z [LOG] 使用配置的FFmpeg路径: D:\code\cursor\looklook\node_modules\ffmpeg-static\ffmpeg.exe
2025-05-26T06:02:13.413Z [PATH] 使用配置的FFmpeg路径: D:\code\cursor\looklook\node_modules\ffmpeg-static\ffmpeg.exe
2025-05-26T06:02:13.413Z [LOG] 执行命令: D:\code\cursor\looklook\node_modules\ffmpeg-static\ffmpeg.exe -i D:\Users\Videos\测试\SampleVideo_640x360_2mb.mp4 -ss 4 -vframes 1 -s 320x180 -y D:\code\cursor\looklook\userdata\thumbnails\1748239333469-RDpcVXNl.jpg
2025-05-26T06:02:13.495Z [LOG] 命令行方式成功生成缩略图: D:\code\cursor\looklook\userdata\thumbnails\1748239333469-RDpcVXNl.jpg
2025-05-26T06:02:13.496Z [LOG] 通过多步骤方法成功生成缩略图
2025-05-26T06:02:13.496Z [LOG] 设置已加载
2025-05-26T06:02:13.496Z [LOG] 获取视频分辨率: D:\Users\Videos\测试\SampleVideo_720x480_10mb.mp4
2025-05-26T06:02:13.497Z [MAIN] 开始获取视频分辨率: D:\Users\Videos\测试\SampleVideo_720x480_10mb.mp4
2025-05-26T06:02:13.497Z [LOG] 直接获取视频分辨率
2025-05-26T06:02:13.497Z [RESOLUTION] 开始获取视频分辨率: D:\Users\Videos\测试\SampleVideo_720x480_10mb.mp4
2025-05-26T06:02:13.497Z [PATH] 尝试获取FFprobe路径
2025-05-26T06:02:13.497Z [LOG] 使用配置的FFprobe路径: D:\code\cursor\looklook\node_modules\ffprobe-static\bin\win32\x64\ffprobe.exe
2025-05-26T06:02:13.497Z [PATH] 使用配置的FFprobe路径: D:\code\cursor\looklook\node_modules\ffprobe-static\bin\win32\x64\ffprobe.exe
2025-05-26T06:02:13.497Z [RESOLUTION] 在开发环境中使用ffprobe路径: D:\code\cursor\looklook\node_modules\ffprobe-static\bin\win32\x64\ffprobe.exe
2025-05-26T06:02:13.497Z [RESOLUTION] 检查ffprobe可执行文件是否存在: true
2025-05-26T06:02:13.498Z [LOG] 执行命令: "D:\code\cursor\looklook\node_modules\ffprobe-static\bin\win32\x64\ffprobe.exe" -v error -select_streams v:0 -show_entries stream=width,height -of csv=s=x:p=0 "D:\Users\Videos\测试\SampleVideo_720x480_10mb.mp4"
2025-05-26T06:02:13.498Z [RESOLUTION] 开始执行命令获取分辨率: "D:\code\cursor\looklook\node_modules\ffprobe-static\bin\win32\x64\ffprobe.exe" -v error -select_streams v:0 -show_entries stream=width,height -of csv=s=x:p=0 "D:\Users\Videos\测试\SampleVideo_720x480_10mb.mp4"
2025-05-26T06:02:13.568Z [RESOLUTION] 命令输出: "640x480"
2025-05-26T06:02:13.568Z [LOG] 成功解析分辨率: 640×480
2025-05-26T06:02:13.568Z [RESOLUTION] 成功解析分辨率: 640×480
2025-05-26T06:02:13.569Z [LOG] 获取视频时长: D:\Users\Videos\测试\SampleVideo_720x480_10mb.mp4
2025-05-26T06:02:13.569Z [MAIN] 开始获取视频时长: D:\Users\Videos\测试\SampleVideo_720x480_10mb.mp4
2025-05-26T06:02:13.569Z [LOG] 直接获取视频时长
2025-05-26T06:02:13.569Z [DURATION] 开始获取视频时长: D:\Users\Videos\测试\SampleVideo_720x480_10mb.mp4
2025-05-26T06:02:13.569Z [PATH] 尝试获取FFprobe路径
2025-05-26T06:02:13.569Z [LOG] 使用配置的FFprobe路径: D:\code\cursor\looklook\node_modules\ffprobe-static\bin\win32\x64\ffprobe.exe
2025-05-26T06:02:13.570Z [PATH] 使用配置的FFprobe路径: D:\code\cursor\looklook\node_modules\ffprobe-static\bin\win32\x64\ffprobe.exe
2025-05-26T06:02:13.570Z [DURATION] 在开发环境中使用ffprobe路径: D:\code\cursor\looklook\node_modules\ffprobe-static\bin\win32\x64\ffprobe.exe
2025-05-26T06:02:13.570Z [DURATION] 检查ffprobe可执行文件是否存在: true
2025-05-26T06:02:13.570Z [LOG] 执行命令: "D:\code\cursor\looklook\node_modules\ffprobe-static\bin\win32\x64\ffprobe.exe" -v error -show_entries format=duration -of default=noprint_wrappers=1:nokey=1 "D:\Users\Videos\测试\SampleVideo_720x480_10mb.mp4"
2025-05-26T06:02:13.570Z [DURATION] 开始执行命令获取时长: "D:\code\cursor\looklook\node_modules\ffprobe-static\bin\win32\x64\ffprobe.exe" -v error -show_entries format=duration -of default=noprint_wrappers=1:nokey=1 "D:\Users\Videos\测试\SampleVideo_720x480_10mb.mp4"
2025-05-26T06:02:13.645Z [DURATION] 命令输出: "66.200000"
2025-05-26T06:02:13.645Z [LOG] 成功解析时长: 00:01:06
2025-05-26T06:02:13.645Z [DURATION] 成功解析时长: 00:01:06
2025-05-26T06:02:13.645Z [LOG] 开始生成缩略图，视频路径: D:\Users\Videos\测试\SampleVideo_720x480_10mb.mp4
2025-05-26T06:02:13.646Z [LOG] 缩略图输出路径: D:\code\cursor\looklook\userdata\thumbnails\1748239334289-RDpcVXNl.jpg
2025-05-26T06:02:13.646Z [LOG] 生成随机时间点: 00:00:55
2025-05-26T06:02:13.646Z [LOG] 使用直接命令行ffmpeg生成缩略图
2025-05-26T06:02:13.646Z [PATH] 尝试获取FFmpeg路径
2025-05-26T06:02:13.647Z [LOG] 使用配置的FFmpeg路径: D:\code\cursor\looklook\node_modules\ffmpeg-static\ffmpeg.exe
2025-05-26T06:02:13.647Z [PATH] 使用配置的FFmpeg路径: D:\code\cursor\looklook\node_modules\ffmpeg-static\ffmpeg.exe
2025-05-26T06:02:13.647Z [LOG] 将使用时间点 00:00:55 生成缩略图
2025-05-26T06:02:13.647Z [LOG] 执行命令: D:\code\cursor\looklook\node_modules\ffmpeg-static\ffmpeg.exe -ss 00:00:55 -i D:\Users\Videos\测试\SampleVideo_720x480_10mb.mp4 -vframes 1 -s 320x180 -y D:\code\cursor\looklook\userdata\thumbnails\1748239334289-RDpcVXNl.jpg
2025-05-26T06:02:13.745Z [LOG] 直接ffmpeg成功生成缩略图: D:\code\cursor\looklook\userdata\thumbnails\1748239334289-RDpcVXNl.jpg
2025-05-26T06:02:13.745Z [LOG] 通过直接ffmpeg命令生成缩略图成功
2025-05-26T06:02:13.746Z [LOG] 设置已加载
2025-05-26T06:02:13.746Z [LOG] 获取视频分辨率: D:\Users\Videos\测试\SampleVideo_720x480_1mb.mp4
2025-05-26T06:02:13.746Z [MAIN] 开始获取视频分辨率: D:\Users\Videos\测试\SampleVideo_720x480_1mb.mp4
2025-05-26T06:02:13.746Z [LOG] 直接获取视频分辨率
2025-05-26T06:02:13.746Z [RESOLUTION] 开始获取视频分辨率: D:\Users\Videos\测试\SampleVideo_720x480_1mb.mp4
2025-05-26T06:02:13.747Z [PATH] 尝试获取FFprobe路径
2025-05-26T06:02:13.747Z [LOG] 使用配置的FFprobe路径: D:\code\cursor\looklook\node_modules\ffprobe-static\bin\win32\x64\ffprobe.exe
2025-05-26T06:02:13.747Z [PATH] 使用配置的FFprobe路径: D:\code\cursor\looklook\node_modules\ffprobe-static\bin\win32\x64\ffprobe.exe
2025-05-26T06:02:13.747Z [RESOLUTION] 在开发环境中使用ffprobe路径: D:\code\cursor\looklook\node_modules\ffprobe-static\bin\win32\x64\ffprobe.exe
2025-05-26T06:02:13.747Z [RESOLUTION] 检查ffprobe可执行文件是否存在: true
2025-05-26T06:02:13.747Z [LOG] 执行命令: "D:\code\cursor\looklook\node_modules\ffprobe-static\bin\win32\x64\ffprobe.exe" -v error -select_streams v:0 -show_entries stream=width,height -of csv=s=x:p=0 "D:\Users\Videos\测试\SampleVideo_720x480_1mb.mp4"
2025-05-26T06:02:13.747Z [RESOLUTION] 开始执行命令获取分辨率: "D:\code\cursor\looklook\node_modules\ffprobe-static\bin\win32\x64\ffprobe.exe" -v error -select_streams v:0 -show_entries stream=width,height -of csv=s=x:p=0 "D:\Users\Videos\测试\SampleVideo_720x480_1mb.mp4"
2025-05-26T06:02:13.815Z [RESOLUTION] 命令输出: "640x480"
2025-05-26T06:02:13.815Z [LOG] 成功解析分辨率: 640×480
2025-05-26T06:02:13.816Z [RESOLUTION] 成功解析分辨率: 640×480
2025-05-26T06:02:13.816Z [LOG] 获取视频时长: D:\Users\Videos\测试\SampleVideo_720x480_1mb.mp4
2025-05-26T06:02:13.816Z [MAIN] 开始获取视频时长: D:\Users\Videos\测试\SampleVideo_720x480_1mb.mp4
2025-05-26T06:02:13.816Z [LOG] 直接获取视频时长
2025-05-26T06:02:13.816Z [DURATION] 开始获取视频时长: D:\Users\Videos\测试\SampleVideo_720x480_1mb.mp4
2025-05-26T06:02:13.817Z [PATH] 尝试获取FFprobe路径
2025-05-26T06:02:13.817Z [LOG] 使用配置的FFprobe路径: D:\code\cursor\looklook\node_modules\ffprobe-static\bin\win32\x64\ffprobe.exe
2025-05-26T06:02:13.817Z [PATH] 使用配置的FFprobe路径: D:\code\cursor\looklook\node_modules\ffprobe-static\bin\win32\x64\ffprobe.exe
2025-05-26T06:02:13.817Z [DURATION] 在开发环境中使用ffprobe路径: D:\code\cursor\looklook\node_modules\ffprobe-static\bin\win32\x64\ffprobe.exe
2025-05-26T06:02:13.817Z [DURATION] 检查ffprobe可执行文件是否存在: true
2025-05-26T06:02:13.817Z [LOG] 执行命令: "D:\code\cursor\looklook\node_modules\ffprobe-static\bin\win32\x64\ffprobe.exe" -v error -show_entries format=duration -of default=noprint_wrappers=1:nokey=1 "D:\Users\Videos\测试\SampleVideo_720x480_1mb.mp4"
2025-05-26T06:02:13.817Z [DURATION] 开始执行命令获取时长: "D:\code\cursor\looklook\node_modules\ffprobe-static\bin\win32\x64\ffprobe.exe" -v error -show_entries format=duration -of default=noprint_wrappers=1:nokey=1 "D:\Users\Videos\测试\SampleVideo_720x480_1mb.mp4"
2025-05-26T06:02:13.886Z [DURATION] 命令输出: "5.803000"
2025-05-26T06:02:13.886Z [LOG] 成功解析时长: 00:00:05
2025-05-26T06:02:13.886Z [DURATION] 成功解析时长: 00:00:05
2025-05-26T06:02:13.887Z [LOG] 开始生成缩略图，视频路径: D:\Users\Videos\测试\SampleVideo_720x480_1mb.mp4
2025-05-26T06:02:13.887Z [LOG] 缩略图输出路径: D:\code\cursor\looklook\userdata\thumbnails\1748239334397-RDpcVXNl.jpg
2025-05-26T06:02:13.887Z [LOG] 生成随机时间点: 00:00:47
2025-05-26T06:02:13.887Z [LOG] 使用直接命令行ffmpeg生成缩略图
2025-05-26T06:02:13.887Z [PATH] 尝试获取FFmpeg路径
2025-05-26T06:02:13.888Z [LOG] 使用配置的FFmpeg路径: D:\code\cursor\looklook\node_modules\ffmpeg-static\ffmpeg.exe
2025-05-26T06:02:13.888Z [PATH] 使用配置的FFmpeg路径: D:\code\cursor\looklook\node_modules\ffmpeg-static\ffmpeg.exe
2025-05-26T06:02:13.888Z [LOG] 将使用时间点 00:00:47 生成缩略图
2025-05-26T06:02:13.888Z [LOG] 执行命令: D:\code\cursor\looklook\node_modules\ffmpeg-static\ffmpeg.exe -ss 00:00:47 -i D:\Users\Videos\测试\SampleVideo_720x480_1mb.mp4 -vframes 1 -s 320x180 -y D:\code\cursor\looklook\userdata\thumbnails\1748239334397-RDpcVXNl.jpg
2025-05-26T06:02:14.485Z [ERROR] 直接ffmpeg生成缩略图失败: Command failed: D:\code\cursor\looklook\node_modules\ffmpeg-static\ffmpeg.exe -ss 00:00:47 -i D:\Users\Videos\测试\SampleVideo_720x480_1mb.mp4 -vframes 1 -s 320x180 -y D:\code\cursor\looklook\userdata\thumbnails\1748239334397-RDpcVXNl.jpg
ffmpeg version 7.1.1-essentials_build-www.gyan.dev Copyright (c) 2000-2025 the FFmpeg developers
  built with gcc 14.2.0 (Rev1, Built by MSYS2 project)
  configuration: --enable-gpl --enable-version3 --enable-static --disable-w32threads --disable-autodetect --enable-fontconfig --enable-iconv --enable-gnutls --enable-libxml2 --enable-gmp --enable-bzlib --enable-lzma --enable-zlib --enable-libsrt --enable-libssh --enable-libzmq --enable-avisynth --enable-sdl2 --enable-libwebp --enable-libx264 --enable-libx265 --enable-libxvid --enable-libaom --enable-libopenjpeg --enable-libvpx --enable-mediafoundation --enable-libass --enable-libfreetype --enable-libfribidi --enable-libharfbuzz --enable-libvidstab --enable-libvmaf --enable-libzimg --enable-amf --enable-cuda-llvm --enable-cuvid --enable-dxva2 --enable-d3d11va --enable-d3d12va --enable-ffnvcodec --enable-libvpl --enable-nvdec --enable-nvenc --enable-vaapi --enable-libgme --enable-libopenmpt --enable-libopencore-amrwb --enable-libmp3lame --enable-libtheora --enable-libvo-amrwbenc --enable-libgsm --enable-libopencore-amrnb --enable-libopus --enable-libspeex --enable-libvorbis --enable-librubberband
  libavutil      59. 39.100 / 59. 39.100
  libavcodec     61. 19.101 / 61. 19.101
  libavformat    61.  7.100 / 61.  7.100
  libavdevice    61.  3.100 / 61.  3.100
  libavfilter    10.  4.100 / 10.  4.100
  libswscale      8.  3.100 /  8.  3.100
  libswresample   5.  3.100 /  5.  3.100
  libpostproc    58.  3.100 / 58.  3.100
Input #0, mov,mp4,m4a,3gp,3g2,mj2, from 'D:\Users\Videos\测试\SampleVideo_720x480_1mb.mp4':
  Metadata:
    major_brand     : isom
    minor_version   : 512
    compatible_brands: isomiso2avc1mp41
    creation_time   : 1970-01-01T00:00:00.000000Z
    encoder         : Lavf53.24.2
  Duration: 00:00:05.80, start: 0.000000, bitrate: 1457 kb/s
  Stream #0:0[0x1](und): Video: h264 (Main) (avc1 / 0x31637661), yuv420p(progressive), 640x480 [SAR 1:1 DAR 4:3], 1066 kb/s, 25 fps, 25 tbr, 12800 tbn (default)
      Metadata:
        creation_time   : 1970-01-01T00:00:00.000000Z
        handler_name    : VideoHandler
        vendor_id       : [0][0][0][0]
  Stream #0:1[0x2](und): Audio: aac (LC) (mp4a / 0x6134706D), 48000 Hz, 5.1, fltp, 384 kb/s (default)
      Metadata:
        creation_time   : 1970-01-01T00:00:00.000000Z
        handler_name    : SoundHandler
        vendor_id       : [0][0][0][0]
Stream mapping:
  Stream #0:0 -> #0:0 (h264 (native) -> mjpeg (native))
Press [q] to stop, [?] for help
[vf#0:0 @ 000000000270c440] No filtered frames for output stream, trying to initialize anyway.
[mjpeg @ 000000000270bd80] Non full-range YUV is non-standard, set strict_std_compliance to at most unofficial to use it.
[vost#0:0/mjpeg @ 0000000002721c40] Error while opening encoder - maybe incorrect parameters such as bit_rate, rate, width or height.
[vf#0:0 @ 00000000029ce3c0] Task finished with error code: -22 (Invalid argument)
[vf#0:0 @ 00000000029ce3c0] Terminating thread with return code -22 (Invalid argument)
[vost#0:0/mjpeg @ 0000000002721c40] Could not open encoder before EOF
[vost#0:0/mjpeg @ 0000000002721c40] Task finished with error code: -22 (Invalid argument)
[vost#0:0/mjpeg @ 0000000002721c40] Terminating thread with return code -22 (Invalid argument)
[out#0/image2 @ 0000000002700780] Nothing was written into output file, because at least one of its streams received no packets.
frame=    0 fps=0.0 q=0.0 Lsize=       0KiB time=N/A bitrate=N/A speed=N/A    
Conversion failed!

2025-05-26T06:02:14.489Z [ERROR] STDERR: ffmpeg version 7.1.1-essentials_build-www.gyan.dev Copyright (c) 2000-2025 the FFmpeg developers
  built with gcc 14.2.0 (Rev1, Built by MSYS2 project)
  configuration: --enable-gpl --enable-version3 --enable-static --disable-w32threads --disable-autodetect --enable-fontconfig --enable-iconv --enable-gnutls --enable-libxml2 --enable-gmp --enable-bzlib --enable-lzma --enable-zlib --enable-libsrt --enable-libssh --enable-libzmq --enable-avisynth --enable-sdl2 --enable-libwebp --enable-libx264 --enable-libx265 --enable-libxvid --enable-libaom --enable-libopenjpeg --enable-libvpx --enable-mediafoundation --enable-libass --enable-libfreetype --enable-libfribidi --enable-libharfbuzz --enable-libvidstab --enable-libvmaf --enable-libzimg --enable-amf --enable-cuda-llvm --enable-cuvid --enable-dxva2 --enable-d3d11va --enable-d3d12va --enable-ffnvcodec --enable-libvpl --enable-nvdec --enable-nvenc --enable-vaapi --enable-libgme --enable-libopenmpt --enable-libopencore-amrwb --enable-libmp3lame --enable-libtheora --enable-libvo-amrwbenc --enable-libgsm --enable-libopencore-amrnb --enable-libopus --enable-libspeex --enable-libvorbis --enable-librubberband
  libavutil      59. 39.100 / 59. 39.100
  libavcodec     61. 19.101 / 61. 19.101
  libavformat    61.  7.100 / 61.  7.100
  libavdevice    61.  3.100 / 61.  3.100
  libavfilter    10.  4.100 / 10.  4.100
  libswscale      8.  3.100 /  8.  3.100
  libswresample   5.  3.100 /  5.  3.100
  libpostproc    58.  3.100 / 58.  3.100
Input #0, mov,mp4,m4a,3gp,3g2,mj2, from 'D:\Users\Videos\测试\SampleVideo_720x480_1mb.mp4':
  Metadata:
    major_brand     : isom
    minor_version   : 512
    compatible_brands: isomiso2avc1mp41
    creation_time   : 1970-01-01T00:00:00.000000Z
    encoder         : Lavf53.24.2
  Duration: 00:00:05.80, start: 0.000000, bitrate: 1457 kb/s
  Stream #0:0[0x1](und): Video: h264 (Main) (avc1 / 0x31637661), yuv420p(progressive), 640x480 [SAR 1:1 DAR 4:3], 1066 kb/s, 25 fps, 25 tbr, 12800 tbn (default)
      Metadata:
        creation_time   : 1970-01-01T00:00:00.000000Z
        handler_name    : VideoHandler
        vendor_id       : [0][0][0][0]
  Stream #0:1[0x2](und): Audio: aac (LC) (mp4a / 0x6134706D), 48000 Hz, 5.1, fltp, 384 kb/s (default)
      Metadata:
        creation_time   : 1970-01-01T00:00:00.000000Z
        handler_name    : SoundHandler
        vendor_id       : [0][0][0][0]
Stream mapping:
  Stream #0:0 -> #0:0 (h264 (native) -> mjpeg (native))
Press [q] to stop, [?] for help
[vf#0:0 @ 000000000270c440] No filtered frames for output stream, trying to initialize anyway.
[mjpeg @ 000000000270bd80] Non full-range YUV is non-standard, set strict_std_compliance to at most unofficial to use it.
[vost#0:0/mjpeg @ 0000000002721c40] Error while opening encoder - maybe incorrect parameters such as bit_rate, rate, width or height.
[vf#0:0 @ 00000000029ce3c0] Task finished with error code: -22 (Invalid argument)
[vf#0:0 @ 00000000029ce3c0] Terminating thread with return code -22 (Invalid argument)
[vost#0:0/mjpeg @ 0000000002721c40] Could not open encoder before EOF
[vost#0:0/mjpeg @ 0000000002721c40] Task finished with error code: -22 (Invalid argument)
[vost#0:0/mjpeg @ 0000000002721c40] Terminating thread with return code -22 (Invalid argument)
[out#0/image2 @ 0000000002700780] Nothing was written into output file, because at least one of its streams received no packets.
frame=    0 fps=0.0 q=0.0 Lsize=       0KiB time=N/A bitrate=N/A speed=N/A    
Conversion failed!

2025-05-26T06:02:14.493Z [ERROR] 直接ffmpeg命令生成缩略图失败: Command failed: D:\code\cursor\looklook\node_modules\ffmpeg-static\ffmpeg.exe -ss 00:00:47 -i D:\Users\Videos\测试\SampleVideo_720x480_1mb.mp4 -vframes 1 -s 320x180 -y D:\code\cursor\looklook\userdata\thumbnails\1748239334397-RDpcVXNl.jpg
ffmpeg version 7.1.1-essentials_build-www.gyan.dev Copyright (c) 2000-2025 the FFmpeg developers
  built with gcc 14.2.0 (Rev1, Built by MSYS2 project)
  configuration: --enable-gpl --enable-version3 --enable-static --disable-w32threads --disable-autodetect --enable-fontconfig --enable-iconv --enable-gnutls --enable-libxml2 --enable-gmp --enable-bzlib --enable-lzma --enable-zlib --enable-libsrt --enable-libssh --enable-libzmq --enable-avisynth --enable-sdl2 --enable-libwebp --enable-libx264 --enable-libx265 --enable-libxvid --enable-libaom --enable-libopenjpeg --enable-libvpx --enable-mediafoundation --enable-libass --enable-libfreetype --enable-libfribidi --enable-libharfbuzz --enable-libvidstab --enable-libvmaf --enable-libzimg --enable-amf --enable-cuda-llvm --enable-cuvid --enable-dxva2 --enable-d3d11va --enable-d3d12va --enable-ffnvcodec --enable-libvpl --enable-nvdec --enable-nvenc --enable-vaapi --enable-libgme --enable-libopenmpt --enable-libopencore-amrwb --enable-libmp3lame --enable-libtheora --enable-libvo-amrwbenc --enable-libgsm --enable-libopencore-amrnb --enable-libopus --enable-libspeex --enable-libvorbis --enable-librubberband
  libavutil      59. 39.100 / 59. 39.100
  libavcodec     61. 19.101 / 61. 19.101
  libavformat    61.  7.100 / 61.  7.100
  libavdevice    61.  3.100 / 61.  3.100
  libavfilter    10.  4.100 / 10.  4.100
  libswscale      8.  3.100 /  8.  3.100
  libswresample   5.  3.100 /  5.  3.100
  libpostproc    58.  3.100 / 58.  3.100
Input #0, mov,mp4,m4a,3gp,3g2,mj2, from 'D:\Users\Videos\测试\SampleVideo_720x480_1mb.mp4':
  Metadata:
    major_brand     : isom
    minor_version   : 512
    compatible_brands: isomiso2avc1mp41
    creation_time   : 1970-01-01T00:00:00.000000Z
    encoder         : Lavf53.24.2
  Duration: 00:00:05.80, start: 0.000000, bitrate: 1457 kb/s
  Stream #0:0[0x1](und): Video: h264 (Main) (avc1 / 0x31637661), yuv420p(progressive), 640x480 [SAR 1:1 DAR 4:3], 1066 kb/s, 25 fps, 25 tbr, 12800 tbn (default)
      Metadata:
        creation_time   : 1970-01-01T00:00:00.000000Z
        handler_name    : VideoHandler
        vendor_id       : [0][0][0][0]
  Stream #0:1[0x2](und): Audio: aac (LC) (mp4a / 0x6134706D), 48000 Hz, 5.1, fltp, 384 kb/s (default)
      Metadata:
        creation_time   : 1970-01-01T00:00:00.000000Z
        handler_name    : SoundHandler
        vendor_id       : [0][0][0][0]
Stream mapping:
  Stream #0:0 -> #0:0 (h264 (native) -> mjpeg (native))
Press [q] to stop, [?] for help
[vf#0:0 @ 000000000270c440] No filtered frames for output stream, trying to initialize anyway.
[mjpeg @ 000000000270bd80] Non full-range YUV is non-standard, set strict_std_compliance to at most unofficial to use it.
[vost#0:0/mjpeg @ 0000000002721c40] Error while opening encoder - maybe incorrect parameters such as bit_rate, rate, width or height.
[vf#0:0 @ 00000000029ce3c0] Task finished with error code: -22 (Invalid argument)
[vf#0:0 @ 00000000029ce3c0] Terminating thread with return code -22 (Invalid argument)
[vost#0:0/mjpeg @ 0000000002721c40] Could not open encoder before EOF
[vost#0:0/mjpeg @ 0000000002721c40] Task finished with error code: -22 (Invalid argument)
[vost#0:0/mjpeg @ 0000000002721c40] Terminating thread with return code -22 (Invalid argument)
[out#0/image2 @ 0000000002700780] Nothing was written into output file, because at least one of its streams received no packets.
frame=    0 fps=0.0 q=0.0 Lsize=       0KiB time=N/A bitrate=N/A speed=N/A    
Conversion failed!

2025-05-26T06:02:14.494Z [LOG] 尝试使用直接命令行方式生成缩略图
2025-05-26T06:02:14.494Z [LOG] 直接获取视频时长（秒数）
2025-05-26T06:02:14.494Z [PATH] 尝试获取FFprobe路径
2025-05-26T06:02:14.495Z [LOG] 使用配置的FFprobe路径: D:\code\cursor\looklook\node_modules\ffprobe-static\bin\win32\x64\ffprobe.exe
2025-05-26T06:02:14.495Z [PATH] 使用配置的FFprobe路径: D:\code\cursor\looklook\node_modules\ffprobe-static\bin\win32\x64\ffprobe.exe
2025-05-26T06:02:14.495Z [LOG] 在开发环境中使用ffprobe路径: D:\code\cursor\looklook\node_modules\ffprobe-static\bin\win32\x64\ffprobe.exe
2025-05-26T06:02:14.496Z [LOG] 执行命令: D:\code\cursor\looklook\node_modules\ffprobe-static\bin\win32\x64\ffprobe.exe -v error -show_entries format=duration -of default=noprint_wrappers=1:nokey=1 D:\Users\Videos\测试\SampleVideo_720x480_1mb.mp4
2025-05-26T06:02:14.562Z [LOG] 时长命令输出: 5.803000
2025-05-26T06:02:14.562Z [LOG] 成功获取视频时长: 5.803 秒
2025-05-26T06:02:14.562Z [LOG] 获取到视频时长: 5.803 秒, 准备截取缩略图
2025-05-26T06:02:14.563Z [LOG] 将在视频的 2 秒处截取缩略图 (随机生成)
2025-05-26T06:02:14.563Z [PATH] 尝试获取FFmpeg路径
2025-05-26T06:02:14.563Z [LOG] 使用配置的FFmpeg路径: D:\code\cursor\looklook\node_modules\ffmpeg-static\ffmpeg.exe
2025-05-26T06:02:14.563Z [PATH] 使用配置的FFmpeg路径: D:\code\cursor\looklook\node_modules\ffmpeg-static\ffmpeg.exe
2025-05-26T06:02:14.563Z [LOG] 执行命令: D:\code\cursor\looklook\node_modules\ffmpeg-static\ffmpeg.exe -i D:\Users\Videos\测试\SampleVideo_720x480_1mb.mp4 -ss 2 -vframes 1 -s 320x180 -y D:\code\cursor\looklook\userdata\thumbnails\1748239334397-RDpcVXNl.jpg
2025-05-26T06:02:14.659Z [LOG] 命令行方式成功生成缩略图: D:\code\cursor\looklook\userdata\thumbnails\1748239334397-RDpcVXNl.jpg
2025-05-26T06:02:14.659Z [LOG] 通过多步骤方法成功生成缩略图
2025-05-26T06:02:14.659Z [LOG] 设置已加载
2025-05-26T06:02:14.660Z [LOG] 获取视频分辨率: D:\Users\Videos\测试\SampleVideo_720x480_20mb.mp4
2025-05-26T06:02:14.660Z [MAIN] 开始获取视频分辨率: D:\Users\Videos\测试\SampleVideo_720x480_20mb.mp4
2025-05-26T06:02:14.660Z [LOG] 直接获取视频分辨率
2025-05-26T06:02:14.660Z [RESOLUTION] 开始获取视频分辨率: D:\Users\Videos\测试\SampleVideo_720x480_20mb.mp4
2025-05-26T06:02:14.660Z [PATH] 尝试获取FFprobe路径
2025-05-26T06:02:14.660Z [LOG] 使用配置的FFprobe路径: D:\code\cursor\looklook\node_modules\ffprobe-static\bin\win32\x64\ffprobe.exe
2025-05-26T06:02:14.660Z [PATH] 使用配置的FFprobe路径: D:\code\cursor\looklook\node_modules\ffprobe-static\bin\win32\x64\ffprobe.exe
2025-05-26T06:02:14.661Z [RESOLUTION] 在开发环境中使用ffprobe路径: D:\code\cursor\looklook\node_modules\ffprobe-static\bin\win32\x64\ffprobe.exe
2025-05-26T06:02:14.661Z [RESOLUTION] 检查ffprobe可执行文件是否存在: true
2025-05-26T06:02:14.661Z [LOG] 执行命令: "D:\code\cursor\looklook\node_modules\ffprobe-static\bin\win32\x64\ffprobe.exe" -v error -select_streams v:0 -show_entries stream=width,height -of csv=s=x:p=0 "D:\Users\Videos\测试\SampleVideo_720x480_20mb.mp4"
2025-05-26T06:02:14.661Z [RESOLUTION] 开始执行命令获取分辨率: "D:\code\cursor\looklook\node_modules\ffprobe-static\bin\win32\x64\ffprobe.exe" -v error -select_streams v:0 -show_entries stream=width,height -of csv=s=x:p=0 "D:\Users\Videos\测试\SampleVideo_720x480_20mb.mp4"
2025-05-26T06:02:14.733Z [RESOLUTION] 命令输出: "640x480"
2025-05-26T06:02:14.733Z [LOG] 成功解析分辨率: 640×480
2025-05-26T06:02:14.733Z [RESOLUTION] 成功解析分辨率: 640×480
2025-05-26T06:02:14.733Z [LOG] 获取视频时长: D:\Users\Videos\测试\SampleVideo_720x480_20mb.mp4
2025-05-26T06:02:14.734Z [MAIN] 开始获取视频时长: D:\Users\Videos\测试\SampleVideo_720x480_20mb.mp4
2025-05-26T06:02:14.734Z [LOG] 直接获取视频时长
2025-05-26T06:02:14.734Z [DURATION] 开始获取视频时长: D:\Users\Videos\测试\SampleVideo_720x480_20mb.mp4
2025-05-26T06:02:14.734Z [PATH] 尝试获取FFprobe路径
2025-05-26T06:02:14.734Z [LOG] 使用配置的FFprobe路径: D:\code\cursor\looklook\node_modules\ffprobe-static\bin\win32\x64\ffprobe.exe
2025-05-26T06:02:14.734Z [PATH] 使用配置的FFprobe路径: D:\code\cursor\looklook\node_modules\ffprobe-static\bin\win32\x64\ffprobe.exe
2025-05-26T06:02:14.734Z [DURATION] 在开发环境中使用ffprobe路径: D:\code\cursor\looklook\node_modules\ffprobe-static\bin\win32\x64\ffprobe.exe
2025-05-26T06:02:14.734Z [DURATION] 检查ffprobe可执行文件是否存在: true
2025-05-26T06:02:14.735Z [LOG] 执行命令: "D:\code\cursor\looklook\node_modules\ffprobe-static\bin\win32\x64\ffprobe.exe" -v error -show_entries format=duration -of default=noprint_wrappers=1:nokey=1 "D:\Users\Videos\测试\SampleVideo_720x480_20mb.mp4"
2025-05-26T06:02:14.735Z [DURATION] 开始执行命令获取时长: "D:\code\cursor\looklook\node_modules\ffprobe-static\bin\win32\x64\ffprobe.exe" -v error -show_entries format=duration -of default=noprint_wrappers=1:nokey=1 "D:\Users\Videos\测试\SampleVideo_720x480_20mb.mp4"
2025-05-26T06:02:14.802Z [DURATION] 命令输出: "127.318000"
2025-05-26T06:02:14.802Z [LOG] 成功解析时长: 00:02:07
2025-05-26T06:02:14.802Z [DURATION] 成功解析时长: 00:02:07
2025-05-26T06:02:14.803Z [LOG] 开始生成缩略图，视频路径: D:\Users\Videos\测试\SampleVideo_720x480_20mb.mp4
2025-05-26T06:02:14.803Z [LOG] 缩略图输出路径: D:\code\cursor\looklook\userdata\thumbnails\1748239335293-RDpcVXNl.jpg
2025-05-26T06:02:14.803Z [LOG] 生成随机时间点: 00:00:15
2025-05-26T06:02:14.803Z [LOG] 使用直接命令行ffmpeg生成缩略图
2025-05-26T06:02:14.803Z [PATH] 尝试获取FFmpeg路径
2025-05-26T06:02:14.804Z [LOG] 使用配置的FFmpeg路径: D:\code\cursor\looklook\node_modules\ffmpeg-static\ffmpeg.exe
2025-05-26T06:02:14.804Z [PATH] 使用配置的FFmpeg路径: D:\code\cursor\looklook\node_modules\ffmpeg-static\ffmpeg.exe
2025-05-26T06:02:14.804Z [LOG] 将使用时间点 00:00:15 生成缩略图
2025-05-26T06:02:14.804Z [LOG] 执行命令: D:\code\cursor\looklook\node_modules\ffmpeg-static\ffmpeg.exe -ss 00:00:15 -i D:\Users\Videos\测试\SampleVideo_720x480_20mb.mp4 -vframes 1 -s 320x180 -y D:\code\cursor\looklook\userdata\thumbnails\1748239335293-RDpcVXNl.jpg
2025-05-26T06:02:14.892Z [LOG] 直接ffmpeg成功生成缩略图: D:\code\cursor\looklook\userdata\thumbnails\1748239335293-RDpcVXNl.jpg
2025-05-26T06:02:14.892Z [LOG] 通过直接ffmpeg命令生成缩略图成功
2025-05-26T06:02:14.893Z [LOG] 设置已加载
2025-05-26T06:02:14.893Z [LOG] 获取视频分辨率: D:\Users\Videos\测试\SampleVideo_720x480_2mb.mp4
2025-05-26T06:02:14.893Z [MAIN] 开始获取视频分辨率: D:\Users\Videos\测试\SampleVideo_720x480_2mb.mp4
2025-05-26T06:02:14.893Z [LOG] 直接获取视频分辨率
2025-05-26T06:02:14.893Z [RESOLUTION] 开始获取视频分辨率: D:\Users\Videos\测试\SampleVideo_720x480_2mb.mp4
2025-05-26T06:02:14.893Z [PATH] 尝试获取FFprobe路径
2025-05-26T06:02:14.893Z [LOG] 使用配置的FFprobe路径: D:\code\cursor\looklook\node_modules\ffprobe-static\bin\win32\x64\ffprobe.exe
2025-05-26T06:02:14.894Z [PATH] 使用配置的FFprobe路径: D:\code\cursor\looklook\node_modules\ffprobe-static\bin\win32\x64\ffprobe.exe
2025-05-26T06:02:14.894Z [RESOLUTION] 在开发环境中使用ffprobe路径: D:\code\cursor\looklook\node_modules\ffprobe-static\bin\win32\x64\ffprobe.exe
2025-05-26T06:02:14.894Z [RESOLUTION] 检查ffprobe可执行文件是否存在: true
2025-05-26T06:02:14.894Z [LOG] 执行命令: "D:\code\cursor\looklook\node_modules\ffprobe-static\bin\win32\x64\ffprobe.exe" -v error -select_streams v:0 -show_entries stream=width,height -of csv=s=x:p=0 "D:\Users\Videos\测试\SampleVideo_720x480_2mb.mp4"
2025-05-26T06:02:14.894Z [RESOLUTION] 开始执行命令获取分辨率: "D:\code\cursor\looklook\node_modules\ffprobe-static\bin\win32\x64\ffprobe.exe" -v error -select_streams v:0 -show_entries stream=width,height -of csv=s=x:p=0 "D:\Users\Videos\测试\SampleVideo_720x480_2mb.mp4"
2025-05-26T06:02:14.961Z [RESOLUTION] 命令输出: "640x480"
2025-05-26T06:02:14.962Z [LOG] 成功解析分辨率: 640×480
2025-05-26T06:02:14.962Z [RESOLUTION] 成功解析分辨率: 640×480
2025-05-26T06:02:14.962Z [LOG] 获取视频时长: D:\Users\Videos\测试\SampleVideo_720x480_2mb.mp4
2025-05-26T06:02:14.962Z [MAIN] 开始获取视频时长: D:\Users\Videos\测试\SampleVideo_720x480_2mb.mp4
2025-05-26T06:02:14.963Z [LOG] 直接获取视频时长
2025-05-26T06:02:14.963Z [DURATION] 开始获取视频时长: D:\Users\Videos\测试\SampleVideo_720x480_2mb.mp4
2025-05-26T06:02:14.963Z [PATH] 尝试获取FFprobe路径
2025-05-26T06:02:14.963Z [LOG] 使用配置的FFprobe路径: D:\code\cursor\looklook\node_modules\ffprobe-static\bin\win32\x64\ffprobe.exe
2025-05-26T06:02:14.963Z [PATH] 使用配置的FFprobe路径: D:\code\cursor\looklook\node_modules\ffprobe-static\bin\win32\x64\ffprobe.exe
2025-05-26T06:02:14.963Z [DURATION] 在开发环境中使用ffprobe路径: D:\code\cursor\looklook\node_modules\ffprobe-static\bin\win32\x64\ffprobe.exe
2025-05-26T06:02:14.963Z [DURATION] 检查ffprobe可执行文件是否存在: true
2025-05-26T06:02:14.964Z [LOG] 执行命令: "D:\code\cursor\looklook\node_modules\ffprobe-static\bin\win32\x64\ffprobe.exe" -v error -show_entries format=duration -of default=noprint_wrappers=1:nokey=1 "D:\Users\Videos\测试\SampleVideo_720x480_2mb.mp4"
2025-05-26T06:02:14.964Z [DURATION] 开始执行命令获取时长: "D:\code\cursor\looklook\node_modules\ffprobe-static\bin\win32\x64\ffprobe.exe" -v error -show_entries format=duration -of default=noprint_wrappers=1:nokey=1 "D:\Users\Videos\测试\SampleVideo_720x480_2mb.mp4"
2025-05-26T06:02:15.030Z [DURATION] 命令输出: "15.318000"
2025-05-26T06:02:15.031Z [LOG] 成功解析时长: 00:00:15
2025-05-26T06:02:15.031Z [DURATION] 成功解析时长: 00:00:15
2025-05-26T06:02:15.031Z [LOG] 开始生成缩略图，视频路径: D:\Users\Videos\测试\SampleVideo_720x480_2mb.mp4
2025-05-26T06:02:15.031Z [LOG] 缩略图输出路径: D:\code\cursor\looklook\userdata\thumbnails\1748239335321-RDpcVXNl.jpg
2025-05-26T06:02:15.032Z [LOG] 生成随机时间点: 00:00:36
2025-05-26T06:02:15.032Z [LOG] 使用直接命令行ffmpeg生成缩略图
2025-05-26T06:02:15.032Z [PATH] 尝试获取FFmpeg路径
2025-05-26T06:02:15.032Z [LOG] 使用配置的FFmpeg路径: D:\code\cursor\looklook\node_modules\ffmpeg-static\ffmpeg.exe
2025-05-26T06:02:15.032Z [PATH] 使用配置的FFmpeg路径: D:\code\cursor\looklook\node_modules\ffmpeg-static\ffmpeg.exe
2025-05-26T06:02:15.032Z [LOG] 将使用时间点 00:00:36 生成缩略图
2025-05-26T06:02:15.032Z [LOG] 执行命令: D:\code\cursor\looklook\node_modules\ffmpeg-static\ffmpeg.exe -ss 00:00:36 -i D:\Users\Videos\测试\SampleVideo_720x480_2mb.mp4 -vframes 1 -s 320x180 -y D:\code\cursor\looklook\userdata\thumbnails\1748239335321-RDpcVXNl.jpg
2025-05-26T06:02:15.620Z [ERROR] 直接ffmpeg生成缩略图失败: Command failed: D:\code\cursor\looklook\node_modules\ffmpeg-static\ffmpeg.exe -ss 00:00:36 -i D:\Users\Videos\测试\SampleVideo_720x480_2mb.mp4 -vframes 1 -s 320x180 -y D:\code\cursor\looklook\userdata\thumbnails\1748239335321-RDpcVXNl.jpg
ffmpeg version 7.1.1-essentials_build-www.gyan.dev Copyright (c) 2000-2025 the FFmpeg developers
  built with gcc 14.2.0 (Rev1, Built by MSYS2 project)
  configuration: --enable-gpl --enable-version3 --enable-static --disable-w32threads --disable-autodetect --enable-fontconfig --enable-iconv --enable-gnutls --enable-libxml2 --enable-gmp --enable-bzlib --enable-lzma --enable-zlib --enable-libsrt --enable-libssh --enable-libzmq --enable-avisynth --enable-sdl2 --enable-libwebp --enable-libx264 --enable-libx265 --enable-libxvid --enable-libaom --enable-libopenjpeg --enable-libvpx --enable-mediafoundation --enable-libass --enable-libfreetype --enable-libfribidi --enable-libharfbuzz --enable-libvidstab --enable-libvmaf --enable-libzimg --enable-amf --enable-cuda-llvm --enable-cuvid --enable-dxva2 --enable-d3d11va --enable-d3d12va --enable-ffnvcodec --enable-libvpl --enable-nvdec --enable-nvenc --enable-vaapi --enable-libgme --enable-libopenmpt --enable-libopencore-amrwb --enable-libmp3lame --enable-libtheora --enable-libvo-amrwbenc --enable-libgsm --enable-libopencore-amrnb --enable-libopus --enable-libspeex --enable-libvorbis --enable-librubberband
  libavutil      59. 39.100 / 59. 39.100
  libavcodec     61. 19.101 / 61. 19.101
  libavformat    61.  7.100 / 61.  7.100
  libavdevice    61.  3.100 / 61.  3.100
  libavfilter    10.  4.100 / 10.  4.100
  libswscale      8.  3.100 /  8.  3.100
  libswresample   5.  3.100 /  5.  3.100
  libpostproc    58.  3.100 / 58.  3.100
Input #0, mov,mp4,m4a,3gp,3g2,mj2, from 'D:\Users\Videos\测试\SampleVideo_720x480_2mb.mp4':
  Metadata:
    major_brand     : isom
    minor_version   : 512
    compatible_brands: isomiso2avc1mp41
    creation_time   : 1970-01-01T00:00:00.000000Z
    encoder         : Lavf53.24.2
  Duration: 00:00:15.32, start: 0.000000, bitrate: 1095 kb/s
  Stream #0:0[0x1](und): Video: h264 (Main) (avc1 / 0x31637661), yuv420p(progressive), 640x480 [SAR 1:1 DAR 4:3], 709 kb/s, 25 fps, 25 tbr, 12800 tbn (default)
      Metadata:
        creation_time   : 1970-01-01T00:00:00.000000Z
        handler_name    : VideoHandler
        vendor_id       : [0][0][0][0]
  Stream #0:1[0x2](und): Audio: aac (LC) (mp4a / 0x6134706D), 48000 Hz, 5.1, fltp, 382 kb/s (default)
      Metadata:
        creation_time   : 1970-01-01T00:00:00.000000Z
        handler_name    : SoundHandler
        vendor_id       : [0][0][0][0]
Stream mapping:
  Stream #0:0 -> #0:0 (h264 (native) -> mjpeg (native))
Press [q] to stop, [?] for help
[vf#0:0 @ 00000000028b0940] No filtered frames for output stream, trying to initialize anyway.
[mjpeg @ 00000000028b0340] Non full-range YUV is non-standard, set strict_std_compliance to at most unofficial to use it.
[vost#0:0/mjpeg @ 00000000028b00c0] Error while opening encoder - maybe incorrect parameters such as bit_rate, rate, width or height.
[vf#0:0 @ 00000000026ae300] Task finished with error code: -22 (Invalid argument)
[vf#0:0 @ 00000000026ae300] Terminating thread with return code -22 (Invalid argument)
[vost#0:0/mjpeg @ 00000000028b00c0] Could not open encoder before EOF
[vost#0:0/mjpeg @ 00000000028b00c0] Task finished with error code: -22 (Invalid argument)
[vost#0:0/mjpeg @ 00000000028b00c0] Terminating thread with return code -22 (Invalid argument)
[out#0/image2 @ 00000000025f6fc0] Nothing was written into output file, because at least one of its streams received no packets.
frame=    0 fps=0.0 q=0.0 Lsize=       0KiB time=N/A bitrate=N/A speed=N/A    
Conversion failed!

2025-05-26T06:02:15.624Z [ERROR] STDERR: ffmpeg version 7.1.1-essentials_build-www.gyan.dev Copyright (c) 2000-2025 the FFmpeg developers
  built with gcc 14.2.0 (Rev1, Built by MSYS2 project)
  configuration: --enable-gpl --enable-version3 --enable-static --disable-w32threads --disable-autodetect --enable-fontconfig --enable-iconv --enable-gnutls --enable-libxml2 --enable-gmp --enable-bzlib --enable-lzma --enable-zlib --enable-libsrt --enable-libssh --enable-libzmq --enable-avisynth --enable-sdl2 --enable-libwebp --enable-libx264 --enable-libx265 --enable-libxvid --enable-libaom --enable-libopenjpeg --enable-libvpx --enable-mediafoundation --enable-libass --enable-libfreetype --enable-libfribidi --enable-libharfbuzz --enable-libvidstab --enable-libvmaf --enable-libzimg --enable-amf --enable-cuda-llvm --enable-cuvid --enable-dxva2 --enable-d3d11va --enable-d3d12va --enable-ffnvcodec --enable-libvpl --enable-nvdec --enable-nvenc --enable-vaapi --enable-libgme --enable-libopenmpt --enable-libopencore-amrwb --enable-libmp3lame --enable-libtheora --enable-libvo-amrwbenc --enable-libgsm --enable-libopencore-amrnb --enable-libopus --enable-libspeex --enable-libvorbis --enable-librubberband
  libavutil      59. 39.100 / 59. 39.100
  libavcodec     61. 19.101 / 61. 19.101
  libavformat    61.  7.100 / 61.  7.100
  libavdevice    61.  3.100 / 61.  3.100
  libavfilter    10.  4.100 / 10.  4.100
  libswscale      8.  3.100 /  8.  3.100
  libswresample   5.  3.100 /  5.  3.100
  libpostproc    58.  3.100 / 58.  3.100
Input #0, mov,mp4,m4a,3gp,3g2,mj2, from 'D:\Users\Videos\测试\SampleVideo_720x480_2mb.mp4':
  Metadata:
    major_brand     : isom
    minor_version   : 512
    compatible_brands: isomiso2avc1mp41
    creation_time   : 1970-01-01T00:00:00.000000Z
    encoder         : Lavf53.24.2
  Duration: 00:00:15.32, start: 0.000000, bitrate: 1095 kb/s
  Stream #0:0[0x1](und): Video: h264 (Main) (avc1 / 0x31637661), yuv420p(progressive), 640x480 [SAR 1:1 DAR 4:3], 709 kb/s, 25 fps, 25 tbr, 12800 tbn (default)
      Metadata:
        creation_time   : 1970-01-01T00:00:00.000000Z
        handler_name    : VideoHandler
        vendor_id       : [0][0][0][0]
  Stream #0:1[0x2](und): Audio: aac (LC) (mp4a / 0x6134706D), 48000 Hz, 5.1, fltp, 382 kb/s (default)
      Metadata:
        creation_time   : 1970-01-01T00:00:00.000000Z
        handler_name    : SoundHandler
        vendor_id       : [0][0][0][0]
Stream mapping:
  Stream #0:0 -> #0:0 (h264 (native) -> mjpeg (native))
Press [q] to stop, [?] for help
[vf#0:0 @ 00000000028b0940] No filtered frames for output stream, trying to initialize anyway.
[mjpeg @ 00000000028b0340] Non full-range YUV is non-standard, set strict_std_compliance to at most unofficial to use it.
[vost#0:0/mjpeg @ 00000000028b00c0] Error while opening encoder - maybe incorrect parameters such as bit_rate, rate, width or height.
[vf#0:0 @ 00000000026ae300] Task finished with error code: -22 (Invalid argument)
[vf#0:0 @ 00000000026ae300] Terminating thread with return code -22 (Invalid argument)
[vost#0:0/mjpeg @ 00000000028b00c0] Could not open encoder before EOF
[vost#0:0/mjpeg @ 00000000028b00c0] Task finished with error code: -22 (Invalid argument)
[vost#0:0/mjpeg @ 00000000028b00c0] Terminating thread with return code -22 (Invalid argument)
[out#0/image2 @ 00000000025f6fc0] Nothing was written into output file, because at least one of its streams received no packets.
frame=    0 fps=0.0 q=0.0 Lsize=       0KiB time=N/A bitrate=N/A speed=N/A    
Conversion failed!

2025-05-26T06:02:15.627Z [ERROR] 直接ffmpeg命令生成缩略图失败: Command failed: D:\code\cursor\looklook\node_modules\ffmpeg-static\ffmpeg.exe -ss 00:00:36 -i D:\Users\Videos\测试\SampleVideo_720x480_2mb.mp4 -vframes 1 -s 320x180 -y D:\code\cursor\looklook\userdata\thumbnails\1748239335321-RDpcVXNl.jpg
ffmpeg version 7.1.1-essentials_build-www.gyan.dev Copyright (c) 2000-2025 the FFmpeg developers
  built with gcc 14.2.0 (Rev1, Built by MSYS2 project)
  configuration: --enable-gpl --enable-version3 --enable-static --disable-w32threads --disable-autodetect --enable-fontconfig --enable-iconv --enable-gnutls --enable-libxml2 --enable-gmp --enable-bzlib --enable-lzma --enable-zlib --enable-libsrt --enable-libssh --enable-libzmq --enable-avisynth --enable-sdl2 --enable-libwebp --enable-libx264 --enable-libx265 --enable-libxvid --enable-libaom --enable-libopenjpeg --enable-libvpx --enable-mediafoundation --enable-libass --enable-libfreetype --enable-libfribidi --enable-libharfbuzz --enable-libvidstab --enable-libvmaf --enable-libzimg --enable-amf --enable-cuda-llvm --enable-cuvid --enable-dxva2 --enable-d3d11va --enable-d3d12va --enable-ffnvcodec --enable-libvpl --enable-nvdec --enable-nvenc --enable-vaapi --enable-libgme --enable-libopenmpt --enable-libopencore-amrwb --enable-libmp3lame --enable-libtheora --enable-libvo-amrwbenc --enable-libgsm --enable-libopencore-amrnb --enable-libopus --enable-libspeex --enable-libvorbis --enable-librubberband
  libavutil      59. 39.100 / 59. 39.100
  libavcodec     61. 19.101 / 61. 19.101
  libavformat    61.  7.100 / 61.  7.100
  libavdevice    61.  3.100 / 61.  3.100
  libavfilter    10.  4.100 / 10.  4.100
  libswscale      8.  3.100 /  8.  3.100
  libswresample   5.  3.100 /  5.  3.100
  libpostproc    58.  3.100 / 58.  3.100
Input #0, mov,mp4,m4a,3gp,3g2,mj2, from 'D:\Users\Videos\测试\SampleVideo_720x480_2mb.mp4':
  Metadata:
    major_brand     : isom
    minor_version   : 512
    compatible_brands: isomiso2avc1mp41
    creation_time   : 1970-01-01T00:00:00.000000Z
    encoder         : Lavf53.24.2
  Duration: 00:00:15.32, start: 0.000000, bitrate: 1095 kb/s
  Stream #0:0[0x1](und): Video: h264 (Main) (avc1 / 0x31637661), yuv420p(progressive), 640x480 [SAR 1:1 DAR 4:3], 709 kb/s, 25 fps, 25 tbr, 12800 tbn (default)
      Metadata:
        creation_time   : 1970-01-01T00:00:00.000000Z
        handler_name    : VideoHandler
        vendor_id       : [0][0][0][0]
  Stream #0:1[0x2](und): Audio: aac (LC) (mp4a / 0x6134706D), 48000 Hz, 5.1, fltp, 382 kb/s (default)
      Metadata:
        creation_time   : 1970-01-01T00:00:00.000000Z
        handler_name    : SoundHandler
        vendor_id       : [0][0][0][0]
Stream mapping:
  Stream #0:0 -> #0:0 (h264 (native) -> mjpeg (native))
Press [q] to stop, [?] for help
[vf#0:0 @ 00000000028b0940] No filtered frames for output stream, trying to initialize anyway.
[mjpeg @ 00000000028b0340] Non full-range YUV is non-standard, set strict_std_compliance to at most unofficial to use it.
[vost#0:0/mjpeg @ 00000000028b00c0] Error while opening encoder - maybe incorrect parameters such as bit_rate, rate, width or height.
[vf#0:0 @ 00000000026ae300] Task finished with error code: -22 (Invalid argument)
[vf#0:0 @ 00000000026ae300] Terminating thread with return code -22 (Invalid argument)
[vost#0:0/mjpeg @ 00000000028b00c0] Could not open encoder before EOF
[vost#0:0/mjpeg @ 00000000028b00c0] Task finished with error code: -22 (Invalid argument)
[vost#0:0/mjpeg @ 00000000028b00c0] Terminating thread with return code -22 (Invalid argument)
[out#0/image2 @ 00000000025f6fc0] Nothing was written into output file, because at least one of its streams received no packets.
frame=    0 fps=0.0 q=0.0 Lsize=       0KiB time=N/A bitrate=N/A speed=N/A    
Conversion failed!

2025-05-26T06:02:15.628Z [LOG] 尝试使用直接命令行方式生成缩略图
2025-05-26T06:02:15.628Z [LOG] 直接获取视频时长（秒数）
2025-05-26T06:02:15.628Z [PATH] 尝试获取FFprobe路径
2025-05-26T06:02:15.628Z [LOG] 使用配置的FFprobe路径: D:\code\cursor\looklook\node_modules\ffprobe-static\bin\win32\x64\ffprobe.exe
2025-05-26T06:02:15.629Z [PATH] 使用配置的FFprobe路径: D:\code\cursor\looklook\node_modules\ffprobe-static\bin\win32\x64\ffprobe.exe
2025-05-26T06:02:15.629Z [LOG] 在开发环境中使用ffprobe路径: D:\code\cursor\looklook\node_modules\ffprobe-static\bin\win32\x64\ffprobe.exe
2025-05-26T06:02:15.629Z [LOG] 执行命令: D:\code\cursor\looklook\node_modules\ffprobe-static\bin\win32\x64\ffprobe.exe -v error -show_entries format=duration -of default=noprint_wrappers=1:nokey=1 D:\Users\Videos\测试\SampleVideo_720x480_2mb.mp4
2025-05-26T06:02:15.687Z [LOG] 时长命令输出: 15.318000
2025-05-26T06:02:15.688Z [LOG] 成功获取视频时长: 15.318 秒
2025-05-26T06:02:15.688Z [LOG] 获取到视频时长: 15.318 秒, 准备截取缩略图
2025-05-26T06:02:15.688Z [LOG] 将在视频的 3 秒处截取缩略图 (随机生成)
2025-05-26T06:02:15.688Z [PATH] 尝试获取FFmpeg路径
2025-05-26T06:02:15.689Z [LOG] 使用配置的FFmpeg路径: D:\code\cursor\looklook\node_modules\ffmpeg-static\ffmpeg.exe
2025-05-26T06:02:15.689Z [PATH] 使用配置的FFmpeg路径: D:\code\cursor\looklook\node_modules\ffmpeg-static\ffmpeg.exe
2025-05-26T06:02:15.689Z [LOG] 执行命令: D:\code\cursor\looklook\node_modules\ffmpeg-static\ffmpeg.exe -i D:\Users\Videos\测试\SampleVideo_720x480_2mb.mp4 -ss 3 -vframes 1 -s 320x180 -y D:\code\cursor\looklook\userdata\thumbnails\1748239335321-RDpcVXNl.jpg
2025-05-26T06:02:15.784Z [LOG] 命令行方式成功生成缩略图: D:\code\cursor\looklook\userdata\thumbnails\1748239335321-RDpcVXNl.jpg
2025-05-26T06:02:15.784Z [LOG] 通过多步骤方法成功生成缩略图
2025-05-26T06:02:15.784Z [LOG] 设置已加载
2025-05-26T06:02:15.785Z [LOG] 获取视频分辨率: D:\Users\Videos\测试\SampleVideo_720x480_30mb.mp4
2025-05-26T06:02:15.785Z [MAIN] 开始获取视频分辨率: D:\Users\Videos\测试\SampleVideo_720x480_30mb.mp4
2025-05-26T06:02:15.785Z [LOG] 直接获取视频分辨率
2025-05-26T06:02:15.785Z [RESOLUTION] 开始获取视频分辨率: D:\Users\Videos\测试\SampleVideo_720x480_30mb.mp4
2025-05-26T06:02:15.785Z [PATH] 尝试获取FFprobe路径
2025-05-26T06:02:15.785Z [LOG] 使用配置的FFprobe路径: D:\code\cursor\looklook\node_modules\ffprobe-static\bin\win32\x64\ffprobe.exe
2025-05-26T06:02:15.785Z [PATH] 使用配置的FFprobe路径: D:\code\cursor\looklook\node_modules\ffprobe-static\bin\win32\x64\ffprobe.exe
2025-05-26T06:02:15.786Z [RESOLUTION] 在开发环境中使用ffprobe路径: D:\code\cursor\looklook\node_modules\ffprobe-static\bin\win32\x64\ffprobe.exe
2025-05-26T06:02:15.786Z [RESOLUTION] 检查ffprobe可执行文件是否存在: true
2025-05-26T06:02:15.786Z [LOG] 执行命令: "D:\code\cursor\looklook\node_modules\ffprobe-static\bin\win32\x64\ffprobe.exe" -v error -select_streams v:0 -show_entries stream=width,height -of csv=s=x:p=0 "D:\Users\Videos\测试\SampleVideo_720x480_30mb.mp4"
2025-05-26T06:02:15.786Z [RESOLUTION] 开始执行命令获取分辨率: "D:\code\cursor\looklook\node_modules\ffprobe-static\bin\win32\x64\ffprobe.exe" -v error -select_streams v:0 -show_entries stream=width,height -of csv=s=x:p=0 "D:\Users\Videos\测试\SampleVideo_720x480_30mb.mp4"
2025-05-26T06:02:15.853Z [RESOLUTION] 命令输出: "640x480"
2025-05-26T06:02:15.854Z [LOG] 成功解析分辨率: 640×480
2025-05-26T06:02:15.854Z [RESOLUTION] 成功解析分辨率: 640×480
2025-05-26T06:02:15.854Z [LOG] 获取视频时长: D:\Users\Videos\测试\SampleVideo_720x480_30mb.mp4
2025-05-26T06:02:15.854Z [MAIN] 开始获取视频时长: D:\Users\Videos\测试\SampleVideo_720x480_30mb.mp4
2025-05-26T06:02:15.855Z [LOG] 直接获取视频时长
2025-05-26T06:02:15.855Z [DURATION] 开始获取视频时长: D:\Users\Videos\测试\SampleVideo_720x480_30mb.mp4
2025-05-26T06:02:15.855Z [PATH] 尝试获取FFprobe路径
2025-05-26T06:02:15.855Z [LOG] 使用配置的FFprobe路径: D:\code\cursor\looklook\node_modules\ffprobe-static\bin\win32\x64\ffprobe.exe
2025-05-26T06:02:15.855Z [PATH] 使用配置的FFprobe路径: D:\code\cursor\looklook\node_modules\ffprobe-static\bin\win32\x64\ffprobe.exe
2025-05-26T06:02:15.855Z [DURATION] 在开发环境中使用ffprobe路径: D:\code\cursor\looklook\node_modules\ffprobe-static\bin\win32\x64\ffprobe.exe
2025-05-26T06:02:15.855Z [DURATION] 检查ffprobe可执行文件是否存在: true
2025-05-26T06:02:15.856Z [LOG] 执行命令: "D:\code\cursor\looklook\node_modules\ffprobe-static\bin\win32\x64\ffprobe.exe" -v error -show_entries format=duration -of default=noprint_wrappers=1:nokey=1 "D:\Users\Videos\测试\SampleVideo_720x480_30mb.mp4"
2025-05-26T06:02:15.856Z [DURATION] 开始执行命令获取时长: "D:\code\cursor\looklook\node_modules\ffprobe-static\bin\win32\x64\ffprobe.exe" -v error -show_entries format=duration -of default=noprint_wrappers=1:nokey=1 "D:\Users\Videos\测试\SampleVideo_720x480_30mb.mp4"
2025-05-26T06:02:15.923Z [DURATION] 命令输出: "183.318000"
2025-05-26T06:02:15.923Z [LOG] 成功解析时长: 00:03:03
2025-05-26T06:02:15.923Z [DURATION] 成功解析时长: 00:03:03
2025-05-26T06:02:15.923Z [LOG] 开始生成缩略图，视频路径: D:\Users\Videos\测试\SampleVideo_720x480_30mb.mp4
2025-05-26T06:02:15.924Z [LOG] 缩略图输出路径: D:\code\cursor\looklook\userdata\thumbnails\1748239335907-RDpcVXNl.jpg
2025-05-26T06:02:15.924Z [LOG] 生成随机时间点: 00:00:14
2025-05-26T06:02:15.924Z [LOG] 使用直接命令行ffmpeg生成缩略图
2025-05-26T06:02:15.924Z [PATH] 尝试获取FFmpeg路径
2025-05-26T06:02:15.925Z [LOG] 使用配置的FFmpeg路径: D:\code\cursor\looklook\node_modules\ffmpeg-static\ffmpeg.exe
2025-05-26T06:02:15.925Z [PATH] 使用配置的FFmpeg路径: D:\code\cursor\looklook\node_modules\ffmpeg-static\ffmpeg.exe
2025-05-26T06:02:15.925Z [LOG] 将使用时间点 00:00:14 生成缩略图
2025-05-26T06:02:15.925Z [LOG] 执行命令: D:\code\cursor\looklook\node_modules\ffmpeg-static\ffmpeg.exe -ss 00:00:14 -i D:\Users\Videos\测试\SampleVideo_720x480_30mb.mp4 -vframes 1 -s 320x180 -y D:\code\cursor\looklook\userdata\thumbnails\1748239335907-RDpcVXNl.jpg
2025-05-26T06:02:16.019Z [LOG] 直接ffmpeg成功生成缩略图: D:\code\cursor\looklook\userdata\thumbnails\1748239335907-RDpcVXNl.jpg
2025-05-26T06:02:16.019Z [LOG] 通过直接ffmpeg命令生成缩略图成功
2025-05-26T06:02:16.020Z [LOG] 设置已加载
2025-05-26T06:02:16.020Z [LOG] 获取视频分辨率: D:\Users\Videos\测试\SampleVideo_720x480_5mb.mp4
2025-05-26T06:02:16.020Z [MAIN] 开始获取视频分辨率: D:\Users\Videos\测试\SampleVideo_720x480_5mb.mp4
2025-05-26T06:02:16.021Z [LOG] 直接获取视频分辨率
2025-05-26T06:02:16.021Z [RESOLUTION] 开始获取视频分辨率: D:\Users\Videos\测试\SampleVideo_720x480_5mb.mp4
2025-05-26T06:02:16.021Z [PATH] 尝试获取FFprobe路径
2025-05-26T06:02:16.021Z [LOG] 使用配置的FFprobe路径: D:\code\cursor\looklook\node_modules\ffprobe-static\bin\win32\x64\ffprobe.exe
2025-05-26T06:02:16.021Z [PATH] 使用配置的FFprobe路径: D:\code\cursor\looklook\node_modules\ffprobe-static\bin\win32\x64\ffprobe.exe
2025-05-26T06:02:16.021Z [RESOLUTION] 在开发环境中使用ffprobe路径: D:\code\cursor\looklook\node_modules\ffprobe-static\bin\win32\x64\ffprobe.exe
2025-05-26T06:02:16.021Z [RESOLUTION] 检查ffprobe可执行文件是否存在: true
2025-05-26T06:02:16.022Z [LOG] 执行命令: "D:\code\cursor\looklook\node_modules\ffprobe-static\bin\win32\x64\ffprobe.exe" -v error -select_streams v:0 -show_entries stream=width,height -of csv=s=x:p=0 "D:\Users\Videos\测试\SampleVideo_720x480_5mb.mp4"
2025-05-26T06:02:16.022Z [RESOLUTION] 开始执行命令获取分辨率: "D:\code\cursor\looklook\node_modules\ffprobe-static\bin\win32\x64\ffprobe.exe" -v error -select_streams v:0 -show_entries stream=width,height -of csv=s=x:p=0 "D:\Users\Videos\测试\SampleVideo_720x480_5mb.mp4"
2025-05-26T06:02:16.093Z [RESOLUTION] 命令输出: "640x480"
2025-05-26T06:02:16.094Z [LOG] 成功解析分辨率: 640×480
2025-05-26T06:02:16.094Z [RESOLUTION] 成功解析分辨率: 640×480
2025-05-26T06:02:16.094Z [LOG] 获取视频时长: D:\Users\Videos\测试\SampleVideo_720x480_5mb.mp4
2025-05-26T06:02:16.094Z [MAIN] 开始获取视频时长: D:\Users\Videos\测试\SampleVideo_720x480_5mb.mp4
2025-05-26T06:02:16.094Z [LOG] 直接获取视频时长
2025-05-26T06:02:16.094Z [DURATION] 开始获取视频时长: D:\Users\Videos\测试\SampleVideo_720x480_5mb.mp4
2025-05-26T06:02:16.095Z [PATH] 尝试获取FFprobe路径
2025-05-26T06:02:16.095Z [LOG] 使用配置的FFprobe路径: D:\code\cursor\looklook\node_modules\ffprobe-static\bin\win32\x64\ffprobe.exe
2025-05-26T06:02:16.095Z [PATH] 使用配置的FFprobe路径: D:\code\cursor\looklook\node_modules\ffprobe-static\bin\win32\x64\ffprobe.exe
2025-05-26T06:02:16.095Z [DURATION] 在开发环境中使用ffprobe路径: D:\code\cursor\looklook\node_modules\ffprobe-static\bin\win32\x64\ffprobe.exe
2025-05-26T06:02:16.095Z [DURATION] 检查ffprobe可执行文件是否存在: true
2025-05-26T06:02:16.095Z [LOG] 执行命令: "D:\code\cursor\looklook\node_modules\ffprobe-static\bin\win32\x64\ffprobe.exe" -v error -show_entries format=duration -of default=noprint_wrappers=1:nokey=1 "D:\Users\Videos\测试\SampleVideo_720x480_5mb.mp4"
2025-05-26T06:02:16.096Z [DURATION] 开始执行命令获取时长: "D:\code\cursor\looklook\node_modules\ffprobe-static\bin\win32\x64\ffprobe.exe" -v error -show_entries format=duration -of default=noprint_wrappers=1:nokey=1 "D:\Users\Videos\测试\SampleVideo_720x480_5mb.mp4"
2025-05-26T06:02:16.166Z [DURATION] 命令输出: "30.998000"
2025-05-26T06:02:16.166Z [LOG] 成功解析时长: 00:00:30
2025-05-26T06:02:16.166Z [DURATION] 成功解析时长: 00:00:30
2025-05-26T06:02:16.167Z [LOG] 开始生成缩略图，视频路径: D:\Users\Videos\测试\SampleVideo_720x480_5mb.mp4
2025-05-26T06:02:16.167Z [LOG] 缩略图输出路径: D:\code\cursor\looklook\userdata\thumbnails\1748239336806-RDpcVXNl.jpg
2025-05-26T06:02:16.167Z [LOG] 生成随机时间点: 00:00:10
2025-05-26T06:02:16.167Z [LOG] 使用直接命令行ffmpeg生成缩略图
2025-05-26T06:02:16.167Z [PATH] 尝试获取FFmpeg路径
2025-05-26T06:02:16.168Z [LOG] 使用配置的FFmpeg路径: D:\code\cursor\looklook\node_modules\ffmpeg-static\ffmpeg.exe
2025-05-26T06:02:16.168Z [PATH] 使用配置的FFmpeg路径: D:\code\cursor\looklook\node_modules\ffmpeg-static\ffmpeg.exe
2025-05-26T06:02:16.168Z [LOG] 将使用时间点 00:00:10 生成缩略图
2025-05-26T06:02:16.168Z [LOG] 执行命令: D:\code\cursor\looklook\node_modules\ffmpeg-static\ffmpeg.exe -ss 00:00:10 -i D:\Users\Videos\测试\SampleVideo_720x480_5mb.mp4 -vframes 1 -s 320x180 -y D:\code\cursor\looklook\userdata\thumbnails\1748239336806-RDpcVXNl.jpg
2025-05-26T06:02:16.255Z [LOG] 直接ffmpeg成功生成缩略图: D:\code\cursor\looklook\userdata\thumbnails\1748239336806-RDpcVXNl.jpg
2025-05-26T06:02:16.255Z [LOG] 通过直接ffmpeg命令生成缩略图成功
2025-05-26T06:02:16.256Z [LOG] 设置已加载
2025-05-26T06:02:16.256Z [LOG] 获取视频分辨率: D:\Users\Videos\测试\[12321]SSIS-666.AVI
2025-05-26T06:02:16.256Z [MAIN] 开始获取视频分辨率: D:\Users\Videos\测试\[12321]SSIS-666.AVI
2025-05-26T06:02:16.256Z [LOG] 直接获取视频分辨率
2025-05-26T06:02:16.256Z [RESOLUTION] 开始获取视频分辨率: D:\Users\Videos\测试\[12321]SSIS-666.AVI
2025-05-26T06:02:16.256Z [PATH] 尝试获取FFprobe路径
2025-05-26T06:02:16.257Z [LOG] 使用配置的FFprobe路径: D:\code\cursor\looklook\node_modules\ffprobe-static\bin\win32\x64\ffprobe.exe
2025-05-26T06:02:16.257Z [PATH] 使用配置的FFprobe路径: D:\code\cursor\looklook\node_modules\ffprobe-static\bin\win32\x64\ffprobe.exe
2025-05-26T06:02:16.257Z [RESOLUTION] 在开发环境中使用ffprobe路径: D:\code\cursor\looklook\node_modules\ffprobe-static\bin\win32\x64\ffprobe.exe
2025-05-26T06:02:16.257Z [RESOLUTION] 检查ffprobe可执行文件是否存在: true
2025-05-26T06:02:16.257Z [LOG] 执行命令: "D:\code\cursor\looklook\node_modules\ffprobe-static\bin\win32\x64\ffprobe.exe" -v error -select_streams v:0 -show_entries stream=width,height -of csv=s=x:p=0 "D:\Users\Videos\测试\[12321]SSIS-666.AVI"
2025-05-26T06:02:16.257Z [RESOLUTION] 开始执行命令获取分辨率: "D:\code\cursor\looklook\node_modules\ffprobe-static\bin\win32\x64\ffprobe.exe" -v error -select_streams v:0 -show_entries stream=width,height -of csv=s=x:p=0 "D:\Users\Videos\测试\[12321]SSIS-666.AVI"
2025-05-26T06:02:16.323Z [RESOLUTION] 命令输出: "320x240"
2025-05-26T06:02:16.323Z [LOG] 成功解析分辨率: 320×240
2025-05-26T06:02:16.323Z [RESOLUTION] 成功解析分辨率: 320×240
2025-05-26T06:02:16.324Z [LOG] 获取视频时长: D:\Users\Videos\测试\[12321]SSIS-666.AVI
2025-05-26T06:02:16.324Z [MAIN] 开始获取视频时长: D:\Users\Videos\测试\[12321]SSIS-666.AVI
2025-05-26T06:02:16.324Z [LOG] 直接获取视频时长
2025-05-26T06:02:16.325Z [DURATION] 开始获取视频时长: D:\Users\Videos\测试\[12321]SSIS-666.AVI
2025-05-26T06:02:16.325Z [PATH] 尝试获取FFprobe路径
2025-05-26T06:02:16.325Z [LOG] 使用配置的FFprobe路径: D:\code\cursor\looklook\node_modules\ffprobe-static\bin\win32\x64\ffprobe.exe
2025-05-26T06:02:16.325Z [PATH] 使用配置的FFprobe路径: D:\code\cursor\looklook\node_modules\ffprobe-static\bin\win32\x64\ffprobe.exe
2025-05-26T06:02:16.325Z [DURATION] 在开发环境中使用ffprobe路径: D:\code\cursor\looklook\node_modules\ffprobe-static\bin\win32\x64\ffprobe.exe
2025-05-26T06:02:16.325Z [DURATION] 检查ffprobe可执行文件是否存在: true
2025-05-26T06:02:16.326Z [LOG] 执行命令: "D:\code\cursor\looklook\node_modules\ffprobe-static\bin\win32\x64\ffprobe.exe" -v error -show_entries format=duration -of default=noprint_wrappers=1:nokey=1 "D:\Users\Videos\测试\[12321]SSIS-666.AVI"
2025-05-26T06:02:16.326Z [DURATION] 开始执行命令获取时长: "D:\code\cursor\looklook\node_modules\ffprobe-static\bin\win32\x64\ffprobe.exe" -v error -show_entries format=duration -of default=noprint_wrappers=1:nokey=1 "D:\Users\Videos\测试\[12321]SSIS-666.AVI"
2025-05-26T06:02:16.388Z [DURATION] 命令输出: "368.200000"
2025-05-26T06:02:16.388Z [LOG] 成功解析时长: 00:06:08
2025-05-26T06:02:16.389Z [DURATION] 成功解析时长: 00:06:08
2025-05-26T06:02:16.389Z [LOG] 开始生成缩略图，视频路径: D:\Users\Videos\测试\[12321]SSIS-666.AVI
2025-05-26T06:02:16.389Z [LOG] 缩略图输出路径: D:\code\cursor\looklook\userdata\thumbnails\1748239336868-RDpcVXNl.jpg
2025-05-26T06:02:16.389Z [LOG] 生成随机时间点: 00:00:58
2025-05-26T06:02:16.390Z [LOG] 使用直接命令行ffmpeg生成缩略图
2025-05-26T06:02:16.390Z [PATH] 尝试获取FFmpeg路径
2025-05-26T06:02:16.390Z [LOG] 使用配置的FFmpeg路径: D:\code\cursor\looklook\node_modules\ffmpeg-static\ffmpeg.exe
2025-05-26T06:02:16.390Z [PATH] 使用配置的FFmpeg路径: D:\code\cursor\looklook\node_modules\ffmpeg-static\ffmpeg.exe
2025-05-26T06:02:16.390Z [LOG] 将使用时间点 00:00:58 生成缩略图
2025-05-26T06:02:16.390Z [LOG] 执行命令: D:\code\cursor\looklook\node_modules\ffmpeg-static\ffmpeg.exe -ss 00:00:58 -i D:\Users\Videos\测试\[12321]SSIS-666.AVI -vframes 1 -s 320x180 -y D:\code\cursor\looklook\userdata\thumbnails\1748239336868-RDpcVXNl.jpg
2025-05-26T06:02:16.468Z [LOG] 直接ffmpeg成功生成缩略图: D:\code\cursor\looklook\userdata\thumbnails\1748239336868-RDpcVXNl.jpg
2025-05-26T06:02:16.468Z [LOG] 通过直接ffmpeg命令生成缩略图成功
2025-05-26T06:02:16.468Z [LOG] 保存当前批次的 34 个视频到数据库
2025-05-26T06:02:16.470Z [LOG] 通知渲染进程数据已更新
2025-05-26T06:02:16.470Z [LOG] 处理get-videos请求
2025-05-26T06:02:16.470Z [LOG] 通知渲染进程数据已更新
2025-05-26T06:02:16.471Z [LOG] 通知渲染进程数据已更新
2025-05-26T06:02:16.471Z [LOG] 处理get-videos请求
2025-05-26T06:02:16.472Z [LOG] 处理自定义协议请求: app://thumbnail/1748239318412-RDpcVXNl.jpg
2025-05-26T06:02:16.472Z [LOG] 缩略图路径: D:\code\cursor\looklook\userdata\thumbnails\1748239318412-RDpcVXNl.jpg
2025-05-26T06:02:16.472Z [LOG] 处理get-videos请求
2025-05-26T06:02:16.472Z [LOG] 处理自定义协议请求: app://thumbnail/1748239319116-RDpcVXNl.jpg
2025-05-26T06:02:16.473Z [LOG] 缩略图路径: D:\code\cursor\looklook\userdata\thumbnails\1748239319116-RDpcVXNl.jpg
2025-05-26T06:02:16.473Z [LOG] 处理自定义协议请求: app://thumbnail/1748239319784-RDpcVXNl.jpg
2025-05-26T06:02:16.474Z [LOG] 缩略图路径: D:\code\cursor\looklook\userdata\thumbnails\1748239319784-RDpcVXNl.jpg
2025-05-26T06:02:16.474Z [LOG] 通知渲染进程数据已更新
2025-05-26T06:02:16.475Z [LOG] 处理get-videos请求
2025-05-26T06:02:16.475Z [LOG] 通知渲染进程数据已更新
2025-05-26T06:02:16.476Z [LOG] 通知渲染进程数据已更新
2025-05-26T06:02:16.476Z [LOG] 处理get-videos请求
2025-05-26T06:02:16.476Z [LOG] 处理get-videos请求
2025-05-26T06:02:16.477Z [LOG] 处理自定义协议请求: app://thumbnail/1748239320054-RDpcVXNl.jpg
2025-05-26T06:02:16.477Z [LOG] 缩略图路径: D:\code\cursor\looklook\userdata\thumbnails\1748239320054-RDpcVXNl.jpg
2025-05-26T06:02:16.478Z [LOG] 处理自定义协议请求: app://thumbnail/1748239321321-RDpcVXNl.jpg
2025-05-26T06:02:16.478Z [LOG] 缩略图路径: D:\code\cursor\looklook\userdata\thumbnails\1748239321321-RDpcVXNl.jpg
2025-05-26T06:02:16.479Z [LOG] 通知渲染进程数据已更新
2025-05-26T06:02:16.480Z [LOG] 处理自定义协议请求: app://thumbnail/1748239321235-RDpcVXNl.jpg
2025-05-26T06:02:16.480Z [LOG] 缩略图路径: D:\code\cursor\looklook\userdata\thumbnails\1748239321235-RDpcVXNl.jpg
2025-05-26T06:02:16.481Z [LOG] 通知渲染进程数据已更新
2025-05-26T06:02:16.482Z [LOG] 通知渲染进程数据已更新
2025-05-26T06:02:16.482Z [LOG] 通知渲染进程数据已更新
2025-05-26T06:02:16.483Z [LOG] 通知渲染进程数据已更新
2025-05-26T06:02:16.484Z [LOG] 通知渲染进程数据已更新
2025-05-26T06:02:16.485Z [LOG] 通知渲染进程数据已更新
2025-05-26T06:02:16.486Z [LOG] 处理get-videos请求
2025-05-26T06:02:16.486Z [LOG] 处理get-videos请求
2025-05-26T06:02:16.486Z [LOG] 处理get-videos请求
2025-05-26T06:02:16.487Z [LOG] 处理get-videos请求
2025-05-26T06:02:16.487Z [LOG] 处理get-videos请求
2025-05-26T06:02:16.487Z [LOG] 处理get-videos请求
2025-05-26T06:02:16.487Z [LOG] 处理get-videos请求
2025-05-26T06:02:16.488Z [LOG] 通知渲染进程数据已更新
2025-05-26T06:02:16.488Z [LOG] 处理自定义协议请求: app://thumbnail/1748239321161-RDpcVXNl.jpg
2025-05-26T06:02:16.489Z [LOG] 缩略图路径: D:\code\cursor\looklook\userdata\thumbnails\1748239321161-RDpcVXNl.jpg
2025-05-26T06:02:16.489Z [LOG] 处理自定义协议请求: app://thumbnail/1748239322019-RDpcVXNl.jpg
2025-05-26T06:02:16.489Z [LOG] 缩略图路径: D:\code\cursor\looklook\userdata\thumbnails\1748239322019-RDpcVXNl.jpg
2025-05-26T06:02:16.490Z [LOG] 处理自定义协议请求: app://thumbnail/1748239321966-RDpcVXNl.jpg
2025-05-26T06:02:16.490Z [LOG] 缩略图路径: D:\code\cursor\looklook\userdata\thumbnails\1748239321966-RDpcVXNl.jpg
2025-05-26T06:02:16.491Z [LOG] 处理自定义协议请求: app://thumbnail/1748239323009-RDpcVXNl.jpg
2025-05-26T06:02:16.491Z [LOG] 缩略图路径: D:\code\cursor\looklook\userdata\thumbnails\1748239323009-RDpcVXNl.jpg
2025-05-26T06:02:16.491Z [LOG] 处理自定义协议请求: app://thumbnail/1748239323361-RDpcVXNl.jpg
2025-05-26T06:02:16.491Z [LOG] 缩略图路径: D:\code\cursor\looklook\userdata\thumbnails\1748239323361-RDpcVXNl.jpg
2025-05-26T06:02:16.492Z [LOG] 处理自定义协议请求: app://thumbnail/1748239324691-RDpcVXNl.jpg
2025-05-26T06:02:16.492Z [LOG] 缩略图路径: D:\code\cursor\looklook\userdata\thumbnails\1748239324691-RDpcVXNl.jpg
2025-05-26T06:02:16.492Z [LOG] 处理自定义协议请求: app://thumbnail/1748239324886-RDpcVXNl.jpg
2025-05-26T06:02:16.492Z [LOG] 缩略图路径: D:\code\cursor\looklook\userdata\thumbnails\1748239324886-RDpcVXNl.jpg
2025-05-26T06:02:16.493Z [LOG] 通知渲染进程数据已更新
2025-05-26T06:02:16.494Z [LOG] 通知渲染进程数据已更新
2025-05-26T06:02:16.494Z [LOG] 通知渲染进程数据已更新
2025-05-26T06:02:16.495Z [LOG] 通知渲染进程数据已更新
2025-05-26T06:02:16.495Z [LOG] 通知渲染进程数据已更新
2025-05-26T06:02:16.496Z [LOG] 通知渲染进程数据已更新
2025-05-26T06:02:16.497Z [LOG] 通知渲染进程数据已更新
2025-05-26T06:02:16.497Z [LOG] 通知渲染进程数据已更新
2025-05-26T06:02:16.498Z [LOG] 通知渲染进程数据已更新
2025-05-26T06:02:16.499Z [LOG] 处理get-videos请求
2025-05-26T06:02:16.499Z [LOG] 处理get-videos请求
2025-05-26T06:02:16.500Z [LOG] 处理get-videos请求
2025-05-26T06:02:16.500Z [LOG] 通知渲染进程数据已更新
2025-05-26T06:02:16.501Z [LOG] 处理get-videos请求
2025-05-26T06:02:16.501Z [LOG] 处理get-videos请求
2025-05-26T06:02:16.501Z [LOG] 处理get-videos请求
2025-05-26T06:02:16.502Z [LOG] 处理get-videos请求
2025-05-26T06:02:16.502Z [LOG] 处理get-videos请求
2025-05-26T06:02:16.502Z [LOG] 处理get-videos请求
2025-05-26T06:02:16.503Z [LOG] 处理get-videos请求
2025-05-26T06:02:16.503Z [LOG] 通知渲染进程数据已更新
2025-05-26T06:02:16.504Z [LOG] 通知渲染进程数据已更新
2025-05-26T06:02:16.504Z [LOG] 通知渲染进程数据已更新
2025-05-26T06:02:16.505Z [LOG] 通知渲染进程数据已更新
2025-05-26T06:02:16.505Z [LOG] 通知渲染进程数据已更新
2025-05-26T06:02:16.506Z [LOG] 通知渲染进程数据已更新
2025-05-26T06:02:16.507Z [LOG] 通知渲染进程数据已更新
2025-05-26T06:02:16.507Z [LOG] 通知渲染进程数据已更新
2025-05-26T06:02:16.508Z [LOG] 通知渲染进程数据已更新
2025-05-26T06:02:16.508Z [LOG] 通知渲染进程数据已更新
2025-05-26T06:02:16.509Z [LOG] 成功保存批次中的 34 个视频到数据库
2025-05-26T06:02:16.514Z [LOG] 处理自定义协议请求: app://thumbnail/1748239324910-RDpcVXNl.jpg
2025-05-26T06:02:16.515Z [LOG] 缩略图路径: D:\code\cursor\looklook\userdata\thumbnails\1748239324910-RDpcVXNl.jpg
2025-05-26T06:02:16.515Z [LOG] 处理自定义协议请求: app://thumbnail/1748239325611-RDpcVXNl.jpg
2025-05-26T06:02:16.516Z [LOG] 缩略图路径: D:\code\cursor\looklook\userdata\thumbnails\1748239325611-RDpcVXNl.jpg
2025-05-26T06:02:16.516Z [LOG] 处理自定义协议请求: app://thumbnail/1748239326721-RDpcVXNl.jpg
2025-05-26T06:02:16.517Z [LOG] 缩略图路径: D:\code\cursor\looklook\userdata\thumbnails\1748239326721-RDpcVXNl.jpg
2025-05-26T06:02:16.517Z [LOG] 处理自定义协议请求: app://thumbnail/1748239327107-RDpcVXNl.jpg
2025-05-26T06:02:16.517Z [LOG] 缩略图路径: D:\code\cursor\looklook\userdata\thumbnails\1748239327107-RDpcVXNl.jpg
2025-05-26T06:02:16.518Z [LOG] 处理自定义协议请求: app://thumbnail/1748239328726-RDpcVXNl.jpg
2025-05-26T06:02:16.518Z [LOG] 缩略图路径: D:\code\cursor\looklook\userdata\thumbnails\1748239328726-RDpcVXNl.jpg
2025-05-26T06:02:16.518Z [LOG] 处理自定义协议请求: app://thumbnail/1748239328564-RDpcVXNl.jpg
2025-05-26T06:02:16.518Z [LOG] 缩略图路径: D:\code\cursor\looklook\userdata\thumbnails\1748239328564-RDpcVXNl.jpg
2025-05-26T06:02:16.519Z [LOG] 处理自定义协议请求: app://thumbnail/1748239329614-RDpcVXNl.jpg
2025-05-26T06:02:16.519Z [LOG] 缩略图路径: D:\code\cursor\looklook\userdata\thumbnails\1748239329614-RDpcVXNl.jpg
2025-05-26T06:02:16.523Z [LOG] 处理get-videos请求
2025-05-26T06:02:16.546Z [LOG] 处理get-videos请求
2025-05-26T06:02:16.559Z [LOG] 处理get-videos请求
2025-05-26T06:02:16.559Z [LOG] 处理get-videos请求
2025-05-26T06:02:16.560Z [LOG] 处理get-videos请求
2025-05-26T06:02:16.561Z [LOG] 处理get-videos请求
2025-05-26T06:02:16.561Z [LOG] 处理get-videos请求
2025-05-26T06:02:16.562Z [LOG] 处理get-videos请求
2025-05-26T06:02:16.562Z [LOG] 处理get-videos请求
2025-05-26T06:02:16.562Z [LOG] 处理get-videos请求
2025-05-26T06:02:16.563Z [LOG] 处理get-videos请求
2025-05-26T06:02:16.563Z [LOG] 处理get-videos请求
2025-05-26T06:02:16.566Z [LOG] 处理自定义协议请求: app://thumbnail/1748239336868-RDpcVXNl.jpg
2025-05-26T06:02:16.566Z [LOG] 缩略图路径: D:\code\cursor\looklook\userdata\thumbnails\1748239336868-RDpcVXNl.jpg
2025-05-26T06:02:18.654Z [LOG] 处理get-settings请求
2025-05-26T06:02:18.655Z [LOG] 设置已加载
2025-05-26T06:02:19.341Z [LOG] 处理get-enum-values请求: collection
2025-05-26T06:02:19.342Z [LOG] 处理get-enum-values请求: actors
2025-05-26T06:02:19.350Z [LOG] 处理get-enum-values请求: collection
2025-05-26T06:02:19.351Z [LOG] 处理get-enum-values请求: actors
2025-05-26T06:02:23.242Z [LOG] 重新生成缩略图: D:\Users\Videos\测试\IPX-001asdfasd.mp4, 视频ID: 1748239319784-RDpcVXNl
2025-05-26T06:02:23.243Z [LOG] 生成缩略图路径: D:\code\cursor\looklook\userdata\thumbnails\thumbnail_1748239319784-RDpcVXNl_1748239343243_vjputc.jpg
2025-05-26T06:02:23.244Z [LOG] 开始生成缩略图，视频路径: D:\Users\Videos\测试\IPX-001asdfasd.mp4
2025-05-26T06:02:23.244Z [LOG] 缩略图输出路径: D:\code\cursor\looklook\userdata\thumbnails\thumbnail_1748239319784-RDpcVXNl_1748239343243_vjputc.jpg
2025-05-26T06:02:23.244Z [LOG] 生成随机时间点: 00:00:31
2025-05-26T06:02:23.245Z [LOG] 使用直接命令行ffmpeg生成缩略图
2025-05-26T06:02:23.245Z [PATH] 尝试获取FFmpeg路径
2025-05-26T06:02:23.245Z [LOG] 使用配置的FFmpeg路径: D:\code\cursor\looklook\node_modules\ffmpeg-static\ffmpeg.exe
2025-05-26T06:02:23.245Z [PATH] 使用配置的FFmpeg路径: D:\code\cursor\looklook\node_modules\ffmpeg-static\ffmpeg.exe
2025-05-26T06:02:23.245Z [LOG] 将使用时间点 00:00:31 生成缩略图
2025-05-26T06:02:23.246Z [LOG] 执行命令: D:\code\cursor\looklook\node_modules\ffmpeg-static\ffmpeg.exe -ss 00:00:31 -i D:\Users\Videos\测试\IPX-001asdfasd.mp4 -vframes 1 -s 320x180 -y D:\code\cursor\looklook\userdata\thumbnails\thumbnail_1748239319784-RDpcVXNl_1748239343243_vjputc.jpg
2025-05-26T06:02:23.332Z [LOG] 直接ffmpeg成功生成缩略图: D:\code\cursor\looklook\userdata\thumbnails\thumbnail_1748239319784-RDpcVXNl_1748239343243_vjputc.jpg
2025-05-26T06:02:23.332Z [LOG] 通过直接ffmpeg命令生成缩略图成功
2025-05-26T06:02:23.333Z [LOG] 缩略图重新生成成功: app://thumbnail/thumbnail_1748239319784-RDpcVXNl_1748239343243_vjputc.jpg
2025-05-26T06:02:23.334Z [LOG] 处理自定义协议请求: app://thumbnail/thumbnail_1748239319784-RDpcVXNl_1748239343243_vjputc.jpg
2025-05-26T06:02:23.334Z [LOG] 缩略图路径: D:\code\cursor\looklook\userdata\thumbnails\thumbnail_1748239319784-RDpcVXNl_1748239343243_vjputc.jpg
2025-05-26T06:02:26.864Z [LOG] 重新生成缩略图: D:\Users\Videos\测试\IPX-001asdfasd.mp4, 视频ID: 1748239319784-RDpcVXNl
2025-05-26T06:02:26.865Z [LOG] 生成缩略图路径: D:\code\cursor\looklook\userdata\thumbnails\thumbnail_1748239319784-RDpcVXNl_1748239346865_j667ne.jpg
2025-05-26T06:02:26.866Z [LOG] 开始生成缩略图，视频路径: D:\Users\Videos\测试\IPX-001asdfasd.mp4
2025-05-26T06:02:26.867Z [LOG] 缩略图输出路径: D:\code\cursor\looklook\userdata\thumbnails\thumbnail_1748239319784-RDpcVXNl_1748239346865_j667ne.jpg
2025-05-26T06:02:26.868Z [LOG] 生成随机时间点: 00:00:50
2025-05-26T06:02:26.869Z [LOG] 使用直接命令行ffmpeg生成缩略图
2025-05-26T06:02:26.869Z [PATH] 尝试获取FFmpeg路径
2025-05-26T06:02:26.870Z [LOG] 使用配置的FFmpeg路径: D:\code\cursor\looklook\node_modules\ffmpeg-static\ffmpeg.exe
2025-05-26T06:02:26.871Z [PATH] 使用配置的FFmpeg路径: D:\code\cursor\looklook\node_modules\ffmpeg-static\ffmpeg.exe
2025-05-26T06:02:26.871Z [LOG] 将使用时间点 00:00:50 生成缩略图
2025-05-26T06:02:26.872Z [LOG] 执行命令: D:\code\cursor\looklook\node_modules\ffmpeg-static\ffmpeg.exe -ss 00:00:50 -i D:\Users\Videos\测试\IPX-001asdfasd.mp4 -vframes 1 -s 320x180 -y D:\code\cursor\looklook\userdata\thumbnails\thumbnail_1748239319784-RDpcVXNl_1748239346865_j667ne.jpg
2025-05-26T06:02:26.964Z [LOG] 直接ffmpeg成功生成缩略图: D:\code\cursor\looklook\userdata\thumbnails\thumbnail_1748239319784-RDpcVXNl_1748239346865_j667ne.jpg
2025-05-26T06:02:26.965Z [LOG] 通过直接ffmpeg命令生成缩略图成功
2025-05-26T06:02:26.965Z [LOG] 缩略图重新生成成功: app://thumbnail/thumbnail_1748239319784-RDpcVXNl_1748239346865_j667ne.jpg
2025-05-26T06:02:26.966Z [LOG] 处理自定义协议请求: app://thumbnail/thumbnail_1748239319784-RDpcVXNl_1748239346865_j667ne.jpg
2025-05-26T06:02:26.966Z [LOG] 缩略图路径: D:\code\cursor\looklook\userdata\thumbnails\thumbnail_1748239319784-RDpcVXNl_1748239346865_j667ne.jpg
2025-05-26T06:02:33.207Z [LOG] 删除缩略图: app://thumbnail/thumbnail_1748239319784-RDpcVXNl_1748239343243_vjputc.jpg
2025-05-26T06:02:33.209Z [LOG] 缩略图已成功删除: D:\code\cursor\looklook\userdata\thumbnails\thumbnail_1748239319784-RDpcVXNl_1748239343243_vjputc.jpg
2025-05-26T06:02:33.214Z [LOG] 删除缩略图: app://thumbnail/thumbnail_1748239319784-RDpcVXNl_1748239346865_j667ne.jpg
2025-05-26T06:02:33.215Z [LOG] 缩略图已成功删除: D:\code\cursor\looklook\userdata\thumbnails\thumbnail_1748239319784-RDpcVXNl_1748239346865_j667ne.jpg
2025-05-26T06:02:34.242Z [LOG] 处理get-enum-values请求: collection
2025-05-26T06:02:34.243Z [LOG] 处理get-enum-values请求: actors
2025-05-26T06:02:52.161Z 日志开始 - 2025-05-26T06:02:52.161Z - 应用版本: 2.1.2 - 运行环境: 开发环境
2025-05-26T06:02:52.162Z 系统信息: win32 x64 - Node.js 18.18.2
2025-05-26T06:02:52.162Z App路径: D:\code\cursor\looklook
2025-05-26T06:02:52.162Z 可执行文件路径: D:\code\cursor\looklook\node_modules\electron\dist\electron.exe
2025-05-26T06:02:52.162Z [LOG] 日志文件已创建: D:\code\cursor\looklook\userdata\logs\app-2025-05-26.log
2025-05-26T06:02:52.163Z [ERROR] 设置控制台编码失败: process.stdout.setEncoding is not a function
2025-05-26T06:02:52.163Z [LOG] 应用准备就绪
2025-05-26T06:02:52.163Z [ENV] 运行模式: 开发环境
2025-05-26T06:02:52.163Z [ENV] 应用路径: D:\code\cursor\looklook
2025-05-26T06:02:52.164Z [ENV] 可执行文件路径: D:\code\cursor\looklook\node_modules\electron\dist\electron.exe
2025-05-26T06:02:52.164Z [ENV] 用户数据路径: D:\code\cursor\looklook\userdata
2025-05-26T06:02:52.164Z [FFMPEG_COPY] 开发环境中无需复制FFmpeg和FFprobe
2025-05-26T06:02:52.164Z [LOG] 用户数据目录: D:\code\cursor\looklook\userdata
2025-05-26T06:02:52.165Z [LOG] 缩略图目录: D:\code\cursor\looklook\userdata\thumbnails
2025-05-26T06:02:52.165Z [LOG] 设置文件已存在，无需创建默认设置
2025-05-26T06:02:52.168Z [LOG] 打包状态: 开发环境
2025-05-26T06:02:52.168Z [LOG] App Path: D:\code\cursor\looklook
2025-05-26T06:02:52.169Z [LOG] Exe Path: D:\code\cursor\looklook\node_modules\electron\dist\electron.exe
2025-05-26T06:02:52.169Z [LOG] 应用目录: D:\code\cursor\looklook\node_modules\electron\dist
2025-05-26T06:02:52.170Z [LOG] 资源目录: D:\code\cursor\looklook\node_modules\electron\dist\resources
2025-05-26T06:02:52.170Z [TEST] 开始测试FFmpeg和FFprobe可执行性
2025-05-26T06:02:52.171Z [TEST] 打包状态: 开发环境
2025-05-26T06:02:52.171Z [TEST] App路径: D:\code\cursor\looklook
2025-05-26T06:02:52.171Z [TEST] 可执行文件路径: D:\code\cursor\looklook\node_modules\electron\dist\electron.exe
2025-05-26T06:02:52.171Z [TEST] 应用目录: D:\code\cursor\looklook\node_modules\electron\dist
2025-05-26T06:02:52.171Z [TEST] 资源目录: D:\code\cursor\looklook\node_modules\electron\dist\resources
2025-05-26T06:02:52.172Z [LOG] 检查node_modules路径: D:\code\cursor\looklook\node_modules\electron\dist\resources\node_modules, 存在: false
2025-05-26T06:02:52.172Z [TEST] 检查node_modules路径: D:\code\cursor\looklook\node_modules\electron\dist\resources\node_modules, 存在: false
2025-05-26T06:02:52.172Z [LOG] 检查node_modules路径: D:\code\cursor\looklook\node_modules\electron\dist\node_modules, 存在: false
2025-05-26T06:02:52.173Z [TEST] 检查node_modules路径: D:\code\cursor\looklook\node_modules\electron\dist\node_modules, 存在: false
2025-05-26T06:02:52.173Z [LOG] 检查node_modules路径: D:\code\cursor\looklook\node_modules, 存在: true
2025-05-26T06:02:52.173Z [TEST] 检查node_modules路径: D:\code\cursor\looklook\node_modules, 存在: true
2025-05-26T06:02:52.173Z [TEST] D:\code\cursor\looklook\node_modules 中内容: .bin, .package-lock.json, 7zip-bin, @derhuerst, @develar, @electron, @isaacs, @malept, @pkgjs, @sindresorhus, @szmarczak, @tootallnate, @types, @xmldom, agent-base, ajv, ajv-formats, ajv-keywords, ansi-regex, ansi-styles, app-builder-bin, app-builder-lib, archiver, archiver-utils, argparse, async, async-exit-hook, asynckit, at-least-node, atomically, balanced-match, base64-js, binary-search-tree, bl, bluebird, bluebird-lst, boolean, brace-expansion, buffer, buffer-crc32, buffer-equal, buffer-from, builder-util, builder-util-runtime, cacheable-lookup, cacheable-request, call-bind-apply-helpers, caseless, chalk, chownr, chromium-pickle-js, ci-info, cliui, clone-response, color-convert, color-name, combined-stream, commander, compare-version, compress-commons, concat-map, concat-stream, conf, config-file-ts, core-util-is, crc-32, crc32-stream, cross-spawn, debounce-fn, debug, decompress-response, defer-to-connect, define-data-property, define-properties, delayed-stream, detect-node, dir-compare, dmg-builder, dot-prop, dotenv, dotenv-expand, dunder-proto, eastasianwidth, ejs, electron, electron-builder, electron-builder-squirrel-windows, electron-publish, electron-store, emoji-regex, end-of-stream, env-paths, err-code, es-define-property, es-errors, es-object-atoms, es-set-tostringtag, es6-error, escalade, escape-string-regexp, extract-zip, fast-deep-equal, fast-json-stable-stringify, fast-uri, fd-slicer, ffmpeg-static, ffprobe-static, filelist, fluent-ffmpeg, foreground-child, form-data, fs-constants, fs-extra, fs-minipass, fs.realpath, function-bind, get-caller-file, get-intrinsic, get-proto, get-stream, glob, global-agent, globalthis, gopd, got, graceful-fs, has-flag, has-property-descriptors, has-symbols, has-tostringtag, hasown, hosted-git-info, http-cache-semantics, http-proxy-agent, http-response-object, http2-wrapper, https-proxy-agent, iconv-lite, ieee754, immediate, inflight, inherits, is-ci, is-fullwidth-code-point, isarray, isbinaryfile, isexe, jackspeak, jake, js-yaml, json-buffer, json-schema-traverse, json-schema-typed, json-stringify-safe, json5, jsonfile, keyv, lazy-val, lazystream, lie, localforage, lodash, lodash.defaults, lodash.difference, lodash.flatten, lodash.isplainobject, lodash.union, lowercase-keys, lru-cache, matcher, math-intrinsics, mime, mime-db, mime-types, mimic-function, mimic-response, minimatch, minimist, minipass, minizlib, mkdirp, ms, nedb, normalize-path, normalize-url, object-keys, once, p-cancelable, package-json-from-dist, parse-cache-control, path-is-absolute, path-key, path-scurry, pend, plist, process-nextick-args, progress, promise-retry, pump, punycode, quick-lru, read-config-file, readable-stream, readdir-glob, require-directory, require-from-string, resolve-alpn, responselike, retry, rimraf, roarr, safe-buffer, safer-buffer, sanitize-filename, sax, semver, semver-compare, serialize-error, shebang-command, shebang-regex, signal-exit, simple-update-notifier, source-map, source-map-support, sprintf-js, stat-mode, string-width, string-width-cjs, string_decoder, strip-ansi, strip-ansi-cjs, stubborn-fs, sumchecker, supports-color, tar, tar-stream, temp-file, tmp, tmp-promise, truncate-utf8-bytes, type-fest, typedarray, typescript, uint8array-extras, underscore, undici-types, universalify, uri-js, utf8-byte-length, util-deprecate, when-exit, which, wrap-ansi, wrap-ansi-cjs, wrappy, xmlbuilder, y18n, yallist, yargs, yargs-parser, yauzl, zip-stream
2025-05-26T06:02:52.173Z [TEST] ffmpeg-static存在于 D:\code\cursor\looklook\node_modules\ffmpeg-static
2025-05-26T06:02:52.174Z [TEST] ffmpeg-static内容: example.js, ffmpeg.exe, index.js, install.js, LICENSE, package.json, README.md, types
2025-05-26T06:02:52.174Z [TEST] ffprobe-static存在于 D:\code\cursor\looklook\node_modules\ffprobe-static
2025-05-26T06:02:52.174Z [TEST] ffprobe-static内容: bin, index.js, LICENSE, package.json, README.md, tests
2025-05-26T06:02:52.174Z [TEST] ffprobe-static/bin内容: darwin, linux, win32
2025-05-26T06:02:52.174Z [TEST] ffprobe-static/bin/win32内容: ia32, x64
2025-05-26T06:02:52.174Z [TEST] ffprobe-static/bin/win32/x64内容: ffprobe.exe
2025-05-26T06:02:52.175Z [LOG] 测试FFmpeg可执行性...
2025-05-26T06:02:52.175Z [TEST] 开始测试FFmpeg可执行性
2025-05-26T06:02:52.175Z [LOG] FFmpeg文件存在: D:\code\cursor\looklook\node_modules\ffmpeg-static\ffmpeg.exe
2025-05-26T06:02:52.175Z [TEST] FFmpeg文件存在: D:\code\cursor\looklook\node_modules\ffmpeg-static\ffmpeg.exe
2025-05-26T06:02:52.175Z [LOG] FFmpeg有执行权限
2025-05-26T06:02:52.176Z [TEST] FFmpeg有执行权限
2025-05-26T06:02:52.205Z [LOG] 测试FFprobe可执行性...
2025-05-26T06:02:52.206Z [LOG] FFprobe文件存在: D:\code\cursor\looklook\node_modules\ffprobe-static\bin\win32\x64\ffprobe.exe
2025-05-26T06:02:52.206Z [LOG] FFprobe有执行权限
2025-05-26T06:02:52.266Z [LOG] 注册IPC事件处理程序...
2025-05-26T06:02:52.267Z [LOG] IPC事件处理程序注册完成
2025-05-26T06:02:52.271Z [LOG] FFprobe执行测试成功: ffprobe version 4.0.2 Copyright (c) 2007-2018 the FFmpeg developers
2025-05-26T06:02:52.272Z [LOG] FFmpeg执行测试成功: ffmpeg version 7.1.1-essentials_build-www.gyan.dev Copyright (c) 2000-2025 the FFmpeg developers
2025-05-26T06:02:52.272Z [TEST] FFmpeg执行测试成功: ffmpeg version 7.1.1-essentials_build-www.gyan.dev Copyright (c) 2000-2025 the FFmpeg developers
2025-05-26T06:02:52.272Z [LOG] FFprobe执行测试成功: ffprobe version 4.0.2 Copyright (c) 2007-2018 the FFmpeg developers
2025-05-26T06:02:52.272Z [LOG] FFmpeg执行测试成功: ffmpeg version 7.1.1-essentials_build-www.gyan.dev Copyright (c) 2000-2025 the FFmpeg developers
2025-05-26T06:02:52.273Z [TEST] FFmpeg执行测试成功: ffmpeg version 7.1.1-essentials_build-www.gyan.dev Copyright (c) 2000-2025 the FFmpeg developers
2025-05-26T06:02:52.304Z [LOG] 已加载 34 个视频记录
2025-05-26T06:02:52.304Z [LOG] 开始检查是否存在重复视频记录...
2025-05-26T06:02:52.305Z [LOG] 没有发现重复视频记录
2025-05-26T06:02:52.306Z [LOG] 已加载枚举值[collection]: 5个
2025-05-26T06:02:52.306Z [LOG] 已加载枚举值[actors]: 1个
2025-05-26T06:02:52.307Z [LOG] 开始检查 34 个视频文件是否存在...
2025-05-26T06:02:52.338Z [LOG] 视频文件检查完成，共检查 34 个文件，发现 0 个问题
2025-05-26T06:02:52.338Z [LOG] 开始清理无效预览图...
2025-05-26T06:02:52.339Z [CLEANUP] 开始清理无效预览图
2025-05-26T06:02:52.339Z [LOG] 发现 34 个预览图文件
2025-05-26T06:02:52.339Z [CLEANUP] 发现 34 个预览图文件
2025-05-26T06:02:52.339Z [LOG] 从数据库获取到 34 个视频记录
2025-05-26T06:02:52.340Z [CLEANUP] 从数据库获取到 34 个视频记录
2025-05-26T06:02:52.340Z [LOG] 数据库中有 34 个有效的预览图引用
2025-05-26T06:02:52.340Z [CLEANUP] 数据库中有 34 个有效的预览图引用
2025-05-26T06:02:52.341Z [LOG] 没有发现无效的预览图文件
2025-05-26T06:02:52.341Z [CLEANUP] 没有发现无效的预览图文件
2025-05-26T06:02:52.341Z [LOG] 数据库模块初始化完成
2025-05-26T06:02:52.439Z [LOG] 处理get-videos请求
2025-05-26T06:02:52.445Z [LOG] 处理get-enum-values请求: collection
2025-05-26T06:02:52.446Z [LOG] 处理get-enum-values请求: actors
2025-05-26T06:02:52.460Z [LOG] 处理自定义协议请求: app://thumbnail/1748239336868-RDpcVXNl.jpg
2025-05-26T06:02:52.461Z [LOG] 缩略图路径: D:\code\cursor\looklook\userdata\thumbnails\1748239336868-RDpcVXNl.jpg
2025-05-26T06:02:52.462Z [LOG] 处理自定义协议请求: app://thumbnail/1748239318412-RDpcVXNl.jpg
2025-05-26T06:02:52.463Z [LOG] 缩略图路径: D:\code\cursor\looklook\userdata\thumbnails\1748239318412-RDpcVXNl.jpg
2025-05-26T06:02:52.465Z [LOG] 处理自定义协议请求: app://thumbnail/1748239319116-RDpcVXNl.jpg
2025-05-26T06:02:52.465Z [LOG] 缩略图路径: D:\code\cursor\looklook\userdata\thumbnails\1748239319116-RDpcVXNl.jpg
2025-05-26T06:02:52.466Z [LOG] 处理自定义协议请求: app://thumbnail/1748239319784-RDpcVXNl.jpg
2025-05-26T06:02:52.467Z [LOG] 缩略图路径: D:\code\cursor\looklook\userdata\thumbnails\1748239319784-RDpcVXNl.jpg
2025-05-26T06:02:52.468Z [LOG] 处理自定义协议请求: app://thumbnail/1748239320054-RDpcVXNl.jpg
2025-05-26T06:02:52.469Z [LOG] 缩略图路径: D:\code\cursor\looklook\userdata\thumbnails\1748239320054-RDpcVXNl.jpg
2025-05-26T06:02:52.470Z [LOG] 处理自定义协议请求: app://thumbnail/1748239321321-RDpcVXNl.jpg
2025-05-26T06:02:52.470Z [LOG] 缩略图路径: D:\code\cursor\looklook\userdata\thumbnails\1748239321321-RDpcVXNl.jpg
2025-05-26T06:02:52.472Z [LOG] 处理自定义协议请求: app://thumbnail/1748239321235-RDpcVXNl.jpg
2025-05-26T06:02:52.473Z [LOG] 缩略图路径: D:\code\cursor\looklook\userdata\thumbnails\1748239321235-RDpcVXNl.jpg
2025-05-26T06:02:52.473Z [LOG] 处理自定义协议请求: app://thumbnail/1748239321161-RDpcVXNl.jpg
2025-05-26T06:02:52.474Z [LOG] 缩略图路径: D:\code\cursor\looklook\userdata\thumbnails\1748239321161-RDpcVXNl.jpg
2025-05-26T06:02:52.474Z [LOG] 处理自定义协议请求: app://thumbnail/1748239322019-RDpcVXNl.jpg
2025-05-26T06:02:52.475Z [LOG] 缩略图路径: D:\code\cursor\looklook\userdata\thumbnails\1748239322019-RDpcVXNl.jpg
2025-05-26T06:02:52.475Z [LOG] 处理自定义协议请求: app://thumbnail/1748239321966-RDpcVXNl.jpg
2025-05-26T06:02:52.476Z [LOG] 缩略图路径: D:\code\cursor\looklook\userdata\thumbnails\1748239321966-RDpcVXNl.jpg
2025-05-26T06:02:52.476Z [LOG] 处理自定义协议请求: app://thumbnail/1748239323009-RDpcVXNl.jpg
2025-05-26T06:02:52.477Z [LOG] 缩略图路径: D:\code\cursor\looklook\userdata\thumbnails\1748239323009-RDpcVXNl.jpg
2025-05-26T06:02:52.477Z [LOG] 处理自定义协议请求: app://thumbnail/1748239323361-RDpcVXNl.jpg
2025-05-26T06:02:52.478Z [LOG] 缩略图路径: D:\code\cursor\looklook\userdata\thumbnails\1748239323361-RDpcVXNl.jpg
2025-05-26T06:02:52.478Z [LOG] 处理自定义协议请求: app://thumbnail/1748239324691-RDpcVXNl.jpg
2025-05-26T06:02:52.479Z [LOG] 缩略图路径: D:\code\cursor\looklook\userdata\thumbnails\1748239324691-RDpcVXNl.jpg
2025-05-26T06:02:52.481Z [LOG] 处理自定义协议请求: app://thumbnail/1748239324886-RDpcVXNl.jpg
2025-05-26T06:02:52.482Z [LOG] 缩略图路径: D:\code\cursor\looklook\userdata\thumbnails\1748239324886-RDpcVXNl.jpg
2025-05-26T06:02:52.482Z [LOG] 处理自定义协议请求: app://thumbnail/1748239324910-RDpcVXNl.jpg
2025-05-26T06:02:52.483Z [LOG] 缩略图路径: D:\code\cursor\looklook\userdata\thumbnails\1748239324910-RDpcVXNl.jpg
2025-05-26T06:02:52.483Z [LOG] 处理自定义协议请求: app://thumbnail/1748239325611-RDpcVXNl.jpg
2025-05-26T06:02:52.484Z [LOG] 缩略图路径: D:\code\cursor\looklook\userdata\thumbnails\1748239325611-RDpcVXNl.jpg
2025-05-26T06:02:52.484Z [LOG] 处理自定义协议请求: app://thumbnail/1748239326721-RDpcVXNl.jpg
2025-05-26T06:02:52.485Z [LOG] 缩略图路径: D:\code\cursor\looklook\userdata\thumbnails\1748239326721-RDpcVXNl.jpg
2025-05-26T06:02:52.485Z [LOG] 处理自定义协议请求: app://thumbnail/1748239327107-RDpcVXNl.jpg
2025-05-26T06:02:52.485Z [LOG] 缩略图路径: D:\code\cursor\looklook\userdata\thumbnails\1748239327107-RDpcVXNl.jpg
2025-05-26T06:02:52.486Z [LOG] 处理自定义协议请求: app://thumbnail/1748239328726-RDpcVXNl.jpg
2025-05-26T06:02:52.486Z [LOG] 缩略图路径: D:\code\cursor\looklook\userdata\thumbnails\1748239328726-RDpcVXNl.jpg
2025-05-26T06:02:52.487Z [LOG] 处理自定义协议请求: app://thumbnail/1748239328564-RDpcVXNl.jpg
2025-05-26T06:02:52.488Z [LOG] 缩略图路径: D:\code\cursor\looklook\userdata\thumbnails\1748239328564-RDpcVXNl.jpg
2025-05-26T06:02:52.488Z [LOG] 处理get-enum-values请求: collection
2025-05-26T06:02:52.489Z [LOG] 处理get-enum-values请求: actors
2025-05-26T06:02:54.149Z [LOG] 处理get-settings请求
2025-05-26T06:02:54.150Z [LOG] 设置已加载
2025-05-26T06:02:54.952Z [LOG] 处理get-enum-values请求: collection
2025-05-26T06:02:54.953Z [LOG] 处理get-enum-values请求: actors
2025-05-26T06:02:54.954Z [LOG] 处理get-enum-values请求: collection
2025-05-26T06:02:54.955Z [LOG] 处理get-enum-values请求: actors
2025-05-26T06:02:54.962Z [LOG] 处理自定义协议请求: app://thumbnail/1748239318412-RDpcVXNl.jpg
2025-05-26T06:02:54.963Z [LOG] 缩略图路径: D:\code\cursor\looklook\userdata\thumbnails\1748239318412-RDpcVXNl.jpg
2025-05-26T06:02:56.828Z [LOG] 重新生成缩略图: D:\Users\Videos\测试\153151IPZZ-005.AVI, 视频ID: 1748239318412-RDpcVXNl
2025-05-26T06:02:56.829Z [LOG] 生成缩略图路径: D:\code\cursor\looklook\userdata\thumbnails\thumbnail_1748239318412-RDpcVXNl_1748239376829_sgdbr3.jpg
2025-05-26T06:02:56.830Z [LOG] 开始生成缩略图，视频路径: D:\Users\Videos\测试\153151IPZZ-005.AVI
2025-05-26T06:02:56.830Z [LOG] 缩略图输出路径: D:\code\cursor\looklook\userdata\thumbnails\thumbnail_1748239318412-RDpcVXNl_1748239376829_sgdbr3.jpg
2025-05-26T06:02:56.830Z [LOG] 生成随机时间点: 00:00:10
2025-05-26T06:02:56.831Z [LOG] 使用直接命令行ffmpeg生成缩略图
2025-05-26T06:02:56.831Z [PATH] 尝试获取FFmpeg路径
2025-05-26T06:02:56.831Z [LOG] 使用配置的FFmpeg路径: D:\code\cursor\looklook\node_modules\ffmpeg-static\ffmpeg.exe
2025-05-26T06:02:56.832Z [PATH] 使用配置的FFmpeg路径: D:\code\cursor\looklook\node_modules\ffmpeg-static\ffmpeg.exe
2025-05-26T06:02:56.832Z [LOG] 将使用时间点 00:00:10 生成缩略图
2025-05-26T06:02:56.832Z [LOG] 执行命令: D:\code\cursor\looklook\node_modules\ffmpeg-static\ffmpeg.exe -ss 00:00:10 -i D:\Users\Videos\测试\153151IPZZ-005.AVI -vframes 1 -s 320x180 -y D:\code\cursor\looklook\userdata\thumbnails\thumbnail_1748239318412-RDpcVXNl_1748239376829_sgdbr3.jpg
2025-05-26T06:02:56.910Z [LOG] 直接ffmpeg成功生成缩略图: D:\code\cursor\looklook\userdata\thumbnails\thumbnail_1748239318412-RDpcVXNl_1748239376829_sgdbr3.jpg
2025-05-26T06:02:56.911Z [LOG] 通过直接ffmpeg命令生成缩略图成功
2025-05-26T06:02:56.911Z [LOG] 缩略图重新生成成功: app://thumbnail/thumbnail_1748239318412-RDpcVXNl_1748239376829_sgdbr3.jpg
2025-05-26T06:02:56.921Z [LOG] 处理自定义协议请求: app://thumbnail/thumbnail_1748239318412-RDpcVXNl_1748239376829_sgdbr3.jpg
2025-05-26T06:02:56.922Z [LOG] 缩略图路径: D:\code\cursor\looklook\userdata\thumbnails\thumbnail_1748239318412-RDpcVXNl_1748239376829_sgdbr3.jpg
2025-05-26T06:02:57.524Z [LOG] 重新生成缩略图: D:\Users\Videos\测试\153151IPZZ-005.AVI, 视频ID: 1748239318412-RDpcVXNl
2025-05-26T06:02:57.526Z [LOG] 生成缩略图路径: D:\code\cursor\looklook\userdata\thumbnails\thumbnail_1748239318412-RDpcVXNl_1748239377525_aplbj8.jpg
2025-05-26T06:02:57.526Z [LOG] 开始生成缩略图，视频路径: D:\Users\Videos\测试\153151IPZZ-005.AVI
2025-05-26T06:02:57.527Z [LOG] 缩略图输出路径: D:\code\cursor\looklook\userdata\thumbnails\thumbnail_1748239318412-RDpcVXNl_1748239377525_aplbj8.jpg
2025-05-26T06:02:57.528Z [LOG] 生成随机时间点: 00:00:50
2025-05-26T06:02:57.528Z [LOG] 使用直接命令行ffmpeg生成缩略图
2025-05-26T06:02:57.529Z [PATH] 尝试获取FFmpeg路径
2025-05-26T06:02:57.529Z [LOG] 使用配置的FFmpeg路径: D:\code\cursor\looklook\node_modules\ffmpeg-static\ffmpeg.exe
2025-05-26T06:02:57.530Z [PATH] 使用配置的FFmpeg路径: D:\code\cursor\looklook\node_modules\ffmpeg-static\ffmpeg.exe
2025-05-26T06:02:57.530Z [LOG] 将使用时间点 00:00:50 生成缩略图
2025-05-26T06:02:57.531Z [LOG] 执行命令: D:\code\cursor\looklook\node_modules\ffmpeg-static\ffmpeg.exe -ss 00:00:50 -i D:\Users\Videos\测试\153151IPZZ-005.AVI -vframes 1 -s 320x180 -y D:\code\cursor\looklook\userdata\thumbnails\thumbnail_1748239318412-RDpcVXNl_1748239377525_aplbj8.jpg
2025-05-26T06:02:57.624Z [LOG] 直接ffmpeg成功生成缩略图: D:\code\cursor\looklook\userdata\thumbnails\thumbnail_1748239318412-RDpcVXNl_1748239377525_aplbj8.jpg
2025-05-26T06:02:57.624Z [LOG] 通过直接ffmpeg命令生成缩略图成功
2025-05-26T06:02:57.624Z [LOG] 缩略图重新生成成功: app://thumbnail/thumbnail_1748239318412-RDpcVXNl_1748239377525_aplbj8.jpg
2025-05-26T06:02:57.641Z [LOG] 处理自定义协议请求: app://thumbnail/thumbnail_1748239318412-RDpcVXNl_1748239377525_aplbj8.jpg
2025-05-26T06:02:57.642Z [LOG] 缩略图路径: D:\code\cursor\looklook\userdata\thumbnails\thumbnail_1748239318412-RDpcVXNl_1748239377525_aplbj8.jpg
2025-05-26T06:02:58.144Z [LOG] 重新生成缩略图: D:\Users\Videos\测试\153151IPZZ-005.AVI, 视频ID: 1748239318412-RDpcVXNl
2025-05-26T06:02:58.145Z [LOG] 生成缩略图路径: D:\code\cursor\looklook\userdata\thumbnails\thumbnail_1748239318412-RDpcVXNl_1748239378144_rqmn6f.jpg
2025-05-26T06:02:58.146Z [LOG] 开始生成缩略图，视频路径: D:\Users\Videos\测试\153151IPZZ-005.AVI
2025-05-26T06:02:58.147Z [LOG] 缩略图输出路径: D:\code\cursor\looklook\userdata\thumbnails\thumbnail_1748239318412-RDpcVXNl_1748239378144_rqmn6f.jpg
2025-05-26T06:02:58.148Z [LOG] 生成随机时间点: 00:00:33
2025-05-26T06:02:58.149Z [LOG] 使用直接命令行ffmpeg生成缩略图
2025-05-26T06:02:58.149Z [PATH] 尝试获取FFmpeg路径
2025-05-26T06:02:58.150Z [LOG] 使用配置的FFmpeg路径: D:\code\cursor\looklook\node_modules\ffmpeg-static\ffmpeg.exe
2025-05-26T06:02:58.151Z [PATH] 使用配置的FFmpeg路径: D:\code\cursor\looklook\node_modules\ffmpeg-static\ffmpeg.exe
2025-05-26T06:02:58.151Z [LOG] 将使用时间点 00:00:33 生成缩略图
2025-05-26T06:02:58.152Z [LOG] 执行命令: D:\code\cursor\looklook\node_modules\ffmpeg-static\ffmpeg.exe -ss 00:00:33 -i D:\Users\Videos\测试\153151IPZZ-005.AVI -vframes 1 -s 320x180 -y D:\code\cursor\looklook\userdata\thumbnails\thumbnail_1748239318412-RDpcVXNl_1748239378144_rqmn6f.jpg
2025-05-26T06:02:58.258Z [LOG] 直接ffmpeg成功生成缩略图: D:\code\cursor\looklook\userdata\thumbnails\thumbnail_1748239318412-RDpcVXNl_1748239378144_rqmn6f.jpg
2025-05-26T06:02:58.258Z [LOG] 通过直接ffmpeg命令生成缩略图成功
2025-05-26T06:02:58.258Z [LOG] 缩略图重新生成成功: app://thumbnail/thumbnail_1748239318412-RDpcVXNl_1748239378144_rqmn6f.jpg
2025-05-26T06:02:58.261Z [LOG] 处理自定义协议请求: app://thumbnail/thumbnail_1748239318412-RDpcVXNl_1748239378144_rqmn6f.jpg
2025-05-26T06:02:58.262Z [LOG] 缩略图路径: D:\code\cursor\looklook\userdata\thumbnails\thumbnail_1748239318412-RDpcVXNl_1748239378144_rqmn6f.jpg
2025-05-26T06:02:58.887Z [LOG] 重新生成缩略图: D:\Users\Videos\测试\153151IPZZ-005.AVI, 视频ID: 1748239318412-RDpcVXNl
2025-05-26T06:02:58.889Z [LOG] 生成缩略图路径: D:\code\cursor\looklook\userdata\thumbnails\thumbnail_1748239318412-RDpcVXNl_1748239378888_78wl2n.jpg
2025-05-26T06:02:58.890Z [LOG] 开始生成缩略图，视频路径: D:\Users\Videos\测试\153151IPZZ-005.AVI
2025-05-26T06:02:58.890Z [LOG] 缩略图输出路径: D:\code\cursor\looklook\userdata\thumbnails\thumbnail_1748239318412-RDpcVXNl_1748239378888_78wl2n.jpg
2025-05-26T06:02:58.892Z [LOG] 生成随机时间点: 00:00:54
2025-05-26T06:02:58.893Z [LOG] 使用直接命令行ffmpeg生成缩略图
2025-05-26T06:02:58.893Z [PATH] 尝试获取FFmpeg路径
2025-05-26T06:02:58.894Z [LOG] 使用配置的FFmpeg路径: D:\code\cursor\looklook\node_modules\ffmpeg-static\ffmpeg.exe
2025-05-26T06:02:58.894Z [PATH] 使用配置的FFmpeg路径: D:\code\cursor\looklook\node_modules\ffmpeg-static\ffmpeg.exe
2025-05-26T06:02:58.895Z [LOG] 将使用时间点 00:00:54 生成缩略图
2025-05-26T06:02:58.896Z [LOG] 执行命令: D:\code\cursor\looklook\node_modules\ffmpeg-static\ffmpeg.exe -ss 00:00:54 -i D:\Users\Videos\测试\153151IPZZ-005.AVI -vframes 1 -s 320x180 -y D:\code\cursor\looklook\userdata\thumbnails\thumbnail_1748239318412-RDpcVXNl_1748239378888_78wl2n.jpg
2025-05-26T06:02:58.993Z [LOG] 直接ffmpeg成功生成缩略图: D:\code\cursor\looklook\userdata\thumbnails\thumbnail_1748239318412-RDpcVXNl_1748239378888_78wl2n.jpg
2025-05-26T06:02:58.993Z [LOG] 通过直接ffmpeg命令生成缩略图成功
2025-05-26T06:02:58.994Z [LOG] 缩略图重新生成成功: app://thumbnail/thumbnail_1748239318412-RDpcVXNl_1748239378888_78wl2n.jpg
2025-05-26T06:02:59.002Z [LOG] 处理自定义协议请求: app://thumbnail/thumbnail_1748239318412-RDpcVXNl_1748239378888_78wl2n.jpg
2025-05-26T06:02:59.002Z [LOG] 缩略图路径: D:\code\cursor\looklook\userdata\thumbnails\thumbnail_1748239318412-RDpcVXNl_1748239378888_78wl2n.jpg
2025-05-26T06:02:59.609Z [LOG] 重新生成缩略图: D:\Users\Videos\测试\153151IPZZ-005.AVI, 视频ID: 1748239318412-RDpcVXNl
2025-05-26T06:02:59.610Z [LOG] 生成缩略图路径: D:\code\cursor\looklook\userdata\thumbnails\thumbnail_1748239318412-RDpcVXNl_1748239379610_7vr5cv.jpg
2025-05-26T06:02:59.611Z [LOG] 开始生成缩略图，视频路径: D:\Users\Videos\测试\153151IPZZ-005.AVI
2025-05-26T06:02:59.612Z [LOG] 缩略图输出路径: D:\code\cursor\looklook\userdata\thumbnails\thumbnail_1748239318412-RDpcVXNl_1748239379610_7vr5cv.jpg
2025-05-26T06:02:59.613Z [LOG] 生成随机时间点: 00:00:41
2025-05-26T06:02:59.614Z [LOG] 使用直接命令行ffmpeg生成缩略图
2025-05-26T06:02:59.614Z [PATH] 尝试获取FFmpeg路径
2025-05-26T06:02:59.615Z [LOG] 使用配置的FFmpeg路径: D:\code\cursor\looklook\node_modules\ffmpeg-static\ffmpeg.exe
2025-05-26T06:02:59.616Z [PATH] 使用配置的FFmpeg路径: D:\code\cursor\looklook\node_modules\ffmpeg-static\ffmpeg.exe
2025-05-26T06:02:59.617Z [LOG] 将使用时间点 00:00:41 生成缩略图
2025-05-26T06:02:59.617Z [LOG] 执行命令: D:\code\cursor\looklook\node_modules\ffmpeg-static\ffmpeg.exe -ss 00:00:41 -i D:\Users\Videos\测试\153151IPZZ-005.AVI -vframes 1 -s 320x180 -y D:\code\cursor\looklook\userdata\thumbnails\thumbnail_1748239318412-RDpcVXNl_1748239379610_7vr5cv.jpg
2025-05-26T06:02:59.719Z [LOG] 直接ffmpeg成功生成缩略图: D:\code\cursor\looklook\userdata\thumbnails\thumbnail_1748239318412-RDpcVXNl_1748239379610_7vr5cv.jpg
2025-05-26T06:02:59.719Z [LOG] 通过直接ffmpeg命令生成缩略图成功
2025-05-26T06:02:59.719Z [LOG] 缩略图重新生成成功: app://thumbnail/thumbnail_1748239318412-RDpcVXNl_1748239379610_7vr5cv.jpg
2025-05-26T06:02:59.721Z [LOG] 处理自定义协议请求: app://thumbnail/thumbnail_1748239318412-RDpcVXNl_1748239379610_7vr5cv.jpg
2025-05-26T06:02:59.722Z [LOG] 缩略图路径: D:\code\cursor\looklook\userdata\thumbnails\thumbnail_1748239318412-RDpcVXNl_1748239379610_7vr5cv.jpg
2025-05-26T06:03:00.428Z [LOG] 重新生成缩略图: D:\Users\Videos\测试\153151IPZZ-005.AVI, 视频ID: 1748239318412-RDpcVXNl
2025-05-26T06:03:00.429Z [LOG] 生成缩略图路径: D:\code\cursor\looklook\userdata\thumbnails\thumbnail_1748239318412-RDpcVXNl_1748239380429_618g9y.jpg
2025-05-26T06:03:00.430Z [LOG] 开始生成缩略图，视频路径: D:\Users\Videos\测试\153151IPZZ-005.AVI
2025-05-26T06:03:00.431Z [LOG] 缩略图输出路径: D:\code\cursor\looklook\userdata\thumbnails\thumbnail_1748239318412-RDpcVXNl_1748239380429_618g9y.jpg
2025-05-26T06:03:00.432Z [LOG] 生成随机时间点: 00:00:40
2025-05-26T06:03:00.433Z [LOG] 使用直接命令行ffmpeg生成缩略图
2025-05-26T06:03:00.433Z [PATH] 尝试获取FFmpeg路径
2025-05-26T06:03:00.434Z [LOG] 使用配置的FFmpeg路径: D:\code\cursor\looklook\node_modules\ffmpeg-static\ffmpeg.exe
2025-05-26T06:03:00.435Z [PATH] 使用配置的FFmpeg路径: D:\code\cursor\looklook\node_modules\ffmpeg-static\ffmpeg.exe
2025-05-26T06:03:00.435Z [LOG] 将使用时间点 00:00:40 生成缩略图
2025-05-26T06:03:00.436Z [LOG] 执行命令: D:\code\cursor\looklook\node_modules\ffmpeg-static\ffmpeg.exe -ss 00:00:40 -i D:\Users\Videos\测试\153151IPZZ-005.AVI -vframes 1 -s 320x180 -y D:\code\cursor\looklook\userdata\thumbnails\thumbnail_1748239318412-RDpcVXNl_1748239380429_618g9y.jpg
2025-05-26T06:03:00.538Z [LOG] 直接ffmpeg成功生成缩略图: D:\code\cursor\looklook\userdata\thumbnails\thumbnail_1748239318412-RDpcVXNl_1748239380429_618g9y.jpg
2025-05-26T06:03:00.539Z [LOG] 通过直接ffmpeg命令生成缩略图成功
2025-05-26T06:03:00.539Z [LOG] 缩略图重新生成成功: app://thumbnail/thumbnail_1748239318412-RDpcVXNl_1748239380429_618g9y.jpg
2025-05-26T06:03:00.541Z [LOG] 处理自定义协议请求: app://thumbnail/thumbnail_1748239318412-RDpcVXNl_1748239380429_618g9y.jpg
2025-05-26T06:03:00.542Z [LOG] 缩略图路径: D:\code\cursor\looklook\userdata\thumbnails\thumbnail_1748239318412-RDpcVXNl_1748239380429_618g9y.jpg
2025-05-26T06:03:01.146Z [LOG] 重新生成缩略图: D:\Users\Videos\测试\153151IPZZ-005.AVI, 视频ID: 1748239318412-RDpcVXNl
2025-05-26T06:03:01.147Z [LOG] 生成缩略图路径: D:\code\cursor\looklook\userdata\thumbnails\thumbnail_1748239318412-RDpcVXNl_1748239381147_supu7w.jpg
2025-05-26T06:03:01.148Z [LOG] 开始生成缩略图，视频路径: D:\Users\Videos\测试\153151IPZZ-005.AVI
2025-05-26T06:03:01.149Z [LOG] 缩略图输出路径: D:\code\cursor\looklook\userdata\thumbnails\thumbnail_1748239318412-RDpcVXNl_1748239381147_supu7w.jpg
2025-05-26T06:03:01.149Z [LOG] 生成随机时间点: 00:00:14
2025-05-26T06:03:01.150Z [LOG] 使用直接命令行ffmpeg生成缩略图
2025-05-26T06:03:01.150Z [PATH] 尝试获取FFmpeg路径
2025-05-26T06:03:01.151Z [LOG] 使用配置的FFmpeg路径: D:\code\cursor\looklook\node_modules\ffmpeg-static\ffmpeg.exe
2025-05-26T06:03:01.151Z [PATH] 使用配置的FFmpeg路径: D:\code\cursor\looklook\node_modules\ffmpeg-static\ffmpeg.exe
2025-05-26T06:03:01.151Z [LOG] 将使用时间点 00:00:14 生成缩略图
2025-05-26T06:03:01.152Z [LOG] 执行命令: D:\code\cursor\looklook\node_modules\ffmpeg-static\ffmpeg.exe -ss 00:00:14 -i D:\Users\Videos\测试\153151IPZZ-005.AVI -vframes 1 -s 320x180 -y D:\code\cursor\looklook\userdata\thumbnails\thumbnail_1748239318412-RDpcVXNl_1748239381147_supu7w.jpg
2025-05-26T06:03:01.238Z [LOG] 直接ffmpeg成功生成缩略图: D:\code\cursor\looklook\userdata\thumbnails\thumbnail_1748239318412-RDpcVXNl_1748239381147_supu7w.jpg
2025-05-26T06:03:01.238Z [LOG] 通过直接ffmpeg命令生成缩略图成功
2025-05-26T06:03:01.238Z [LOG] 缩略图重新生成成功: app://thumbnail/thumbnail_1748239318412-RDpcVXNl_1748239381147_supu7w.jpg
2025-05-26T06:03:01.242Z [LOG] 处理自定义协议请求: app://thumbnail/thumbnail_1748239318412-RDpcVXNl_1748239381147_supu7w.jpg
2025-05-26T06:03:01.242Z [LOG] 缩略图路径: D:\code\cursor\looklook\userdata\thumbnails\thumbnail_1748239318412-RDpcVXNl_1748239381147_supu7w.jpg
2025-05-26T06:03:01.856Z [LOG] 重新生成缩略图: D:\Users\Videos\测试\153151IPZZ-005.AVI, 视频ID: 1748239318412-RDpcVXNl
2025-05-26T06:03:01.857Z [LOG] 生成缩略图路径: D:\code\cursor\looklook\userdata\thumbnails\thumbnail_1748239318412-RDpcVXNl_1748239381857_18qeju.jpg
2025-05-26T06:03:01.858Z [LOG] 开始生成缩略图，视频路径: D:\Users\Videos\测试\153151IPZZ-005.AVI
2025-05-26T06:03:01.859Z [LOG] 缩略图输出路径: D:\code\cursor\looklook\userdata\thumbnails\thumbnail_1748239318412-RDpcVXNl_1748239381857_18qeju.jpg
2025-05-26T06:03:01.860Z [LOG] 生成随机时间点: 00:00:23
2025-05-26T06:03:01.861Z [LOG] 使用直接命令行ffmpeg生成缩略图
2025-05-26T06:03:01.862Z [PATH] 尝试获取FFmpeg路径
2025-05-26T06:03:01.863Z [LOG] 使用配置的FFmpeg路径: D:\code\cursor\looklook\node_modules\ffmpeg-static\ffmpeg.exe
2025-05-26T06:03:01.863Z [PATH] 使用配置的FFmpeg路径: D:\code\cursor\looklook\node_modules\ffmpeg-static\ffmpeg.exe
2025-05-26T06:03:01.864Z [LOG] 将使用时间点 00:00:23 生成缩略图
2025-05-26T06:03:01.865Z [LOG] 执行命令: D:\code\cursor\looklook\node_modules\ffmpeg-static\ffmpeg.exe -ss 00:00:23 -i D:\Users\Videos\测试\153151IPZZ-005.AVI -vframes 1 -s 320x180 -y D:\code\cursor\looklook\userdata\thumbnails\thumbnail_1748239318412-RDpcVXNl_1748239381857_18qeju.jpg
2025-05-26T06:03:01.960Z [LOG] 直接ffmpeg成功生成缩略图: D:\code\cursor\looklook\userdata\thumbnails\thumbnail_1748239318412-RDpcVXNl_1748239381857_18qeju.jpg
2025-05-26T06:03:01.960Z [LOG] 通过直接ffmpeg命令生成缩略图成功
2025-05-26T06:03:01.960Z [LOG] 缩略图重新生成成功: app://thumbnail/thumbnail_1748239318412-RDpcVXNl_1748239381857_18qeju.jpg
2025-05-26T06:03:01.961Z [LOG] 处理自定义协议请求: app://thumbnail/thumbnail_1748239318412-RDpcVXNl_1748239381857_18qeju.jpg
2025-05-26T06:03:01.962Z [LOG] 缩略图路径: D:\code\cursor\looklook\userdata\thumbnails\thumbnail_1748239318412-RDpcVXNl_1748239381857_18qeju.jpg
2025-05-26T06:03:03.064Z [LOG] 更新视频: 153151IPZZ-005.AVI
2025-05-26T06:03:03.069Z [LOG] 通知渲染进程数据已更新
2025-05-26T06:03:03.070Z [LOG] 处理get-videos请求
2025-05-26T06:03:03.071Z [LOG] 删除缩略图: app://thumbnail/1748239318412-RDpcVXNl.jpg
2025-05-26T06:03:03.072Z [LOG] 缩略图已成功删除: D:\code\cursor\looklook\userdata\thumbnails\1748239318412-RDpcVXNl.jpg
2025-05-26T06:03:03.080Z [LOG] 处理自定义协议请求: app://thumbnail/1748239336868-RDpcVXNl.jpg
2025-05-26T06:03:03.082Z [LOG] 缩略图路径: D:\code\cursor\looklook\userdata\thumbnails\1748239336868-RDpcVXNl.jpg
2025-05-26T06:03:03.083Z [LOG] 删除缩略图: app://thumbnail/thumbnail_1748239318412-RDpcVXNl_1748239376829_sgdbr3.jpg
2025-05-26T06:03:03.084Z [LOG] 缩略图已成功删除: D:\code\cursor\looklook\userdata\thumbnails\thumbnail_1748239318412-RDpcVXNl_1748239376829_sgdbr3.jpg
2025-05-26T06:03:03.084Z [LOG] 处理自定义协议请求: app://thumbnail/1748239319116-RDpcVXNl.jpg
2025-05-26T06:03:03.085Z [LOG] 缩略图路径: D:\code\cursor\looklook\userdata\thumbnails\1748239319116-RDpcVXNl.jpg
2025-05-26T06:03:03.086Z [LOG] 处理自定义协议请求: app://thumbnail/1748239319784-RDpcVXNl.jpg
2025-05-26T06:03:03.086Z [LOG] 缩略图路径: D:\code\cursor\looklook\userdata\thumbnails\1748239319784-RDpcVXNl.jpg
2025-05-26T06:03:03.087Z [LOG] 处理自定义协议请求: app://thumbnail/1748239320054-RDpcVXNl.jpg
2025-05-26T06:03:03.087Z [LOG] 缩略图路径: D:\code\cursor\looklook\userdata\thumbnails\1748239320054-RDpcVXNl.jpg
2025-05-26T06:03:03.088Z [LOG] 处理自定义协议请求: app://thumbnail/1748239321321-RDpcVXNl.jpg
2025-05-26T06:03:03.088Z [LOG] 缩略图路径: D:\code\cursor\looklook\userdata\thumbnails\1748239321321-RDpcVXNl.jpg
2025-05-26T06:03:03.089Z [LOG] 处理自定义协议请求: app://thumbnail/1748239321235-RDpcVXNl.jpg
2025-05-26T06:03:03.089Z [LOG] 缩略图路径: D:\code\cursor\looklook\userdata\thumbnails\1748239321235-RDpcVXNl.jpg
2025-05-26T06:03:03.090Z [LOG] 处理自定义协议请求: app://thumbnail/1748239321161-RDpcVXNl.jpg
2025-05-26T06:03:03.090Z [LOG] 缩略图路径: D:\code\cursor\looklook\userdata\thumbnails\1748239321161-RDpcVXNl.jpg
2025-05-26T06:03:03.090Z [LOG] 处理自定义协议请求: app://thumbnail/1748239322019-RDpcVXNl.jpg
2025-05-26T06:03:03.091Z [LOG] 缩略图路径: D:\code\cursor\looklook\userdata\thumbnails\1748239322019-RDpcVXNl.jpg
2025-05-26T06:03:03.091Z [LOG] 处理自定义协议请求: app://thumbnail/1748239321966-RDpcVXNl.jpg
2025-05-26T06:03:03.092Z [LOG] 缩略图路径: D:\code\cursor\looklook\userdata\thumbnails\1748239321966-RDpcVXNl.jpg
2025-05-26T06:03:03.092Z [LOG] 处理自定义协议请求: app://thumbnail/1748239323009-RDpcVXNl.jpg
2025-05-26T06:03:03.093Z [LOG] 缩略图路径: D:\code\cursor\looklook\userdata\thumbnails\1748239323009-RDpcVXNl.jpg
2025-05-26T06:03:03.093Z [LOG] 处理自定义协议请求: app://thumbnail/1748239323361-RDpcVXNl.jpg
2025-05-26T06:03:03.094Z [LOG] 缩略图路径: D:\code\cursor\looklook\userdata\thumbnails\1748239323361-RDpcVXNl.jpg
2025-05-26T06:03:03.094Z [LOG] 处理自定义协议请求: app://thumbnail/1748239324691-RDpcVXNl.jpg
2025-05-26T06:03:03.095Z [LOG] 缩略图路径: D:\code\cursor\looklook\userdata\thumbnails\1748239324691-RDpcVXNl.jpg
2025-05-26T06:03:03.095Z [LOG] 处理自定义协议请求: app://thumbnail/1748239324886-RDpcVXNl.jpg
2025-05-26T06:03:03.095Z [LOG] 缩略图路径: D:\code\cursor\looklook\userdata\thumbnails\1748239324886-RDpcVXNl.jpg
2025-05-26T06:03:03.096Z [LOG] 处理自定义协议请求: app://thumbnail/1748239324910-RDpcVXNl.jpg
2025-05-26T06:03:03.096Z [LOG] 缩略图路径: D:\code\cursor\looklook\userdata\thumbnails\1748239324910-RDpcVXNl.jpg
2025-05-26T06:03:03.097Z [LOG] 处理自定义协议请求: app://thumbnail/1748239325611-RDpcVXNl.jpg
2025-05-26T06:03:03.097Z [LOG] 缩略图路径: D:\code\cursor\looklook\userdata\thumbnails\1748239325611-RDpcVXNl.jpg
2025-05-26T06:03:03.098Z [LOG] 处理自定义协议请求: app://thumbnail/1748239326721-RDpcVXNl.jpg
2025-05-26T06:03:03.098Z [LOG] 缩略图路径: D:\code\cursor\looklook\userdata\thumbnails\1748239326721-RDpcVXNl.jpg
2025-05-26T06:03:03.098Z [LOG] 处理自定义协议请求: app://thumbnail/1748239327107-RDpcVXNl.jpg
2025-05-26T06:03:03.099Z [LOG] 缩略图路径: D:\code\cursor\looklook\userdata\thumbnails\1748239327107-RDpcVXNl.jpg
2025-05-26T06:03:03.099Z [LOG] 处理自定义协议请求: app://thumbnail/1748239328726-RDpcVXNl.jpg
2025-05-26T06:03:03.099Z [LOG] 缩略图路径: D:\code\cursor\looklook\userdata\thumbnails\1748239328726-RDpcVXNl.jpg
2025-05-26T06:03:03.100Z [LOG] 处理自定义协议请求: app://thumbnail/1748239328564-RDpcVXNl.jpg
2025-05-26T06:03:03.100Z [LOG] 缩略图路径: D:\code\cursor\looklook\userdata\thumbnails\1748239328564-RDpcVXNl.jpg
2025-05-26T06:03:03.101Z [LOG] 删除缩略图: app://thumbnail/thumbnail_1748239318412-RDpcVXNl_1748239377525_aplbj8.jpg
2025-05-26T06:03:03.102Z [LOG] 缩略图已成功删除: D:\code\cursor\looklook\userdata\thumbnails\thumbnail_1748239318412-RDpcVXNl_1748239377525_aplbj8.jpg
2025-05-26T06:03:03.103Z [LOG] 删除缩略图: app://thumbnail/thumbnail_1748239318412-RDpcVXNl_1748239378144_rqmn6f.jpg
2025-05-26T06:03:03.104Z [LOG] 缩略图已成功删除: D:\code\cursor\looklook\userdata\thumbnails\thumbnail_1748239318412-RDpcVXNl_1748239378144_rqmn6f.jpg
2025-05-26T06:03:03.104Z [LOG] 删除缩略图: app://thumbnail/thumbnail_1748239318412-RDpcVXNl_1748239378888_78wl2n.jpg
2025-05-26T06:03:03.105Z [LOG] 缩略图已成功删除: D:\code\cursor\looklook\userdata\thumbnails\thumbnail_1748239318412-RDpcVXNl_1748239378888_78wl2n.jpg
2025-05-26T06:03:03.106Z [LOG] 删除缩略图: app://thumbnail/thumbnail_1748239318412-RDpcVXNl_1748239379610_7vr5cv.jpg
2025-05-26T06:03:03.107Z [LOG] 缩略图已成功删除: D:\code\cursor\looklook\userdata\thumbnails\thumbnail_1748239318412-RDpcVXNl_1748239379610_7vr5cv.jpg
2025-05-26T06:03:03.108Z [LOG] 删除缩略图: app://thumbnail/thumbnail_1748239318412-RDpcVXNl_1748239380429_618g9y.jpg
2025-05-26T06:03:03.108Z [LOG] 缩略图已成功删除: D:\code\cursor\looklook\userdata\thumbnails\thumbnail_1748239318412-RDpcVXNl_1748239380429_618g9y.jpg
2025-05-26T06:03:03.109Z [LOG] 删除缩略图: app://thumbnail/thumbnail_1748239318412-RDpcVXNl_1748239381147_supu7w.jpg
2025-05-26T06:03:03.110Z [LOG] 缩略图已成功删除: D:\code\cursor\looklook\userdata\thumbnails\thumbnail_1748239318412-RDpcVXNl_1748239381147_supu7w.jpg
2025-05-26T06:03:03.323Z [LOG] 处理get-enum-values请求: collection
2025-05-26T06:03:03.324Z [LOG] 处理get-enum-values请求: actors
2025-05-26T06:03:21.638Z [LOG] 重新生成缩略图: D:\Users\Videos\测试\153151IPZZ-005.AVI, 视频ID: 1748239318412-RDpcVXNl
2025-05-26T06:03:21.639Z [LOG] 生成缩略图路径: D:\code\cursor\looklook\userdata\thumbnails\thumbnail_1748239318412-RDpcVXNl_1748239401638_repb01.jpg
2025-05-26T06:03:21.640Z [LOG] 开始生成缩略图，视频路径: D:\Users\Videos\测试\153151IPZZ-005.AVI
2025-05-26T06:03:21.641Z [LOG] 缩略图输出路径: D:\code\cursor\looklook\userdata\thumbnails\thumbnail_1748239318412-RDpcVXNl_1748239401638_repb01.jpg
2025-05-26T06:03:21.642Z [LOG] 生成随机时间点: 00:00:19
2025-05-26T06:03:21.643Z [LOG] 使用直接命令行ffmpeg生成缩略图
2025-05-26T06:03:21.643Z [PATH] 尝试获取FFmpeg路径
2025-05-26T06:03:21.644Z [LOG] 使用配置的FFmpeg路径: D:\code\cursor\looklook\node_modules\ffmpeg-static\ffmpeg.exe
2025-05-26T06:03:21.645Z [PATH] 使用配置的FFmpeg路径: D:\code\cursor\looklook\node_modules\ffmpeg-static\ffmpeg.exe
2025-05-26T06:03:21.645Z [LOG] 将使用时间点 00:00:19 生成缩略图
2025-05-26T06:03:21.646Z [LOG] 执行命令: D:\code\cursor\looklook\node_modules\ffmpeg-static\ffmpeg.exe -ss 00:00:19 -i D:\Users\Videos\测试\153151IPZZ-005.AVI -vframes 1 -s 320x180 -y D:\code\cursor\looklook\userdata\thumbnails\thumbnail_1748239318412-RDpcVXNl_1748239401638_repb01.jpg
2025-05-26T06:03:21.751Z [LOG] 直接ffmpeg成功生成缩略图: D:\code\cursor\looklook\userdata\thumbnails\thumbnail_1748239318412-RDpcVXNl_1748239401638_repb01.jpg
2025-05-26T06:03:21.751Z [LOG] 通过直接ffmpeg命令生成缩略图成功
2025-05-26T06:03:21.752Z [LOG] 缩略图重新生成成功: app://thumbnail/thumbnail_1748239318412-RDpcVXNl_1748239401638_repb01.jpg
2025-05-26T06:03:21.762Z [LOG] 处理自定义协议请求: app://thumbnail/thumbnail_1748239318412-RDpcVXNl_1748239401638_repb01.jpg
2025-05-26T06:03:21.763Z [LOG] 缩略图路径: D:\code\cursor\looklook\userdata\thumbnails\thumbnail_1748239318412-RDpcVXNl_1748239401638_repb01.jpg
2025-05-26T06:03:25.342Z [LOG] 重新生成缩略图: D:\Users\Videos\测试\153151IPZZ-005.AVI, 视频ID: 1748239318412-RDpcVXNl
2025-05-26T06:03:25.343Z [LOG] 生成缩略图路径: D:\code\cursor\looklook\userdata\thumbnails\thumbnail_1748239318412-RDpcVXNl_1748239405342_1k63oo.jpg
2025-05-26T06:03:25.344Z [LOG] 开始生成缩略图，视频路径: D:\Users\Videos\测试\153151IPZZ-005.AVI
2025-05-26T06:03:25.344Z [LOG] 缩略图输出路径: D:\code\cursor\looklook\userdata\thumbnails\thumbnail_1748239318412-RDpcVXNl_1748239405342_1k63oo.jpg
2025-05-26T06:03:25.345Z [LOG] 生成随机时间点: 00:00:52
2025-05-26T06:03:25.346Z [LOG] 使用直接命令行ffmpeg生成缩略图
2025-05-26T06:03:25.346Z [PATH] 尝试获取FFmpeg路径
2025-05-26T06:03:25.346Z [LOG] 使用配置的FFmpeg路径: D:\code\cursor\looklook\node_modules\ffmpeg-static\ffmpeg.exe
2025-05-26T06:03:25.347Z [PATH] 使用配置的FFmpeg路径: D:\code\cursor\looklook\node_modules\ffmpeg-static\ffmpeg.exe
2025-05-26T06:03:25.347Z [LOG] 将使用时间点 00:00:52 生成缩略图
2025-05-26T06:03:25.347Z [LOG] 执行命令: D:\code\cursor\looklook\node_modules\ffmpeg-static\ffmpeg.exe -ss 00:00:52 -i D:\Users\Videos\测试\153151IPZZ-005.AVI -vframes 1 -s 320x180 -y D:\code\cursor\looklook\userdata\thumbnails\thumbnail_1748239318412-RDpcVXNl_1748239405342_1k63oo.jpg
2025-05-26T06:03:25.429Z [LOG] 直接ffmpeg成功生成缩略图: D:\code\cursor\looklook\userdata\thumbnails\thumbnail_1748239318412-RDpcVXNl_1748239405342_1k63oo.jpg
2025-05-26T06:03:25.430Z [LOG] 通过直接ffmpeg命令生成缩略图成功
2025-05-26T06:03:25.430Z [LOG] 缩略图重新生成成功: app://thumbnail/thumbnail_1748239318412-RDpcVXNl_1748239405342_1k63oo.jpg
2025-05-26T06:03:25.442Z [LOG] 处理自定义协议请求: app://thumbnail/thumbnail_1748239318412-RDpcVXNl_1748239405342_1k63oo.jpg
2025-05-26T06:03:25.443Z [LOG] 缩略图路径: D:\code\cursor\looklook\userdata\thumbnails\thumbnail_1748239318412-RDpcVXNl_1748239405342_1k63oo.jpg
2025-05-26T06:03:26.472Z [LOG] 重新生成缩略图: D:\Users\Videos\测试\153151IPZZ-005.AVI, 视频ID: 1748239318412-RDpcVXNl
2025-05-26T06:03:26.473Z [LOG] 生成缩略图路径: D:\code\cursor\looklook\userdata\thumbnails\thumbnail_1748239318412-RDpcVXNl_1748239406473_aydtlg.jpg
2025-05-26T06:03:26.473Z [LOG] 开始生成缩略图，视频路径: D:\Users\Videos\测试\153151IPZZ-005.AVI
2025-05-26T06:03:26.474Z [LOG] 缩略图输出路径: D:\code\cursor\looklook\userdata\thumbnails\thumbnail_1748239318412-RDpcVXNl_1748239406473_aydtlg.jpg
2025-05-26T06:03:26.474Z [LOG] 生成随机时间点: 00:00:52
2025-05-26T06:03:26.475Z [LOG] 使用直接命令行ffmpeg生成缩略图
2025-05-26T06:03:26.475Z [PATH] 尝试获取FFmpeg路径
2025-05-26T06:03:26.475Z [LOG] 使用配置的FFmpeg路径: D:\code\cursor\looklook\node_modules\ffmpeg-static\ffmpeg.exe
2025-05-26T06:03:26.475Z [PATH] 使用配置的FFmpeg路径: D:\code\cursor\looklook\node_modules\ffmpeg-static\ffmpeg.exe
2025-05-26T06:03:26.475Z [LOG] 将使用时间点 00:00:52 生成缩略图
2025-05-26T06:03:26.476Z [LOG] 执行命令: D:\code\cursor\looklook\node_modules\ffmpeg-static\ffmpeg.exe -ss 00:00:52 -i D:\Users\Videos\测试\153151IPZZ-005.AVI -vframes 1 -s 320x180 -y D:\code\cursor\looklook\userdata\thumbnails\thumbnail_1748239318412-RDpcVXNl_1748239406473_aydtlg.jpg
2025-05-26T06:03:26.604Z [LOG] 直接ffmpeg成功生成缩略图: D:\code\cursor\looklook\userdata\thumbnails\thumbnail_1748239318412-RDpcVXNl_1748239406473_aydtlg.jpg
2025-05-26T06:03:26.604Z [LOG] 通过直接ffmpeg命令生成缩略图成功
2025-05-26T06:03:26.604Z [LOG] 缩略图重新生成成功: app://thumbnail/thumbnail_1748239318412-RDpcVXNl_1748239406473_aydtlg.jpg
2025-05-26T06:03:26.623Z [LOG] 处理自定义协议请求: app://thumbnail/thumbnail_1748239318412-RDpcVXNl_1748239406473_aydtlg.jpg
2025-05-26T06:03:26.623Z [LOG] 缩略图路径: D:\code\cursor\looklook\userdata\thumbnails\thumbnail_1748239318412-RDpcVXNl_1748239406473_aydtlg.jpg
2025-05-26T06:03:27.846Z [LOG] 重新生成缩略图: D:\Users\Videos\测试\153151IPZZ-005.AVI, 视频ID: 1748239318412-RDpcVXNl
2025-05-26T06:03:27.847Z [LOG] 生成缩略图路径: D:\code\cursor\looklook\userdata\thumbnails\thumbnail_1748239318412-RDpcVXNl_1748239407846_jjm1pn.jpg
2025-05-26T06:03:27.847Z [LOG] 开始生成缩略图，视频路径: D:\Users\Videos\测试\153151IPZZ-005.AVI
2025-05-26T06:03:27.848Z [LOG] 缩略图输出路径: D:\code\cursor\looklook\userdata\thumbnails\thumbnail_1748239318412-RDpcVXNl_1748239407846_jjm1pn.jpg
2025-05-26T06:03:27.848Z [LOG] 生成随机时间点: 00:00:39
2025-05-26T06:03:27.849Z [LOG] 使用直接命令行ffmpeg生成缩略图
2025-05-26T06:03:27.849Z [PATH] 尝试获取FFmpeg路径
2025-05-26T06:03:27.849Z [LOG] 使用配置的FFmpeg路径: D:\code\cursor\looklook\node_modules\ffmpeg-static\ffmpeg.exe
2025-05-26T06:03:27.849Z [PATH] 使用配置的FFmpeg路径: D:\code\cursor\looklook\node_modules\ffmpeg-static\ffmpeg.exe
2025-05-26T06:03:27.850Z [LOG] 将使用时间点 00:00:39 生成缩略图
2025-05-26T06:03:27.850Z [LOG] 执行命令: D:\code\cursor\looklook\node_modules\ffmpeg-static\ffmpeg.exe -ss 00:00:39 -i D:\Users\Videos\测试\153151IPZZ-005.AVI -vframes 1 -s 320x180 -y D:\code\cursor\looklook\userdata\thumbnails\thumbnail_1748239318412-RDpcVXNl_1748239407846_jjm1pn.jpg
2025-05-26T06:03:27.933Z [LOG] 直接ffmpeg成功生成缩略图: D:\code\cursor\looklook\userdata\thumbnails\thumbnail_1748239318412-RDpcVXNl_1748239407846_jjm1pn.jpg
2025-05-26T06:03:27.933Z [LOG] 通过直接ffmpeg命令生成缩略图成功
2025-05-26T06:03:27.934Z [LOG] 缩略图重新生成成功: app://thumbnail/thumbnail_1748239318412-RDpcVXNl_1748239407846_jjm1pn.jpg
2025-05-26T06:03:27.942Z [LOG] 处理自定义协议请求: app://thumbnail/thumbnail_1748239318412-RDpcVXNl_1748239407846_jjm1pn.jpg
2025-05-26T06:03:27.943Z [LOG] 缩略图路径: D:\code\cursor\looklook\userdata\thumbnails\thumbnail_1748239318412-RDpcVXNl_1748239407846_jjm1pn.jpg
2025-05-26T06:03:29.197Z [LOG] 更新视频: 153151IPZZ-005.AVI
2025-05-26T06:03:29.199Z [LOG] 通知渲染进程数据已更新
2025-05-26T06:03:29.200Z [LOG] 处理get-videos请求
2025-05-26T06:03:29.201Z [LOG] 删除缩略图: app://thumbnail/thumbnail_1748239318412-RDpcVXNl_1748239381857_18qeju.jpg
2025-05-26T06:03:29.201Z [LOG] 缩略图已成功删除: D:\code\cursor\looklook\userdata\thumbnails\thumbnail_1748239318412-RDpcVXNl_1748239381857_18qeju.jpg
2025-05-26T06:03:29.206Z [LOG] 处理自定义协议请求: app://thumbnail/1748239336868-RDpcVXNl.jpg
2025-05-26T06:03:29.206Z [LOG] 缩略图路径: D:\code\cursor\looklook\userdata\thumbnails\1748239336868-RDpcVXNl.jpg
2025-05-26T06:03:29.207Z [LOG] 删除缩略图: app://thumbnail/thumbnail_1748239318412-RDpcVXNl_1748239401638_repb01.jpg
2025-05-26T06:03:29.208Z [LOG] 缩略图已成功删除: D:\code\cursor\looklook\userdata\thumbnails\thumbnail_1748239318412-RDpcVXNl_1748239401638_repb01.jpg
2025-05-26T06:03:29.208Z [LOG] 处理自定义协议请求: app://thumbnail/1748239319116-RDpcVXNl.jpg
2025-05-26T06:03:29.209Z [LOG] 缩略图路径: D:\code\cursor\looklook\userdata\thumbnails\1748239319116-RDpcVXNl.jpg
2025-05-26T06:03:29.209Z [LOG] 处理自定义协议请求: app://thumbnail/1748239319784-RDpcVXNl.jpg
2025-05-26T06:03:29.210Z [LOG] 缩略图路径: D:\code\cursor\looklook\userdata\thumbnails\1748239319784-RDpcVXNl.jpg
2025-05-26T06:03:29.210Z [LOG] 处理自定义协议请求: app://thumbnail/1748239320054-RDpcVXNl.jpg
2025-05-26T06:03:29.211Z [LOG] 缩略图路径: D:\code\cursor\looklook\userdata\thumbnails\1748239320054-RDpcVXNl.jpg
2025-05-26T06:03:29.211Z [LOG] 处理自定义协议请求: app://thumbnail/1748239321321-RDpcVXNl.jpg
2025-05-26T06:03:29.212Z [LOG] 缩略图路径: D:\code\cursor\looklook\userdata\thumbnails\1748239321321-RDpcVXNl.jpg
2025-05-26T06:03:29.212Z [LOG] 处理自定义协议请求: app://thumbnail/1748239321235-RDpcVXNl.jpg
2025-05-26T06:03:29.213Z [LOG] 缩略图路径: D:\code\cursor\looklook\userdata\thumbnails\1748239321235-RDpcVXNl.jpg
2025-05-26T06:03:29.213Z [LOG] 处理自定义协议请求: app://thumbnail/1748239321161-RDpcVXNl.jpg
2025-05-26T06:03:29.213Z [LOG] 缩略图路径: D:\code\cursor\looklook\userdata\thumbnails\1748239321161-RDpcVXNl.jpg
2025-05-26T06:03:29.214Z [LOG] 处理自定义协议请求: app://thumbnail/1748239322019-RDpcVXNl.jpg
2025-05-26T06:03:29.214Z [LOG] 缩略图路径: D:\code\cursor\looklook\userdata\thumbnails\1748239322019-RDpcVXNl.jpg
2025-05-26T06:03:29.215Z [LOG] 处理自定义协议请求: app://thumbnail/1748239321966-RDpcVXNl.jpg
2025-05-26T06:03:29.215Z [LOG] 缩略图路径: D:\code\cursor\looklook\userdata\thumbnails\1748239321966-RDpcVXNl.jpg
2025-05-26T06:03:29.215Z [LOG] 处理自定义协议请求: app://thumbnail/1748239323009-RDpcVXNl.jpg
2025-05-26T06:03:29.216Z [LOG] 缩略图路径: D:\code\cursor\looklook\userdata\thumbnails\1748239323009-RDpcVXNl.jpg
2025-05-26T06:03:29.216Z [LOG] 处理自定义协议请求: app://thumbnail/1748239323361-RDpcVXNl.jpg
2025-05-26T06:03:29.217Z [LOG] 缩略图路径: D:\code\cursor\looklook\userdata\thumbnails\1748239323361-RDpcVXNl.jpg
2025-05-26T06:03:29.217Z [LOG] 处理自定义协议请求: app://thumbnail/1748239324691-RDpcVXNl.jpg
2025-05-26T06:03:29.217Z [LOG] 缩略图路径: D:\code\cursor\looklook\userdata\thumbnails\1748239324691-RDpcVXNl.jpg
2025-05-26T06:03:29.218Z [LOG] 处理自定义协议请求: app://thumbnail/1748239324886-RDpcVXNl.jpg
2025-05-26T06:03:29.218Z [LOG] 缩略图路径: D:\code\cursor\looklook\userdata\thumbnails\1748239324886-RDpcVXNl.jpg
2025-05-26T06:03:29.219Z [LOG] 处理自定义协议请求: app://thumbnail/1748239324910-RDpcVXNl.jpg
2025-05-26T06:03:29.219Z [LOG] 缩略图路径: D:\code\cursor\looklook\userdata\thumbnails\1748239324910-RDpcVXNl.jpg
2025-05-26T06:03:29.220Z [LOG] 处理自定义协议请求: app://thumbnail/1748239325611-RDpcVXNl.jpg
2025-05-26T06:03:29.220Z [LOG] 缩略图路径: D:\code\cursor\looklook\userdata\thumbnails\1748239325611-RDpcVXNl.jpg
2025-05-26T06:03:29.220Z [LOG] 处理自定义协议请求: app://thumbnail/1748239326721-RDpcVXNl.jpg
2025-05-26T06:03:29.221Z [LOG] 缩略图路径: D:\code\cursor\looklook\userdata\thumbnails\1748239326721-RDpcVXNl.jpg
2025-05-26T06:03:29.221Z [LOG] 处理自定义协议请求: app://thumbnail/1748239327107-RDpcVXNl.jpg
2025-05-26T06:03:29.222Z [LOG] 缩略图路径: D:\code\cursor\looklook\userdata\thumbnails\1748239327107-RDpcVXNl.jpg
2025-05-26T06:03:29.222Z [LOG] 处理自定义协议请求: app://thumbnail/1748239328726-RDpcVXNl.jpg
2025-05-26T06:03:29.222Z [LOG] 缩略图路径: D:\code\cursor\looklook\userdata\thumbnails\1748239328726-RDpcVXNl.jpg
2025-05-26T06:03:29.223Z [LOG] 处理自定义协议请求: app://thumbnail/1748239328564-RDpcVXNl.jpg
2025-05-26T06:03:29.223Z [LOG] 缩略图路径: D:\code\cursor\looklook\userdata\thumbnails\1748239328564-RDpcVXNl.jpg
2025-05-26T06:03:29.224Z [LOG] 删除缩略图: app://thumbnail/thumbnail_1748239318412-RDpcVXNl_1748239405342_1k63oo.jpg
2025-05-26T06:03:29.224Z [LOG] 缩略图已成功删除: D:\code\cursor\looklook\userdata\thumbnails\thumbnail_1748239318412-RDpcVXNl_1748239405342_1k63oo.jpg
2025-05-26T06:03:29.225Z [LOG] 删除缩略图: app://thumbnail/thumbnail_1748239318412-RDpcVXNl_1748239406473_aydtlg.jpg
2025-05-26T06:03:29.226Z [LOG] 缩略图已成功删除: D:\code\cursor\looklook\userdata\thumbnails\thumbnail_1748239318412-RDpcVXNl_1748239406473_aydtlg.jpg
2025-05-26T06:03:29.439Z [LOG] 处理get-enum-values请求: collection
2025-05-26T06:03:29.440Z [LOG] 处理get-enum-values请求: actors
2025-05-26T06:03:31.311Z [LOG] 处理get-enum-values请求: collection
2025-05-26T06:03:31.312Z [LOG] 处理get-enum-values请求: actors
