2025-05-19T03:10:08.591Z 日志开始 - 2025-05-19T03:10:08.591Z - 应用版本: 1.0.0 - 运行环境: 开发环境
2025-05-19T03:10:08.591Z 系统信息: win32 x64 - Node.js 18.18.2
2025-05-19T03:10:08.592Z App路径: D:\code\cursor\looklook
2025-05-19T03:10:08.592Z 可执行文件路径: D:\code\cursor\looklook\node_modules\electron\dist\electron.exe
2025-05-19T03:10:08.592Z [LOG] 日志文件已创建: D:\code\cursor\looklook\userdata\logs\app-2025-05-19.log
2025-05-19T03:10:08.593Z [ERROR] 设置控制台编码失败: process.stdout.setEncoding is not a function
2025-05-19T03:10:08.593Z [LOG] 应用准备就绪
2025-05-19T03:10:08.593Z [ENV] 运行模式: 开发环境
2025-05-19T03:10:08.594Z [ENV] 应用路径: D:\code\cursor\looklook
2025-05-19T03:10:08.602Z [ENV] 可执行文件路径: D:\code\cursor\looklook\node_modules\electron\dist\electron.exe
2025-05-19T03:10:08.603Z [ENV] 用户数据路径: D:\code\cursor\looklook\userdata
2025-05-19T03:10:08.603Z [FFMPEG_COPY] 开发环境中无需复制FFmpeg和FFprobe
2025-05-19T03:10:08.603Z [LOG] 用户数据目录: D:\code\cursor\looklook\userdata
2025-05-19T03:10:08.604Z [LOG] 缩略图目录: D:\code\cursor\looklook\userdata\thumbnails
2025-05-19T03:10:08.604Z [LOG] 设置文件已存在，无需创建默认设置
2025-05-19T03:10:08.607Z [LOG] 打包状态: 开发环境
2025-05-19T03:10:08.607Z [LOG] App Path: D:\code\cursor\looklook
2025-05-19T03:10:08.608Z [LOG] Exe Path: D:\code\cursor\looklook\node_modules\electron\dist\electron.exe
2025-05-19T03:10:08.608Z [LOG] 应用目录: D:\code\cursor\looklook\node_modules\electron\dist
2025-05-19T03:10:08.608Z [LOG] 资源目录: D:\code\cursor\looklook\node_modules\electron\dist\resources
2025-05-19T03:10:08.609Z [TEST] 开始测试FFmpeg和FFprobe可执行性
2025-05-19T03:10:08.609Z [TEST] 打包状态: 开发环境
2025-05-19T03:10:08.609Z [TEST] App路径: D:\code\cursor\looklook
2025-05-19T03:10:08.609Z [TEST] 可执行文件路径: D:\code\cursor\looklook\node_modules\electron\dist\electron.exe
2025-05-19T03:10:08.609Z [TEST] 应用目录: D:\code\cursor\looklook\node_modules\electron\dist
2025-05-19T03:10:08.609Z [TEST] 资源目录: D:\code\cursor\looklook\node_modules\electron\dist\resources
2025-05-19T03:10:08.610Z [LOG] 检查node_modules路径: D:\code\cursor\looklook\node_modules\electron\dist\resources\node_modules, 存在: false
2025-05-19T03:10:08.610Z [TEST] 检查node_modules路径: D:\code\cursor\looklook\node_modules\electron\dist\resources\node_modules, 存在: false
2025-05-19T03:10:08.610Z [LOG] 检查node_modules路径: D:\code\cursor\looklook\node_modules\electron\dist\node_modules, 存在: false
2025-05-19T03:10:08.611Z [TEST] 检查node_modules路径: D:\code\cursor\looklook\node_modules\electron\dist\node_modules, 存在: false
2025-05-19T03:10:08.611Z [LOG] 检查node_modules路径: D:\code\cursor\looklook\node_modules, 存在: true
2025-05-19T03:10:08.611Z [TEST] 检查node_modules路径: D:\code\cursor\looklook\node_modules, 存在: true
2025-05-19T03:10:08.612Z [TEST] D:\code\cursor\looklook\node_modules 中内容: .bin, .package-lock.json, 7zip-bin, @derhuerst, @develar, @electron, @isaacs, @malept, @pkgjs, @sindresorhus, @szmarczak, @tootallnate, @types, @xmldom, agent-base, ajv, ajv-formats, ajv-keywords, ansi-regex, ansi-styles, app-builder-bin, app-builder-lib, archiver, archiver-utils, argparse, async, async-exit-hook, asynckit, at-least-node, atomically, balanced-match, base64-js, binary-search-tree, bl, bluebird, bluebird-lst, boolean, brace-expansion, buffer, buffer-crc32, buffer-equal, buffer-from, builder-util, builder-util-runtime, cacheable-lookup, cacheable-request, call-bind-apply-helpers, caseless, chalk, chownr, chromium-pickle-js, ci-info, cliui, clone-response, color-convert, color-name, combined-stream, commander, compare-version, compress-commons, concat-map, concat-stream, conf, config-file-ts, core-util-is, crc-32, crc32-stream, cross-spawn, debounce-fn, debug, decompress-response, defer-to-connect, define-data-property, define-properties, delayed-stream, detect-node, dir-compare, dmg-builder, dot-prop, dotenv, dotenv-expand, dunder-proto, eastasianwidth, ejs, electron, electron-builder, electron-builder-squirrel-windows, electron-publish, electron-store, emoji-regex, end-of-stream, env-paths, err-code, es-define-property, es-errors, es-object-atoms, es-set-tostringtag, es6-error, escalade, escape-string-regexp, extract-zip, fast-deep-equal, fast-json-stable-stringify, fast-uri, fd-slicer, ffmpeg-static, ffprobe-static, filelist, fluent-ffmpeg, foreground-child, form-data, fs-constants, fs-extra, fs-minipass, fs.realpath, function-bind, get-caller-file, get-intrinsic, get-proto, get-stream, glob, global-agent, globalthis, gopd, got, graceful-fs, has-flag, has-property-descriptors, has-symbols, has-tostringtag, hasown, hosted-git-info, http-cache-semantics, http-proxy-agent, http-response-object, http2-wrapper, https-proxy-agent, iconv-lite, ieee754, immediate, inflight, inherits, is-ci, is-fullwidth-code-point, isarray, isbinaryfile, isexe, jackspeak, jake, js-yaml, json-buffer, json-schema-traverse, json-schema-typed, json-stringify-safe, json5, jsonfile, keyv, lazy-val, lazystream, lie, localforage, lodash, lodash.defaults, lodash.difference, lodash.flatten, lodash.isplainobject, lodash.union, lowercase-keys, lru-cache, matcher, math-intrinsics, mime, mime-db, mime-types, mimic-function, mimic-response, minimatch, minimist, minipass, minizlib, mkdirp, ms, nedb, normalize-path, normalize-url, object-keys, once, p-cancelable, package-json-from-dist, parse-cache-control, path-is-absolute, path-key, path-scurry, pend, plist, process-nextick-args, progress, promise-retry, pump, punycode, quick-lru, read-config-file, readable-stream, readdir-glob, require-directory, require-from-string, resolve-alpn, responselike, retry, rimraf, roarr, safe-buffer, safer-buffer, sanitize-filename, sax, semver, semver-compare, serialize-error, shebang-command, shebang-regex, signal-exit, simple-update-notifier, source-map, source-map-support, sprintf-js, stat-mode, string-width, string-width-cjs, string_decoder, strip-ansi, strip-ansi-cjs, stubborn-fs, sumchecker, supports-color, tar, tar-stream, temp-file, tmp, tmp-promise, truncate-utf8-bytes, type-fest, typedarray, typescript, uint8array-extras, underscore, undici-types, universalify, uri-js, utf8-byte-length, util-deprecate, when-exit, which, wrap-ansi, wrap-ansi-cjs, wrappy, xmlbuilder, y18n, yallist, yargs, yargs-parser, yauzl, zip-stream
2025-05-19T03:10:08.612Z [TEST] ffmpeg-static存在于 D:\code\cursor\looklook\node_modules\ffmpeg-static
2025-05-19T03:10:08.612Z [TEST] ffmpeg-static内容: example.js, ffmpeg.exe, index.js, install.js, LICENSE, package.json, README.md, types
2025-05-19T03:10:08.612Z [TEST] ffprobe-static存在于 D:\code\cursor\looklook\node_modules\ffprobe-static
2025-05-19T03:10:08.612Z [TEST] ffprobe-static内容: bin, index.js, LICENSE, package.json, README.md, tests
2025-05-19T03:10:08.612Z [TEST] ffprobe-static/bin内容: darwin, linux, win32
2025-05-19T03:10:08.612Z [TEST] ffprobe-static/bin/win32内容: ia32, x64
2025-05-19T03:10:08.613Z [TEST] ffprobe-static/bin/win32/x64内容: ffprobe.exe
2025-05-19T03:10:08.613Z [LOG] 测试FFmpeg可执行性...
2025-05-19T03:10:08.613Z [TEST] 开始测试FFmpeg可执行性
2025-05-19T03:10:08.613Z [LOG] FFmpeg文件存在: D:\code\cursor\looklook\node_modules\ffmpeg-static\ffmpeg.exe
2025-05-19T03:10:08.614Z [TEST] FFmpeg文件存在: D:\code\cursor\looklook\node_modules\ffmpeg-static\ffmpeg.exe
2025-05-19T03:10:08.614Z [LOG] FFmpeg有执行权限
2025-05-19T03:10:08.614Z [TEST] FFmpeg有执行权限
2025-05-19T03:10:08.643Z [LOG] 测试FFprobe可执行性...
2025-05-19T03:10:08.643Z [LOG] FFprobe文件存在: D:\code\cursor\looklook\node_modules\ffprobe-static\bin\win32\x64\ffprobe.exe
2025-05-19T03:10:08.643Z [LOG] FFprobe有执行权限
2025-05-19T03:10:08.708Z [LOG] 注册IPC事件处理程序...
2025-05-19T03:10:08.708Z [LOG] IPC事件处理程序注册完成
2025-05-19T03:10:08.713Z [LOG] FFprobe执行测试成功: ffprobe version 4.0.2 Copyright (c) 2007-2018 the FFmpeg developers
2025-05-19T03:10:08.714Z [LOG] FFmpeg执行测试成功: ffmpeg version 7.1.1-essentials_build-www.gyan.dev Copyright (c) 2000-2025 the FFmpeg developers
2025-05-19T03:10:08.714Z [TEST] FFmpeg执行测试成功: ffmpeg version 7.1.1-essentials_build-www.gyan.dev Copyright (c) 2000-2025 the FFmpeg developers
2025-05-19T03:10:08.714Z [LOG] FFprobe执行测试成功: ffprobe version 4.0.2 Copyright (c) 2007-2018 the FFmpeg developers
2025-05-19T03:10:08.714Z [LOG] FFmpeg执行测试成功: ffmpeg version 7.1.1-essentials_build-www.gyan.dev Copyright (c) 2000-2025 the FFmpeg developers
2025-05-19T03:10:08.714Z [TEST] FFmpeg执行测试成功: ffmpeg version 7.1.1-essentials_build-www.gyan.dev Copyright (c) 2000-2025 the FFmpeg developers
2025-05-19T03:10:08.741Z [LOG] 已加载 3 个视频记录
2025-05-19T03:10:08.741Z [LOG] 开始检查是否存在重复视频记录...
2025-05-19T03:10:08.741Z [LOG] 没有发现重复视频记录
2025-05-19T03:10:08.742Z [LOG] 已加载枚举值[collection]: 16个
2025-05-19T03:10:08.743Z [LOG] 已加载枚举值[actors]: 3个
2025-05-19T03:10:08.743Z [LOG] 数据库模块初始化完成
2025-05-19T03:10:08.858Z [LOG] 处理get-videos请求
2025-05-19T03:10:08.861Z [LOG] 处理get-enum-values请求: collection
2025-05-19T03:10:08.862Z [LOG] 处理get-enum-values请求: actors
2025-05-19T03:10:08.885Z [LOG] 处理自定义协议请求: app://thumbnail/1747622996192-RDpcVXNl.jpg
2025-05-19T03:10:08.885Z [LOG] 缩略图路径: D:\code\cursor\looklook\userdata\thumbnails\1747622996192-RDpcVXNl.jpg
2025-05-19T03:10:08.886Z [LOG] 处理get-enum-values请求: collection
2025-05-19T03:10:08.888Z [LOG] 处理自定义协议请求: app://thumbnail/1747621937554-RDpcVXNl.jpg
2025-05-19T03:10:08.888Z [LOG] 缩略图路径: D:\code\cursor\looklook\userdata\thumbnails\1747621937554-RDpcVXNl.jpg
2025-05-19T03:10:08.889Z [LOG] 处理get-enum-values请求: actors
2025-05-19T03:10:08.889Z [LOG] 处理自定义协议请求: app://thumbnail/1747622329568-RDpcVXNl.jpg
2025-05-19T03:10:08.890Z [LOG] 缩略图路径: D:\code\cursor\looklook\userdata\thumbnails\1747622329568-RDpcVXNl.jpg
2025-05-19T03:10:30.816Z [LOG] 处理import-videos请求
2025-05-19T03:10:32.442Z [LOG] 用户选择了 1 个视频文件
2025-05-19T03:10:32.442Z [LOG] 当前数据库中有 3 个视频记录
2025-05-19T03:10:32.443Z [LOG] 其中新增视频 1 个，重复视频 0 个
2025-05-19T03:10:32.443Z [LOG] 设置已加载
2025-05-19T03:10:32.443Z [LOG] 尝试获取视频分辨率: D:\Users\Videos\第二次选择\8888F897_1745215698544.mp4
2025-05-19T03:10:32.444Z [LOG] 直接获取视频分辨率
2025-05-19T03:10:32.444Z [RESOLUTION] 开始获取视频分辨率: D:\Users\Videos\第二次选择\8888F897_1745215698544.mp4
2025-05-19T03:10:32.444Z [PATH] 尝试获取FFprobe路径
2025-05-19T03:10:32.444Z [LOG] 使用配置的FFprobe路径: D:\code\cursor\looklook\node_modules\ffprobe-static\bin\win32\x64\ffprobe.exe
2025-05-19T03:10:32.445Z [PATH] 使用配置的FFprobe路径: D:\code\cursor\looklook\node_modules\ffprobe-static\bin\win32\x64\ffprobe.exe
2025-05-19T03:10:32.445Z [RESOLUTION] 在开发环境中使用ffprobe路径: D:\code\cursor\looklook\node_modules\ffprobe-static\bin\win32\x64\ffprobe.exe
2025-05-19T03:10:32.445Z [RESOLUTION] 检查ffprobe可执行文件是否存在: true
2025-05-19T03:10:32.445Z [LOG] 执行命令: D:\code\cursor\looklook\node_modules\ffprobe-static\bin\win32\x64\ffprobe.exe -v error -select_streams v:0 -show_entries stream=width,height -of csv=s=x:p=0 D:\Users\Videos\第二次选择\8888F897_1745215698544.mp4
2025-05-19T03:10:32.445Z [CMD] 执行命令: D:\code\cursor\looklook\node_modules\ffprobe-static\bin\win32\x64\ffprobe.exe -v error -select_streams v:0 -show_entries stream=width,height -of csv=s=x:p=0 D:\Users\Videos\第二次选择\8888F897_1745215698544.mp4
2025-05-19T03:10:32.445Z [RESOLUTION] ffprobe有执行权限
2025-05-19T03:10:32.445Z [RESOLUTION] 开始执行命令获取分辨率: D:\code\cursor\looklook\node_modules\ffprobe-static\bin\win32\x64\ffprobe.exe -v error -select_streams v:0 -show_entries stream=width,height -of csv=s=x:p=0 D:\Users\Videos\第二次选择\8888F897_1745215698544.mp4
2025-05-19T03:10:32.503Z [RESOLUTION] 命令输出: "1280x720"
2025-05-19T03:10:32.503Z [LOG] 成功解析分辨率: 1280×720
2025-05-19T03:10:32.504Z [RESOLUTION] 成功解析分辨率: 1280×720
2025-05-19T03:10:32.504Z [LOG] 成功获取到分辨率: 1280×720
2025-05-19T03:10:32.504Z [LOG] 尝试获取视频时长: D:\Users\Videos\第二次选择\8888F897_1745215698544.mp4
2025-05-19T03:10:32.505Z [LOG] 直接获取视频时长（秒数）
2025-05-19T03:10:32.505Z [DURATION] 开始获取视频时长: D:\Users\Videos\第二次选择\8888F897_1745215698544.mp4
2025-05-19T03:10:32.505Z [PATH] 尝试获取FFprobe路径
2025-05-19T03:10:32.505Z [LOG] 使用配置的FFprobe路径: D:\code\cursor\looklook\node_modules\ffprobe-static\bin\win32\x64\ffprobe.exe
2025-05-19T03:10:32.505Z [PATH] 使用配置的FFprobe路径: D:\code\cursor\looklook\node_modules\ffprobe-static\bin\win32\x64\ffprobe.exe
2025-05-19T03:10:32.505Z [DURATION] 在开发环境中使用ffprobe路径: D:\code\cursor\looklook\node_modules\ffprobe-static\bin\win32\x64\ffprobe.exe
2025-05-19T03:10:32.506Z [DURATION] 检查ffprobe可执行文件是否存在: true
2025-05-19T03:10:32.506Z [LOG] 执行命令: D:\code\cursor\looklook\node_modules\ffprobe-static\bin\win32\x64\ffprobe.exe -v error -show_entries format=duration -of default=noprint_wrappers=1:nokey=1 D:\Users\Videos\第二次选择\8888F897_1745215698544.mp4
2025-05-19T03:10:32.506Z [CMD] 执行命令: D:\code\cursor\looklook\node_modules\ffprobe-static\bin\win32\x64\ffprobe.exe -v error -show_entries format=duration -of default=noprint_wrappers=1:nokey=1 D:\Users\Videos\第二次选择\8888F897_1745215698544.mp4
2025-05-19T03:10:32.506Z [DURATION] ffprobe有执行权限
2025-05-19T03:10:32.506Z [DURATION] 开始执行命令获取时长: D:\code\cursor\looklook\node_modules\ffprobe-static\bin\win32\x64\ffprobe.exe -v error -show_entries format=duration -of default=noprint_wrappers=1:nokey=1 D:\Users\Videos\第二次选择\8888F897_1745215698544.mp4
2025-05-19T03:10:32.566Z [DURATION] 命令输出: "33.493333"
2025-05-19T03:10:32.567Z [LOG] 成功获取视频时长: 33.493333 秒
2025-05-19T03:10:32.567Z [DURATION] 成功获取视频时长: 33.493333 秒
2025-05-19T03:10:32.567Z [LOG] 成功获取到视频时长: 0:33
2025-05-19T03:10:32.568Z [LOG] 开始生成缩略图，视频路径: D:\Users\Videos\第二次选择\8888F897_1745215698544.mp4
2025-05-19T03:10:32.568Z [LOG] 缩略图输出路径: D:\code\cursor\looklook\userdata\thumbnails\1747624232969-RDpcVXNl.jpg
2025-05-19T03:10:32.568Z [LOG] 生成随机时间点: 00:00:29
2025-05-19T03:10:32.569Z [LOG] 使用直接命令行ffmpeg生成缩略图
2025-05-19T03:10:32.569Z [PATH] 尝试获取FFmpeg路径
2025-05-19T03:10:32.569Z [LOG] 使用配置的FFmpeg路径: D:\code\cursor\looklook\node_modules\ffmpeg-static\ffmpeg.exe
2025-05-19T03:10:32.570Z [PATH] 使用配置的FFmpeg路径: D:\code\cursor\looklook\node_modules\ffmpeg-static\ffmpeg.exe
2025-05-19T03:10:32.570Z [LOG] 将使用时间点 00:00:29 生成缩略图
2025-05-19T03:10:32.570Z [LOG] 执行命令: D:\code\cursor\looklook\node_modules\ffmpeg-static\ffmpeg.exe -ss 00:00:29 -i D:\Users\Videos\第二次选择\8888F897_1745215698544.mp4 -vframes 1 -s 320x180 -y D:\code\cursor\looklook\userdata\thumbnails\1747624232969-RDpcVXNl.jpg
2025-05-19T03:10:32.683Z [LOG] 直接ffmpeg成功生成缩略图: D:\code\cursor\looklook\userdata\thumbnails\1747624232969-RDpcVXNl.jpg
2025-05-19T03:10:32.684Z [LOG] 通过直接ffmpeg命令生成缩略图成功
2025-05-19T03:10:32.685Z [LOG] 成功保存 1 个视频到数据库
2025-05-19T03:10:32.686Z [LOG] 处理get-videos请求
2025-05-19T03:10:32.688Z [LOG] 处理自定义协议请求: app://thumbnail/1747624232969-RDpcVXNl.jpg
2025-05-19T03:10:32.688Z [LOG] 缩略图路径: D:\code\cursor\looklook\userdata\thumbnails\1747624232969-RDpcVXNl.jpg
2025-05-19T03:10:51.990Z [LOG] 处理import-videos请求
2025-05-19T03:10:53.764Z [LOG] 用户选择了 1 个视频文件
2025-05-19T03:10:53.764Z [LOG] 当前数据库中有 4 个视频记录
2025-05-19T03:10:53.765Z [LOG] 其中新增视频 1 个，重复视频 0 个
2025-05-19T03:10:53.765Z [LOG] 设置已加载
2025-05-19T03:10:53.765Z [LOG] 尝试获取视频分辨率: D:\Users\Videos\第二次选择\LUXU-1234 好好好.avi
2025-05-19T03:10:53.766Z [LOG] 直接获取视频分辨率
2025-05-19T03:10:53.766Z [RESOLUTION] 开始获取视频分辨率: D:\Users\Videos\第二次选择\LUXU-1234 好好好.avi
2025-05-19T03:10:53.766Z [PATH] 尝试获取FFprobe路径
2025-05-19T03:10:53.766Z [LOG] 使用配置的FFprobe路径: D:\code\cursor\looklook\node_modules\ffprobe-static\bin\win32\x64\ffprobe.exe
2025-05-19T03:10:53.766Z [PATH] 使用配置的FFprobe路径: D:\code\cursor\looklook\node_modules\ffprobe-static\bin\win32\x64\ffprobe.exe
2025-05-19T03:10:53.766Z [RESOLUTION] 在开发环境中使用ffprobe路径: D:\code\cursor\looklook\node_modules\ffprobe-static\bin\win32\x64\ffprobe.exe
2025-05-19T03:10:53.766Z [RESOLUTION] 检查ffprobe可执行文件是否存在: true
2025-05-19T03:10:53.766Z [LOG] 执行命令: D:\code\cursor\looklook\node_modules\ffprobe-static\bin\win32\x64\ffprobe.exe -v error -select_streams v:0 -show_entries stream=width,height -of csv=s=x:p=0 D:\Users\Videos\第二次选择\LUXU-1234 好好好.avi
2025-05-19T03:10:53.766Z [CMD] 执行命令: D:\code\cursor\looklook\node_modules\ffprobe-static\bin\win32\x64\ffprobe.exe -v error -select_streams v:0 -show_entries stream=width,height -of csv=s=x:p=0 D:\Users\Videos\第二次选择\LUXU-1234 好好好.avi
2025-05-19T03:10:53.767Z [RESOLUTION] ffprobe有执行权限
2025-05-19T03:10:53.767Z [RESOLUTION] 开始执行命令获取分辨率: D:\code\cursor\looklook\node_modules\ffprobe-static\bin\win32\x64\ffprobe.exe -v error -select_streams v:0 -show_entries stream=width,height -of csv=s=x:p=0 D:\Users\Videos\第二次选择\LUXU-1234 好好好.avi
2025-05-19T03:10:53.817Z [RESOLUTION] 命令输出: "640x368"
2025-05-19T03:10:53.818Z [LOG] 成功解析分辨率: 640×368
2025-05-19T03:10:53.818Z [RESOLUTION] 成功解析分辨率: 640×368
2025-05-19T03:10:53.818Z [LOG] 成功获取到分辨率: 640×368
2025-05-19T03:10:53.818Z [LOG] 尝试获取视频时长: D:\Users\Videos\第二次选择\LUXU-1234 好好好.avi
2025-05-19T03:10:53.819Z [LOG] 直接获取视频时长（秒数）
2025-05-19T03:10:53.819Z [DURATION] 开始获取视频时长: D:\Users\Videos\第二次选择\LUXU-1234 好好好.avi
2025-05-19T03:10:53.819Z [PATH] 尝试获取FFprobe路径
2025-05-19T03:10:53.819Z [LOG] 使用配置的FFprobe路径: D:\code\cursor\looklook\node_modules\ffprobe-static\bin\win32\x64\ffprobe.exe
2025-05-19T03:10:53.819Z [PATH] 使用配置的FFprobe路径: D:\code\cursor\looklook\node_modules\ffprobe-static\bin\win32\x64\ffprobe.exe
2025-05-19T03:10:53.819Z [DURATION] 在开发环境中使用ffprobe路径: D:\code\cursor\looklook\node_modules\ffprobe-static\bin\win32\x64\ffprobe.exe
2025-05-19T03:10:53.819Z [DURATION] 检查ffprobe可执行文件是否存在: true
2025-05-19T03:10:53.820Z [LOG] 执行命令: D:\code\cursor\looklook\node_modules\ffprobe-static\bin\win32\x64\ffprobe.exe -v error -show_entries format=duration -of default=noprint_wrappers=1:nokey=1 D:\Users\Videos\第二次选择\LUXU-1234 好好好.avi
2025-05-19T03:10:53.820Z [CMD] 执行命令: D:\code\cursor\looklook\node_modules\ffprobe-static\bin\win32\x64\ffprobe.exe -v error -show_entries format=duration -of default=noprint_wrappers=1:nokey=1 D:\Users\Videos\第二次选择\LUXU-1234 好好好.avi
2025-05-19T03:10:53.820Z [DURATION] ffprobe有执行权限
2025-05-19T03:10:53.820Z [DURATION] 开始执行命令获取时长: D:\code\cursor\looklook\node_modules\ffprobe-static\bin\win32\x64\ffprobe.exe -v error -show_entries format=duration -of default=noprint_wrappers=1:nokey=1 D:\Users\Videos\第二次选择\LUXU-1234 好好好.avi
2025-05-19T03:10:53.872Z [DURATION] 命令输出: "6.400000"
2025-05-19T03:10:53.873Z [LOG] 成功获取视频时长: 6.4 秒
2025-05-19T03:10:53.873Z [DURATION] 成功获取视频时长: 6.4 秒
2025-05-19T03:10:53.873Z [LOG] 成功获取到视频时长: 0:06
2025-05-19T03:10:53.873Z [LOG] 开始生成缩略图，视频路径: D:\Users\Videos\第二次选择\LUXU-1234 好好好.avi
2025-05-19T03:10:53.874Z [LOG] 缩略图输出路径: D:\code\cursor\looklook\userdata\thumbnails\1747624254139-RDpcVXNl.jpg
2025-05-19T03:10:53.874Z [LOG] 生成随机时间点: 00:00:35
2025-05-19T03:10:53.874Z [LOG] 使用直接命令行ffmpeg生成缩略图
2025-05-19T03:10:53.874Z [PATH] 尝试获取FFmpeg路径
2025-05-19T03:10:53.875Z [LOG] 使用配置的FFmpeg路径: D:\code\cursor\looklook\node_modules\ffmpeg-static\ffmpeg.exe
2025-05-19T03:10:53.875Z [PATH] 使用配置的FFmpeg路径: D:\code\cursor\looklook\node_modules\ffmpeg-static\ffmpeg.exe
2025-05-19T03:10:53.875Z [LOG] 将使用时间点 00:00:35 生成缩略图
2025-05-19T03:10:53.875Z [LOG] 执行命令: D:\code\cursor\looklook\node_modules\ffmpeg-static\ffmpeg.exe -ss 00:00:35 -i D:\Users\Videos\第二次选择\LUXU-1234 好好好.avi -vframes 1 -s 320x180 -y D:\code\cursor\looklook\userdata\thumbnails\1747624254139-RDpcVXNl.jpg
2025-05-19T03:10:54.457Z [ERROR] 直接ffmpeg生成缩略图失败: Command failed: D:\code\cursor\looklook\node_modules\ffmpeg-static\ffmpeg.exe -ss 00:00:35 -i D:\Users\Videos\第二次选择\LUXU-1234 好好好.avi -vframes 1 -s 320x180 -y D:\code\cursor\looklook\userdata\thumbnails\1747624254139-RDpcVXNl.jpg
ffmpeg version 7.1.1-essentials_build-www.gyan.dev Copyright (c) 2000-2025 the FFmpeg developers
  built with gcc 14.2.0 (Rev1, Built by MSYS2 project)
  configuration: --enable-gpl --enable-version3 --enable-static --disable-w32threads --disable-autodetect --enable-fontconfig --enable-iconv --enable-gnutls --enable-libxml2 --enable-gmp --enable-bzlib --enable-lzma --enable-zlib --enable-libsrt --enable-libssh --enable-libzmq --enable-avisynth --enable-sdl2 --enable-libwebp --enable-libx264 --enable-libx265 --enable-libxvid --enable-libaom --enable-libopenjpeg --enable-libvpx --enable-mediafoundation --enable-libass --enable-libfreetype --enable-libfribidi --enable-libharfbuzz --enable-libvidstab --enable-libvmaf --enable-libzimg --enable-amf --enable-cuda-llvm --enable-cuvid --enable-dxva2 --enable-d3d11va --enable-d3d12va --enable-ffnvcodec --enable-libvpl --enable-nvdec --enable-nvenc --enable-vaapi --enable-libgme --enable-libopenmpt --enable-libopencore-amrwb --enable-libmp3lame --enable-libtheora --enable-libvo-amrwbenc --enable-libgsm --enable-libopencore-amrnb --enable-libopus --enable-libspeex --enable-libvorbis --enable-librubberband
  libavutil      59. 39.100 / 59. 39.100
  libavcodec     61. 19.101 / 61. 19.101
  libavformat    61.  7.100 / 61.  7.100
  libavdevice    61.  3.100 / 61.  3.100
  libavfilter    10.  4.100 / 10.  4.100
  libswscale      8.  3.100 /  8.  3.100
  libswresample   5.  3.100 /  5.  3.100
  libpostproc    58.  3.100 / 58.  3.100
Input #0, mov,mp4,m4a,3gp,3g2,mj2, from 'D:\Users\Videos\第二次选择\LUXU-1234 好好好.avi':
  Metadata:
    major_brand     : isom
    minor_version   : 512
    compatible_brands: isomiso2mp41
    creation_time   : 1970-01-01T00:00:00.000000Z
    encoder         : Lavf53.24.2
  Duration: 00:00:06.40, start: 0.000000, bitrate: 1321 kb/s
  Stream #0:0[0x1](und): Video: mpeg4 (Simple Profile) (mp4v / 0x7634706D), yuv420p, 640x368 [SAR 1:1 DAR 40:23], 932 kb/s, 25 fps, 25 tbr, 12800 tbn (default)
      Metadata:
        creation_time   : 1970-01-01T00:00:00.000000Z
        handler_name    : VideoHandler
        vendor_id       : [0][0][0][0]
  Stream #0:1[0x2](und): Audio: aac (LC) (mp4a / 0x6134706D), 48000 Hz, 5.1, fltp, 383 kb/s (default)
      Metadata:
        creation_time   : 1970-01-01T00:00:00.000000Z
        handler_name    : SoundHandler
        vendor_id       : [0][0][0][0]
Stream mapping:
  Stream #0:0 -> #0:0 (mpeg4 (native) -> mjpeg (native))
Press [q] to stop, [?] for help
[vf#0:0 @ 00000000028500c0] No filtered frames for output stream, trying to initialize anyway.
[mjpeg @ 00000000026d77c0] Non full-range YUV is non-standard, set strict_std_compliance to at most unofficial to use it.
[vost#0:0/mjpeg @ 0000000002a3ad40] Error while opening encoder - maybe incorrect parameters such as bit_rate, rate, width or height.
[vf#0:0 @ 00000000026d7e00] Task finished with error code: -22 (Invalid argument)
[vf#0:0 @ 00000000026d7e00] Terminating thread with return code -22 (Invalid argument)
[vost#0:0/mjpeg @ 0000000002a3ad40] Could not open encoder before EOF
[vost#0:0/mjpeg @ 0000000002a3ad40] Task finished with error code: -22 (Invalid argument)
[vost#0:0/mjpeg @ 0000000002a3ad40] Terminating thread with return code -22 (Invalid argument)
[out#0/image2 @ 00000000026d8640] Nothing was written into output file, because at least one of its streams received no packets.
frame=    0 fps=0.0 q=0.0 Lsize=       0KiB time=N/A bitrate=N/A speed=N/A    
Conversion failed!

2025-05-19T03:10:54.460Z [ERROR] STDERR: ffmpeg version 7.1.1-essentials_build-www.gyan.dev Copyright (c) 2000-2025 the FFmpeg developers
  built with gcc 14.2.0 (Rev1, Built by MSYS2 project)
  configuration: --enable-gpl --enable-version3 --enable-static --disable-w32threads --disable-autodetect --enable-fontconfig --enable-iconv --enable-gnutls --enable-libxml2 --enable-gmp --enable-bzlib --enable-lzma --enable-zlib --enable-libsrt --enable-libssh --enable-libzmq --enable-avisynth --enable-sdl2 --enable-libwebp --enable-libx264 --enable-libx265 --enable-libxvid --enable-libaom --enable-libopenjpeg --enable-libvpx --enable-mediafoundation --enable-libass --enable-libfreetype --enable-libfribidi --enable-libharfbuzz --enable-libvidstab --enable-libvmaf --enable-libzimg --enable-amf --enable-cuda-llvm --enable-cuvid --enable-dxva2 --enable-d3d11va --enable-d3d12va --enable-ffnvcodec --enable-libvpl --enable-nvdec --enable-nvenc --enable-vaapi --enable-libgme --enable-libopenmpt --enable-libopencore-amrwb --enable-libmp3lame --enable-libtheora --enable-libvo-amrwbenc --enable-libgsm --enable-libopencore-amrnb --enable-libopus --enable-libspeex --enable-libvorbis --enable-librubberband
  libavutil      59. 39.100 / 59. 39.100
  libavcodec     61. 19.101 / 61. 19.101
  libavformat    61.  7.100 / 61.  7.100
  libavdevice    61.  3.100 / 61.  3.100
  libavfilter    10.  4.100 / 10.  4.100
  libswscale      8.  3.100 /  8.  3.100
  libswresample   5.  3.100 /  5.  3.100
  libpostproc    58.  3.100 / 58.  3.100
Input #0, mov,mp4,m4a,3gp,3g2,mj2, from 'D:\Users\Videos\第二次选择\LUXU-1234 好好好.avi':
  Metadata:
    major_brand     : isom
    minor_version   : 512
    compatible_brands: isomiso2mp41
    creation_time   : 1970-01-01T00:00:00.000000Z
    encoder         : Lavf53.24.2
  Duration: 00:00:06.40, start: 0.000000, bitrate: 1321 kb/s
  Stream #0:0[0x1](und): Video: mpeg4 (Simple Profile) (mp4v / 0x7634706D), yuv420p, 640x368 [SAR 1:1 DAR 40:23], 932 kb/s, 25 fps, 25 tbr, 12800 tbn (default)
      Metadata:
        creation_time   : 1970-01-01T00:00:00.000000Z
        handler_name    : VideoHandler
        vendor_id       : [0][0][0][0]
  Stream #0:1[0x2](und): Audio: aac (LC) (mp4a / 0x6134706D), 48000 Hz, 5.1, fltp, 383 kb/s (default)
      Metadata:
        creation_time   : 1970-01-01T00:00:00.000000Z
        handler_name    : SoundHandler
        vendor_id       : [0][0][0][0]
Stream mapping:
  Stream #0:0 -> #0:0 (mpeg4 (native) -> mjpeg (native))
Press [q] to stop, [?] for help
[vf#0:0 @ 00000000028500c0] No filtered frames for output stream, trying to initialize anyway.
[mjpeg @ 00000000026d77c0] Non full-range YUV is non-standard, set strict_std_compliance to at most unofficial to use it.
[vost#0:0/mjpeg @ 0000000002a3ad40] Error while opening encoder - maybe incorrect parameters such as bit_rate, rate, width or height.
[vf#0:0 @ 00000000026d7e00] Task finished with error code: -22 (Invalid argument)
[vf#0:0 @ 00000000026d7e00] Terminating thread with return code -22 (Invalid argument)
[vost#0:0/mjpeg @ 0000000002a3ad40] Could not open encoder before EOF
[vost#0:0/mjpeg @ 0000000002a3ad40] Task finished with error code: -22 (Invalid argument)
[vost#0:0/mjpeg @ 0000000002a3ad40] Terminating thread with return code -22 (Invalid argument)
[out#0/image2 @ 00000000026d8640] Nothing was written into output file, because at least one of its streams received no packets.
frame=    0 fps=0.0 q=0.0 Lsize=       0KiB time=N/A bitrate=N/A speed=N/A    
Conversion failed!

2025-05-19T03:10:54.464Z [ERROR] 直接ffmpeg命令生成缩略图失败: Command failed: D:\code\cursor\looklook\node_modules\ffmpeg-static\ffmpeg.exe -ss 00:00:35 -i D:\Users\Videos\第二次选择\LUXU-1234 好好好.avi -vframes 1 -s 320x180 -y D:\code\cursor\looklook\userdata\thumbnails\1747624254139-RDpcVXNl.jpg
ffmpeg version 7.1.1-essentials_build-www.gyan.dev Copyright (c) 2000-2025 the FFmpeg developers
  built with gcc 14.2.0 (Rev1, Built by MSYS2 project)
  configuration: --enable-gpl --enable-version3 --enable-static --disable-w32threads --disable-autodetect --enable-fontconfig --enable-iconv --enable-gnutls --enable-libxml2 --enable-gmp --enable-bzlib --enable-lzma --enable-zlib --enable-libsrt --enable-libssh --enable-libzmq --enable-avisynth --enable-sdl2 --enable-libwebp --enable-libx264 --enable-libx265 --enable-libxvid --enable-libaom --enable-libopenjpeg --enable-libvpx --enable-mediafoundation --enable-libass --enable-libfreetype --enable-libfribidi --enable-libharfbuzz --enable-libvidstab --enable-libvmaf --enable-libzimg --enable-amf --enable-cuda-llvm --enable-cuvid --enable-dxva2 --enable-d3d11va --enable-d3d12va --enable-ffnvcodec --enable-libvpl --enable-nvdec --enable-nvenc --enable-vaapi --enable-libgme --enable-libopenmpt --enable-libopencore-amrwb --enable-libmp3lame --enable-libtheora --enable-libvo-amrwbenc --enable-libgsm --enable-libopencore-amrnb --enable-libopus --enable-libspeex --enable-libvorbis --enable-librubberband
  libavutil      59. 39.100 / 59. 39.100
  libavcodec     61. 19.101 / 61. 19.101
  libavformat    61.  7.100 / 61.  7.100
  libavdevice    61.  3.100 / 61.  3.100
  libavfilter    10.  4.100 / 10.  4.100
  libswscale      8.  3.100 /  8.  3.100
  libswresample   5.  3.100 /  5.  3.100
  libpostproc    58.  3.100 / 58.  3.100
Input #0, mov,mp4,m4a,3gp,3g2,mj2, from 'D:\Users\Videos\第二次选择\LUXU-1234 好好好.avi':
  Metadata:
    major_brand     : isom
    minor_version   : 512
    compatible_brands: isomiso2mp41
    creation_time   : 1970-01-01T00:00:00.000000Z
    encoder         : Lavf53.24.2
  Duration: 00:00:06.40, start: 0.000000, bitrate: 1321 kb/s
  Stream #0:0[0x1](und): Video: mpeg4 (Simple Profile) (mp4v / 0x7634706D), yuv420p, 640x368 [SAR 1:1 DAR 40:23], 932 kb/s, 25 fps, 25 tbr, 12800 tbn (default)
      Metadata:
        creation_time   : 1970-01-01T00:00:00.000000Z
        handler_name    : VideoHandler
        vendor_id       : [0][0][0][0]
  Stream #0:1[0x2](und): Audio: aac (LC) (mp4a / 0x6134706D), 48000 Hz, 5.1, fltp, 383 kb/s (default)
      Metadata:
        creation_time   : 1970-01-01T00:00:00.000000Z
        handler_name    : SoundHandler
        vendor_id       : [0][0][0][0]
Stream mapping:
  Stream #0:0 -> #0:0 (mpeg4 (native) -> mjpeg (native))
Press [q] to stop, [?] for help
[vf#0:0 @ 00000000028500c0] No filtered frames for output stream, trying to initialize anyway.
[mjpeg @ 00000000026d77c0] Non full-range YUV is non-standard, set strict_std_compliance to at most unofficial to use it.
[vost#0:0/mjpeg @ 0000000002a3ad40] Error while opening encoder - maybe incorrect parameters such as bit_rate, rate, width or height.
[vf#0:0 @ 00000000026d7e00] Task finished with error code: -22 (Invalid argument)
[vf#0:0 @ 00000000026d7e00] Terminating thread with return code -22 (Invalid argument)
[vost#0:0/mjpeg @ 0000000002a3ad40] Could not open encoder before EOF
[vost#0:0/mjpeg @ 0000000002a3ad40] Task finished with error code: -22 (Invalid argument)
[vost#0:0/mjpeg @ 0000000002a3ad40] Terminating thread with return code -22 (Invalid argument)
[out#0/image2 @ 00000000026d8640] Nothing was written into output file, because at least one of its streams received no packets.
frame=    0 fps=0.0 q=0.0 Lsize=       0KiB time=N/A bitrate=N/A speed=N/A    
Conversion failed!

2025-05-19T03:10:54.465Z [LOG] 尝试使用直接命令行方式生成缩略图
2025-05-19T03:10:54.466Z [LOG] 直接获取视频时长（秒数）
2025-05-19T03:10:54.466Z [PATH] 尝试获取FFprobe路径
2025-05-19T03:10:54.466Z [LOG] 使用配置的FFprobe路径: D:\code\cursor\looklook\node_modules\ffprobe-static\bin\win32\x64\ffprobe.exe
2025-05-19T03:10:54.467Z [PATH] 使用配置的FFprobe路径: D:\code\cursor\looklook\node_modules\ffprobe-static\bin\win32\x64\ffprobe.exe
2025-05-19T03:10:54.467Z [LOG] 在开发环境中使用ffprobe路径: D:\code\cursor\looklook\node_modules\ffprobe-static\bin\win32\x64\ffprobe.exe
2025-05-19T03:10:54.467Z [LOG] 执行命令: D:\code\cursor\looklook\node_modules\ffprobe-static\bin\win32\x64\ffprobe.exe -v error -show_entries format=duration -of default=noprint_wrappers=1:nokey=1 D:\Users\Videos\第二次选择\LUXU-1234 好好好.avi
2025-05-19T03:10:54.531Z [LOG] 时长命令输出: 6.400000
2025-05-19T03:10:54.532Z [LOG] 成功获取视频时长: 6.4 秒
2025-05-19T03:10:54.532Z [LOG] 获取到视频时长: 6.4 秒, 准备截取缩略图
2025-05-19T03:10:54.532Z [LOG] 将在视频的 3 秒处截取缩略图 (随机生成)
2025-05-19T03:10:54.533Z [PATH] 尝试获取FFmpeg路径
2025-05-19T03:10:54.533Z [LOG] 使用配置的FFmpeg路径: D:\code\cursor\looklook\node_modules\ffmpeg-static\ffmpeg.exe
2025-05-19T03:10:54.533Z [PATH] 使用配置的FFmpeg路径: D:\code\cursor\looklook\node_modules\ffmpeg-static\ffmpeg.exe
2025-05-19T03:10:54.533Z [LOG] 执行命令: D:\code\cursor\looklook\node_modules\ffmpeg-static\ffmpeg.exe -i D:\Users\Videos\第二次选择\LUXU-1234 好好好.avi -ss 3 -vframes 1 -s 320x180 -y D:\code\cursor\looklook\userdata\thumbnails\1747624254139-RDpcVXNl.jpg
2025-05-19T03:10:54.610Z [LOG] 命令行方式成功生成缩略图: D:\code\cursor\looklook\userdata\thumbnails\1747624254139-RDpcVXNl.jpg
2025-05-19T03:10:54.610Z [LOG] 通过多步骤方法成功生成缩略图
2025-05-19T03:10:54.612Z [LOG] 成功保存 1 个视频到数据库
2025-05-19T03:10:54.612Z [LOG] 处理get-videos请求
2025-05-19T03:11:01.350Z [LOG] 读取base64图片文件: assets/avatar.mw
2025-05-19T03:11:01.352Z [LOG] 成功读取图片文件: assets/avatar.mw
2025-05-19T03:11:01.357Z [LOG] 处理get-settings请求
2025-05-19T03:11:01.358Z [LOG] 设置已加载
2025-05-19T03:11:01.360Z [LOG] 处理get-enum-values请求: collection
2025-05-19T03:11:01.363Z [LOG] 处理get-enum-values请求: collection
2025-05-19T03:11:01.364Z [LOG] 处理get-enum-values请求: actors
2025-05-19T03:11:01.469Z [LOG] 处理get-enum-values请求: collection
2025-05-19T03:11:01.470Z [LOG] 处理get-enum-values请求: collection
2025-05-19T03:11:01.470Z [LOG] 处理get-enum-values请求: actors
2025-05-19T03:11:08.889Z [LOG] 处理get-enum-values请求: collection
2025-05-19T03:11:08.891Z [LOG] 处理get-enum-values请求: actors
2025-05-19T03:21:47.550Z 日志开始 - 2025-05-19T03:21:47.549Z - 应用版本: 1.0.0 - 运行环境: 开发环境
2025-05-19T03:21:47.550Z 系统信息: win32 x64 - Node.js 18.18.2
2025-05-19T03:21:47.550Z App路径: D:\code\cursor\looklook
2025-05-19T03:21:47.550Z 可执行文件路径: D:\code\cursor\looklook\node_modules\electron\dist\electron.exe
2025-05-19T03:21:47.551Z [LOG] 日志文件已创建: D:\code\cursor\looklook\userdata\logs\app-2025-05-19.log
2025-05-19T03:21:47.551Z [ERROR] 设置控制台编码失败: process.stdout.setEncoding is not a function
2025-05-19T03:21:47.551Z [LOG] 应用准备就绪
2025-05-19T03:21:47.551Z [ENV] 运行模式: 开发环境
2025-05-19T03:21:47.551Z [ENV] 应用路径: D:\code\cursor\looklook
2025-05-19T03:21:47.552Z [ENV] 可执行文件路径: D:\code\cursor\looklook\node_modules\electron\dist\electron.exe
2025-05-19T03:21:47.552Z [ENV] 用户数据路径: D:\code\cursor\looklook\userdata
2025-05-19T03:21:47.552Z [FFMPEG_COPY] 开发环境中无需复制FFmpeg和FFprobe
2025-05-19T03:21:47.552Z [LOG] 用户数据目录: D:\code\cursor\looklook\userdata
2025-05-19T03:21:47.552Z [LOG] 缩略图目录: D:\code\cursor\looklook\userdata\thumbnails
2025-05-19T03:21:47.553Z [LOG] 设置文件已存在，无需创建默认设置
2025-05-19T03:21:47.555Z [LOG] 打包状态: 开发环境
2025-05-19T03:21:47.556Z [LOG] App Path: D:\code\cursor\looklook
2025-05-19T03:21:47.556Z [LOG] Exe Path: D:\code\cursor\looklook\node_modules\electron\dist\electron.exe
2025-05-19T03:21:47.556Z [LOG] 应用目录: D:\code\cursor\looklook\node_modules\electron\dist
2025-05-19T03:21:47.557Z [LOG] 资源目录: D:\code\cursor\looklook\node_modules\electron\dist\resources
2025-05-19T03:21:47.557Z [TEST] 开始测试FFmpeg和FFprobe可执行性
2025-05-19T03:21:47.557Z [TEST] 打包状态: 开发环境
2025-05-19T03:21:47.557Z [TEST] App路径: D:\code\cursor\looklook
2025-05-19T03:21:47.558Z [TEST] 可执行文件路径: D:\code\cursor\looklook\node_modules\electron\dist\electron.exe
2025-05-19T03:21:47.558Z [TEST] 应用目录: D:\code\cursor\looklook\node_modules\electron\dist
2025-05-19T03:21:47.558Z [TEST] 资源目录: D:\code\cursor\looklook\node_modules\electron\dist\resources
2025-05-19T03:21:47.558Z [LOG] 检查node_modules路径: D:\code\cursor\looklook\node_modules\electron\dist\resources\node_modules, 存在: false
2025-05-19T03:21:47.558Z [TEST] 检查node_modules路径: D:\code\cursor\looklook\node_modules\electron\dist\resources\node_modules, 存在: false
2025-05-19T03:21:47.559Z [LOG] 检查node_modules路径: D:\code\cursor\looklook\node_modules\electron\dist\node_modules, 存在: false
2025-05-19T03:21:47.559Z [TEST] 检查node_modules路径: D:\code\cursor\looklook\node_modules\electron\dist\node_modules, 存在: false
2025-05-19T03:21:47.559Z [LOG] 检查node_modules路径: D:\code\cursor\looklook\node_modules, 存在: true
2025-05-19T03:21:47.560Z [TEST] 检查node_modules路径: D:\code\cursor\looklook\node_modules, 存在: true
2025-05-19T03:21:47.560Z [TEST] D:\code\cursor\looklook\node_modules 中内容: .bin, .package-lock.json, 7zip-bin, @derhuerst, @develar, @electron, @isaacs, @malept, @pkgjs, @sindresorhus, @szmarczak, @tootallnate, @types, @xmldom, agent-base, ajv, ajv-formats, ajv-keywords, ansi-regex, ansi-styles, app-builder-bin, app-builder-lib, archiver, archiver-utils, argparse, async, async-exit-hook, asynckit, at-least-node, atomically, balanced-match, base64-js, binary-search-tree, bl, bluebird, bluebird-lst, boolean, brace-expansion, buffer, buffer-crc32, buffer-equal, buffer-from, builder-util, builder-util-runtime, cacheable-lookup, cacheable-request, call-bind-apply-helpers, caseless, chalk, chownr, chromium-pickle-js, ci-info, cliui, clone-response, color-convert, color-name, combined-stream, commander, compare-version, compress-commons, concat-map, concat-stream, conf, config-file-ts, core-util-is, crc-32, crc32-stream, cross-spawn, debounce-fn, debug, decompress-response, defer-to-connect, define-data-property, define-properties, delayed-stream, detect-node, dir-compare, dmg-builder, dot-prop, dotenv, dotenv-expand, dunder-proto, eastasianwidth, ejs, electron, electron-builder, electron-builder-squirrel-windows, electron-publish, electron-store, emoji-regex, end-of-stream, env-paths, err-code, es-define-property, es-errors, es-object-atoms, es-set-tostringtag, es6-error, escalade, escape-string-regexp, extract-zip, fast-deep-equal, fast-json-stable-stringify, fast-uri, fd-slicer, ffmpeg-static, ffprobe-static, filelist, fluent-ffmpeg, foreground-child, form-data, fs-constants, fs-extra, fs-minipass, fs.realpath, function-bind, get-caller-file, get-intrinsic, get-proto, get-stream, glob, global-agent, globalthis, gopd, got, graceful-fs, has-flag, has-property-descriptors, has-symbols, has-tostringtag, hasown, hosted-git-info, http-cache-semantics, http-proxy-agent, http-response-object, http2-wrapper, https-proxy-agent, iconv-lite, ieee754, immediate, inflight, inherits, is-ci, is-fullwidth-code-point, isarray, isbinaryfile, isexe, jackspeak, jake, js-yaml, json-buffer, json-schema-traverse, json-schema-typed, json-stringify-safe, json5, jsonfile, keyv, lazy-val, lazystream, lie, localforage, lodash, lodash.defaults, lodash.difference, lodash.flatten, lodash.isplainobject, lodash.union, lowercase-keys, lru-cache, matcher, math-intrinsics, mime, mime-db, mime-types, mimic-function, mimic-response, minimatch, minimist, minipass, minizlib, mkdirp, ms, nedb, normalize-path, normalize-url, object-keys, once, p-cancelable, package-json-from-dist, parse-cache-control, path-is-absolute, path-key, path-scurry, pend, plist, process-nextick-args, progress, promise-retry, pump, punycode, quick-lru, read-config-file, readable-stream, readdir-glob, require-directory, require-from-string, resolve-alpn, responselike, retry, rimraf, roarr, safe-buffer, safer-buffer, sanitize-filename, sax, semver, semver-compare, serialize-error, shebang-command, shebang-regex, signal-exit, simple-update-notifier, source-map, source-map-support, sprintf-js, stat-mode, string-width, string-width-cjs, string_decoder, strip-ansi, strip-ansi-cjs, stubborn-fs, sumchecker, supports-color, tar, tar-stream, temp-file, tmp, tmp-promise, truncate-utf8-bytes, type-fest, typedarray, typescript, uint8array-extras, underscore, undici-types, universalify, uri-js, utf8-byte-length, util-deprecate, when-exit, which, wrap-ansi, wrap-ansi-cjs, wrappy, xmlbuilder, y18n, yallist, yargs, yargs-parser, yauzl, zip-stream
2025-05-19T03:21:47.560Z [TEST] ffmpeg-static存在于 D:\code\cursor\looklook\node_modules\ffmpeg-static
2025-05-19T03:21:47.560Z [TEST] ffmpeg-static内容: example.js, ffmpeg.exe, index.js, install.js, LICENSE, package.json, README.md, types
2025-05-19T03:21:47.560Z [TEST] ffprobe-static存在于 D:\code\cursor\looklook\node_modules\ffprobe-static
2025-05-19T03:21:47.561Z [TEST] ffprobe-static内容: bin, index.js, LICENSE, package.json, README.md, tests
2025-05-19T03:21:47.561Z [TEST] ffprobe-static/bin内容: darwin, linux, win32
2025-05-19T03:21:47.561Z [TEST] ffprobe-static/bin/win32内容: ia32, x64
2025-05-19T03:21:47.561Z [TEST] ffprobe-static/bin/win32/x64内容: ffprobe.exe
2025-05-19T03:21:47.561Z [LOG] 测试FFmpeg可执行性...
2025-05-19T03:21:47.561Z [TEST] 开始测试FFmpeg可执行性
2025-05-19T03:21:47.562Z [LOG] FFmpeg文件存在: D:\code\cursor\looklook\node_modules\ffmpeg-static\ffmpeg.exe
2025-05-19T03:21:47.562Z [TEST] FFmpeg文件存在: D:\code\cursor\looklook\node_modules\ffmpeg-static\ffmpeg.exe
2025-05-19T03:21:47.563Z [LOG] FFmpeg有执行权限
2025-05-19T03:21:47.563Z [TEST] FFmpeg有执行权限
2025-05-19T03:21:47.593Z [LOG] 测试FFprobe可执行性...
2025-05-19T03:21:47.594Z [LOG] FFprobe文件存在: D:\code\cursor\looklook\node_modules\ffprobe-static\bin\win32\x64\ffprobe.exe
2025-05-19T03:21:47.594Z [LOG] FFprobe有执行权限
2025-05-19T03:21:47.652Z [LOG] 注册IPC事件处理程序...
2025-05-19T03:21:47.653Z [LOG] IPC事件处理程序注册完成
2025-05-19T03:21:47.659Z [LOG] FFprobe执行测试成功: ffprobe version 4.0.2 Copyright (c) 2007-2018 the FFmpeg developers
2025-05-19T03:21:47.660Z [LOG] FFmpeg执行测试成功: ffmpeg version 7.1.1-essentials_build-www.gyan.dev Copyright (c) 2000-2025 the FFmpeg developers
2025-05-19T03:21:47.660Z [TEST] FFmpeg执行测试成功: ffmpeg version 7.1.1-essentials_build-www.gyan.dev Copyright (c) 2000-2025 the FFmpeg developers
2025-05-19T03:21:47.660Z [LOG] FFprobe执行测试成功: ffprobe version 4.0.2 Copyright (c) 2007-2018 the FFmpeg developers
2025-05-19T03:21:47.661Z [LOG] FFmpeg执行测试成功: ffmpeg version 7.1.1-essentials_build-www.gyan.dev Copyright (c) 2000-2025 the FFmpeg developers
2025-05-19T03:21:47.661Z [TEST] FFmpeg执行测试成功: ffmpeg version 7.1.1-essentials_build-www.gyan.dev Copyright (c) 2000-2025 the FFmpeg developers
2025-05-19T03:21:47.689Z [LOG] 已加载 5 个视频记录
2025-05-19T03:21:47.690Z [LOG] 开始检查是否存在重复视频记录...
2025-05-19T03:21:47.690Z [LOG] 没有发现重复视频记录
2025-05-19T03:21:47.693Z [LOG] 已加载枚举值[collection]: 16个
2025-05-19T03:21:47.695Z [LOG] 已加载枚举值[actors]: 3个
2025-05-19T03:21:47.695Z [LOG] 数据库模块初始化完成
2025-05-19T03:21:47.804Z [LOG] 处理get-videos请求
2025-05-19T03:21:47.808Z [LOG] 处理get-enum-values请求: collection
2025-05-19T03:21:47.809Z [LOG] 处理get-enum-values请求: actors
2025-05-19T03:21:47.843Z [LOG] 处理自定义协议请求: app://thumbnail/1747622996192-RDpcVXNl.jpg
2025-05-19T03:21:47.844Z [LOG] 缩略图路径: D:\code\cursor\looklook\userdata\thumbnails\1747622996192-RDpcVXNl.jpg
2025-05-19T03:21:47.845Z [LOG] 处理自定义协议请求: app://thumbnail/1747621937554-RDpcVXNl.jpg
2025-05-19T03:21:47.845Z [LOG] 缩略图路径: D:\code\cursor\looklook\userdata\thumbnails\1747621937554-RDpcVXNl.jpg
2025-05-19T03:21:47.846Z [LOG] 处理自定义协议请求: app://thumbnail/1747622329568-RDpcVXNl.jpg
2025-05-19T03:21:47.847Z [LOG] 缩略图路径: D:\code\cursor\looklook\userdata\thumbnails\1747622329568-RDpcVXNl.jpg
2025-05-19T03:21:47.848Z [LOG] 处理自定义协议请求: app://thumbnail/1747624232969-RDpcVXNl.jpg
2025-05-19T03:21:47.848Z [LOG] 缩略图路径: D:\code\cursor\looklook\userdata\thumbnails\1747624232969-RDpcVXNl.jpg
2025-05-19T03:21:47.849Z [LOG] 处理自定义协议请求: app://thumbnail/1747624254139-RDpcVXNl.jpg
2025-05-19T03:21:47.849Z [LOG] 缩略图路径: D:\code\cursor\looklook\userdata\thumbnails\1747624254139-RDpcVXNl.jpg
2025-05-19T03:21:47.852Z [LOG] 处理get-enum-values请求: collection
2025-05-19T03:21:47.853Z [LOG] 处理get-enum-values请求: actors
2025-05-19T03:21:48.948Z [LOG] 处理import-videos请求
2025-05-19T03:21:50.293Z [LOG] 用户选择了 1 个视频文件
2025-05-19T03:21:50.293Z [LOG] 当前数据库中有 5 个视频记录
2025-05-19T03:21:50.294Z [LOG] 其中新增视频 1 个，重复视频 0 个
2025-05-19T03:21:50.294Z [LOG] 设置已加载
2025-05-19T03:21:50.294Z [LOG] 获取视频分辨率: D:\Users\Videos\第二次选择\SampleVideo_1280x720_20mb.flv
2025-05-19T03:21:50.294Z [MAIN] 开始获取视频分辨率: D:\Users\Videos\第二次选择\SampleVideo_1280x720_20mb.flv
2025-05-19T03:21:50.295Z [LOG] 直接获取视频分辨率
2025-05-19T03:21:50.295Z [RESOLUTION] 开始获取视频分辨率: D:\Users\Videos\第二次选择\SampleVideo_1280x720_20mb.flv
2025-05-19T03:21:50.295Z [PATH] 尝试获取FFprobe路径
2025-05-19T03:21:50.295Z [LOG] 使用配置的FFprobe路径: D:\code\cursor\looklook\node_modules\ffprobe-static\bin\win32\x64\ffprobe.exe
2025-05-19T03:21:50.295Z [PATH] 使用配置的FFprobe路径: D:\code\cursor\looklook\node_modules\ffprobe-static\bin\win32\x64\ffprobe.exe
2025-05-19T03:21:50.295Z [RESOLUTION] 在开发环境中使用ffprobe路径: D:\code\cursor\looklook\node_modules\ffprobe-static\bin\win32\x64\ffprobe.exe
2025-05-19T03:21:50.296Z [RESOLUTION] 检查ffprobe可执行文件是否存在: true
2025-05-19T03:21:50.296Z [LOG] 执行命令: "D:\code\cursor\looklook\node_modules\ffprobe-static\bin\win32\x64\ffprobe.exe" -v error -select_streams v:0 -show_entries stream=width,height -of csv=s=x:p=0 "D:\Users\Videos\第二次选择\SampleVideo_1280x720_20mb.flv"
2025-05-19T03:21:50.296Z [RESOLUTION] 开始执行命令获取分辨率: "D:\code\cursor\looklook\node_modules\ffprobe-static\bin\win32\x64\ffprobe.exe" -v error -select_streams v:0 -show_entries stream=width,height -of csv=s=x:p=0 "D:\Users\Videos\第二次选择\SampleVideo_1280x720_20mb.flv"
2025-05-19T03:21:50.356Z [RESOLUTION] 命令输出: "1280x720"
2025-05-19T03:21:50.357Z [LOG] 成功解析分辨率: 1280×720
2025-05-19T03:21:50.357Z [RESOLUTION] 成功解析分辨率: 1280×720
2025-05-19T03:21:50.357Z [LOG] 获取视频时长: D:\Users\Videos\第二次选择\SampleVideo_1280x720_20mb.flv
2025-05-19T03:21:50.357Z [MAIN] 开始获取视频时长: D:\Users\Videos\第二次选择\SampleVideo_1280x720_20mb.flv
2025-05-19T03:21:50.358Z [LOG] 直接获取视频时长
2025-05-19T03:21:50.358Z [DURATION] 开始获取视频时长: D:\Users\Videos\第二次选择\SampleVideo_1280x720_20mb.flv
2025-05-19T03:21:50.358Z [PATH] 尝试获取FFprobe路径
2025-05-19T03:21:50.358Z [LOG] 使用配置的FFprobe路径: D:\code\cursor\looklook\node_modules\ffprobe-static\bin\win32\x64\ffprobe.exe
2025-05-19T03:21:50.359Z [PATH] 使用配置的FFprobe路径: D:\code\cursor\looklook\node_modules\ffprobe-static\bin\win32\x64\ffprobe.exe
2025-05-19T03:21:50.359Z [DURATION] 在开发环境中使用ffprobe路径: D:\code\cursor\looklook\node_modules\ffprobe-static\bin\win32\x64\ffprobe.exe
2025-05-19T03:21:50.359Z [DURATION] 检查ffprobe可执行文件是否存在: true
2025-05-19T03:21:50.360Z [LOG] 执行命令: "D:\code\cursor\looklook\node_modules\ffprobe-static\bin\win32\x64\ffprobe.exe" -v error -show_entries format=duration -of default=noprint_wrappers=1:nokey=1 "D:\Users\Videos\第二次选择\SampleVideo_1280x720_20mb.flv"
2025-05-19T03:21:50.360Z [DURATION] 开始执行命令获取时长: "D:\code\cursor\looklook\node_modules\ffprobe-static\bin\win32\x64\ffprobe.exe" -v error -show_entries format=duration -of default=noprint_wrappers=1:nokey=1 "D:\Users\Videos\第二次选择\SampleVideo_1280x720_20mb.flv"
2025-05-19T03:21:50.418Z [DURATION] 命令输出: "105.282000"
2025-05-19T03:21:50.419Z [LOG] 成功解析时长: 00:01:45
2025-05-19T03:21:50.419Z [DURATION] 成功解析时长: 00:01:45
2025-05-19T03:21:50.420Z [LOG] 开始生成缩略图，视频路径: D:\Users\Videos\第二次选择\SampleVideo_1280x720_20mb.flv
2025-05-19T03:21:50.420Z [LOG] 缩略图输出路径: D:\code\cursor\looklook\userdata\thumbnails\1747624911165-RDpcVXNl.jpg
2025-05-19T03:21:50.421Z [LOG] 生成随机时间点: 00:00:25
2025-05-19T03:21:50.421Z [LOG] 使用直接命令行ffmpeg生成缩略图
2025-05-19T03:21:50.421Z [PATH] 尝试获取FFmpeg路径
2025-05-19T03:21:50.422Z [LOG] 使用配置的FFmpeg路径: D:\code\cursor\looklook\node_modules\ffmpeg-static\ffmpeg.exe
2025-05-19T03:21:50.422Z [PATH] 使用配置的FFmpeg路径: D:\code\cursor\looklook\node_modules\ffmpeg-static\ffmpeg.exe
2025-05-19T03:21:50.422Z [LOG] 将使用时间点 00:00:25 生成缩略图
2025-05-19T03:21:50.422Z [LOG] 执行命令: D:\code\cursor\looklook\node_modules\ffmpeg-static\ffmpeg.exe -ss 00:00:25 -i D:\Users\Videos\第二次选择\SampleVideo_1280x720_20mb.flv -vframes 1 -s 320x180 -y D:\code\cursor\looklook\userdata\thumbnails\1747624911165-RDpcVXNl.jpg
2025-05-19T03:21:50.512Z [LOG] 直接ffmpeg成功生成缩略图: D:\code\cursor\looklook\userdata\thumbnails\1747624911165-RDpcVXNl.jpg
2025-05-19T03:21:50.512Z [LOG] 通过直接ffmpeg命令生成缩略图成功
2025-05-19T03:21:50.514Z [LOG] 成功保存 1 个视频到数据库
2025-05-19T03:21:50.516Z [LOG] 处理get-videos请求
2025-05-19T03:21:54.739Z [LOG] 处理自定义协议请求: app://thumbnail/1747622996192-RDpcVXNl.jpg
2025-05-19T03:21:54.740Z [LOG] 缩略图路径: D:\code\cursor\looklook\userdata\thumbnails\1747622996192-RDpcVXNl.jpg
2025-05-19T03:21:54.742Z [LOG] 处理自定义协议请求: app://thumbnail/1747621937554-RDpcVXNl.jpg
2025-05-19T03:21:54.743Z [LOG] 缩略图路径: D:\code\cursor\looklook\userdata\thumbnails\1747621937554-RDpcVXNl.jpg
2025-05-19T03:21:54.744Z [LOG] 处理自定义协议请求: app://thumbnail/1747622329568-RDpcVXNl.jpg
2025-05-19T03:21:54.744Z [LOG] 缩略图路径: D:\code\cursor\looklook\userdata\thumbnails\1747622329568-RDpcVXNl.jpg
2025-05-19T03:21:54.745Z [LOG] 处理自定义协议请求: app://thumbnail/1747624232969-RDpcVXNl.jpg
2025-05-19T03:21:54.745Z [LOG] 缩略图路径: D:\code\cursor\looklook\userdata\thumbnails\1747624232969-RDpcVXNl.jpg
2025-05-19T03:21:54.746Z [LOG] 处理自定义协议请求: app://thumbnail/1747624254139-RDpcVXNl.jpg
2025-05-19T03:21:54.747Z [LOG] 缩略图路径: D:\code\cursor\looklook\userdata\thumbnails\1747624254139-RDpcVXNl.jpg
2025-05-19T03:21:54.758Z [LOG] 处理自定义协议请求: app://thumbnail/1747624911165-RDpcVXNl.jpg
2025-05-19T03:21:54.759Z [LOG] 缩略图路径: D:\code\cursor\looklook\userdata\thumbnails\1747624911165-RDpcVXNl.jpg
2025-05-19T03:22:01.675Z [LOG] 处理import-videos请求
2025-05-19T03:22:05.177Z [LOG] 用户选择了 1 个视频文件
2025-05-19T03:22:05.177Z [LOG] 当前数据库中有 6 个视频记录
2025-05-19T03:22:05.178Z [LOG] 其中新增视频 1 个，重复视频 0 个
2025-05-19T03:22:05.178Z [LOG] 设置已加载
2025-05-19T03:22:05.178Z [LOG] 获取视频分辨率: D:\Users\Videos\第二次选择\153151IPZZ-005.AVI
2025-05-19T03:22:05.179Z [MAIN] 开始获取视频分辨率: D:\Users\Videos\第二次选择\153151IPZZ-005.AVI
2025-05-19T03:22:05.179Z [LOG] 直接获取视频分辨率
2025-05-19T03:22:05.179Z [RESOLUTION] 开始获取视频分辨率: D:\Users\Videos\第二次选择\153151IPZZ-005.AVI
2025-05-19T03:22:05.179Z [PATH] 尝试获取FFprobe路径
2025-05-19T03:22:05.179Z [LOG] 使用配置的FFprobe路径: D:\code\cursor\looklook\node_modules\ffprobe-static\bin\win32\x64\ffprobe.exe
2025-05-19T03:22:05.180Z [PATH] 使用配置的FFprobe路径: D:\code\cursor\looklook\node_modules\ffprobe-static\bin\win32\x64\ffprobe.exe
2025-05-19T03:22:05.180Z [RESOLUTION] 在开发环境中使用ffprobe路径: D:\code\cursor\looklook\node_modules\ffprobe-static\bin\win32\x64\ffprobe.exe
2025-05-19T03:22:05.180Z [RESOLUTION] 检查ffprobe可执行文件是否存在: true
2025-05-19T03:22:05.180Z [LOG] 执行命令: "D:\code\cursor\looklook\node_modules\ffprobe-static\bin\win32\x64\ffprobe.exe" -v error -select_streams v:0 -show_entries stream=width,height -of csv=s=x:p=0 "D:\Users\Videos\第二次选择\153151IPZZ-005.AVI"
2025-05-19T03:22:05.181Z [RESOLUTION] 开始执行命令获取分辨率: "D:\code\cursor\looklook\node_modules\ffprobe-static\bin\win32\x64\ffprobe.exe" -v error -select_streams v:0 -show_entries stream=width,height -of csv=s=x:p=0 "D:\Users\Videos\第二次选择\153151IPZZ-005.AVI"
2025-05-19T03:22:05.240Z [RESOLUTION] 命令输出: "320x240"
2025-05-19T03:22:05.240Z [LOG] 成功解析分辨率: 320×240
2025-05-19T03:22:05.240Z [RESOLUTION] 成功解析分辨率: 320×240
2025-05-19T03:22:05.241Z [LOG] 获取视频时长: D:\Users\Videos\第二次选择\153151IPZZ-005.AVI
2025-05-19T03:22:05.241Z [MAIN] 开始获取视频时长: D:\Users\Videos\第二次选择\153151IPZZ-005.AVI
2025-05-19T03:22:05.241Z [LOG] 直接获取视频时长
2025-05-19T03:22:05.241Z [DURATION] 开始获取视频时长: D:\Users\Videos\第二次选择\153151IPZZ-005.AVI
2025-05-19T03:22:05.242Z [PATH] 尝试获取FFprobe路径
2025-05-19T03:22:05.242Z [LOG] 使用配置的FFprobe路径: D:\code\cursor\looklook\node_modules\ffprobe-static\bin\win32\x64\ffprobe.exe
2025-05-19T03:22:05.242Z [PATH] 使用配置的FFprobe路径: D:\code\cursor\looklook\node_modules\ffprobe-static\bin\win32\x64\ffprobe.exe
2025-05-19T03:22:05.242Z [DURATION] 在开发环境中使用ffprobe路径: D:\code\cursor\looklook\node_modules\ffprobe-static\bin\win32\x64\ffprobe.exe
2025-05-19T03:22:05.242Z [DURATION] 检查ffprobe可执行文件是否存在: true
2025-05-19T03:22:05.243Z [LOG] 执行命令: "D:\code\cursor\looklook\node_modules\ffprobe-static\bin\win32\x64\ffprobe.exe" -v error -show_entries format=duration -of default=noprint_wrappers=1:nokey=1 "D:\Users\Videos\第二次选择\153151IPZZ-005.AVI"
2025-05-19T03:22:05.243Z [DURATION] 开始执行命令获取时长: "D:\code\cursor\looklook\node_modules\ffprobe-static\bin\win32\x64\ffprobe.exe" -v error -show_entries format=duration -of default=noprint_wrappers=1:nokey=1 "D:\Users\Videos\第二次选择\153151IPZZ-005.AVI"
2025-05-19T03:22:05.304Z [DURATION] 命令输出: "125.952000"
2025-05-19T03:22:05.304Z [LOG] 成功解析时长: 00:02:05
2025-05-19T03:22:05.305Z [DURATION] 成功解析时长: 00:02:05
2025-05-19T03:22:05.305Z [LOG] 开始生成缩略图，视频路径: D:\Users\Videos\第二次选择\153151IPZZ-005.AVI
2025-05-19T03:22:05.305Z [LOG] 缩略图输出路径: D:\code\cursor\looklook\userdata\thumbnails\1747624925681-RDpcVXNl.jpg
2025-05-19T03:22:05.305Z [LOG] 生成随机时间点: 00:00:23
2025-05-19T03:22:05.306Z [LOG] 使用直接命令行ffmpeg生成缩略图
2025-05-19T03:22:05.306Z [PATH] 尝试获取FFmpeg路径
2025-05-19T03:22:05.306Z [LOG] 使用配置的FFmpeg路径: D:\code\cursor\looklook\node_modules\ffmpeg-static\ffmpeg.exe
2025-05-19T03:22:05.306Z [PATH] 使用配置的FFmpeg路径: D:\code\cursor\looklook\node_modules\ffmpeg-static\ffmpeg.exe
2025-05-19T03:22:05.306Z [LOG] 将使用时间点 00:00:23 生成缩略图
2025-05-19T03:22:05.306Z [LOG] 执行命令: D:\code\cursor\looklook\node_modules\ffmpeg-static\ffmpeg.exe -ss 00:00:23 -i D:\Users\Videos\第二次选择\153151IPZZ-005.AVI -vframes 1 -s 320x180 -y D:\code\cursor\looklook\userdata\thumbnails\1747624925681-RDpcVXNl.jpg
2025-05-19T03:22:05.390Z [LOG] 直接ffmpeg成功生成缩略图: D:\code\cursor\looklook\userdata\thumbnails\1747624925681-RDpcVXNl.jpg
2025-05-19T03:22:05.391Z [LOG] 通过直接ffmpeg命令生成缩略图成功
2025-05-19T03:22:05.392Z [LOG] 成功保存 1 个视频到数据库
2025-05-19T03:22:05.393Z [LOG] 处理get-videos请求
2025-05-19T03:22:05.395Z [LOG] 处理自定义协议请求: app://thumbnail/1747624925681-RDpcVXNl.jpg
2025-05-19T03:22:05.396Z [LOG] 缩略图路径: D:\code\cursor\looklook\userdata\thumbnails\1747624925681-RDpcVXNl.jpg
2025-05-19T03:22:16.792Z [LOG] 处理get-settings请求
2025-05-19T03:22:16.793Z [LOG] 设置已加载
2025-05-19T03:22:18.915Z [LOG] 读取base64图片文件: assets/avatar.mw
2025-05-19T03:22:18.916Z [LOG] 成功读取图片文件: assets/avatar.mw
2025-05-19T03:22:18.919Z [LOG] 处理get-settings请求
2025-05-19T03:22:18.920Z [LOG] 设置已加载
2025-05-19T03:22:18.931Z [LOG] 处理get-enum-values请求: collection
2025-05-19T03:22:18.933Z [LOG] 处理get-enum-values请求: collection
2025-05-19T03:22:18.933Z [LOG] 处理get-enum-values请求: actors
2025-05-19T03:22:19.035Z [LOG] 处理get-enum-values请求: collection
2025-05-19T03:22:19.036Z [LOG] 处理get-enum-values请求: collection
2025-05-19T03:22:19.037Z [LOG] 处理get-enum-values请求: actors
2025-05-19T03:22:20.101Z [LOG] 处理get-enum-values请求: collection
2025-05-19T03:22:20.104Z [LOG] 处理get-enum-values请求: collection
2025-05-19T03:22:20.105Z [LOG] 处理get-enum-values请求: actors
2025-05-19T03:22:22.746Z [LOG] 处理save-settings请求
2025-05-19T03:22:22.748Z [LOG] 设置已保存到 D:\code\cursor\looklook\userdata\settings.json
2025-05-19T03:22:24.579Z [LOG] 处理get-settings请求
2025-05-19T03:22:24.580Z [LOG] 设置已加载
2025-05-19T03:22:25.703Z [LOG] 更新视频: 153151IPZZ-005.AVI
2025-05-19T03:22:25.709Z [LOG] 更新视频: 153151IPZZ-005.AVI
2025-05-19T03:22:26.627Z [LOG] 处理get-settings请求
2025-05-19T03:22:26.628Z [LOG] 设置已加载
2025-05-19T03:22:28.338Z [LOG] 处理get-settings请求
2025-05-19T03:22:28.339Z [LOG] 设置已加载
2025-05-19T03:22:29.476Z [LOG] 更新视频: 153151IPZZ-005.AVI
2025-05-19T03:22:29.488Z [LOG] 更新视频: 153151IPZZ-005.AVI
2025-05-19T03:31:45.719Z 日志开始 - 2025-05-19T03:31:45.718Z - 应用版本: 1.0.0 - 运行环境: 开发环境
2025-05-19T03:31:45.719Z 系统信息: win32 x64 - Node.js 18.18.2
2025-05-19T03:31:45.719Z App路径: D:\code\cursor\looklook
2025-05-19T03:31:45.719Z 可执行文件路径: D:\code\cursor\looklook\node_modules\electron\dist\electron.exe
2025-05-19T03:31:45.720Z [LOG] 日志文件已创建: D:\code\cursor\looklook\userdata\logs\app-2025-05-19.log
2025-05-19T03:31:45.720Z [ERROR] 设置控制台编码失败: process.stdout.setEncoding is not a function
2025-05-19T03:31:45.721Z [LOG] 应用准备就绪
2025-05-19T03:31:45.721Z [ENV] 运行模式: 开发环境
2025-05-19T03:31:45.721Z [ENV] 应用路径: D:\code\cursor\looklook
2025-05-19T03:31:45.721Z [ENV] 可执行文件路径: D:\code\cursor\looklook\node_modules\electron\dist\electron.exe
2025-05-19T03:31:45.721Z [ENV] 用户数据路径: D:\code\cursor\looklook\userdata
2025-05-19T03:31:45.721Z [FFMPEG_COPY] 开发环境中无需复制FFmpeg和FFprobe
2025-05-19T03:31:45.722Z [LOG] 用户数据目录: D:\code\cursor\looklook\userdata
2025-05-19T03:31:45.722Z [LOG] 缩略图目录: D:\code\cursor\looklook\userdata\thumbnails
2025-05-19T03:31:45.722Z [LOG] 设置文件已存在，无需创建默认设置
2025-05-19T03:31:45.725Z [LOG] 打包状态: 开发环境
2025-05-19T03:31:45.726Z [LOG] App Path: D:\code\cursor\looklook
2025-05-19T03:31:45.726Z [LOG] Exe Path: D:\code\cursor\looklook\node_modules\electron\dist\electron.exe
2025-05-19T03:31:45.727Z [LOG] 应用目录: D:\code\cursor\looklook\node_modules\electron\dist
2025-05-19T03:31:45.727Z [LOG] 资源目录: D:\code\cursor\looklook\node_modules\electron\dist\resources
2025-05-19T03:31:45.727Z [TEST] 开始测试FFmpeg和FFprobe可执行性
2025-05-19T03:31:45.728Z [TEST] 打包状态: 开发环境
2025-05-19T03:31:45.728Z [TEST] App路径: D:\code\cursor\looklook
2025-05-19T03:31:45.728Z [TEST] 可执行文件路径: D:\code\cursor\looklook\node_modules\electron\dist\electron.exe
2025-05-19T03:31:45.728Z [TEST] 应用目录: D:\code\cursor\looklook\node_modules\electron\dist
2025-05-19T03:31:45.728Z [TEST] 资源目录: D:\code\cursor\looklook\node_modules\electron\dist\resources
2025-05-19T03:31:45.729Z [LOG] 检查node_modules路径: D:\code\cursor\looklook\node_modules\electron\dist\resources\node_modules, 存在: false
2025-05-19T03:31:45.729Z [TEST] 检查node_modules路径: D:\code\cursor\looklook\node_modules\electron\dist\resources\node_modules, 存在: false
2025-05-19T03:31:45.730Z [LOG] 检查node_modules路径: D:\code\cursor\looklook\node_modules\electron\dist\node_modules, 存在: false
2025-05-19T03:31:45.730Z [TEST] 检查node_modules路径: D:\code\cursor\looklook\node_modules\electron\dist\node_modules, 存在: false
2025-05-19T03:31:45.731Z [LOG] 检查node_modules路径: D:\code\cursor\looklook\node_modules, 存在: true
2025-05-19T03:31:45.731Z [TEST] 检查node_modules路径: D:\code\cursor\looklook\node_modules, 存在: true
2025-05-19T03:31:45.732Z [TEST] D:\code\cursor\looklook\node_modules 中内容: .bin, .package-lock.json, 7zip-bin, @derhuerst, @develar, @electron, @isaacs, @malept, @pkgjs, @sindresorhus, @szmarczak, @tootallnate, @types, @xmldom, agent-base, ajv, ajv-formats, ajv-keywords, ansi-regex, ansi-styles, app-builder-bin, app-builder-lib, archiver, archiver-utils, argparse, async, async-exit-hook, asynckit, at-least-node, atomically, balanced-match, base64-js, binary-search-tree, bl, bluebird, bluebird-lst, boolean, brace-expansion, buffer, buffer-crc32, buffer-equal, buffer-from, builder-util, builder-util-runtime, cacheable-lookup, cacheable-request, call-bind-apply-helpers, caseless, chalk, chownr, chromium-pickle-js, ci-info, cliui, clone-response, color-convert, color-name, combined-stream, commander, compare-version, compress-commons, concat-map, concat-stream, conf, config-file-ts, core-util-is, crc-32, crc32-stream, cross-spawn, debounce-fn, debug, decompress-response, defer-to-connect, define-data-property, define-properties, delayed-stream, detect-node, dir-compare, dmg-builder, dot-prop, dotenv, dotenv-expand, dunder-proto, eastasianwidth, ejs, electron, electron-builder, electron-builder-squirrel-windows, electron-publish, electron-store, emoji-regex, end-of-stream, env-paths, err-code, es-define-property, es-errors, es-object-atoms, es-set-tostringtag, es6-error, escalade, escape-string-regexp, extract-zip, fast-deep-equal, fast-json-stable-stringify, fast-uri, fd-slicer, ffmpeg-static, ffprobe-static, filelist, fluent-ffmpeg, foreground-child, form-data, fs-constants, fs-extra, fs-minipass, fs.realpath, function-bind, get-caller-file, get-intrinsic, get-proto, get-stream, glob, global-agent, globalthis, gopd, got, graceful-fs, has-flag, has-property-descriptors, has-symbols, has-tostringtag, hasown, hosted-git-info, http-cache-semantics, http-proxy-agent, http-response-object, http2-wrapper, https-proxy-agent, iconv-lite, ieee754, immediate, inflight, inherits, is-ci, is-fullwidth-code-point, isarray, isbinaryfile, isexe, jackspeak, jake, js-yaml, json-buffer, json-schema-traverse, json-schema-typed, json-stringify-safe, json5, jsonfile, keyv, lazy-val, lazystream, lie, localforage, lodash, lodash.defaults, lodash.difference, lodash.flatten, lodash.isplainobject, lodash.union, lowercase-keys, lru-cache, matcher, math-intrinsics, mime, mime-db, mime-types, mimic-function, mimic-response, minimatch, minimist, minipass, minizlib, mkdirp, ms, nedb, normalize-path, normalize-url, object-keys, once, p-cancelable, package-json-from-dist, parse-cache-control, path-is-absolute, path-key, path-scurry, pend, plist, process-nextick-args, progress, promise-retry, pump, punycode, quick-lru, read-config-file, readable-stream, readdir-glob, require-directory, require-from-string, resolve-alpn, responselike, retry, rimraf, roarr, safe-buffer, safer-buffer, sanitize-filename, sax, semver, semver-compare, serialize-error, shebang-command, shebang-regex, signal-exit, simple-update-notifier, source-map, source-map-support, sprintf-js, stat-mode, string-width, string-width-cjs, string_decoder, strip-ansi, strip-ansi-cjs, stubborn-fs, sumchecker, supports-color, tar, tar-stream, temp-file, tmp, tmp-promise, truncate-utf8-bytes, type-fest, typedarray, typescript, uint8array-extras, underscore, undici-types, universalify, uri-js, utf8-byte-length, util-deprecate, when-exit, which, wrap-ansi, wrap-ansi-cjs, wrappy, xmlbuilder, y18n, yallist, yargs, yargs-parser, yauzl, zip-stream
2025-05-19T03:31:45.732Z [TEST] ffmpeg-static存在于 D:\code\cursor\looklook\node_modules\ffmpeg-static
2025-05-19T03:31:45.732Z [TEST] ffmpeg-static内容: example.js, ffmpeg.exe, index.js, install.js, LICENSE, package.json, README.md, types
2025-05-19T03:31:45.732Z [TEST] ffprobe-static存在于 D:\code\cursor\looklook\node_modules\ffprobe-static
2025-05-19T03:31:45.733Z [TEST] ffprobe-static内容: bin, index.js, LICENSE, package.json, README.md, tests
2025-05-19T03:31:45.733Z [TEST] ffprobe-static/bin内容: darwin, linux, win32
2025-05-19T03:31:45.733Z [TEST] ffprobe-static/bin/win32内容: ia32, x64
2025-05-19T03:31:45.733Z [TEST] ffprobe-static/bin/win32/x64内容: ffprobe.exe
2025-05-19T03:31:45.733Z [LOG] 测试FFmpeg可执行性...
2025-05-19T03:31:45.734Z [TEST] 开始测试FFmpeg可执行性
2025-05-19T03:31:45.734Z [LOG] FFmpeg文件存在: D:\code\cursor\looklook\node_modules\ffmpeg-static\ffmpeg.exe
2025-05-19T03:31:45.734Z [TEST] FFmpeg文件存在: D:\code\cursor\looklook\node_modules\ffmpeg-static\ffmpeg.exe
2025-05-19T03:31:45.735Z [LOG] FFmpeg有执行权限
2025-05-19T03:31:45.735Z [TEST] FFmpeg有执行权限
2025-05-19T03:31:45.766Z [LOG] 测试FFprobe可执行性...
2025-05-19T03:31:45.766Z [LOG] FFprobe文件存在: D:\code\cursor\looklook\node_modules\ffprobe-static\bin\win32\x64\ffprobe.exe
2025-05-19T03:31:45.768Z [LOG] FFprobe有执行权限
2025-05-19T03:31:45.835Z [LOG] 注册IPC事件处理程序...
2025-05-19T03:31:45.836Z [LOG] IPC事件处理程序注册完成
2025-05-19T03:31:45.841Z [LOG] FFprobe执行测试成功: ffprobe version 4.0.2 Copyright (c) 2007-2018 the FFmpeg developers
2025-05-19T03:31:45.842Z [LOG] FFmpeg执行测试成功: ffmpeg version 7.1.1-essentials_build-www.gyan.dev Copyright (c) 2000-2025 the FFmpeg developers
2025-05-19T03:31:45.842Z [TEST] FFmpeg执行测试成功: ffmpeg version 7.1.1-essentials_build-www.gyan.dev Copyright (c) 2000-2025 the FFmpeg developers
2025-05-19T03:31:45.842Z [LOG] FFprobe执行测试成功: ffprobe version 4.0.2 Copyright (c) 2007-2018 the FFmpeg developers
2025-05-19T03:31:45.842Z [LOG] FFmpeg执行测试成功: ffmpeg version 7.1.1-essentials_build-www.gyan.dev Copyright (c) 2000-2025 the FFmpeg developers
2025-05-19T03:31:45.843Z [TEST] FFmpeg执行测试成功: ffmpeg version 7.1.1-essentials_build-www.gyan.dev Copyright (c) 2000-2025 the FFmpeg developers
2025-05-19T03:31:45.874Z [LOG] 已加载 7 个视频记录
2025-05-19T03:31:45.874Z [LOG] 开始检查是否存在重复视频记录...
2025-05-19T03:31:45.874Z [LOG] 没有发现重复视频记录
2025-05-19T03:31:45.876Z [LOG] 已加载枚举值[collection]: 16个
2025-05-19T03:31:45.876Z [LOG] 已加载枚举值[actors]: 3个
2025-05-19T03:31:45.877Z [LOG] 数据库模块初始化完成
2025-05-19T03:31:45.987Z [LOG] 处理get-videos请求
2025-05-19T03:31:45.991Z [LOG] 处理get-enum-values请求: collection
2025-05-19T03:31:45.991Z [LOG] 处理get-enum-values请求: actors
2025-05-19T03:31:46.005Z [LOG] 处理自定义协议请求: app://thumbnail/1747622996192-RDpcVXNl.jpg
2025-05-19T03:31:46.005Z [LOG] 缩略图路径: D:\code\cursor\looklook\userdata\thumbnails\1747622996192-RDpcVXNl.jpg
2025-05-19T03:31:46.006Z [LOG] 处理get-enum-values请求: collection
2025-05-19T03:31:46.007Z [LOG] 处理自定义协议请求: app://thumbnail/1747621937554-RDpcVXNl.jpg
2025-05-19T03:31:46.007Z [LOG] 缩略图路径: D:\code\cursor\looklook\userdata\thumbnails\1747621937554-RDpcVXNl.jpg
2025-05-19T03:31:46.008Z [LOG] 处理get-enum-values请求: actors
2025-05-19T03:31:46.008Z [LOG] 处理自定义协议请求: app://thumbnail/1747622329568-RDpcVXNl.jpg
2025-05-19T03:31:46.009Z [LOG] 缩略图路径: D:\code\cursor\looklook\userdata\thumbnails\1747622329568-RDpcVXNl.jpg
2025-05-19T03:31:46.009Z [LOG] 处理自定义协议请求: app://thumbnail/1747624925681-RDpcVXNl.jpg
2025-05-19T03:31:46.009Z [LOG] 缩略图路径: D:\code\cursor\looklook\userdata\thumbnails\1747624925681-RDpcVXNl.jpg
2025-05-19T03:31:46.010Z [LOG] 处理自定义协议请求: app://thumbnail/1747624911165-RDpcVXNl.jpg
2025-05-19T03:31:46.011Z [LOG] 缩略图路径: D:\code\cursor\looklook\userdata\thumbnails\1747624911165-RDpcVXNl.jpg
2025-05-19T03:31:46.011Z [LOG] 处理自定义协议请求: app://thumbnail/1747624232969-RDpcVXNl.jpg
2025-05-19T03:31:46.011Z [LOG] 缩略图路径: D:\code\cursor\looklook\userdata\thumbnails\1747624232969-RDpcVXNl.jpg
2025-05-19T03:31:46.012Z [LOG] 处理自定义协议请求: app://thumbnail/1747624254139-RDpcVXNl.jpg
2025-05-19T03:31:46.012Z [LOG] 缩略图路径: D:\code\cursor\looklook\userdata\thumbnails\1747624254139-RDpcVXNl.jpg
2025-05-19T03:31:47.899Z [LOG] 处理import-videos请求
2025-05-19T03:31:55.385Z [LOG] 用户选择了 1 个视频文件
2025-05-19T03:31:55.385Z [LOG] 当前数据库中有 7 个视频记录
2025-05-19T03:31:55.386Z [LOG] 其中新增视频 1 个，重复视频 0 个
2025-05-19T03:31:55.386Z [LOG] 设置已加载
2025-05-19T03:31:55.386Z [LOG] 获取视频分辨率: D:\Users\Videos\第二次选择\SampleVideo_1280x720_20mb.mkv
2025-05-19T03:31:55.386Z [MAIN] 开始获取视频分辨率: D:\Users\Videos\第二次选择\SampleVideo_1280x720_20mb.mkv
2025-05-19T03:31:55.387Z [LOG] 直接获取视频分辨率
2025-05-19T03:31:55.387Z [RESOLUTION] 开始获取视频分辨率: D:\Users\Videos\第二次选择\SampleVideo_1280x720_20mb.mkv
2025-05-19T03:31:55.387Z [PATH] 尝试获取FFprobe路径
2025-05-19T03:31:55.387Z [LOG] 使用配置的FFprobe路径: D:\code\cursor\looklook\node_modules\ffprobe-static\bin\win32\x64\ffprobe.exe
2025-05-19T03:31:55.387Z [PATH] 使用配置的FFprobe路径: D:\code\cursor\looklook\node_modules\ffprobe-static\bin\win32\x64\ffprobe.exe
2025-05-19T03:31:55.388Z [RESOLUTION] 在开发环境中使用ffprobe路径: D:\code\cursor\looklook\node_modules\ffprobe-static\bin\win32\x64\ffprobe.exe
2025-05-19T03:31:55.388Z [RESOLUTION] 检查ffprobe可执行文件是否存在: true
2025-05-19T03:31:55.388Z [LOG] 执行命令: "D:\code\cursor\looklook\node_modules\ffprobe-static\bin\win32\x64\ffprobe.exe" -v error -select_streams v:0 -show_entries stream=width,height -of csv=s=x:p=0 "D:\Users\Videos\第二次选择\SampleVideo_1280x720_20mb.mkv"
2025-05-19T03:31:55.388Z [RESOLUTION] 开始执行命令获取分辨率: "D:\code\cursor\looklook\node_modules\ffprobe-static\bin\win32\x64\ffprobe.exe" -v error -select_streams v:0 -show_entries stream=width,height -of csv=s=x:p=0 "D:\Users\Videos\第二次选择\SampleVideo_1280x720_20mb.mkv"
2025-05-19T03:31:55.450Z [RESOLUTION] 命令输出: "1280x720"
2025-05-19T03:31:55.451Z [LOG] 成功解析分辨率: 1280×720
2025-05-19T03:31:55.451Z [RESOLUTION] 成功解析分辨率: 1280×720
2025-05-19T03:31:55.451Z [LOG] 获取视频时长: D:\Users\Videos\第二次选择\SampleVideo_1280x720_20mb.mkv
2025-05-19T03:31:55.452Z [MAIN] 开始获取视频时长: D:\Users\Videos\第二次选择\SampleVideo_1280x720_20mb.mkv
2025-05-19T03:31:55.452Z [LOG] 直接获取视频时长
2025-05-19T03:31:55.452Z [DURATION] 开始获取视频时长: D:\Users\Videos\第二次选择\SampleVideo_1280x720_20mb.mkv
2025-05-19T03:31:55.452Z [PATH] 尝试获取FFprobe路径
2025-05-19T03:31:55.453Z [LOG] 使用配置的FFprobe路径: D:\code\cursor\looklook\node_modules\ffprobe-static\bin\win32\x64\ffprobe.exe
2025-05-19T03:31:55.453Z [PATH] 使用配置的FFprobe路径: D:\code\cursor\looklook\node_modules\ffprobe-static\bin\win32\x64\ffprobe.exe
2025-05-19T03:31:55.453Z [DURATION] 在开发环境中使用ffprobe路径: D:\code\cursor\looklook\node_modules\ffprobe-static\bin\win32\x64\ffprobe.exe
2025-05-19T03:31:55.453Z [DURATION] 检查ffprobe可执行文件是否存在: true
2025-05-19T03:31:55.453Z [LOG] 执行命令: "D:\code\cursor\looklook\node_modules\ffprobe-static\bin\win32\x64\ffprobe.exe" -v error -show_entries format=duration -of default=noprint_wrappers=1:nokey=1 "D:\Users\Videos\第二次选择\SampleVideo_1280x720_20mb.mkv"
2025-05-19T03:31:55.453Z [DURATION] 开始执行命令获取时长: "D:\code\cursor\looklook\node_modules\ffprobe-static\bin\win32\x64\ffprobe.exe" -v error -show_entries format=duration -of default=noprint_wrappers=1:nokey=1 "D:\Users\Videos\第二次选择\SampleVideo_1280x720_20mb.mkv"
2025-05-19T03:31:55.521Z [DURATION] 命令输出: "112.720000"
2025-05-19T03:31:55.522Z [LOG] 成功解析时长: 00:01:52
2025-05-19T03:31:55.522Z [DURATION] 成功解析时长: 00:01:52
2025-05-19T03:31:55.523Z [LOG] 开始生成缩略图，视频路径: D:\Users\Videos\第二次选择\SampleVideo_1280x720_20mb.mkv
2025-05-19T03:31:55.523Z [LOG] 缩略图输出路径: D:\code\cursor\looklook\userdata\thumbnails\1747625515511-RDpcVXNl.jpg
2025-05-19T03:31:55.523Z [LOG] 生成随机时间点: 00:00:37
2025-05-19T03:31:55.524Z [LOG] 使用直接命令行ffmpeg生成缩略图
2025-05-19T03:31:55.524Z [PATH] 尝试获取FFmpeg路径
2025-05-19T03:31:55.524Z [LOG] 使用配置的FFmpeg路径: D:\code\cursor\looklook\node_modules\ffmpeg-static\ffmpeg.exe
2025-05-19T03:31:55.524Z [PATH] 使用配置的FFmpeg路径: D:\code\cursor\looklook\node_modules\ffmpeg-static\ffmpeg.exe
2025-05-19T03:31:55.524Z [LOG] 将使用时间点 00:00:37 生成缩略图
2025-05-19T03:31:55.524Z [LOG] 执行命令: D:\code\cursor\looklook\node_modules\ffmpeg-static\ffmpeg.exe -ss 00:00:37 -i D:\Users\Videos\第二次选择\SampleVideo_1280x720_20mb.mkv -vframes 1 -s 320x180 -y D:\code\cursor\looklook\userdata\thumbnails\1747625515511-RDpcVXNl.jpg
2025-05-19T03:31:55.628Z [LOG] 直接ffmpeg成功生成缩略图: D:\code\cursor\looklook\userdata\thumbnails\1747625515511-RDpcVXNl.jpg
2025-05-19T03:31:55.629Z [LOG] 通过直接ffmpeg命令生成缩略图成功
2025-05-19T03:31:55.630Z [LOG] 成功保存 1 个视频到数据库
2025-05-19T03:31:55.632Z [LOG] 处理get-videos请求
2025-05-19T03:31:58.217Z [LOG] 处理自定义协议请求: app://thumbnail/1747625515511-RDpcVXNl.jpg
2025-05-19T03:31:58.218Z [LOG] 缩略图路径: D:\code\cursor\looklook\userdata\thumbnails\1747625515511-RDpcVXNl.jpg
2025-05-19T03:31:59.792Z [LOG] 删除视频ID: 1747624925681-RDpcVXNl
2025-05-19T03:31:59.797Z [LOG] 删除缩略图: app://thumbnail/1747624925681-RDpcVXNl.jpg
2025-05-19T03:31:59.798Z [LOG] 缩略图已成功删除: D:\code\cursor\looklook\userdata\thumbnails\1747624925681-RDpcVXNl.jpg
2025-05-19T03:31:59.800Z [LOG] 删除视频ID: 1747624911165-RDpcVXNl
2025-05-19T03:31:59.803Z [LOG] 删除缩略图: app://thumbnail/1747624911165-RDpcVXNl.jpg
2025-05-19T03:31:59.804Z [LOG] 缩略图已成功删除: D:\code\cursor\looklook\userdata\thumbnails\1747624911165-RDpcVXNl.jpg
2025-05-19T03:31:59.805Z [LOG] 删除视频ID: 1747624254139-RDpcVXNl
2025-05-19T03:31:59.806Z [LOG] 删除缩略图: app://thumbnail/1747624254139-RDpcVXNl.jpg
2025-05-19T03:31:59.807Z [LOG] 缩略图已成功删除: D:\code\cursor\looklook\userdata\thumbnails\1747624254139-RDpcVXNl.jpg
2025-05-19T03:31:59.808Z [LOG] 删除视频ID: 1747624232969-RDpcVXNl
2025-05-19T03:31:59.810Z [LOG] 删除缩略图: app://thumbnail/1747624232969-RDpcVXNl.jpg
2025-05-19T03:31:59.811Z [LOG] 缩略图已成功删除: D:\code\cursor\looklook\userdata\thumbnails\1747624232969-RDpcVXNl.jpg
2025-05-19T03:31:59.811Z [LOG] 删除视频ID: 1747622996192-RDpcVXNl
2025-05-19T03:31:59.815Z [LOG] 删除缩略图: app://thumbnail/1747622996192-RDpcVXNl.jpg
2025-05-19T03:31:59.816Z [LOG] 缩略图已成功删除: D:\code\cursor\looklook\userdata\thumbnails\1747622996192-RDpcVXNl.jpg
2025-05-19T03:31:59.817Z [LOG] 删除视频ID: 1747622329568-RDpcVXNl
2025-05-19T03:31:59.818Z [LOG] 删除缩略图: app://thumbnail/1747622329568-RDpcVXNl.jpg
2025-05-19T03:31:59.819Z [LOG] 缩略图已成功删除: D:\code\cursor\looklook\userdata\thumbnails\1747622329568-RDpcVXNl.jpg
2025-05-19T03:31:59.820Z [LOG] 删除视频ID: 1747621937554-RDpcVXNl
2025-05-19T03:31:59.821Z [LOG] 删除缩略图: app://thumbnail/1747621937554-RDpcVXNl.jpg
2025-05-19T03:31:59.821Z [LOG] 缩略图已成功删除: D:\code\cursor\looklook\userdata\thumbnails\1747621937554-RDpcVXNl.jpg
2025-05-19T03:31:59.822Z [LOG] 删除视频ID: 1747625515511-RDpcVXNl
2025-05-19T03:31:59.823Z [LOG] 删除缩略图: app://thumbnail/1747625515511-RDpcVXNl.jpg
2025-05-19T03:31:59.824Z [LOG] 缩略图已成功删除: D:\code\cursor\looklook\userdata\thumbnails\1747625515511-RDpcVXNl.jpg
2025-05-19T03:32:00.468Z [LOG] 处理import-videos请求
2025-05-19T03:32:01.762Z [LOG] 用户选择了 1 个视频文件
2025-05-19T03:32:01.762Z [LOG] 当前数据库中有 0 个视频记录
2025-05-19T03:32:01.762Z [LOG] 其中新增视频 1 个，重复视频 0 个
2025-05-19T03:32:01.763Z [LOG] 设置已加载
2025-05-19T03:32:01.763Z [LOG] 获取视频分辨率: D:\Users\Videos\第二次选择\[12321]SSIS-666.AVI
2025-05-19T03:32:01.763Z [MAIN] 开始获取视频分辨率: D:\Users\Videos\第二次选择\[12321]SSIS-666.AVI
2025-05-19T03:32:01.763Z [LOG] 直接获取视频分辨率
2025-05-19T03:32:01.763Z [RESOLUTION] 开始获取视频分辨率: D:\Users\Videos\第二次选择\[12321]SSIS-666.AVI
2025-05-19T03:32:01.763Z [PATH] 尝试获取FFprobe路径
2025-05-19T03:32:01.764Z [LOG] 使用配置的FFprobe路径: D:\code\cursor\looklook\node_modules\ffprobe-static\bin\win32\x64\ffprobe.exe
2025-05-19T03:32:01.764Z [PATH] 使用配置的FFprobe路径: D:\code\cursor\looklook\node_modules\ffprobe-static\bin\win32\x64\ffprobe.exe
2025-05-19T03:32:01.764Z [RESOLUTION] 在开发环境中使用ffprobe路径: D:\code\cursor\looklook\node_modules\ffprobe-static\bin\win32\x64\ffprobe.exe
2025-05-19T03:32:01.764Z [RESOLUTION] 检查ffprobe可执行文件是否存在: true
2025-05-19T03:32:01.764Z [LOG] 执行命令: "D:\code\cursor\looklook\node_modules\ffprobe-static\bin\win32\x64\ffprobe.exe" -v error -select_streams v:0 -show_entries stream=width,height -of csv=s=x:p=0 "D:\Users\Videos\第二次选择\[12321]SSIS-666.AVI"
2025-05-19T03:32:01.764Z [RESOLUTION] 开始执行命令获取分辨率: "D:\code\cursor\looklook\node_modules\ffprobe-static\bin\win32\x64\ffprobe.exe" -v error -select_streams v:0 -show_entries stream=width,height -of csv=s=x:p=0 "D:\Users\Videos\第二次选择\[12321]SSIS-666.AVI"
2025-05-19T03:32:01.831Z [RESOLUTION] 命令输出: "320x240"
2025-05-19T03:32:01.831Z [LOG] 成功解析分辨率: 320×240
2025-05-19T03:32:01.831Z [RESOLUTION] 成功解析分辨率: 320×240
2025-05-19T03:32:01.831Z [LOG] 获取视频时长: D:\Users\Videos\第二次选择\[12321]SSIS-666.AVI
2025-05-19T03:32:01.832Z [MAIN] 开始获取视频时长: D:\Users\Videos\第二次选择\[12321]SSIS-666.AVI
2025-05-19T03:32:01.832Z [LOG] 直接获取视频时长
2025-05-19T03:32:01.832Z [DURATION] 开始获取视频时长: D:\Users\Videos\第二次选择\[12321]SSIS-666.AVI
2025-05-19T03:32:01.832Z [PATH] 尝试获取FFprobe路径
2025-05-19T03:32:01.832Z [LOG] 使用配置的FFprobe路径: D:\code\cursor\looklook\node_modules\ffprobe-static\bin\win32\x64\ffprobe.exe
2025-05-19T03:32:01.833Z [PATH] 使用配置的FFprobe路径: D:\code\cursor\looklook\node_modules\ffprobe-static\bin\win32\x64\ffprobe.exe
2025-05-19T03:32:01.833Z [DURATION] 在开发环境中使用ffprobe路径: D:\code\cursor\looklook\node_modules\ffprobe-static\bin\win32\x64\ffprobe.exe
2025-05-19T03:32:01.833Z [DURATION] 检查ffprobe可执行文件是否存在: true
2025-05-19T03:32:01.833Z [LOG] 执行命令: "D:\code\cursor\looklook\node_modules\ffprobe-static\bin\win32\x64\ffprobe.exe" -v error -show_entries format=duration -of default=noprint_wrappers=1:nokey=1 "D:\Users\Videos\第二次选择\[12321]SSIS-666.AVI"
2025-05-19T03:32:01.833Z [DURATION] 开始执行命令获取时长: "D:\code\cursor\looklook\node_modules\ffprobe-static\bin\win32\x64\ffprobe.exe" -v error -show_entries format=duration -of default=noprint_wrappers=1:nokey=1 "D:\Users\Videos\第二次选择\[12321]SSIS-666.AVI"
2025-05-19T03:32:01.901Z [DURATION] 命令输出: "368.200000"
2025-05-19T03:32:01.902Z [LOG] 成功解析时长: 00:06:08
2025-05-19T03:32:01.902Z [DURATION] 成功解析时长: 00:06:08
2025-05-19T03:32:01.902Z [LOG] 开始生成缩略图，视频路径: D:\Users\Videos\第二次选择\[12321]SSIS-666.AVI
2025-05-19T03:32:01.903Z [LOG] 缩略图输出路径: D:\code\cursor\looklook\userdata\thumbnails\1747625522459-RDpcVXNl.jpg
2025-05-19T03:32:01.903Z [LOG] 生成随机时间点: 00:00:24
2025-05-19T03:32:01.903Z [LOG] 使用直接命令行ffmpeg生成缩略图
2025-05-19T03:32:01.903Z [PATH] 尝试获取FFmpeg路径
2025-05-19T03:32:01.904Z [LOG] 使用配置的FFmpeg路径: D:\code\cursor\looklook\node_modules\ffmpeg-static\ffmpeg.exe
2025-05-19T03:32:01.904Z [PATH] 使用配置的FFmpeg路径: D:\code\cursor\looklook\node_modules\ffmpeg-static\ffmpeg.exe
2025-05-19T03:32:01.904Z [LOG] 将使用时间点 00:00:24 生成缩略图
2025-05-19T03:32:01.904Z [LOG] 执行命令: D:\code\cursor\looklook\node_modules\ffmpeg-static\ffmpeg.exe -ss 00:00:24 -i D:\Users\Videos\第二次选择\[12321]SSIS-666.AVI -vframes 1 -s 320x180 -y D:\code\cursor\looklook\userdata\thumbnails\1747625522459-RDpcVXNl.jpg
2025-05-19T03:32:01.974Z [LOG] 直接ffmpeg成功生成缩略图: D:\code\cursor\looklook\userdata\thumbnails\1747625522459-RDpcVXNl.jpg
2025-05-19T03:32:01.974Z [LOG] 通过直接ffmpeg命令生成缩略图成功
2025-05-19T03:32:01.975Z [LOG] 成功保存 1 个视频到数据库
2025-05-19T03:32:01.976Z [LOG] 处理get-videos请求
2025-05-19T03:32:05.134Z [LOG] 处理自定义协议请求: app://thumbnail/1747625522459-RDpcVXNl.jpg
2025-05-19T03:32:05.135Z [LOG] 缩略图路径: D:\code\cursor\looklook\userdata\thumbnails\1747625522459-RDpcVXNl.jpg
2025-05-19T03:38:46.969Z 日志开始 - 2025-05-19T03:38:46.969Z - 应用版本: 1.0.0 - 运行环境: 开发环境
2025-05-19T03:38:46.969Z 系统信息: win32 x64 - Node.js 18.18.2
2025-05-19T03:38:46.969Z App路径: D:\code\cursor\looklook
2025-05-19T03:38:46.970Z 可执行文件路径: D:\code\cursor\looklook\node_modules\electron\dist\electron.exe
2025-05-19T03:38:46.970Z [LOG] 日志文件已创建: D:\code\cursor\looklook\userdata\logs\app-2025-05-19.log
2025-05-19T03:38:46.971Z [ERROR] 设置控制台编码失败: process.stdout.setEncoding is not a function
2025-05-19T03:38:46.971Z [LOG] 应用准备就绪
2025-05-19T03:38:46.971Z [ENV] 运行模式: 开发环境
2025-05-19T03:38:46.971Z [ENV] 应用路径: D:\code\cursor\looklook
2025-05-19T03:38:46.971Z [ENV] 可执行文件路径: D:\code\cursor\looklook\node_modules\electron\dist\electron.exe
2025-05-19T03:38:46.971Z [ENV] 用户数据路径: D:\code\cursor\looklook\userdata
2025-05-19T03:38:46.972Z [FFMPEG_COPY] 开发环境中无需复制FFmpeg和FFprobe
2025-05-19T03:38:46.972Z [LOG] 用户数据目录: D:\code\cursor\looklook\userdata
2025-05-19T03:38:46.972Z [LOG] 缩略图目录: D:\code\cursor\looklook\userdata\thumbnails
2025-05-19T03:38:46.973Z [LOG] 设置文件已存在，无需创建默认设置
2025-05-19T03:38:46.976Z [LOG] 打包状态: 开发环境
2025-05-19T03:38:46.976Z [LOG] App Path: D:\code\cursor\looklook
2025-05-19T03:38:46.976Z [LOG] Exe Path: D:\code\cursor\looklook\node_modules\electron\dist\electron.exe
2025-05-19T03:38:46.977Z [LOG] 应用目录: D:\code\cursor\looklook\node_modules\electron\dist
2025-05-19T03:38:46.977Z [LOG] 资源目录: D:\code\cursor\looklook\node_modules\electron\dist\resources
2025-05-19T03:38:46.977Z [TEST] 开始测试FFmpeg和FFprobe可执行性
2025-05-19T03:38:46.977Z [TEST] 打包状态: 开发环境
2025-05-19T03:38:46.978Z [TEST] App路径: D:\code\cursor\looklook
2025-05-19T03:38:46.978Z [TEST] 可执行文件路径: D:\code\cursor\looklook\node_modules\electron\dist\electron.exe
2025-05-19T03:38:46.978Z [TEST] 应用目录: D:\code\cursor\looklook\node_modules\electron\dist
2025-05-19T03:38:46.978Z [TEST] 资源目录: D:\code\cursor\looklook\node_modules\electron\dist\resources
2025-05-19T03:38:46.978Z [LOG] 检查node_modules路径: D:\code\cursor\looklook\node_modules\electron\dist\resources\node_modules, 存在: false
2025-05-19T03:38:46.978Z [TEST] 检查node_modules路径: D:\code\cursor\looklook\node_modules\electron\dist\resources\node_modules, 存在: false
2025-05-19T03:38:46.979Z [LOG] 检查node_modules路径: D:\code\cursor\looklook\node_modules\electron\dist\node_modules, 存在: false
2025-05-19T03:38:46.979Z [TEST] 检查node_modules路径: D:\code\cursor\looklook\node_modules\electron\dist\node_modules, 存在: false
2025-05-19T03:38:46.979Z [LOG] 检查node_modules路径: D:\code\cursor\looklook\node_modules, 存在: true
2025-05-19T03:38:46.979Z [TEST] 检查node_modules路径: D:\code\cursor\looklook\node_modules, 存在: true
2025-05-19T03:38:46.980Z [TEST] D:\code\cursor\looklook\node_modules 中内容: .bin, .package-lock.json, 7zip-bin, @derhuerst, @develar, @electron, @isaacs, @malept, @pkgjs, @sindresorhus, @szmarczak, @tootallnate, @types, @xmldom, agent-base, ajv, ajv-formats, ajv-keywords, ansi-regex, ansi-styles, app-builder-bin, app-builder-lib, archiver, archiver-utils, argparse, async, async-exit-hook, asynckit, at-least-node, atomically, balanced-match, base64-js, binary-search-tree, bl, bluebird, bluebird-lst, boolean, brace-expansion, buffer, buffer-crc32, buffer-equal, buffer-from, builder-util, builder-util-runtime, cacheable-lookup, cacheable-request, call-bind-apply-helpers, caseless, chalk, chownr, chromium-pickle-js, ci-info, cliui, clone-response, color-convert, color-name, combined-stream, commander, compare-version, compress-commons, concat-map, concat-stream, conf, config-file-ts, core-util-is, crc-32, crc32-stream, cross-spawn, debounce-fn, debug, decompress-response, defer-to-connect, define-data-property, define-properties, delayed-stream, detect-node, dir-compare, dmg-builder, dot-prop, dotenv, dotenv-expand, dunder-proto, eastasianwidth, ejs, electron, electron-builder, electron-builder-squirrel-windows, electron-publish, electron-store, emoji-regex, end-of-stream, env-paths, err-code, es-define-property, es-errors, es-object-atoms, es-set-tostringtag, es6-error, escalade, escape-string-regexp, extract-zip, fast-deep-equal, fast-json-stable-stringify, fast-uri, fd-slicer, ffmpeg-static, ffprobe-static, filelist, fluent-ffmpeg, foreground-child, form-data, fs-constants, fs-extra, fs-minipass, fs.realpath, function-bind, get-caller-file, get-intrinsic, get-proto, get-stream, glob, global-agent, globalthis, gopd, got, graceful-fs, has-flag, has-property-descriptors, has-symbols, has-tostringtag, hasown, hosted-git-info, http-cache-semantics, http-proxy-agent, http-response-object, http2-wrapper, https-proxy-agent, iconv-lite, ieee754, immediate, inflight, inherits, is-ci, is-fullwidth-code-point, isarray, isbinaryfile, isexe, jackspeak, jake, js-yaml, json-buffer, json-schema-traverse, json-schema-typed, json-stringify-safe, json5, jsonfile, keyv, lazy-val, lazystream, lie, localforage, lodash, lodash.defaults, lodash.difference, lodash.flatten, lodash.isplainobject, lodash.union, lowercase-keys, lru-cache, matcher, math-intrinsics, mime, mime-db, mime-types, mimic-function, mimic-response, minimatch, minimist, minipass, minizlib, mkdirp, ms, nedb, normalize-path, normalize-url, object-keys, once, p-cancelable, package-json-from-dist, parse-cache-control, path-is-absolute, path-key, path-scurry, pend, plist, process-nextick-args, progress, promise-retry, pump, punycode, quick-lru, read-config-file, readable-stream, readdir-glob, require-directory, require-from-string, resolve-alpn, responselike, retry, rimraf, roarr, safe-buffer, safer-buffer, sanitize-filename, sax, semver, semver-compare, serialize-error, shebang-command, shebang-regex, signal-exit, simple-update-notifier, source-map, source-map-support, sprintf-js, stat-mode, string-width, string-width-cjs, string_decoder, strip-ansi, strip-ansi-cjs, stubborn-fs, sumchecker, supports-color, tar, tar-stream, temp-file, tmp, tmp-promise, truncate-utf8-bytes, type-fest, typedarray, typescript, uint8array-extras, underscore, undici-types, universalify, uri-js, utf8-byte-length, util-deprecate, when-exit, which, wrap-ansi, wrap-ansi-cjs, wrappy, xmlbuilder, y18n, yallist, yargs, yargs-parser, yauzl, zip-stream
2025-05-19T03:38:46.980Z [TEST] ffmpeg-static存在于 D:\code\cursor\looklook\node_modules\ffmpeg-static
2025-05-19T03:38:46.980Z [TEST] ffmpeg-static内容: example.js, ffmpeg.exe, index.js, install.js, LICENSE, package.json, README.md, types
2025-05-19T03:38:46.980Z [TEST] ffprobe-static存在于 D:\code\cursor\looklook\node_modules\ffprobe-static
2025-05-19T03:38:46.980Z [TEST] ffprobe-static内容: bin, index.js, LICENSE, package.json, README.md, tests
2025-05-19T03:38:46.981Z [TEST] ffprobe-static/bin内容: darwin, linux, win32
2025-05-19T03:38:46.981Z [TEST] ffprobe-static/bin/win32内容: ia32, x64
2025-05-19T03:38:46.981Z [TEST] ffprobe-static/bin/win32/x64内容: ffprobe.exe
2025-05-19T03:38:46.982Z [LOG] 测试FFmpeg可执行性...
2025-05-19T03:38:46.982Z [TEST] 开始测试FFmpeg可执行性
2025-05-19T03:38:46.982Z [LOG] FFmpeg文件存在: D:\code\cursor\looklook\node_modules\ffmpeg-static\ffmpeg.exe
2025-05-19T03:38:46.982Z [TEST] FFmpeg文件存在: D:\code\cursor\looklook\node_modules\ffmpeg-static\ffmpeg.exe
2025-05-19T03:38:46.983Z [LOG] FFmpeg有执行权限
2025-05-19T03:38:46.983Z [TEST] FFmpeg有执行权限
2025-05-19T03:38:47.012Z [LOG] 测试FFprobe可执行性...
2025-05-19T03:38:47.012Z [LOG] FFprobe文件存在: D:\code\cursor\looklook\node_modules\ffprobe-static\bin\win32\x64\ffprobe.exe
2025-05-19T03:38:47.012Z [LOG] FFprobe有执行权限
2025-05-19T03:38:47.073Z [LOG] 注册IPC事件处理程序...
2025-05-19T03:38:47.073Z [LOG] IPC事件处理程序注册完成
2025-05-19T03:38:47.078Z [LOG] FFprobe执行测试成功: ffprobe version 4.0.2 Copyright (c) 2007-2018 the FFmpeg developers
2025-05-19T03:38:47.078Z [LOG] FFmpeg执行测试成功: ffmpeg version 7.1.1-essentials_build-www.gyan.dev Copyright (c) 2000-2025 the FFmpeg developers
2025-05-19T03:38:47.078Z [TEST] FFmpeg执行测试成功: ffmpeg version 7.1.1-essentials_build-www.gyan.dev Copyright (c) 2000-2025 the FFmpeg developers
2025-05-19T03:38:47.079Z [LOG] FFprobe执行测试成功: ffprobe version 4.0.2 Copyright (c) 2007-2018 the FFmpeg developers
2025-05-19T03:38:47.079Z [LOG] FFmpeg执行测试成功: ffmpeg version 7.1.1-essentials_build-www.gyan.dev Copyright (c) 2000-2025 the FFmpeg developers
2025-05-19T03:38:47.079Z [TEST] FFmpeg执行测试成功: ffmpeg version 7.1.1-essentials_build-www.gyan.dev Copyright (c) 2000-2025 the FFmpeg developers
2025-05-19T03:38:47.105Z [LOG] 已加载 1 个视频记录
2025-05-19T03:38:47.105Z [LOG] 开始检查是否存在重复视频记录...
2025-05-19T03:38:47.106Z [LOG] 没有发现重复视频记录
2025-05-19T03:38:47.106Z [LOG] 已加载枚举值[collection]: 16个
2025-05-19T03:38:47.107Z [LOG] 已加载枚举值[actors]: 3个
2025-05-19T03:38:47.108Z [LOG] 数据库模块初始化完成
2025-05-19T03:38:47.224Z [LOG] 处理get-videos请求
2025-05-19T03:38:47.229Z [LOG] 处理get-enum-values请求: collection
2025-05-19T03:38:47.229Z [LOG] 处理get-enum-values请求: actors
2025-05-19T03:38:47.236Z [LOG] 处理自定义协议请求: app://thumbnail/1747625522459-RDpcVXNl.jpg
2025-05-19T03:38:47.237Z [LOG] 缩略图路径: D:\code\cursor\looklook\userdata\thumbnails\1747625522459-RDpcVXNl.jpg
2025-05-19T03:38:47.238Z [LOG] 处理get-enum-values请求: collection
2025-05-19T03:38:47.239Z [LOG] 处理get-enum-values请求: actors
2025-05-19T03:38:48.202Z [LOG] 处理import-videos请求
2025-05-19T03:38:49.410Z [LOG] 用户选择了 1 个视频文件
2025-05-19T03:38:49.410Z [LOG] 当前数据库中有 1 个视频记录
2025-05-19T03:38:49.411Z [LOG] 其中新增视频 1 个，重复视频 0 个
2025-05-19T03:38:49.411Z [LOG] 设置已加载
2025-05-19T03:38:49.411Z [LOG] 获取视频分辨率: D:\Users\Videos\第二次选择\SampleVideo_360x240_30mb.mp4
2025-05-19T03:38:49.411Z [MAIN] 开始获取视频分辨率: D:\Users\Videos\第二次选择\SampleVideo_360x240_30mb.mp4
2025-05-19T03:38:49.412Z [LOG] 直接获取视频分辨率
2025-05-19T03:38:49.412Z [RESOLUTION] 开始获取视频分辨率: D:\Users\Videos\第二次选择\SampleVideo_360x240_30mb.mp4
2025-05-19T03:38:49.412Z [PATH] 尝试获取FFprobe路径
2025-05-19T03:38:49.412Z [LOG] 使用配置的FFprobe路径: D:\code\cursor\looklook\node_modules\ffprobe-static\bin\win32\x64\ffprobe.exe
2025-05-19T03:38:49.413Z [PATH] 使用配置的FFprobe路径: D:\code\cursor\looklook\node_modules\ffprobe-static\bin\win32\x64\ffprobe.exe
2025-05-19T03:38:49.413Z [RESOLUTION] 在开发环境中使用ffprobe路径: D:\code\cursor\looklook\node_modules\ffprobe-static\bin\win32\x64\ffprobe.exe
2025-05-19T03:38:49.413Z [RESOLUTION] 检查ffprobe可执行文件是否存在: true
2025-05-19T03:38:49.413Z [LOG] 执行命令: D:\code\cursor\looklook\node_modules\ffprobe-static\bin\win32\x64\ffprobe.exe -v error -select_streams v:0 -show_entries stream=width,height -of csv=s=x:p=0 D:\Users\Videos\第二次选择\SampleVideo_360x240_30mb.mp4
2025-05-19T03:38:49.413Z [RESOLUTION] 开始执行命令获取分辨率: D:\code\cursor\looklook\node_modules\ffprobe-static\bin\win32\x64\ffprobe.exe -v error -select_streams v:0 -show_entries stream=width,height -of csv=s=x:p=0 D:\Users\Videos\第二次选择\SampleVideo_360x240_30mb.mp4
2025-05-19T03:38:49.469Z [RESOLUTION] 命令输出: "320x240"
2025-05-19T03:38:49.470Z [LOG] 成功解析分辨率: 320×240
2025-05-19T03:38:49.470Z [RESOLUTION] 成功解析分辨率: 320×240
2025-05-19T03:38:49.470Z [LOG] 获取视频时长: D:\Users\Videos\第二次选择\SampleVideo_360x240_30mb.mp4
2025-05-19T03:38:49.470Z [MAIN] 开始获取视频时长: D:\Users\Videos\第二次选择\SampleVideo_360x240_30mb.mp4
2025-05-19T03:38:49.471Z [LOG] 直接获取视频时长
2025-05-19T03:38:49.471Z [DURATION] 开始获取视频时长: D:\Users\Videos\第二次选择\SampleVideo_360x240_30mb.mp4
2025-05-19T03:38:49.471Z [PATH] 尝试获取FFprobe路径
2025-05-19T03:38:49.471Z [LOG] 使用配置的FFprobe路径: D:\code\cursor\looklook\node_modules\ffprobe-static\bin\win32\x64\ffprobe.exe
2025-05-19T03:38:49.471Z [PATH] 使用配置的FFprobe路径: D:\code\cursor\looklook\node_modules\ffprobe-static\bin\win32\x64\ffprobe.exe
2025-05-19T03:38:49.471Z [DURATION] 在开发环境中使用ffprobe路径: D:\code\cursor\looklook\node_modules\ffprobe-static\bin\win32\x64\ffprobe.exe
2025-05-19T03:38:49.471Z [DURATION] 检查ffprobe可执行文件是否存在: true
2025-05-19T03:38:49.472Z [LOG] 执行命令: D:\code\cursor\looklook\node_modules\ffprobe-static\bin\win32\x64\ffprobe.exe -v error -show_entries format=duration -of default=noprint_wrappers=1:nokey=1 D:\Users\Videos\第二次选择\SampleVideo_360x240_30mb.mp4
2025-05-19T03:38:49.472Z [DURATION] 开始执行命令获取时长: D:\code\cursor\looklook\node_modules\ffprobe-static\bin\win32\x64\ffprobe.exe -v error -show_entries format=duration -of default=noprint_wrappers=1:nokey=1 D:\Users\Videos\第二次选择\SampleVideo_360x240_30mb.mp4
2025-05-19T03:38:49.528Z [DURATION] 命令输出: "368.200000"
2025-05-19T03:38:49.529Z [LOG] 成功解析时长: 00:06:08
2025-05-19T03:38:49.529Z [DURATION] 成功解析时长: 00:06:08
2025-05-19T03:38:49.530Z [LOG] 开始生成缩略图，视频路径: D:\Users\Videos\第二次选择\SampleVideo_360x240_30mb.mp4
2025-05-19T03:38:49.530Z [LOG] 缩略图输出路径: D:\code\cursor\looklook\userdata\thumbnails\1747625929418-RDpcVXNl.jpg
2025-05-19T03:38:49.531Z [LOG] 生成随机时间点: 00:00:32
2025-05-19T03:38:49.531Z [LOG] 使用直接命令行ffmpeg生成缩略图
2025-05-19T03:38:49.531Z [PATH] 尝试获取FFmpeg路径
2025-05-19T03:38:49.532Z [LOG] 使用配置的FFmpeg路径: D:\code\cursor\looklook\node_modules\ffmpeg-static\ffmpeg.exe
2025-05-19T03:38:49.532Z [PATH] 使用配置的FFmpeg路径: D:\code\cursor\looklook\node_modules\ffmpeg-static\ffmpeg.exe
2025-05-19T03:38:49.532Z [LOG] 将使用时间点 00:00:32 生成缩略图
2025-05-19T03:38:49.532Z [LOG] 执行命令: D:\code\cursor\looklook\node_modules\ffmpeg-static\ffmpeg.exe -ss 00:00:32 -i D:\Users\Videos\第二次选择\SampleVideo_360x240_30mb.mp4 -vframes 1 -s 320x180 -y D:\code\cursor\looklook\userdata\thumbnails\1747625929418-RDpcVXNl.jpg
2025-05-19T03:38:49.615Z [LOG] 直接ffmpeg成功生成缩略图: D:\code\cursor\looklook\userdata\thumbnails\1747625929418-RDpcVXNl.jpg
2025-05-19T03:38:49.616Z [LOG] 通过直接ffmpeg命令生成缩略图成功
2025-05-19T03:38:49.617Z [LOG] 成功保存 1 个视频到数据库
2025-05-19T03:38:49.617Z [LOG] 处理get-videos请求
2025-05-19T03:38:54.672Z [LOG] 处理自定义协议请求: app://thumbnail/1747625929418-RDpcVXNl.jpg
2025-05-19T03:38:54.672Z [LOG] 缩略图路径: D:\code\cursor\looklook\userdata\thumbnails\1747625929418-RDpcVXNl.jpg
2025-05-19T03:38:57.904Z [LOG] 处理get-settings请求
2025-05-19T03:38:57.905Z [LOG] 设置已加载
2025-05-19T03:38:58.513Z [LOG] 处理get-enum-values请求: collection
2025-05-19T03:38:58.514Z [LOG] 处理get-enum-values请求: actors
2025-05-19T03:38:58.516Z [LOG] 处理get-enum-values请求: collection
2025-05-19T03:38:58.517Z [LOG] 处理get-enum-values请求: actors
2025-05-19T03:39:02.481Z [LOG] 打开视频: D:\Users\Videos\第二次选择\SampleVideo_360x240_30mb.mp4
2025-05-19T03:39:02.492Z [LOG] 更新视频: SampleVideo_360x240_30mb.mp4
2025-05-19T03:47:45.919Z 日志开始 - 2025-05-19T03:47:45.918Z - 应用版本: 1.0.0 - 运行环境: 开发环境
2025-05-19T03:47:45.919Z 系统信息: win32 x64 - Node.js 18.18.2
2025-05-19T03:47:45.919Z App路径: D:\code\cursor\looklook
2025-05-19T03:47:45.919Z 可执行文件路径: D:\code\cursor\looklook\node_modules\electron\dist\electron.exe
2025-05-19T03:47:45.919Z [LOG] 日志文件已创建: D:\code\cursor\looklook\userdata\logs\app-2025-05-19.log
2025-05-19T03:47:45.920Z [ERROR] 设置控制台编码失败: process.stdout.setEncoding is not a function
2025-05-19T03:47:45.920Z [LOG] 应用准备就绪
2025-05-19T03:47:45.920Z [ENV] 运行模式: 开发环境
2025-05-19T03:47:45.921Z [ENV] 应用路径: D:\code\cursor\looklook
2025-05-19T03:47:45.921Z [ENV] 可执行文件路径: D:\code\cursor\looklook\node_modules\electron\dist\electron.exe
2025-05-19T03:47:45.921Z [ENV] 用户数据路径: D:\code\cursor\looklook\userdata
2025-05-19T03:47:45.921Z [FFMPEG_COPY] 开发环境中无需复制FFmpeg和FFprobe
2025-05-19T03:47:45.921Z [LOG] 用户数据目录: D:\code\cursor\looklook\userdata
2025-05-19T03:47:45.922Z [LOG] 缩略图目录: D:\code\cursor\looklook\userdata\thumbnails
2025-05-19T03:47:45.922Z [LOG] 设置文件已存在，无需创建默认设置
2025-05-19T03:47:45.925Z [LOG] 打包状态: 开发环境
2025-05-19T03:47:45.925Z [LOG] App Path: D:\code\cursor\looklook
2025-05-19T03:47:45.925Z [LOG] Exe Path: D:\code\cursor\looklook\node_modules\electron\dist\electron.exe
2025-05-19T03:47:45.926Z [LOG] 应用目录: D:\code\cursor\looklook\node_modules\electron\dist
2025-05-19T03:47:45.926Z [LOG] 资源目录: D:\code\cursor\looklook\node_modules\electron\dist\resources
2025-05-19T03:47:45.926Z [TEST] 开始测试FFmpeg和FFprobe可执行性
2025-05-19T03:47:45.926Z [TEST] 打包状态: 开发环境
2025-05-19T03:47:45.926Z [TEST] App路径: D:\code\cursor\looklook
2025-05-19T03:47:45.926Z [TEST] 可执行文件路径: D:\code\cursor\looklook\node_modules\electron\dist\electron.exe
2025-05-19T03:47:45.927Z [TEST] 应用目录: D:\code\cursor\looklook\node_modules\electron\dist
2025-05-19T03:47:45.927Z [TEST] 资源目录: D:\code\cursor\looklook\node_modules\electron\dist\resources
2025-05-19T03:47:45.927Z [LOG] 检查node_modules路径: D:\code\cursor\looklook\node_modules\electron\dist\resources\node_modules, 存在: false
2025-05-19T03:47:45.927Z [TEST] 检查node_modules路径: D:\code\cursor\looklook\node_modules\electron\dist\resources\node_modules, 存在: false
2025-05-19T03:47:45.927Z [LOG] 检查node_modules路径: D:\code\cursor\looklook\node_modules\electron\dist\node_modules, 存在: false
2025-05-19T03:47:45.927Z [TEST] 检查node_modules路径: D:\code\cursor\looklook\node_modules\electron\dist\node_modules, 存在: false
2025-05-19T03:47:45.928Z [LOG] 检查node_modules路径: D:\code\cursor\looklook\node_modules, 存在: true
2025-05-19T03:47:45.928Z [TEST] 检查node_modules路径: D:\code\cursor\looklook\node_modules, 存在: true
2025-05-19T03:47:45.928Z [TEST] D:\code\cursor\looklook\node_modules 中内容: .bin, .package-lock.json, 7zip-bin, @derhuerst, @develar, @electron, @isaacs, @malept, @pkgjs, @sindresorhus, @szmarczak, @tootallnate, @types, @xmldom, agent-base, ajv, ajv-formats, ajv-keywords, ansi-regex, ansi-styles, app-builder-bin, app-builder-lib, archiver, archiver-utils, argparse, async, async-exit-hook, asynckit, at-least-node, atomically, balanced-match, base64-js, binary-search-tree, bl, bluebird, bluebird-lst, boolean, brace-expansion, buffer, buffer-crc32, buffer-equal, buffer-from, builder-util, builder-util-runtime, cacheable-lookup, cacheable-request, call-bind-apply-helpers, caseless, chalk, chownr, chromium-pickle-js, ci-info, cliui, clone-response, color-convert, color-name, combined-stream, commander, compare-version, compress-commons, concat-map, concat-stream, conf, config-file-ts, core-util-is, crc-32, crc32-stream, cross-spawn, debounce-fn, debug, decompress-response, defer-to-connect, define-data-property, define-properties, delayed-stream, detect-node, dir-compare, dmg-builder, dot-prop, dotenv, dotenv-expand, dunder-proto, eastasianwidth, ejs, electron, electron-builder, electron-builder-squirrel-windows, electron-publish, electron-store, emoji-regex, end-of-stream, env-paths, err-code, es-define-property, es-errors, es-object-atoms, es-set-tostringtag, es6-error, escalade, escape-string-regexp, extract-zip, fast-deep-equal, fast-json-stable-stringify, fast-uri, fd-slicer, ffmpeg-static, ffprobe-static, filelist, fluent-ffmpeg, foreground-child, form-data, fs-constants, fs-extra, fs-minipass, fs.realpath, function-bind, get-caller-file, get-intrinsic, get-proto, get-stream, glob, global-agent, globalthis, gopd, got, graceful-fs, has-flag, has-property-descriptors, has-symbols, has-tostringtag, hasown, hosted-git-info, http-cache-semantics, http-proxy-agent, http-response-object, http2-wrapper, https-proxy-agent, iconv-lite, ieee754, immediate, inflight, inherits, is-ci, is-fullwidth-code-point, isarray, isbinaryfile, isexe, jackspeak, jake, js-yaml, json-buffer, json-schema-traverse, json-schema-typed, json-stringify-safe, json5, jsonfile, keyv, lazy-val, lazystream, lie, localforage, lodash, lodash.defaults, lodash.difference, lodash.flatten, lodash.isplainobject, lodash.union, lowercase-keys, lru-cache, matcher, math-intrinsics, mime, mime-db, mime-types, mimic-function, mimic-response, minimatch, minimist, minipass, minizlib, mkdirp, ms, nedb, normalize-path, normalize-url, object-keys, once, p-cancelable, package-json-from-dist, parse-cache-control, path-is-absolute, path-key, path-scurry, pend, plist, process-nextick-args, progress, promise-retry, pump, punycode, quick-lru, read-config-file, readable-stream, readdir-glob, require-directory, require-from-string, resolve-alpn, responselike, retry, rimraf, roarr, safe-buffer, safer-buffer, sanitize-filename, sax, semver, semver-compare, serialize-error, shebang-command, shebang-regex, signal-exit, simple-update-notifier, source-map, source-map-support, sprintf-js, stat-mode, string-width, string-width-cjs, string_decoder, strip-ansi, strip-ansi-cjs, stubborn-fs, sumchecker, supports-color, tar, tar-stream, temp-file, tmp, tmp-promise, truncate-utf8-bytes, type-fest, typedarray, typescript, uint8array-extras, underscore, undici-types, universalify, uri-js, utf8-byte-length, util-deprecate, when-exit, which, wrap-ansi, wrap-ansi-cjs, wrappy, xmlbuilder, y18n, yallist, yargs, yargs-parser, yauzl, zip-stream
2025-05-19T03:47:45.928Z [TEST] ffmpeg-static存在于 D:\code\cursor\looklook\node_modules\ffmpeg-static
2025-05-19T03:47:45.928Z [TEST] ffmpeg-static内容: example.js, ffmpeg.exe, index.js, install.js, LICENSE, package.json, README.md, types
2025-05-19T03:47:45.928Z [TEST] ffprobe-static存在于 D:\code\cursor\looklook\node_modules\ffprobe-static
2025-05-19T03:47:45.929Z [TEST] ffprobe-static内容: bin, index.js, LICENSE, package.json, README.md, tests
2025-05-19T03:47:45.929Z [TEST] ffprobe-static/bin内容: darwin, linux, win32
2025-05-19T03:47:45.929Z [TEST] ffprobe-static/bin/win32内容: ia32, x64
2025-05-19T03:47:45.929Z [TEST] ffprobe-static/bin/win32/x64内容: ffprobe.exe
2025-05-19T03:47:45.929Z [LOG] 测试FFmpeg可执行性...
2025-05-19T03:47:45.930Z [TEST] 开始测试FFmpeg可执行性
2025-05-19T03:47:45.930Z [LOG] FFmpeg文件存在: D:\code\cursor\looklook\node_modules\ffmpeg-static\ffmpeg.exe
2025-05-19T03:47:45.930Z [TEST] FFmpeg文件存在: D:\code\cursor\looklook\node_modules\ffmpeg-static\ffmpeg.exe
2025-05-19T03:47:45.931Z [LOG] FFmpeg有执行权限
2025-05-19T03:47:45.931Z [TEST] FFmpeg有执行权限
2025-05-19T03:47:45.966Z [LOG] 测试FFprobe可执行性...
2025-05-19T03:47:45.966Z [LOG] FFprobe文件存在: D:\code\cursor\looklook\node_modules\ffprobe-static\bin\win32\x64\ffprobe.exe
2025-05-19T03:47:45.967Z [LOG] FFprobe有执行权限
2025-05-19T03:47:46.037Z [LOG] 注册IPC事件处理程序...
2025-05-19T03:47:46.037Z [LOG] IPC事件处理程序注册完成
2025-05-19T03:47:46.041Z [LOG] FFprobe执行测试成功: ffprobe version 4.0.2 Copyright (c) 2007-2018 the FFmpeg developers
2025-05-19T03:47:46.042Z [LOG] FFmpeg执行测试成功: ffmpeg version 7.1.1-essentials_build-www.gyan.dev Copyright (c) 2000-2025 the FFmpeg developers
2025-05-19T03:47:46.042Z [TEST] FFmpeg执行测试成功: ffmpeg version 7.1.1-essentials_build-www.gyan.dev Copyright (c) 2000-2025 the FFmpeg developers
2025-05-19T03:47:46.042Z [LOG] FFprobe执行测试成功: ffprobe version 4.0.2 Copyright (c) 2007-2018 the FFmpeg developers
2025-05-19T03:47:46.042Z [LOG] FFmpeg执行测试成功: ffmpeg version 7.1.1-essentials_build-www.gyan.dev Copyright (c) 2000-2025 the FFmpeg developers
2025-05-19T03:47:46.043Z [TEST] FFmpeg执行测试成功: ffmpeg version 7.1.1-essentials_build-www.gyan.dev Copyright (c) 2000-2025 the FFmpeg developers
2025-05-19T03:47:46.070Z [LOG] 已加载 2 个视频记录
2025-05-19T03:47:46.070Z [LOG] 开始检查是否存在重复视频记录...
2025-05-19T03:47:46.071Z [LOG] 没有发现重复视频记录
2025-05-19T03:47:46.073Z [LOG] 已加载枚举值[collection]: 16个
2025-05-19T03:47:46.074Z [LOG] 已加载枚举值[actors]: 3个
2025-05-19T03:47:46.074Z [LOG] 数据库模块初始化完成
2025-05-19T03:47:46.186Z [LOG] 处理get-videos请求
2025-05-19T03:47:46.189Z [LOG] 处理get-enum-values请求: collection
2025-05-19T03:47:46.189Z [LOG] 处理get-enum-values请求: actors
2025-05-19T03:47:46.212Z [LOG] 处理自定义协议请求: app://thumbnail/1747625929418-RDpcVXNl.jpg
2025-05-19T03:47:46.212Z [LOG] 缩略图路径: D:\code\cursor\looklook\userdata\thumbnails\1747625929418-RDpcVXNl.jpg
2025-05-19T03:47:46.213Z [LOG] 处理get-enum-values请求: collection
2025-05-19T03:47:46.214Z [LOG] 处理自定义协议请求: app://thumbnail/1747625522459-RDpcVXNl.jpg
2025-05-19T03:47:46.215Z [LOG] 缩略图路径: D:\code\cursor\looklook\userdata\thumbnails\1747625522459-RDpcVXNl.jpg
2025-05-19T03:47:46.215Z [LOG] 处理get-enum-values请求: actors
2025-05-19T03:47:47.096Z [LOG] 处理import-videos请求
2025-05-19T03:47:48.399Z [LOG] 用户选择了 1 个视频文件
2025-05-19T03:47:48.400Z [LOG] 当前数据库中有 2 个视频记录
2025-05-19T03:47:48.400Z [LOG] 其中新增视频 1 个，重复视频 0 个
2025-05-19T03:47:48.400Z [LOG] 设置已加载
2025-05-19T03:47:48.401Z [LOG] 获取视频分辨率: D:\Users\Videos\第二次选择\PRED-777 dsfafsdfs.mp4
2025-05-19T03:47:48.401Z [MAIN] 开始获取视频分辨率: D:\Users\Videos\第二次选择\PRED-777 dsfafsdfs.mp4
2025-05-19T03:47:48.401Z [LOG] 直接获取视频分辨率
2025-05-19T03:47:48.401Z [RESOLUTION] 开始获取视频分辨率: D:\Users\Videos\第二次选择\PRED-777 dsfafsdfs.mp4
2025-05-19T03:47:48.401Z [PATH] 尝试获取FFprobe路径
2025-05-19T03:47:48.402Z [LOG] 使用配置的FFprobe路径: D:\code\cursor\looklook\node_modules\ffprobe-static\bin\win32\x64\ffprobe.exe
2025-05-19T03:47:48.402Z [PATH] 使用配置的FFprobe路径: D:\code\cursor\looklook\node_modules\ffprobe-static\bin\win32\x64\ffprobe.exe
2025-05-19T03:47:48.402Z [RESOLUTION] 在开发环境中使用ffprobe路径: D:\code\cursor\looklook\node_modules\ffprobe-static\bin\win32\x64\ffprobe.exe
2025-05-19T03:47:48.402Z [RESOLUTION] 检查ffprobe可执行文件是否存在: true
2025-05-19T03:47:48.402Z [LOG] 执行命令: "D:\code\cursor\looklook\node_modules\ffprobe-static\bin\win32\x64\ffprobe.exe" -v error -select_streams v:0 -show_entries stream=width,height -of csv=s=x:p=0 "D:\Users\Videos\第二次选择\PRED-777 dsfafsdfs.mp4"
2025-05-19T03:47:48.402Z [RESOLUTION] 开始执行命令获取分辨率: "D:\code\cursor\looklook\node_modules\ffprobe-static\bin\win32\x64\ffprobe.exe" -v error -select_streams v:0 -show_entries stream=width,height -of csv=s=x:p=0 "D:\Users\Videos\第二次选择\PRED-777 dsfafsdfs.mp4"
2025-05-19T03:47:48.467Z [RESOLUTION] 命令输出: "320x240"
2025-05-19T03:47:48.467Z [LOG] 成功解析分辨率: 320×240
2025-05-19T03:47:48.468Z [RESOLUTION] 成功解析分辨率: 320×240
2025-05-19T03:47:48.468Z [LOG] 获取视频时长: D:\Users\Videos\第二次选择\PRED-777 dsfafsdfs.mp4
2025-05-19T03:47:48.468Z [MAIN] 开始获取视频时长: D:\Users\Videos\第二次选择\PRED-777 dsfafsdfs.mp4
2025-05-19T03:47:48.469Z [LOG] 直接获取视频时长
2025-05-19T03:47:48.469Z [DURATION] 开始获取视频时长: D:\Users\Videos\第二次选择\PRED-777 dsfafsdfs.mp4
2025-05-19T03:47:48.469Z [PATH] 尝试获取FFprobe路径
2025-05-19T03:47:48.470Z [LOG] 使用配置的FFprobe路径: D:\code\cursor\looklook\node_modules\ffprobe-static\bin\win32\x64\ffprobe.exe
2025-05-19T03:47:48.470Z [PATH] 使用配置的FFprobe路径: D:\code\cursor\looklook\node_modules\ffprobe-static\bin\win32\x64\ffprobe.exe
2025-05-19T03:47:48.470Z [DURATION] 在开发环境中使用ffprobe路径: D:\code\cursor\looklook\node_modules\ffprobe-static\bin\win32\x64\ffprobe.exe
2025-05-19T03:47:48.470Z [DURATION] 检查ffprobe可执行文件是否存在: true
2025-05-19T03:47:48.471Z [LOG] 执行命令: "D:\code\cursor\looklook\node_modules\ffprobe-static\bin\win32\x64\ffprobe.exe" -v error -show_entries format=duration -of default=noprint_wrappers=1:nokey=1 "D:\Users\Videos\第二次选择\PRED-777 dsfafsdfs.mp4"
2025-05-19T03:47:48.471Z [DURATION] 开始执行命令获取时长: "D:\code\cursor\looklook\node_modules\ffprobe-static\bin\win32\x64\ffprobe.exe" -v error -show_entries format=duration -of default=noprint_wrappers=1:nokey=1 "D:\Users\Videos\第二次选择\PRED-777 dsfafsdfs.mp4"
2025-05-19T03:47:48.537Z [DURATION] 命令输出: "245.291000"
2025-05-19T03:47:48.537Z [LOG] 成功解析时长: 00:04:05
2025-05-19T03:47:48.537Z [DURATION] 成功解析时长: 00:04:05
2025-05-19T03:47:48.538Z [LOG] 开始生成缩略图，视频路径: D:\Users\Videos\第二次选择\PRED-777 dsfafsdfs.mp4
2025-05-19T03:47:48.538Z [LOG] 缩略图输出路径: D:\code\cursor\looklook\userdata\thumbnails\1747626468736-RDpcVXNl.jpg
2025-05-19T03:47:48.539Z [LOG] 生成随机时间点: 00:00:21
2025-05-19T03:47:48.539Z [LOG] 使用直接命令行ffmpeg生成缩略图
2025-05-19T03:47:48.539Z [PATH] 尝试获取FFmpeg路径
2025-05-19T03:47:48.540Z [LOG] 使用配置的FFmpeg路径: D:\code\cursor\looklook\node_modules\ffmpeg-static\ffmpeg.exe
2025-05-19T03:47:48.540Z [PATH] 使用配置的FFmpeg路径: D:\code\cursor\looklook\node_modules\ffmpeg-static\ffmpeg.exe
2025-05-19T03:47:48.540Z [LOG] 将使用时间点 00:00:21 生成缩略图
2025-05-19T03:47:48.540Z [LOG] 执行命令: D:\code\cursor\looklook\node_modules\ffmpeg-static\ffmpeg.exe -ss 00:00:21 -i D:\Users\Videos\第二次选择\PRED-777 dsfafsdfs.mp4 -vframes 1 -s 320x180 -y D:\code\cursor\looklook\userdata\thumbnails\1747626468736-RDpcVXNl.jpg
2025-05-19T03:47:48.626Z [LOG] 直接ffmpeg成功生成缩略图: D:\code\cursor\looklook\userdata\thumbnails\1747626468736-RDpcVXNl.jpg
2025-05-19T03:47:48.626Z [LOG] 通过直接ffmpeg命令生成缩略图成功
2025-05-19T03:47:48.628Z [LOG] 成功保存 1 个视频到数据库
2025-05-19T03:47:48.628Z [LOG] 处理get-videos请求
2025-05-19T03:47:51.879Z [LOG] 处理自定义协议请求: app://thumbnail/1747626468736-RDpcVXNl.jpg
2025-05-19T03:47:51.880Z [LOG] 缩略图路径: D:\code\cursor\looklook\userdata\thumbnails\1747626468736-RDpcVXNl.jpg
2025-05-19T06:35:23.407Z 日志开始 - 2025-05-19T06:35:23.407Z - 应用版本: 1.0.0 - 运行环境: 开发环境
2025-05-19T06:35:23.408Z 系统信息: win32 x64 - Node.js 18.18.2
2025-05-19T06:35:23.408Z App路径: D:\code\cursor\looklook
2025-05-19T06:35:23.408Z 可执行文件路径: D:\code\cursor\looklook\node_modules\electron\dist\electron.exe
2025-05-19T06:35:23.408Z [LOG] 日志文件已创建: D:\code\cursor\looklook\userdata\logs\app-2025-05-19.log
2025-05-19T06:35:23.409Z [ERROR] 设置控制台编码失败: process.stdout.setEncoding is not a function
2025-05-19T06:35:23.409Z [LOG] 应用准备就绪
2025-05-19T06:35:23.409Z [ENV] 运行模式: 开发环境
2025-05-19T06:35:23.409Z [ENV] 应用路径: D:\code\cursor\looklook
2025-05-19T06:35:23.409Z [ENV] 可执行文件路径: D:\code\cursor\looklook\node_modules\electron\dist\electron.exe
2025-05-19T06:35:23.410Z [ENV] 用户数据路径: D:\code\cursor\looklook\userdata
2025-05-19T06:35:23.410Z [FFMPEG_COPY] 开发环境中无需复制FFmpeg和FFprobe
2025-05-19T06:35:23.410Z [LOG] 用户数据目录: D:\code\cursor\looklook\userdata
2025-05-19T06:35:23.410Z [LOG] 缩略图目录: D:\code\cursor\looklook\userdata\thumbnails
2025-05-19T06:35:23.411Z [LOG] 设置文件已存在，无需创建默认设置
2025-05-19T06:35:23.414Z [LOG] 打包状态: 开发环境
2025-05-19T06:35:23.415Z [LOG] App Path: D:\code\cursor\looklook
2025-05-19T06:35:23.415Z [LOG] Exe Path: D:\code\cursor\looklook\node_modules\electron\dist\electron.exe
2025-05-19T06:35:23.416Z [LOG] 应用目录: D:\code\cursor\looklook\node_modules\electron\dist
2025-05-19T06:35:23.416Z [LOG] 资源目录: D:\code\cursor\looklook\node_modules\electron\dist\resources
2025-05-19T06:35:23.416Z [TEST] 开始测试FFmpeg和FFprobe可执行性
2025-05-19T06:35:23.416Z [TEST] 打包状态: 开发环境
2025-05-19T06:35:23.416Z [TEST] App路径: D:\code\cursor\looklook
2025-05-19T06:35:23.417Z [TEST] 可执行文件路径: D:\code\cursor\looklook\node_modules\electron\dist\electron.exe
2025-05-19T06:35:23.417Z [TEST] 应用目录: D:\code\cursor\looklook\node_modules\electron\dist
2025-05-19T06:35:23.417Z [TEST] 资源目录: D:\code\cursor\looklook\node_modules\electron\dist\resources
2025-05-19T06:35:23.417Z [LOG] 检查node_modules路径: D:\code\cursor\looklook\node_modules\electron\dist\resources\node_modules, 存在: false
2025-05-19T06:35:23.417Z [TEST] 检查node_modules路径: D:\code\cursor\looklook\node_modules\electron\dist\resources\node_modules, 存在: false
2025-05-19T06:35:23.417Z [LOG] 检查node_modules路径: D:\code\cursor\looklook\node_modules\electron\dist\node_modules, 存在: false
2025-05-19T06:35:23.418Z [TEST] 检查node_modules路径: D:\code\cursor\looklook\node_modules\electron\dist\node_modules, 存在: false
2025-05-19T06:35:23.418Z [LOG] 检查node_modules路径: D:\code\cursor\looklook\node_modules, 存在: true
2025-05-19T06:35:23.418Z [TEST] 检查node_modules路径: D:\code\cursor\looklook\node_modules, 存在: true
2025-05-19T06:35:23.418Z [TEST] D:\code\cursor\looklook\node_modules 中内容: .bin, .package-lock.json, 7zip-bin, @derhuerst, @develar, @electron, @isaacs, @malept, @pkgjs, @sindresorhus, @szmarczak, @tootallnate, @types, @xmldom, agent-base, ajv, ajv-formats, ajv-keywords, ansi-regex, ansi-styles, app-builder-bin, app-builder-lib, archiver, archiver-utils, argparse, async, async-exit-hook, asynckit, at-least-node, atomically, balanced-match, base64-js, binary-search-tree, bl, bluebird, bluebird-lst, boolean, brace-expansion, buffer, buffer-crc32, buffer-equal, buffer-from, builder-util, builder-util-runtime, cacheable-lookup, cacheable-request, call-bind-apply-helpers, caseless, chalk, chownr, chromium-pickle-js, ci-info, cliui, clone-response, color-convert, color-name, combined-stream, commander, compare-version, compress-commons, concat-map, concat-stream, conf, config-file-ts, core-util-is, crc-32, crc32-stream, cross-spawn, debounce-fn, debug, decompress-response, defer-to-connect, define-data-property, define-properties, delayed-stream, detect-node, dir-compare, dmg-builder, dot-prop, dotenv, dotenv-expand, dunder-proto, eastasianwidth, ejs, electron, electron-builder, electron-builder-squirrel-windows, electron-publish, electron-store, emoji-regex, end-of-stream, env-paths, err-code, es-define-property, es-errors, es-object-atoms, es-set-tostringtag, es6-error, escalade, escape-string-regexp, extract-zip, fast-deep-equal, fast-json-stable-stringify, fast-uri, fd-slicer, ffmpeg-static, ffprobe-static, filelist, fluent-ffmpeg, foreground-child, form-data, fs-constants, fs-extra, fs-minipass, fs.realpath, function-bind, get-caller-file, get-intrinsic, get-proto, get-stream, glob, global-agent, globalthis, gopd, got, graceful-fs, has-flag, has-property-descriptors, has-symbols, has-tostringtag, hasown, hosted-git-info, http-cache-semantics, http-proxy-agent, http-response-object, http2-wrapper, https-proxy-agent, iconv-lite, ieee754, immediate, inflight, inherits, is-ci, is-fullwidth-code-point, isarray, isbinaryfile, isexe, jackspeak, jake, js-yaml, json-buffer, json-schema-traverse, json-schema-typed, json-stringify-safe, json5, jsonfile, keyv, lazy-val, lazystream, lie, localforage, lodash, lodash.defaults, lodash.difference, lodash.flatten, lodash.isplainobject, lodash.union, lowercase-keys, lru-cache, matcher, math-intrinsics, mime, mime-db, mime-types, mimic-function, mimic-response, minimatch, minimist, minipass, minizlib, mkdirp, ms, nedb, normalize-path, normalize-url, object-keys, once, p-cancelable, package-json-from-dist, parse-cache-control, path-is-absolute, path-key, path-scurry, pend, plist, process-nextick-args, progress, promise-retry, pump, punycode, quick-lru, read-config-file, readable-stream, readdir-glob, require-directory, require-from-string, resolve-alpn, responselike, retry, rimraf, roarr, safe-buffer, safer-buffer, sanitize-filename, sax, semver, semver-compare, serialize-error, shebang-command, shebang-regex, signal-exit, simple-update-notifier, source-map, source-map-support, sprintf-js, stat-mode, string-width, string-width-cjs, string_decoder, strip-ansi, strip-ansi-cjs, stubborn-fs, sumchecker, supports-color, tar, tar-stream, temp-file, tmp, tmp-promise, truncate-utf8-bytes, type-fest, typedarray, typescript, uint8array-extras, underscore, undici-types, universalify, uri-js, utf8-byte-length, util-deprecate, when-exit, which, wrap-ansi, wrap-ansi-cjs, wrappy, xmlbuilder, y18n, yallist, yargs, yargs-parser, yauzl, zip-stream
2025-05-19T06:35:23.419Z [TEST] ffmpeg-static存在于 D:\code\cursor\looklook\node_modules\ffmpeg-static
2025-05-19T06:35:23.419Z [TEST] ffmpeg-static内容: example.js, ffmpeg.exe, index.js, install.js, LICENSE, package.json, README.md, types
2025-05-19T06:35:23.419Z [TEST] ffprobe-static存在于 D:\code\cursor\looklook\node_modules\ffprobe-static
2025-05-19T06:35:23.419Z [TEST] ffprobe-static内容: bin, index.js, LICENSE, package.json, README.md, tests
2025-05-19T06:35:23.419Z [TEST] ffprobe-static/bin内容: darwin, linux, win32
2025-05-19T06:35:23.419Z [TEST] ffprobe-static/bin/win32内容: ia32, x64
2025-05-19T06:35:23.419Z [TEST] ffprobe-static/bin/win32/x64内容: ffprobe.exe
2025-05-19T06:35:23.420Z [LOG] 测试FFmpeg可执行性...
2025-05-19T06:35:23.420Z [TEST] 开始测试FFmpeg可执行性
2025-05-19T06:35:23.421Z [LOG] FFmpeg文件存在: D:\code\cursor\looklook\node_modules\ffmpeg-static\ffmpeg.exe
2025-05-19T06:35:23.421Z [TEST] FFmpeg文件存在: D:\code\cursor\looklook\node_modules\ffmpeg-static\ffmpeg.exe
2025-05-19T06:35:23.421Z [LOG] FFmpeg有执行权限
2025-05-19T06:35:23.421Z [TEST] FFmpeg有执行权限
2025-05-19T06:35:23.454Z [LOG] 测试FFprobe可执行性...
2025-05-19T06:35:23.454Z [LOG] FFprobe文件存在: D:\code\cursor\looklook\node_modules\ffprobe-static\bin\win32\x64\ffprobe.exe
2025-05-19T06:35:23.454Z [LOG] FFprobe有执行权限
2025-05-19T06:35:23.515Z [LOG] 注册IPC事件处理程序...
2025-05-19T06:35:23.515Z [LOG] IPC事件处理程序注册完成
2025-05-19T06:35:23.520Z [LOG] FFprobe执行测试成功: ffprobe version 4.0.2 Copyright (c) 2007-2018 the FFmpeg developers
2025-05-19T06:35:23.521Z [LOG] FFmpeg执行测试成功: ffmpeg version 7.1.1-essentials_build-www.gyan.dev Copyright (c) 2000-2025 the FFmpeg developers
2025-05-19T06:35:23.521Z [TEST] FFmpeg执行测试成功: ffmpeg version 7.1.1-essentials_build-www.gyan.dev Copyright (c) 2000-2025 the FFmpeg developers
2025-05-19T06:35:23.521Z [LOG] FFprobe执行测试成功: ffprobe version 4.0.2 Copyright (c) 2007-2018 the FFmpeg developers
2025-05-19T06:35:23.521Z [LOG] FFmpeg执行测试成功: ffmpeg version 7.1.1-essentials_build-www.gyan.dev Copyright (c) 2000-2025 the FFmpeg developers
2025-05-19T06:35:23.522Z [TEST] FFmpeg执行测试成功: ffmpeg version 7.1.1-essentials_build-www.gyan.dev Copyright (c) 2000-2025 the FFmpeg developers
2025-05-19T06:35:23.545Z [LOG] 已加载 3 个视频记录
2025-05-19T06:35:23.546Z [LOG] 开始检查是否存在重复视频记录...
2025-05-19T06:35:23.546Z [LOG] 没有发现重复视频记录
2025-05-19T06:35:23.547Z [LOG] 已加载枚举值[collection]: 16个
2025-05-19T06:35:23.547Z [LOG] 已加载枚举值[actors]: 3个
2025-05-19T06:35:23.547Z [LOG] 数据库模块初始化完成
2025-05-19T06:35:23.664Z [LOG] 处理get-videos请求
2025-05-19T06:35:23.667Z [LOG] 处理get-enum-values请求: collection
2025-05-19T06:35:23.668Z [LOG] 处理get-enum-values请求: actors
2025-05-19T06:35:23.691Z [LOG] 处理自定义协议请求: app://thumbnail/1747625929418-RDpcVXNl.jpg
2025-05-19T06:35:23.692Z [LOG] 缩略图路径: D:\code\cursor\looklook\userdata\thumbnails\1747625929418-RDpcVXNl.jpg
2025-05-19T06:35:23.694Z [LOG] 处理get-enum-values请求: collection
2025-05-19T06:35:23.695Z [LOG] 处理自定义协议请求: app://thumbnail/1747625522459-RDpcVXNl.jpg
2025-05-19T06:35:23.695Z [LOG] 缩略图路径: D:\code\cursor\looklook\userdata\thumbnails\1747625522459-RDpcVXNl.jpg
2025-05-19T06:35:23.697Z [LOG] 处理get-enum-values请求: actors
2025-05-19T06:35:23.697Z [LOG] 处理自定义协议请求: app://thumbnail/1747626468736-RDpcVXNl.jpg
2025-05-19T06:35:23.697Z [LOG] 缩略图路径: D:\code\cursor\looklook\userdata\thumbnails\1747626468736-RDpcVXNl.jpg
2025-05-19T06:35:26.274Z [LOG] 读取base64图片文件: assets/avatar.mw
2025-05-19T06:35:26.275Z [LOG] 成功读取图片文件: assets/avatar.mw
2025-05-19T06:35:26.280Z [LOG] 处理get-settings请求
2025-05-19T06:35:26.280Z [LOG] 设置已加载
2025-05-19T06:35:26.283Z [LOG] 处理get-enum-values请求: collection
2025-05-19T06:35:26.284Z [LOG] 处理get-enum-values请求: collection
2025-05-19T06:35:26.285Z [LOG] 处理get-enum-values请求: actors
2025-05-19T06:35:26.395Z [LOG] 处理get-enum-values请求: collection
2025-05-19T06:35:26.396Z [LOG] 处理get-enum-values请求: collection
2025-05-19T06:35:26.396Z [LOG] 处理get-enum-values请求: actors
2025-05-19T06:35:28.051Z [LOG] 处理get-enum-values请求: collection
2025-05-19T06:35:28.052Z [LOG] 处理get-enum-values请求: collection
2025-05-19T06:35:28.053Z [LOG] 处理get-enum-values请求: actors
2025-05-19T06:35:28.436Z [LOG] 处理get-enum-values请求: collection
2025-05-19T06:35:28.438Z [LOG] 处理get-enum-values请求: collection
2025-05-19T06:35:28.440Z [LOG] 处理get-enum-values请求: actors
2025-05-19T06:35:37.517Z [LOG] 处理get-enum-values请求: collection
2025-05-19T06:35:37.520Z [LOG] 处理get-enum-values请求: collection
2025-05-19T06:35:37.521Z [LOG] 处理get-enum-values请求: actors
2025-05-19T06:35:58.733Z 日志开始 - 2025-05-19T06:35:58.732Z - 应用版本: 1.0.0 - 运行环境: 开发环境
2025-05-19T06:35:58.733Z 系统信息: win32 x64 - Node.js 18.18.2
2025-05-19T06:35:58.733Z App路径: D:\code\cursor\looklook
2025-05-19T06:35:58.733Z 可执行文件路径: D:\code\cursor\looklook\node_modules\electron\dist\electron.exe
2025-05-19T06:35:58.734Z [LOG] 日志文件已创建: D:\code\cursor\looklook\userdata\logs\app-2025-05-19.log
2025-05-19T06:35:58.734Z [ERROR] 设置控制台编码失败: process.stdout.setEncoding is not a function
2025-05-19T06:35:58.735Z [LOG] 应用准备就绪
2025-05-19T06:35:58.735Z [ENV] 运行模式: 开发环境
2025-05-19T06:35:58.735Z [ENV] 应用路径: D:\code\cursor\looklook
2025-05-19T06:35:58.735Z [ENV] 可执行文件路径: D:\code\cursor\looklook\node_modules\electron\dist\electron.exe
2025-05-19T06:35:58.736Z [ENV] 用户数据路径: D:\code\cursor\looklook\userdata
2025-05-19T06:35:58.736Z [FFMPEG_COPY] 开发环境中无需复制FFmpeg和FFprobe
2025-05-19T06:35:58.736Z [LOG] 用户数据目录: D:\code\cursor\looklook\userdata
2025-05-19T06:35:58.737Z [LOG] 缩略图目录: D:\code\cursor\looklook\userdata\thumbnails
2025-05-19T06:35:58.737Z [LOG] 设置文件已存在，无需创建默认设置
2025-05-19T06:35:58.740Z [LOG] 打包状态: 开发环境
2025-05-19T06:35:58.740Z [LOG] App Path: D:\code\cursor\looklook
2025-05-19T06:35:58.741Z [LOG] Exe Path: D:\code\cursor\looklook\node_modules\electron\dist\electron.exe
2025-05-19T06:35:58.741Z [LOG] 应用目录: D:\code\cursor\looklook\node_modules\electron\dist
2025-05-19T06:35:58.741Z [LOG] 资源目录: D:\code\cursor\looklook\node_modules\electron\dist\resources
2025-05-19T06:35:58.741Z [TEST] 开始测试FFmpeg和FFprobe可执行性
2025-05-19T06:35:58.742Z [TEST] 打包状态: 开发环境
2025-05-19T06:35:58.742Z [TEST] App路径: D:\code\cursor\looklook
2025-05-19T06:35:58.742Z [TEST] 可执行文件路径: D:\code\cursor\looklook\node_modules\electron\dist\electron.exe
2025-05-19T06:35:58.742Z [TEST] 应用目录: D:\code\cursor\looklook\node_modules\electron\dist
2025-05-19T06:35:58.742Z [TEST] 资源目录: D:\code\cursor\looklook\node_modules\electron\dist\resources
2025-05-19T06:35:58.743Z [LOG] 检查node_modules路径: D:\code\cursor\looklook\node_modules\electron\dist\resources\node_modules, 存在: false
2025-05-19T06:35:58.743Z [TEST] 检查node_modules路径: D:\code\cursor\looklook\node_modules\electron\dist\resources\node_modules, 存在: false
2025-05-19T06:35:58.743Z [LOG] 检查node_modules路径: D:\code\cursor\looklook\node_modules\electron\dist\node_modules, 存在: false
2025-05-19T06:35:58.743Z [TEST] 检查node_modules路径: D:\code\cursor\looklook\node_modules\electron\dist\node_modules, 存在: false
2025-05-19T06:35:58.744Z [LOG] 检查node_modules路径: D:\code\cursor\looklook\node_modules, 存在: true
2025-05-19T06:35:58.744Z [TEST] 检查node_modules路径: D:\code\cursor\looklook\node_modules, 存在: true
2025-05-19T06:35:58.744Z [TEST] D:\code\cursor\looklook\node_modules 中内容: .bin, .package-lock.json, 7zip-bin, @derhuerst, @develar, @electron, @isaacs, @malept, @pkgjs, @sindresorhus, @szmarczak, @tootallnate, @types, @xmldom, agent-base, ajv, ajv-formats, ajv-keywords, ansi-regex, ansi-styles, app-builder-bin, app-builder-lib, archiver, archiver-utils, argparse, async, async-exit-hook, asynckit, at-least-node, atomically, balanced-match, base64-js, binary-search-tree, bl, bluebird, bluebird-lst, boolean, brace-expansion, buffer, buffer-crc32, buffer-equal, buffer-from, builder-util, builder-util-runtime, cacheable-lookup, cacheable-request, call-bind-apply-helpers, caseless, chalk, chownr, chromium-pickle-js, ci-info, cliui, clone-response, color-convert, color-name, combined-stream, commander, compare-version, compress-commons, concat-map, concat-stream, conf, config-file-ts, core-util-is, crc-32, crc32-stream, cross-spawn, debounce-fn, debug, decompress-response, defer-to-connect, define-data-property, define-properties, delayed-stream, detect-node, dir-compare, dmg-builder, dot-prop, dotenv, dotenv-expand, dunder-proto, eastasianwidth, ejs, electron, electron-builder, electron-builder-squirrel-windows, electron-publish, electron-store, emoji-regex, end-of-stream, env-paths, err-code, es-define-property, es-errors, es-object-atoms, es-set-tostringtag, es6-error, escalade, escape-string-regexp, extract-zip, fast-deep-equal, fast-json-stable-stringify, fast-uri, fd-slicer, ffmpeg-static, ffprobe-static, filelist, fluent-ffmpeg, foreground-child, form-data, fs-constants, fs-extra, fs-minipass, fs.realpath, function-bind, get-caller-file, get-intrinsic, get-proto, get-stream, glob, global-agent, globalthis, gopd, got, graceful-fs, has-flag, has-property-descriptors, has-symbols, has-tostringtag, hasown, hosted-git-info, http-cache-semantics, http-proxy-agent, http-response-object, http2-wrapper, https-proxy-agent, iconv-lite, ieee754, immediate, inflight, inherits, is-ci, is-fullwidth-code-point, isarray, isbinaryfile, isexe, jackspeak, jake, js-yaml, json-buffer, json-schema-traverse, json-schema-typed, json-stringify-safe, json5, jsonfile, keyv, lazy-val, lazystream, lie, localforage, lodash, lodash.defaults, lodash.difference, lodash.flatten, lodash.isplainobject, lodash.union, lowercase-keys, lru-cache, matcher, math-intrinsics, mime, mime-db, mime-types, mimic-function, mimic-response, minimatch, minimist, minipass, minizlib, mkdirp, ms, nedb, normalize-path, normalize-url, object-keys, once, p-cancelable, package-json-from-dist, parse-cache-control, path-is-absolute, path-key, path-scurry, pend, plist, process-nextick-args, progress, promise-retry, pump, punycode, quick-lru, read-config-file, readable-stream, readdir-glob, require-directory, require-from-string, resolve-alpn, responselike, retry, rimraf, roarr, safe-buffer, safer-buffer, sanitize-filename, sax, semver, semver-compare, serialize-error, shebang-command, shebang-regex, signal-exit, simple-update-notifier, source-map, source-map-support, sprintf-js, stat-mode, string-width, string-width-cjs, string_decoder, strip-ansi, strip-ansi-cjs, stubborn-fs, sumchecker, supports-color, tar, tar-stream, temp-file, tmp, tmp-promise, truncate-utf8-bytes, type-fest, typedarray, typescript, uint8array-extras, underscore, undici-types, universalify, uri-js, utf8-byte-length, util-deprecate, when-exit, which, wrap-ansi, wrap-ansi-cjs, wrappy, xmlbuilder, y18n, yallist, yargs, yargs-parser, yauzl, zip-stream
2025-05-19T06:35:58.745Z [TEST] ffmpeg-static存在于 D:\code\cursor\looklook\node_modules\ffmpeg-static
2025-05-19T06:35:58.745Z [TEST] ffmpeg-static内容: example.js, ffmpeg.exe, index.js, install.js, LICENSE, package.json, README.md, types
2025-05-19T06:35:58.745Z [TEST] ffprobe-static存在于 D:\code\cursor\looklook\node_modules\ffprobe-static
2025-05-19T06:35:58.745Z [TEST] ffprobe-static内容: bin, index.js, LICENSE, package.json, README.md, tests
2025-05-19T06:35:58.745Z [TEST] ffprobe-static/bin内容: darwin, linux, win32
2025-05-19T06:35:58.745Z [TEST] ffprobe-static/bin/win32内容: ia32, x64
2025-05-19T06:35:58.745Z [TEST] ffprobe-static/bin/win32/x64内容: ffprobe.exe
2025-05-19T06:35:58.746Z [LOG] 测试FFmpeg可执行性...
2025-05-19T06:35:58.746Z [TEST] 开始测试FFmpeg可执行性
2025-05-19T06:35:58.746Z [LOG] FFmpeg文件存在: D:\code\cursor\looklook\node_modules\ffmpeg-static\ffmpeg.exe
2025-05-19T06:35:58.747Z [TEST] FFmpeg文件存在: D:\code\cursor\looklook\node_modules\ffmpeg-static\ffmpeg.exe
2025-05-19T06:35:58.747Z [LOG] FFmpeg有执行权限
2025-05-19T06:35:58.747Z [TEST] FFmpeg有执行权限
2025-05-19T06:35:58.778Z [LOG] 测试FFprobe可执行性...
2025-05-19T06:35:58.778Z [LOG] FFprobe文件存在: D:\code\cursor\looklook\node_modules\ffprobe-static\bin\win32\x64\ffprobe.exe
2025-05-19T06:35:58.778Z [LOG] FFprobe有执行权限
2025-05-19T06:35:58.838Z [LOG] 注册IPC事件处理程序...
2025-05-19T06:35:58.838Z [LOG] IPC事件处理程序注册完成
2025-05-19T06:35:58.844Z [LOG] FFprobe执行测试成功: ffprobe version 4.0.2 Copyright (c) 2007-2018 the FFmpeg developers
2025-05-19T06:35:58.844Z [LOG] FFmpeg执行测试成功: ffmpeg version 7.1.1-essentials_build-www.gyan.dev Copyright (c) 2000-2025 the FFmpeg developers
2025-05-19T06:35:58.844Z [TEST] FFmpeg执行测试成功: ffmpeg version 7.1.1-essentials_build-www.gyan.dev Copyright (c) 2000-2025 the FFmpeg developers
2025-05-19T06:35:58.845Z [LOG] FFprobe执行测试成功: ffprobe version 4.0.2 Copyright (c) 2007-2018 the FFmpeg developers
2025-05-19T06:35:58.845Z [LOG] FFmpeg执行测试成功: ffmpeg version 7.1.1-essentials_build-www.gyan.dev Copyright (c) 2000-2025 the FFmpeg developers
2025-05-19T06:35:58.845Z [TEST] FFmpeg执行测试成功: ffmpeg version 7.1.1-essentials_build-www.gyan.dev Copyright (c) 2000-2025 the FFmpeg developers
2025-05-19T06:35:58.871Z [LOG] 已加载 3 个视频记录
2025-05-19T06:35:58.871Z [LOG] 开始检查是否存在重复视频记录...
2025-05-19T06:35:58.871Z [LOG] 没有发现重复视频记录
2025-05-19T06:35:58.872Z [LOG] 已加载枚举值[collection]: 16个
2025-05-19T06:35:58.873Z [LOG] 已加载枚举值[actors]: 3个
2025-05-19T06:35:58.873Z [LOG] 数据库模块初始化完成
2025-05-19T06:35:58.991Z [LOG] 处理get-videos请求
2025-05-19T06:35:58.993Z [LOG] 处理get-enum-values请求: collection
2025-05-19T06:35:58.994Z [LOG] 处理get-enum-values请求: actors
2025-05-19T06:35:59.009Z [LOG] 处理自定义协议请求: app://thumbnail/1747625929418-RDpcVXNl.jpg
2025-05-19T06:35:59.010Z [LOG] 缩略图路径: D:\code\cursor\looklook\userdata\thumbnails\1747625929418-RDpcVXNl.jpg
2025-05-19T06:35:59.011Z [LOG] 处理get-enum-values请求: collection
2025-05-19T06:35:59.012Z [LOG] 处理自定义协议请求: app://thumbnail/1747625522459-RDpcVXNl.jpg
2025-05-19T06:35:59.012Z [LOG] 缩略图路径: D:\code\cursor\looklook\userdata\thumbnails\1747625522459-RDpcVXNl.jpg
2025-05-19T06:35:59.013Z [LOG] 处理get-enum-values请求: actors
2025-05-19T06:35:59.013Z [LOG] 处理自定义协议请求: app://thumbnail/1747626468736-RDpcVXNl.jpg
2025-05-19T06:35:59.014Z [LOG] 缩略图路径: D:\code\cursor\looklook\userdata\thumbnails\1747626468736-RDpcVXNl.jpg
2025-05-19T06:36:02.379Z [LOG] 处理import-folder请求
2025-05-19T06:36:04.108Z [LOG] 用户选择了文件夹: D:\Users\Videos\第二次选择
2025-05-19T06:36:04.109Z [LOG] 开始搜索文件夹 D:\Users\Videos\第二次选择 中的视频文件
2025-05-19T06:36:04.109Z [LOG] 搜索文件夹: D:\Users\Videos\第二次选择
2025-05-19T06:36:04.110Z [LOG] 在文件夹中找到 34 个视频文件
2025-05-19T06:36:04.110Z [LOG] 当前数据库中有 3 个视频记录
2025-05-19T06:36:04.111Z [LOG] 其中新增视频 31 个，重复视频 3 个
2025-05-19T06:36:04.111Z [LOG] 设置已加载
2025-05-19T06:36:04.111Z [LOG] 获取视频分辨率: D:\Users\Videos\第二次选择\153151IPZZ-005.AVI
2025-05-19T06:36:04.112Z [MAIN] 开始获取视频分辨率: D:\Users\Videos\第二次选择\153151IPZZ-005.AVI
2025-05-19T06:36:04.112Z [LOG] 直接获取视频分辨率
2025-05-19T06:36:04.112Z [RESOLUTION] 开始获取视频分辨率: D:\Users\Videos\第二次选择\153151IPZZ-005.AVI
2025-05-19T06:36:04.112Z [PATH] 尝试获取FFprobe路径
2025-05-19T06:36:04.113Z [LOG] 使用配置的FFprobe路径: D:\code\cursor\looklook\node_modules\ffprobe-static\bin\win32\x64\ffprobe.exe
2025-05-19T06:36:04.113Z [PATH] 使用配置的FFprobe路径: D:\code\cursor\looklook\node_modules\ffprobe-static\bin\win32\x64\ffprobe.exe
2025-05-19T06:36:04.113Z [RESOLUTION] 在开发环境中使用ffprobe路径: D:\code\cursor\looklook\node_modules\ffprobe-static\bin\win32\x64\ffprobe.exe
2025-05-19T06:36:04.113Z [RESOLUTION] 检查ffprobe可执行文件是否存在: true
2025-05-19T06:36:04.113Z [LOG] 执行命令: "D:\code\cursor\looklook\node_modules\ffprobe-static\bin\win32\x64\ffprobe.exe" -v error -select_streams v:0 -show_entries stream=width,height -of csv=s=x:p=0 "D:\Users\Videos\第二次选择\153151IPZZ-005.AVI"
2025-05-19T06:36:04.113Z [RESOLUTION] 开始执行命令获取分辨率: "D:\code\cursor\looklook\node_modules\ffprobe-static\bin\win32\x64\ffprobe.exe" -v error -select_streams v:0 -show_entries stream=width,height -of csv=s=x:p=0 "D:\Users\Videos\第二次选择\153151IPZZ-005.AVI"
2025-05-19T06:36:04.176Z [RESOLUTION] 命令输出: "320x240"
2025-05-19T06:36:04.176Z [LOG] 成功解析分辨率: 320×240
2025-05-19T06:36:04.176Z [RESOLUTION] 成功解析分辨率: 320×240
2025-05-19T06:36:04.177Z [LOG] 获取视频时长: D:\Users\Videos\第二次选择\153151IPZZ-005.AVI
2025-05-19T06:36:04.177Z [MAIN] 开始获取视频时长: D:\Users\Videos\第二次选择\153151IPZZ-005.AVI
2025-05-19T06:36:04.177Z [LOG] 直接获取视频时长
2025-05-19T06:36:04.177Z [DURATION] 开始获取视频时长: D:\Users\Videos\第二次选择\153151IPZZ-005.AVI
2025-05-19T06:36:04.177Z [PATH] 尝试获取FFprobe路径
2025-05-19T06:36:04.178Z [LOG] 使用配置的FFprobe路径: D:\code\cursor\looklook\node_modules\ffprobe-static\bin\win32\x64\ffprobe.exe
2025-05-19T06:36:04.178Z [PATH] 使用配置的FFprobe路径: D:\code\cursor\looklook\node_modules\ffprobe-static\bin\win32\x64\ffprobe.exe
2025-05-19T06:36:04.178Z [DURATION] 在开发环境中使用ffprobe路径: D:\code\cursor\looklook\node_modules\ffprobe-static\bin\win32\x64\ffprobe.exe
2025-05-19T06:36:04.178Z [DURATION] 检查ffprobe可执行文件是否存在: true
2025-05-19T06:36:04.178Z [LOG] 执行命令: "D:\code\cursor\looklook\node_modules\ffprobe-static\bin\win32\x64\ffprobe.exe" -v error -show_entries format=duration -of default=noprint_wrappers=1:nokey=1 "D:\Users\Videos\第二次选择\153151IPZZ-005.AVI"
2025-05-19T06:36:04.178Z [DURATION] 开始执行命令获取时长: "D:\code\cursor\looklook\node_modules\ffprobe-static\bin\win32\x64\ffprobe.exe" -v error -show_entries format=duration -of default=noprint_wrappers=1:nokey=1 "D:\Users\Videos\第二次选择\153151IPZZ-005.AVI"
2025-05-19T06:36:04.241Z [DURATION] 命令输出: "125.952000"
2025-05-19T06:36:04.241Z [LOG] 成功解析时长: 00:02:05
2025-05-19T06:36:04.241Z [DURATION] 成功解析时长: 00:02:05
2025-05-19T06:36:04.242Z [LOG] 开始生成缩略图，视频路径: D:\Users\Videos\第二次选择\153151IPZZ-005.AVI
2025-05-19T06:36:04.242Z [LOG] 缩略图输出路径: D:\code\cursor\looklook\userdata\thumbnails\1747636564765-RDpcVXNl.jpg
2025-05-19T06:36:04.242Z [LOG] 生成随机时间点: 00:00:45
2025-05-19T06:36:04.243Z [LOG] 使用直接命令行ffmpeg生成缩略图
2025-05-19T06:36:04.243Z [PATH] 尝试获取FFmpeg路径
2025-05-19T06:36:04.243Z [LOG] 使用配置的FFmpeg路径: D:\code\cursor\looklook\node_modules\ffmpeg-static\ffmpeg.exe
2025-05-19T06:36:04.243Z [PATH] 使用配置的FFmpeg路径: D:\code\cursor\looklook\node_modules\ffmpeg-static\ffmpeg.exe
2025-05-19T06:36:04.243Z [LOG] 将使用时间点 00:00:45 生成缩略图
2025-05-19T06:36:04.244Z [LOG] 执行命令: D:\code\cursor\looklook\node_modules\ffmpeg-static\ffmpeg.exe -ss 00:00:45 -i D:\Users\Videos\第二次选择\153151IPZZ-005.AVI -vframes 1 -s 320x180 -y D:\code\cursor\looklook\userdata\thumbnails\1747636564765-RDpcVXNl.jpg
2025-05-19T06:36:04.317Z [LOG] 直接ffmpeg成功生成缩略图: D:\code\cursor\looklook\userdata\thumbnails\1747636564765-RDpcVXNl.jpg
2025-05-19T06:36:04.318Z [LOG] 通过直接ffmpeg命令生成缩略图成功
2025-05-19T06:36:04.318Z [LOG] 设置已加载
2025-05-19T06:36:04.319Z [LOG] 获取视频分辨率: D:\Users\Videos\第二次选择\8888F897_1745215698544.mp4
2025-05-19T06:36:04.319Z [MAIN] 开始获取视频分辨率: D:\Users\Videos\第二次选择\8888F897_1745215698544.mp4
2025-05-19T06:36:04.319Z [LOG] 直接获取视频分辨率
2025-05-19T06:36:04.319Z [RESOLUTION] 开始获取视频分辨率: D:\Users\Videos\第二次选择\8888F897_1745215698544.mp4
2025-05-19T06:36:04.319Z [PATH] 尝试获取FFprobe路径
2025-05-19T06:36:04.319Z [LOG] 使用配置的FFprobe路径: D:\code\cursor\looklook\node_modules\ffprobe-static\bin\win32\x64\ffprobe.exe
2025-05-19T06:36:04.319Z [PATH] 使用配置的FFprobe路径: D:\code\cursor\looklook\node_modules\ffprobe-static\bin\win32\x64\ffprobe.exe
2025-05-19T06:36:04.320Z [RESOLUTION] 在开发环境中使用ffprobe路径: D:\code\cursor\looklook\node_modules\ffprobe-static\bin\win32\x64\ffprobe.exe
2025-05-19T06:36:04.320Z [RESOLUTION] 检查ffprobe可执行文件是否存在: true
2025-05-19T06:36:04.320Z [LOG] 执行命令: "D:\code\cursor\looklook\node_modules\ffprobe-static\bin\win32\x64\ffprobe.exe" -v error -select_streams v:0 -show_entries stream=width,height -of csv=s=x:p=0 "D:\Users\Videos\第二次选择\8888F897_1745215698544.mp4"
2025-05-19T06:36:04.320Z [RESOLUTION] 开始执行命令获取分辨率: "D:\code\cursor\looklook\node_modules\ffprobe-static\bin\win32\x64\ffprobe.exe" -v error -select_streams v:0 -show_entries stream=width,height -of csv=s=x:p=0 "D:\Users\Videos\第二次选择\8888F897_1745215698544.mp4"
2025-05-19T06:36:04.387Z [RESOLUTION] 命令输出: "1280x720"
2025-05-19T06:36:04.387Z [LOG] 成功解析分辨率: 1280×720
2025-05-19T06:36:04.388Z [RESOLUTION] 成功解析分辨率: 1280×720
2025-05-19T06:36:04.388Z [LOG] 获取视频时长: D:\Users\Videos\第二次选择\8888F897_1745215698544.mp4
2025-05-19T06:36:04.388Z [MAIN] 开始获取视频时长: D:\Users\Videos\第二次选择\8888F897_1745215698544.mp4
2025-05-19T06:36:04.388Z [LOG] 直接获取视频时长
2025-05-19T06:36:04.389Z [DURATION] 开始获取视频时长: D:\Users\Videos\第二次选择\8888F897_1745215698544.mp4
2025-05-19T06:36:04.389Z [PATH] 尝试获取FFprobe路径
2025-05-19T06:36:04.389Z [LOG] 使用配置的FFprobe路径: D:\code\cursor\looklook\node_modules\ffprobe-static\bin\win32\x64\ffprobe.exe
2025-05-19T06:36:04.389Z [PATH] 使用配置的FFprobe路径: D:\code\cursor\looklook\node_modules\ffprobe-static\bin\win32\x64\ffprobe.exe
2025-05-19T06:36:04.389Z [DURATION] 在开发环境中使用ffprobe路径: D:\code\cursor\looklook\node_modules\ffprobe-static\bin\win32\x64\ffprobe.exe
2025-05-19T06:36:04.389Z [DURATION] 检查ffprobe可执行文件是否存在: true
2025-05-19T06:36:04.389Z [LOG] 执行命令: "D:\code\cursor\looklook\node_modules\ffprobe-static\bin\win32\x64\ffprobe.exe" -v error -show_entries format=duration -of default=noprint_wrappers=1:nokey=1 "D:\Users\Videos\第二次选择\8888F897_1745215698544.mp4"
2025-05-19T06:36:04.389Z [DURATION] 开始执行命令获取时长: "D:\code\cursor\looklook\node_modules\ffprobe-static\bin\win32\x64\ffprobe.exe" -v error -show_entries format=duration -of default=noprint_wrappers=1:nokey=1 "D:\Users\Videos\第二次选择\8888F897_1745215698544.mp4"
2025-05-19T06:36:04.457Z [DURATION] 命令输出: "33.493333"
2025-05-19T06:36:04.457Z [LOG] 成功解析时长: 00:00:33
2025-05-19T06:36:04.457Z [DURATION] 成功解析时长: 00:00:33
2025-05-19T06:36:04.457Z [LOG] 开始生成缩略图，视频路径: D:\Users\Videos\第二次选择\8888F897_1745215698544.mp4
2025-05-19T06:36:04.458Z [LOG] 缩略图输出路径: D:\code\cursor\looklook\userdata\thumbnails\1747636564773-RDpcVXNl.jpg
2025-05-19T06:36:04.458Z [LOG] 生成随机时间点: 00:00:33
2025-05-19T06:36:04.458Z [LOG] 使用直接命令行ffmpeg生成缩略图
2025-05-19T06:36:04.458Z [PATH] 尝试获取FFmpeg路径
2025-05-19T06:36:04.459Z [LOG] 使用配置的FFmpeg路径: D:\code\cursor\looklook\node_modules\ffmpeg-static\ffmpeg.exe
2025-05-19T06:36:04.459Z [PATH] 使用配置的FFmpeg路径: D:\code\cursor\looklook\node_modules\ffmpeg-static\ffmpeg.exe
2025-05-19T06:36:04.459Z [LOG] 将使用时间点 00:00:33 生成缩略图
2025-05-19T06:36:04.459Z [LOG] 执行命令: D:\code\cursor\looklook\node_modules\ffmpeg-static\ffmpeg.exe -ss 00:00:33 -i D:\Users\Videos\第二次选择\8888F897_1745215698544.mp4 -vframes 1 -s 320x180 -y D:\code\cursor\looklook\userdata\thumbnails\1747636564773-RDpcVXNl.jpg
2025-05-19T06:36:04.545Z [LOG] 直接ffmpeg成功生成缩略图: D:\code\cursor\looklook\userdata\thumbnails\1747636564773-RDpcVXNl.jpg
2025-05-19T06:36:04.545Z [LOG] 通过直接ffmpeg命令生成缩略图成功
2025-05-19T06:36:04.546Z [LOG] 设置已加载
2025-05-19T06:36:04.546Z [LOG] 获取视频分辨率: D:\Users\Videos\第二次选择\IPX-001asdfasd.mp4
2025-05-19T06:36:04.546Z [MAIN] 开始获取视频分辨率: D:\Users\Videos\第二次选择\IPX-001asdfasd.mp4
2025-05-19T06:36:04.547Z [LOG] 直接获取视频分辨率
2025-05-19T06:36:04.547Z [RESOLUTION] 开始获取视频分辨率: D:\Users\Videos\第二次选择\IPX-001asdfasd.mp4
2025-05-19T06:36:04.547Z [PATH] 尝试获取FFprobe路径
2025-05-19T06:36:04.547Z [LOG] 使用配置的FFprobe路径: D:\code\cursor\looklook\node_modules\ffprobe-static\bin\win32\x64\ffprobe.exe
2025-05-19T06:36:04.547Z [PATH] 使用配置的FFprobe路径: D:\code\cursor\looklook\node_modules\ffprobe-static\bin\win32\x64\ffprobe.exe
2025-05-19T06:36:04.547Z [RESOLUTION] 在开发环境中使用ffprobe路径: D:\code\cursor\looklook\node_modules\ffprobe-static\bin\win32\x64\ffprobe.exe
2025-05-19T06:36:04.547Z [RESOLUTION] 检查ffprobe可执行文件是否存在: true
2025-05-19T06:36:04.548Z [LOG] 执行命令: "D:\code\cursor\looklook\node_modules\ffprobe-static\bin\win32\x64\ffprobe.exe" -v error -select_streams v:0 -show_entries stream=width,height -of csv=s=x:p=0 "D:\Users\Videos\第二次选择\IPX-001asdfasd.mp4"
2025-05-19T06:36:04.548Z [RESOLUTION] 开始执行命令获取分辨率: "D:\code\cursor\looklook\node_modules\ffprobe-static\bin\win32\x64\ffprobe.exe" -v error -select_streams v:0 -show_entries stream=width,height -of csv=s=x:p=0 "D:\Users\Videos\第二次选择\IPX-001asdfasd.mp4"
2025-05-19T06:36:04.609Z [RESOLUTION] 命令输出: "320x240"
2025-05-19T06:36:04.610Z [LOG] 成功解析分辨率: 320×240
2025-05-19T06:36:04.610Z [RESOLUTION] 成功解析分辨率: 320×240
2025-05-19T06:36:04.610Z [LOG] 获取视频时长: D:\Users\Videos\第二次选择\IPX-001asdfasd.mp4
2025-05-19T06:36:04.611Z [MAIN] 开始获取视频时长: D:\Users\Videos\第二次选择\IPX-001asdfasd.mp4
2025-05-19T06:36:04.611Z [LOG] 直接获取视频时长
2025-05-19T06:36:04.611Z [DURATION] 开始获取视频时长: D:\Users\Videos\第二次选择\IPX-001asdfasd.mp4
2025-05-19T06:36:04.611Z [PATH] 尝试获取FFprobe路径
2025-05-19T06:36:04.612Z [LOG] 使用配置的FFprobe路径: D:\code\cursor\looklook\node_modules\ffprobe-static\bin\win32\x64\ffprobe.exe
2025-05-19T06:36:04.612Z [PATH] 使用配置的FFprobe路径: D:\code\cursor\looklook\node_modules\ffprobe-static\bin\win32\x64\ffprobe.exe
2025-05-19T06:36:04.612Z [DURATION] 在开发环境中使用ffprobe路径: D:\code\cursor\looklook\node_modules\ffprobe-static\bin\win32\x64\ffprobe.exe
2025-05-19T06:36:04.612Z [DURATION] 检查ffprobe可执行文件是否存在: true
2025-05-19T06:36:04.612Z [LOG] 执行命令: "D:\code\cursor\looklook\node_modules\ffprobe-static\bin\win32\x64\ffprobe.exe" -v error -show_entries format=duration -of default=noprint_wrappers=1:nokey=1 "D:\Users\Videos\第二次选择\IPX-001asdfasd.mp4"
2025-05-19T06:36:04.612Z [DURATION] 开始执行命令获取时长: "D:\code\cursor\looklook\node_modules\ffprobe-static\bin\win32\x64\ffprobe.exe" -v error -show_entries format=duration -of default=noprint_wrappers=1:nokey=1 "D:\Users\Videos\第二次选择\IPX-001asdfasd.mp4"
2025-05-19T06:36:04.673Z [DURATION] 命令输出: "64.896000"
2025-05-19T06:36:04.674Z [LOG] 成功解析时长: 00:01:04
2025-05-19T06:36:04.674Z [DURATION] 成功解析时长: 00:01:04
2025-05-19T06:36:04.674Z [LOG] 开始生成缩略图，视频路径: D:\Users\Videos\第二次选择\IPX-001asdfasd.mp4
2025-05-19T06:36:04.675Z [LOG] 缩略图输出路径: D:\code\cursor\looklook\userdata\thumbnails\1747636565192-RDpcVXNl.jpg
2025-05-19T06:36:04.675Z [LOG] 生成随机时间点: 00:00:49
2025-05-19T06:36:04.676Z [LOG] 使用直接命令行ffmpeg生成缩略图
2025-05-19T06:36:04.676Z [PATH] 尝试获取FFmpeg路径
2025-05-19T06:36:04.676Z [LOG] 使用配置的FFmpeg路径: D:\code\cursor\looklook\node_modules\ffmpeg-static\ffmpeg.exe
2025-05-19T06:36:04.676Z [PATH] 使用配置的FFmpeg路径: D:\code\cursor\looklook\node_modules\ffmpeg-static\ffmpeg.exe
2025-05-19T06:36:04.677Z [LOG] 将使用时间点 00:00:49 生成缩略图
2025-05-19T06:36:04.677Z [LOG] 执行命令: D:\code\cursor\looklook\node_modules\ffmpeg-static\ffmpeg.exe -ss 00:00:49 -i D:\Users\Videos\第二次选择\IPX-001asdfasd.mp4 -vframes 1 -s 320x180 -y D:\code\cursor\looklook\userdata\thumbnails\1747636565192-RDpcVXNl.jpg
2025-05-19T06:36:04.764Z [LOG] 直接ffmpeg成功生成缩略图: D:\code\cursor\looklook\userdata\thumbnails\1747636565192-RDpcVXNl.jpg
2025-05-19T06:36:04.764Z [LOG] 通过直接ffmpeg命令生成缩略图成功
2025-05-19T06:36:04.764Z [LOG] 设置已加载
2025-05-19T06:36:04.765Z [LOG] 获取视频分辨率: D:\Users\Videos\第二次选择\LUXU-1234 好好好.avi
2025-05-19T06:36:04.765Z [MAIN] 开始获取视频分辨率: D:\Users\Videos\第二次选择\LUXU-1234 好好好.avi
2025-05-19T06:36:04.765Z [LOG] 直接获取视频分辨率
2025-05-19T06:36:04.765Z [RESOLUTION] 开始获取视频分辨率: D:\Users\Videos\第二次选择\LUXU-1234 好好好.avi
2025-05-19T06:36:04.765Z [PATH] 尝试获取FFprobe路径
2025-05-19T06:36:04.765Z [LOG] 使用配置的FFprobe路径: D:\code\cursor\looklook\node_modules\ffprobe-static\bin\win32\x64\ffprobe.exe
2025-05-19T06:36:04.766Z [PATH] 使用配置的FFprobe路径: D:\code\cursor\looklook\node_modules\ffprobe-static\bin\win32\x64\ffprobe.exe
2025-05-19T06:36:04.766Z [RESOLUTION] 在开发环境中使用ffprobe路径: D:\code\cursor\looklook\node_modules\ffprobe-static\bin\win32\x64\ffprobe.exe
2025-05-19T06:36:04.766Z [RESOLUTION] 检查ffprobe可执行文件是否存在: true
2025-05-19T06:36:04.766Z [LOG] 执行命令: "D:\code\cursor\looklook\node_modules\ffprobe-static\bin\win32\x64\ffprobe.exe" -v error -select_streams v:0 -show_entries stream=width,height -of csv=s=x:p=0 "D:\Users\Videos\第二次选择\LUXU-1234 好好好.avi"
2025-05-19T06:36:04.766Z [RESOLUTION] 开始执行命令获取分辨率: "D:\code\cursor\looklook\node_modules\ffprobe-static\bin\win32\x64\ffprobe.exe" -v error -select_streams v:0 -show_entries stream=width,height -of csv=s=x:p=0 "D:\Users\Videos\第二次选择\LUXU-1234 好好好.avi"
2025-05-19T06:36:04.826Z [RESOLUTION] 命令输出: "640x368"
2025-05-19T06:36:04.826Z [LOG] 成功解析分辨率: 640×368
2025-05-19T06:36:04.826Z [RESOLUTION] 成功解析分辨率: 640×368
2025-05-19T06:36:04.827Z [LOG] 获取视频时长: D:\Users\Videos\第二次选择\LUXU-1234 好好好.avi
2025-05-19T06:36:04.827Z [MAIN] 开始获取视频时长: D:\Users\Videos\第二次选择\LUXU-1234 好好好.avi
2025-05-19T06:36:04.827Z [LOG] 直接获取视频时长
2025-05-19T06:36:04.827Z [DURATION] 开始获取视频时长: D:\Users\Videos\第二次选择\LUXU-1234 好好好.avi
2025-05-19T06:36:04.827Z [PATH] 尝试获取FFprobe路径
2025-05-19T06:36:04.828Z [LOG] 使用配置的FFprobe路径: D:\code\cursor\looklook\node_modules\ffprobe-static\bin\win32\x64\ffprobe.exe
2025-05-19T06:36:04.828Z [PATH] 使用配置的FFprobe路径: D:\code\cursor\looklook\node_modules\ffprobe-static\bin\win32\x64\ffprobe.exe
2025-05-19T06:36:04.828Z [DURATION] 在开发环境中使用ffprobe路径: D:\code\cursor\looklook\node_modules\ffprobe-static\bin\win32\x64\ffprobe.exe
2025-05-19T06:36:04.828Z [DURATION] 检查ffprobe可执行文件是否存在: true
2025-05-19T06:36:04.828Z [LOG] 执行命令: "D:\code\cursor\looklook\node_modules\ffprobe-static\bin\win32\x64\ffprobe.exe" -v error -show_entries format=duration -of default=noprint_wrappers=1:nokey=1 "D:\Users\Videos\第二次选择\LUXU-1234 好好好.avi"
2025-05-19T06:36:04.828Z [DURATION] 开始执行命令获取时长: "D:\code\cursor\looklook\node_modules\ffprobe-static\bin\win32\x64\ffprobe.exe" -v error -show_entries format=duration -of default=noprint_wrappers=1:nokey=1 "D:\Users\Videos\第二次选择\LUXU-1234 好好好.avi"
2025-05-19T06:36:04.887Z [DURATION] 命令输出: "6.400000"
2025-05-19T06:36:04.887Z [LOG] 成功解析时长: 00:00:06
2025-05-19T06:36:04.887Z [DURATION] 成功解析时长: 00:00:06
2025-05-19T06:36:04.888Z [LOG] 开始生成缩略图，视频路径: D:\Users\Videos\第二次选择\LUXU-1234 好好好.avi
2025-05-19T06:36:04.888Z [LOG] 缩略图输出路径: D:\code\cursor\looklook\userdata\thumbnails\1747636565441-RDpcVXNl.jpg
2025-05-19T06:36:04.888Z [LOG] 生成随机时间点: 00:00:41
2025-05-19T06:36:04.888Z [LOG] 使用直接命令行ffmpeg生成缩略图
2025-05-19T06:36:04.888Z [PATH] 尝试获取FFmpeg路径
2025-05-19T06:36:04.889Z [LOG] 使用配置的FFmpeg路径: D:\code\cursor\looklook\node_modules\ffmpeg-static\ffmpeg.exe
2025-05-19T06:36:04.889Z [PATH] 使用配置的FFmpeg路径: D:\code\cursor\looklook\node_modules\ffmpeg-static\ffmpeg.exe
2025-05-19T06:36:04.889Z [LOG] 将使用时间点 00:00:41 生成缩略图
2025-05-19T06:36:04.889Z [LOG] 执行命令: D:\code\cursor\looklook\node_modules\ffmpeg-static\ffmpeg.exe -ss 00:00:41 -i D:\Users\Videos\第二次选择\LUXU-1234 好好好.avi -vframes 1 -s 320x180 -y D:\code\cursor\looklook\userdata\thumbnails\1747636565441-RDpcVXNl.jpg
2025-05-19T06:36:05.477Z [ERROR] 直接ffmpeg生成缩略图失败: Command failed: D:\code\cursor\looklook\node_modules\ffmpeg-static\ffmpeg.exe -ss 00:00:41 -i D:\Users\Videos\第二次选择\LUXU-1234 好好好.avi -vframes 1 -s 320x180 -y D:\code\cursor\looklook\userdata\thumbnails\1747636565441-RDpcVXNl.jpg
ffmpeg version 7.1.1-essentials_build-www.gyan.dev Copyright (c) 2000-2025 the FFmpeg developers
  built with gcc 14.2.0 (Rev1, Built by MSYS2 project)
  configuration: --enable-gpl --enable-version3 --enable-static --disable-w32threads --disable-autodetect --enable-fontconfig --enable-iconv --enable-gnutls --enable-libxml2 --enable-gmp --enable-bzlib --enable-lzma --enable-zlib --enable-libsrt --enable-libssh --enable-libzmq --enable-avisynth --enable-sdl2 --enable-libwebp --enable-libx264 --enable-libx265 --enable-libxvid --enable-libaom --enable-libopenjpeg --enable-libvpx --enable-mediafoundation --enable-libass --enable-libfreetype --enable-libfribidi --enable-libharfbuzz --enable-libvidstab --enable-libvmaf --enable-libzimg --enable-amf --enable-cuda-llvm --enable-cuvid --enable-dxva2 --enable-d3d11va --enable-d3d12va --enable-ffnvcodec --enable-libvpl --enable-nvdec --enable-nvenc --enable-vaapi --enable-libgme --enable-libopenmpt --enable-libopencore-amrwb --enable-libmp3lame --enable-libtheora --enable-libvo-amrwbenc --enable-libgsm --enable-libopencore-amrnb --enable-libopus --enable-libspeex --enable-libvorbis --enable-librubberband
  libavutil      59. 39.100 / 59. 39.100
  libavcodec     61. 19.101 / 61. 19.101
  libavformat    61.  7.100 / 61.  7.100
  libavdevice    61.  3.100 / 61.  3.100
  libavfilter    10.  4.100 / 10.  4.100
  libswscale      8.  3.100 /  8.  3.100
  libswresample   5.  3.100 /  5.  3.100
  libpostproc    58.  3.100 / 58.  3.100
Input #0, mov,mp4,m4a,3gp,3g2,mj2, from 'D:\Users\Videos\第二次选择\LUXU-1234 好好好.avi':
  Metadata:
    major_brand     : isom
    minor_version   : 512
    compatible_brands: isomiso2mp41
    creation_time   : 1970-01-01T00:00:00.000000Z
    encoder         : Lavf53.24.2
  Duration: 00:00:06.40, start: 0.000000, bitrate: 1321 kb/s
  Stream #0:0[0x1](und): Video: mpeg4 (Simple Profile) (mp4v / 0x7634706D), yuv420p, 640x368 [SAR 1:1 DAR 40:23], 932 kb/s, 25 fps, 25 tbr, 12800 tbn (default)
      Metadata:
        creation_time   : 1970-01-01T00:00:00.000000Z
        handler_name    : VideoHandler
        vendor_id       : [0][0][0][0]
  Stream #0:1[0x2](und): Audio: aac (LC) (mp4a / 0x6134706D), 48000 Hz, 5.1, fltp, 383 kb/s (default)
      Metadata:
        creation_time   : 1970-01-01T00:00:00.000000Z
        handler_name    : SoundHandler
        vendor_id       : [0][0][0][0]
Stream mapping:
  Stream #0:0 -> #0:0 (mpeg4 (native) -> mjpeg (native))
Press [q] to stop, [?] for help
[vf#0:0 @ 00000000027a00c0] No filtered frames for output stream, trying to initialize anyway.
[mjpeg @ 00000000026277c0] Non full-range YUV is non-standard, set strict_std_compliance to at most unofficial to use it.
[vost#0:0/mjpeg @ 000000000298ad40] Error while opening encoder - maybe incorrect parameters such as bit_rate, rate, width or height.
[vf#0:0 @ 0000000002627e00] Task finished with error code: -22 (Invalid argument)
[vf#0:0 @ 0000000002627e00] Terminating thread with return code -22 (Invalid argument)
[vost#0:0/mjpeg @ 000000000298ad40] Could not open encoder before EOF
[vost#0:0/mjpeg @ 000000000298ad40] Task finished with error code: -22 (Invalid argument)
[vost#0:0/mjpeg @ 000000000298ad40] Terminating thread with return code -22 (Invalid argument)
[out#0/image2 @ 0000000002628640] Nothing was written into output file, because at least one of its streams received no packets.
frame=    0 fps=0.0 q=0.0 Lsize=       0KiB time=N/A bitrate=N/A speed=N/A    
Conversion failed!

2025-05-19T06:36:05.481Z [ERROR] STDERR: ffmpeg version 7.1.1-essentials_build-www.gyan.dev Copyright (c) 2000-2025 the FFmpeg developers
  built with gcc 14.2.0 (Rev1, Built by MSYS2 project)
  configuration: --enable-gpl --enable-version3 --enable-static --disable-w32threads --disable-autodetect --enable-fontconfig --enable-iconv --enable-gnutls --enable-libxml2 --enable-gmp --enable-bzlib --enable-lzma --enable-zlib --enable-libsrt --enable-libssh --enable-libzmq --enable-avisynth --enable-sdl2 --enable-libwebp --enable-libx264 --enable-libx265 --enable-libxvid --enable-libaom --enable-libopenjpeg --enable-libvpx --enable-mediafoundation --enable-libass --enable-libfreetype --enable-libfribidi --enable-libharfbuzz --enable-libvidstab --enable-libvmaf --enable-libzimg --enable-amf --enable-cuda-llvm --enable-cuvid --enable-dxva2 --enable-d3d11va --enable-d3d12va --enable-ffnvcodec --enable-libvpl --enable-nvdec --enable-nvenc --enable-vaapi --enable-libgme --enable-libopenmpt --enable-libopencore-amrwb --enable-libmp3lame --enable-libtheora --enable-libvo-amrwbenc --enable-libgsm --enable-libopencore-amrnb --enable-libopus --enable-libspeex --enable-libvorbis --enable-librubberband
  libavutil      59. 39.100 / 59. 39.100
  libavcodec     61. 19.101 / 61. 19.101
  libavformat    61.  7.100 / 61.  7.100
  libavdevice    61.  3.100 / 61.  3.100
  libavfilter    10.  4.100 / 10.  4.100
  libswscale      8.  3.100 /  8.  3.100
  libswresample   5.  3.100 /  5.  3.100
  libpostproc    58.  3.100 / 58.  3.100
Input #0, mov,mp4,m4a,3gp,3g2,mj2, from 'D:\Users\Videos\第二次选择\LUXU-1234 好好好.avi':
  Metadata:
    major_brand     : isom
    minor_version   : 512
    compatible_brands: isomiso2mp41
    creation_time   : 1970-01-01T00:00:00.000000Z
    encoder         : Lavf53.24.2
  Duration: 00:00:06.40, start: 0.000000, bitrate: 1321 kb/s
  Stream #0:0[0x1](und): Video: mpeg4 (Simple Profile) (mp4v / 0x7634706D), yuv420p, 640x368 [SAR 1:1 DAR 40:23], 932 kb/s, 25 fps, 25 tbr, 12800 tbn (default)
      Metadata:
        creation_time   : 1970-01-01T00:00:00.000000Z
        handler_name    : VideoHandler
        vendor_id       : [0][0][0][0]
  Stream #0:1[0x2](und): Audio: aac (LC) (mp4a / 0x6134706D), 48000 Hz, 5.1, fltp, 383 kb/s (default)
      Metadata:
        creation_time   : 1970-01-01T00:00:00.000000Z
        handler_name    : SoundHandler
        vendor_id       : [0][0][0][0]
Stream mapping:
  Stream #0:0 -> #0:0 (mpeg4 (native) -> mjpeg (native))
Press [q] to stop, [?] for help
[vf#0:0 @ 00000000027a00c0] No filtered frames for output stream, trying to initialize anyway.
[mjpeg @ 00000000026277c0] Non full-range YUV is non-standard, set strict_std_compliance to at most unofficial to use it.
[vost#0:0/mjpeg @ 000000000298ad40] Error while opening encoder - maybe incorrect parameters such as bit_rate, rate, width or height.
[vf#0:0 @ 0000000002627e00] Task finished with error code: -22 (Invalid argument)
[vf#0:0 @ 0000000002627e00] Terminating thread with return code -22 (Invalid argument)
[vost#0:0/mjpeg @ 000000000298ad40] Could not open encoder before EOF
[vost#0:0/mjpeg @ 000000000298ad40] Task finished with error code: -22 (Invalid argument)
[vost#0:0/mjpeg @ 000000000298ad40] Terminating thread with return code -22 (Invalid argument)
[out#0/image2 @ 0000000002628640] Nothing was written into output file, because at least one of its streams received no packets.
frame=    0 fps=0.0 q=0.0 Lsize=       0KiB time=N/A bitrate=N/A speed=N/A    
Conversion failed!

2025-05-19T06:36:05.485Z [ERROR] 直接ffmpeg命令生成缩略图失败: Command failed: D:\code\cursor\looklook\node_modules\ffmpeg-static\ffmpeg.exe -ss 00:00:41 -i D:\Users\Videos\第二次选择\LUXU-1234 好好好.avi -vframes 1 -s 320x180 -y D:\code\cursor\looklook\userdata\thumbnails\1747636565441-RDpcVXNl.jpg
ffmpeg version 7.1.1-essentials_build-www.gyan.dev Copyright (c) 2000-2025 the FFmpeg developers
  built with gcc 14.2.0 (Rev1, Built by MSYS2 project)
  configuration: --enable-gpl --enable-version3 --enable-static --disable-w32threads --disable-autodetect --enable-fontconfig --enable-iconv --enable-gnutls --enable-libxml2 --enable-gmp --enable-bzlib --enable-lzma --enable-zlib --enable-libsrt --enable-libssh --enable-libzmq --enable-avisynth --enable-sdl2 --enable-libwebp --enable-libx264 --enable-libx265 --enable-libxvid --enable-libaom --enable-libopenjpeg --enable-libvpx --enable-mediafoundation --enable-libass --enable-libfreetype --enable-libfribidi --enable-libharfbuzz --enable-libvidstab --enable-libvmaf --enable-libzimg --enable-amf --enable-cuda-llvm --enable-cuvid --enable-dxva2 --enable-d3d11va --enable-d3d12va --enable-ffnvcodec --enable-libvpl --enable-nvdec --enable-nvenc --enable-vaapi --enable-libgme --enable-libopenmpt --enable-libopencore-amrwb --enable-libmp3lame --enable-libtheora --enable-libvo-amrwbenc --enable-libgsm --enable-libopencore-amrnb --enable-libopus --enable-libspeex --enable-libvorbis --enable-librubberband
  libavutil      59. 39.100 / 59. 39.100
  libavcodec     61. 19.101 / 61. 19.101
  libavformat    61.  7.100 / 61.  7.100
  libavdevice    61.  3.100 / 61.  3.100
  libavfilter    10.  4.100 / 10.  4.100
  libswscale      8.  3.100 /  8.  3.100
  libswresample   5.  3.100 /  5.  3.100
  libpostproc    58.  3.100 / 58.  3.100
Input #0, mov,mp4,m4a,3gp,3g2,mj2, from 'D:\Users\Videos\第二次选择\LUXU-1234 好好好.avi':
  Metadata:
    major_brand     : isom
    minor_version   : 512
    compatible_brands: isomiso2mp41
    creation_time   : 1970-01-01T00:00:00.000000Z
    encoder         : Lavf53.24.2
  Duration: 00:00:06.40, start: 0.000000, bitrate: 1321 kb/s
  Stream #0:0[0x1](und): Video: mpeg4 (Simple Profile) (mp4v / 0x7634706D), yuv420p, 640x368 [SAR 1:1 DAR 40:23], 932 kb/s, 25 fps, 25 tbr, 12800 tbn (default)
      Metadata:
        creation_time   : 1970-01-01T00:00:00.000000Z
        handler_name    : VideoHandler
        vendor_id       : [0][0][0][0]
  Stream #0:1[0x2](und): Audio: aac (LC) (mp4a / 0x6134706D), 48000 Hz, 5.1, fltp, 383 kb/s (default)
      Metadata:
        creation_time   : 1970-01-01T00:00:00.000000Z
        handler_name    : SoundHandler
        vendor_id       : [0][0][0][0]
Stream mapping:
  Stream #0:0 -> #0:0 (mpeg4 (native) -> mjpeg (native))
Press [q] to stop, [?] for help
[vf#0:0 @ 00000000027a00c0] No filtered frames for output stream, trying to initialize anyway.
[mjpeg @ 00000000026277c0] Non full-range YUV is non-standard, set strict_std_compliance to at most unofficial to use it.
[vost#0:0/mjpeg @ 000000000298ad40] Error while opening encoder - maybe incorrect parameters such as bit_rate, rate, width or height.
[vf#0:0 @ 0000000002627e00] Task finished with error code: -22 (Invalid argument)
[vf#0:0 @ 0000000002627e00] Terminating thread with return code -22 (Invalid argument)
[vost#0:0/mjpeg @ 000000000298ad40] Could not open encoder before EOF
[vost#0:0/mjpeg @ 000000000298ad40] Task finished with error code: -22 (Invalid argument)
[vost#0:0/mjpeg @ 000000000298ad40] Terminating thread with return code -22 (Invalid argument)
[out#0/image2 @ 0000000002628640] Nothing was written into output file, because at least one of its streams received no packets.
frame=    0 fps=0.0 q=0.0 Lsize=       0KiB time=N/A bitrate=N/A speed=N/A    
Conversion failed!

2025-05-19T06:36:05.486Z [LOG] 尝试使用直接命令行方式生成缩略图
2025-05-19T06:36:05.486Z [LOG] 直接获取视频时长（秒数）
2025-05-19T06:36:05.487Z [PATH] 尝试获取FFprobe路径
2025-05-19T06:36:05.487Z [LOG] 使用配置的FFprobe路径: D:\code\cursor\looklook\node_modules\ffprobe-static\bin\win32\x64\ffprobe.exe
2025-05-19T06:36:05.487Z [PATH] 使用配置的FFprobe路径: D:\code\cursor\looklook\node_modules\ffprobe-static\bin\win32\x64\ffprobe.exe
2025-05-19T06:36:05.488Z [LOG] 在开发环境中使用ffprobe路径: D:\code\cursor\looklook\node_modules\ffprobe-static\bin\win32\x64\ffprobe.exe
2025-05-19T06:36:05.488Z [LOG] 执行命令: D:\code\cursor\looklook\node_modules\ffprobe-static\bin\win32\x64\ffprobe.exe -v error -show_entries format=duration -of default=noprint_wrappers=1:nokey=1 D:\Users\Videos\第二次选择\LUXU-1234 好好好.avi
2025-05-19T06:36:05.547Z [LOG] 时长命令输出: 6.400000
2025-05-19T06:36:05.547Z [LOG] 成功获取视频时长: 6.4 秒
2025-05-19T06:36:05.548Z [LOG] 获取到视频时长: 6.4 秒, 准备截取缩略图
2025-05-19T06:36:05.548Z [LOG] 将在视频的 3 秒处截取缩略图 (随机生成)
2025-05-19T06:36:05.548Z [PATH] 尝试获取FFmpeg路径
2025-05-19T06:36:05.549Z [LOG] 使用配置的FFmpeg路径: D:\code\cursor\looklook\node_modules\ffmpeg-static\ffmpeg.exe
2025-05-19T06:36:05.549Z [PATH] 使用配置的FFmpeg路径: D:\code\cursor\looklook\node_modules\ffmpeg-static\ffmpeg.exe
2025-05-19T06:36:05.549Z [LOG] 执行命令: D:\code\cursor\looklook\node_modules\ffmpeg-static\ffmpeg.exe -i D:\Users\Videos\第二次选择\LUXU-1234 好好好.avi -ss 3 -vframes 1 -s 320x180 -y D:\code\cursor\looklook\userdata\thumbnails\1747636565441-RDpcVXNl.jpg
2025-05-19T06:36:05.633Z [LOG] 命令行方式成功生成缩略图: D:\code\cursor\looklook\userdata\thumbnails\1747636565441-RDpcVXNl.jpg
2025-05-19T06:36:05.633Z [LOG] 通过多步骤方法成功生成缩略图
2025-05-19T06:36:05.634Z [LOG] 设置已加载
2025-05-19T06:36:05.634Z [LOG] 获取视频分辨率: D:\Users\Videos\第二次选择\SampleVideo_1280x720_10mb.flv
2025-05-19T06:36:05.635Z [MAIN] 开始获取视频分辨率: D:\Users\Videos\第二次选择\SampleVideo_1280x720_10mb.flv
2025-05-19T06:36:05.635Z [LOG] 直接获取视频分辨率
2025-05-19T06:36:05.635Z [RESOLUTION] 开始获取视频分辨率: D:\Users\Videos\第二次选择\SampleVideo_1280x720_10mb.flv
2025-05-19T06:36:05.635Z [PATH] 尝试获取FFprobe路径
2025-05-19T06:36:05.635Z [LOG] 使用配置的FFprobe路径: D:\code\cursor\looklook\node_modules\ffprobe-static\bin\win32\x64\ffprobe.exe
2025-05-19T06:36:05.635Z [PATH] 使用配置的FFprobe路径: D:\code\cursor\looklook\node_modules\ffprobe-static\bin\win32\x64\ffprobe.exe
2025-05-19T06:36:05.635Z [RESOLUTION] 在开发环境中使用ffprobe路径: D:\code\cursor\looklook\node_modules\ffprobe-static\bin\win32\x64\ffprobe.exe
2025-05-19T06:36:05.635Z [RESOLUTION] 检查ffprobe可执行文件是否存在: true
2025-05-19T06:36:05.636Z [LOG] 执行命令: "D:\code\cursor\looklook\node_modules\ffprobe-static\bin\win32\x64\ffprobe.exe" -v error -select_streams v:0 -show_entries stream=width,height -of csv=s=x:p=0 "D:\Users\Videos\第二次选择\SampleVideo_1280x720_10mb.flv"
2025-05-19T06:36:05.636Z [RESOLUTION] 开始执行命令获取分辨率: "D:\code\cursor\looklook\node_modules\ffprobe-static\bin\win32\x64\ffprobe.exe" -v error -select_streams v:0 -show_entries stream=width,height -of csv=s=x:p=0 "D:\Users\Videos\第二次选择\SampleVideo_1280x720_10mb.flv"
2025-05-19T06:36:05.697Z [RESOLUTION] 命令输出: "1280x720"
2025-05-19T06:36:05.697Z [LOG] 成功解析分辨率: 1280×720
2025-05-19T06:36:05.697Z [RESOLUTION] 成功解析分辨率: 1280×720
2025-05-19T06:36:05.698Z [LOG] 获取视频时长: D:\Users\Videos\第二次选择\SampleVideo_1280x720_10mb.flv
2025-05-19T06:36:05.698Z [MAIN] 开始获取视频时长: D:\Users\Videos\第二次选择\SampleVideo_1280x720_10mb.flv
2025-05-19T06:36:05.698Z [LOG] 直接获取视频时长
2025-05-19T06:36:05.698Z [DURATION] 开始获取视频时长: D:\Users\Videos\第二次选择\SampleVideo_1280x720_10mb.flv
2025-05-19T06:36:05.698Z [PATH] 尝试获取FFprobe路径
2025-05-19T06:36:05.699Z [LOG] 使用配置的FFprobe路径: D:\code\cursor\looklook\node_modules\ffprobe-static\bin\win32\x64\ffprobe.exe
2025-05-19T06:36:05.699Z [PATH] 使用配置的FFprobe路径: D:\code\cursor\looklook\node_modules\ffprobe-static\bin\win32\x64\ffprobe.exe
2025-05-19T06:36:05.699Z [DURATION] 在开发环境中使用ffprobe路径: D:\code\cursor\looklook\node_modules\ffprobe-static\bin\win32\x64\ffprobe.exe
2025-05-19T06:36:05.699Z [DURATION] 检查ffprobe可执行文件是否存在: true
2025-05-19T06:36:05.699Z [LOG] 执行命令: "D:\code\cursor\looklook\node_modules\ffprobe-static\bin\win32\x64\ffprobe.exe" -v error -show_entries format=duration -of default=noprint_wrappers=1:nokey=1 "D:\Users\Videos\第二次选择\SampleVideo_1280x720_10mb.flv"
2025-05-19T06:36:05.699Z [DURATION] 开始执行命令获取时长: "D:\code\cursor\looklook\node_modules\ffprobe-static\bin\win32\x64\ffprobe.exe" -v error -show_entries format=duration -of default=noprint_wrappers=1:nokey=1 "D:\Users\Videos\第二次选择\SampleVideo_1280x720_10mb.flv"
2025-05-19T06:36:05.763Z [DURATION] 命令输出: "54.082000"
2025-05-19T06:36:05.764Z [LOG] 成功解析时长: 00:00:54
2025-05-19T06:36:05.764Z [DURATION] 成功解析时长: 00:00:54
2025-05-19T06:36:05.764Z [LOG] 开始生成缩略图，视频路径: D:\Users\Videos\第二次选择\SampleVideo_1280x720_10mb.flv
2025-05-19T06:36:05.764Z [LOG] 缩略图输出路径: D:\code\cursor\looklook\userdata\thumbnails\1747636565735-RDpcVXNl.jpg
2025-05-19T06:36:05.765Z [LOG] 生成随机时间点: 00:00:58
2025-05-19T06:36:05.765Z [LOG] 使用直接命令行ffmpeg生成缩略图
2025-05-19T06:36:05.765Z [PATH] 尝试获取FFmpeg路径
2025-05-19T06:36:05.765Z [LOG] 使用配置的FFmpeg路径: D:\code\cursor\looklook\node_modules\ffmpeg-static\ffmpeg.exe
2025-05-19T06:36:05.765Z [PATH] 使用配置的FFmpeg路径: D:\code\cursor\looklook\node_modules\ffmpeg-static\ffmpeg.exe
2025-05-19T06:36:05.766Z [LOG] 将使用时间点 00:00:58 生成缩略图
2025-05-19T06:36:05.766Z [LOG] 执行命令: D:\code\cursor\looklook\node_modules\ffmpeg-static\ffmpeg.exe -ss 00:00:58 -i D:\Users\Videos\第二次选择\SampleVideo_1280x720_10mb.flv -vframes 1 -s 320x180 -y D:\code\cursor\looklook\userdata\thumbnails\1747636565735-RDpcVXNl.jpg
2025-05-19T06:36:06.350Z [ERROR] 直接ffmpeg生成缩略图失败: Command failed: D:\code\cursor\looklook\node_modules\ffmpeg-static\ffmpeg.exe -ss 00:00:58 -i D:\Users\Videos\第二次选择\SampleVideo_1280x720_10mb.flv -vframes 1 -s 320x180 -y D:\code\cursor\looklook\userdata\thumbnails\1747636565735-RDpcVXNl.jpg
ffmpeg version 7.1.1-essentials_build-www.gyan.dev Copyright (c) 2000-2025 the FFmpeg developers
  built with gcc 14.2.0 (Rev1, Built by MSYS2 project)
  configuration: --enable-gpl --enable-version3 --enable-static --disable-w32threads --disable-autodetect --enable-fontconfig --enable-iconv --enable-gnutls --enable-libxml2 --enable-gmp --enable-bzlib --enable-lzma --enable-zlib --enable-libsrt --enable-libssh --enable-libzmq --enable-avisynth --enable-sdl2 --enable-libwebp --enable-libx264 --enable-libx265 --enable-libxvid --enable-libaom --enable-libopenjpeg --enable-libvpx --enable-mediafoundation --enable-libass --enable-libfreetype --enable-libfribidi --enable-libharfbuzz --enable-libvidstab --enable-libvmaf --enable-libzimg --enable-amf --enable-cuda-llvm --enable-cuvid --enable-dxva2 --enable-d3d11va --enable-d3d12va --enable-ffnvcodec --enable-libvpl --enable-nvdec --enable-nvenc --enable-vaapi --enable-libgme --enable-libopenmpt --enable-libopencore-amrwb --enable-libmp3lame --enable-libtheora --enable-libvo-amrwbenc --enable-libgsm --enable-libopencore-amrnb --enable-libopus --enable-libspeex --enable-libvorbis --enable-librubberband
  libavutil      59. 39.100 / 59. 39.100
  libavcodec     61. 19.101 / 61. 19.101
  libavformat    61.  7.100 / 61.  7.100
  libavdevice    61.  3.100 / 61.  3.100
  libavfilter    10.  4.100 / 10.  4.100
  libswscale      8.  3.100 /  8.  3.100
  libswresample   5.  3.100 /  5.  3.100
  libpostproc    58.  3.100 / 58.  3.100
Input #0, flv, from 'D:\Users\Videos\第二次选择\SampleVideo_1280x720_10mb.flv':
  Metadata:
    encoder         : Lavf53.24.2
  Duration: 00:00:54.08, start: 0.000000, bitrate: 1560 kb/s
  Stream #0:0: Audio: aac (LC), 48000 Hz, 5.1, fltp, 384 kb/s
  Stream #0:1: Video: flv1 (flv), yuv420p, 1280x720, 1200 kb/s, 1k fps, 25 tbr, 1k tbn
Stream mapping:
  Stream #0:1 -> #0:0 (flv1 (flv) -> mjpeg (native))
Press [q] to stop, [?] for help
[vf#0:0 @ 00000000026bc840] No filtered frames for output stream, trying to initialize anyway.
[mjpeg @ 0000000002b19d80] Non full-range YUV is non-standard, set strict_std_compliance to at most unofficial to use it.
[vost#0:0/mjpeg @ 00000000026c2fc0] Error while opening encoder - maybe incorrect parameters such as bit_rate, rate, width or height.
[vf#0:0 @ 0000000002af3980] Task finished with error code: -22 (Invalid argument)
[vf#0:0 @ 0000000002af3980] Terminating thread with return code -22 (Invalid argument)
[vost#0:0/mjpeg @ 00000000026c2fc0] Could not open encoder before EOF
[vost#0:0/mjpeg @ 00000000026c2fc0] Task finished with error code: -22 (Invalid argument)
[vost#0:0/mjpeg @ 00000000026c2fc0] Terminating thread with return code -22 (Invalid argument)
[out#0/image2 @ 00000000026cde80] Nothing was written into output file, because at least one of its streams received no packets.
frame=    0 fps=0.0 q=0.0 Lsize=       0KiB time=N/A bitrate=N/A speed=N/A    
Conversion failed!

2025-05-19T06:36:06.354Z [ERROR] STDERR: ffmpeg version 7.1.1-essentials_build-www.gyan.dev Copyright (c) 2000-2025 the FFmpeg developers
  built with gcc 14.2.0 (Rev1, Built by MSYS2 project)
  configuration: --enable-gpl --enable-version3 --enable-static --disable-w32threads --disable-autodetect --enable-fontconfig --enable-iconv --enable-gnutls --enable-libxml2 --enable-gmp --enable-bzlib --enable-lzma --enable-zlib --enable-libsrt --enable-libssh --enable-libzmq --enable-avisynth --enable-sdl2 --enable-libwebp --enable-libx264 --enable-libx265 --enable-libxvid --enable-libaom --enable-libopenjpeg --enable-libvpx --enable-mediafoundation --enable-libass --enable-libfreetype --enable-libfribidi --enable-libharfbuzz --enable-libvidstab --enable-libvmaf --enable-libzimg --enable-amf --enable-cuda-llvm --enable-cuvid --enable-dxva2 --enable-d3d11va --enable-d3d12va --enable-ffnvcodec --enable-libvpl --enable-nvdec --enable-nvenc --enable-vaapi --enable-libgme --enable-libopenmpt --enable-libopencore-amrwb --enable-libmp3lame --enable-libtheora --enable-libvo-amrwbenc --enable-libgsm --enable-libopencore-amrnb --enable-libopus --enable-libspeex --enable-libvorbis --enable-librubberband
  libavutil      59. 39.100 / 59. 39.100
  libavcodec     61. 19.101 / 61. 19.101
  libavformat    61.  7.100 / 61.  7.100
  libavdevice    61.  3.100 / 61.  3.100
  libavfilter    10.  4.100 / 10.  4.100
  libswscale      8.  3.100 /  8.  3.100
  libswresample   5.  3.100 /  5.  3.100
  libpostproc    58.  3.100 / 58.  3.100
Input #0, flv, from 'D:\Users\Videos\第二次选择\SampleVideo_1280x720_10mb.flv':
  Metadata:
    encoder         : Lavf53.24.2
  Duration: 00:00:54.08, start: 0.000000, bitrate: 1560 kb/s
  Stream #0:0: Audio: aac (LC), 48000 Hz, 5.1, fltp, 384 kb/s
  Stream #0:1: Video: flv1 (flv), yuv420p, 1280x720, 1200 kb/s, 1k fps, 25 tbr, 1k tbn
Stream mapping:
  Stream #0:1 -> #0:0 (flv1 (flv) -> mjpeg (native))
Press [q] to stop, [?] for help
[vf#0:0 @ 00000000026bc840] No filtered frames for output stream, trying to initialize anyway.
[mjpeg @ 0000000002b19d80] Non full-range YUV is non-standard, set strict_std_compliance to at most unofficial to use it.
[vost#0:0/mjpeg @ 00000000026c2fc0] Error while opening encoder - maybe incorrect parameters such as bit_rate, rate, width or height.
[vf#0:0 @ 0000000002af3980] Task finished with error code: -22 (Invalid argument)
[vf#0:0 @ 0000000002af3980] Terminating thread with return code -22 (Invalid argument)
[vost#0:0/mjpeg @ 00000000026c2fc0] Could not open encoder before EOF
[vost#0:0/mjpeg @ 00000000026c2fc0] Task finished with error code: -22 (Invalid argument)
[vost#0:0/mjpeg @ 00000000026c2fc0] Terminating thread with return code -22 (Invalid argument)
[out#0/image2 @ 00000000026cde80] Nothing was written into output file, because at least one of its streams received no packets.
frame=    0 fps=0.0 q=0.0 Lsize=       0KiB time=N/A bitrate=N/A speed=N/A    
Conversion failed!

2025-05-19T06:36:06.357Z [ERROR] 直接ffmpeg命令生成缩略图失败: Command failed: D:\code\cursor\looklook\node_modules\ffmpeg-static\ffmpeg.exe -ss 00:00:58 -i D:\Users\Videos\第二次选择\SampleVideo_1280x720_10mb.flv -vframes 1 -s 320x180 -y D:\code\cursor\looklook\userdata\thumbnails\1747636565735-RDpcVXNl.jpg
ffmpeg version 7.1.1-essentials_build-www.gyan.dev Copyright (c) 2000-2025 the FFmpeg developers
  built with gcc 14.2.0 (Rev1, Built by MSYS2 project)
  configuration: --enable-gpl --enable-version3 --enable-static --disable-w32threads --disable-autodetect --enable-fontconfig --enable-iconv --enable-gnutls --enable-libxml2 --enable-gmp --enable-bzlib --enable-lzma --enable-zlib --enable-libsrt --enable-libssh --enable-libzmq --enable-avisynth --enable-sdl2 --enable-libwebp --enable-libx264 --enable-libx265 --enable-libxvid --enable-libaom --enable-libopenjpeg --enable-libvpx --enable-mediafoundation --enable-libass --enable-libfreetype --enable-libfribidi --enable-libharfbuzz --enable-libvidstab --enable-libvmaf --enable-libzimg --enable-amf --enable-cuda-llvm --enable-cuvid --enable-dxva2 --enable-d3d11va --enable-d3d12va --enable-ffnvcodec --enable-libvpl --enable-nvdec --enable-nvenc --enable-vaapi --enable-libgme --enable-libopenmpt --enable-libopencore-amrwb --enable-libmp3lame --enable-libtheora --enable-libvo-amrwbenc --enable-libgsm --enable-libopencore-amrnb --enable-libopus --enable-libspeex --enable-libvorbis --enable-librubberband
  libavutil      59. 39.100 / 59. 39.100
  libavcodec     61. 19.101 / 61. 19.101
  libavformat    61.  7.100 / 61.  7.100
  libavdevice    61.  3.100 / 61.  3.100
  libavfilter    10.  4.100 / 10.  4.100
  libswscale      8.  3.100 /  8.  3.100
  libswresample   5.  3.100 /  5.  3.100
  libpostproc    58.  3.100 / 58.  3.100
Input #0, flv, from 'D:\Users\Videos\第二次选择\SampleVideo_1280x720_10mb.flv':
  Metadata:
    encoder         : Lavf53.24.2
  Duration: 00:00:54.08, start: 0.000000, bitrate: 1560 kb/s
  Stream #0:0: Audio: aac (LC), 48000 Hz, 5.1, fltp, 384 kb/s
  Stream #0:1: Video: flv1 (flv), yuv420p, 1280x720, 1200 kb/s, 1k fps, 25 tbr, 1k tbn
Stream mapping:
  Stream #0:1 -> #0:0 (flv1 (flv) -> mjpeg (native))
Press [q] to stop, [?] for help
[vf#0:0 @ 00000000026bc840] No filtered frames for output stream, trying to initialize anyway.
[mjpeg @ 0000000002b19d80] Non full-range YUV is non-standard, set strict_std_compliance to at most unofficial to use it.
[vost#0:0/mjpeg @ 00000000026c2fc0] Error while opening encoder - maybe incorrect parameters such as bit_rate, rate, width or height.
[vf#0:0 @ 0000000002af3980] Task finished with error code: -22 (Invalid argument)
[vf#0:0 @ 0000000002af3980] Terminating thread with return code -22 (Invalid argument)
[vost#0:0/mjpeg @ 00000000026c2fc0] Could not open encoder before EOF
[vost#0:0/mjpeg @ 00000000026c2fc0] Task finished with error code: -22 (Invalid argument)
[vost#0:0/mjpeg @ 00000000026c2fc0] Terminating thread with return code -22 (Invalid argument)
[out#0/image2 @ 00000000026cde80] Nothing was written into output file, because at least one of its streams received no packets.
frame=    0 fps=0.0 q=0.0 Lsize=       0KiB time=N/A bitrate=N/A speed=N/A    
Conversion failed!

2025-05-19T06:36:06.358Z [LOG] 尝试使用直接命令行方式生成缩略图
2025-05-19T06:36:06.358Z [LOG] 直接获取视频时长（秒数）
2025-05-19T06:36:06.359Z [PATH] 尝试获取FFprobe路径
2025-05-19T06:36:06.359Z [LOG] 使用配置的FFprobe路径: D:\code\cursor\looklook\node_modules\ffprobe-static\bin\win32\x64\ffprobe.exe
2025-05-19T06:36:06.359Z [PATH] 使用配置的FFprobe路径: D:\code\cursor\looklook\node_modules\ffprobe-static\bin\win32\x64\ffprobe.exe
2025-05-19T06:36:06.360Z [LOG] 在开发环境中使用ffprobe路径: D:\code\cursor\looklook\node_modules\ffprobe-static\bin\win32\x64\ffprobe.exe
2025-05-19T06:36:06.360Z [LOG] 执行命令: D:\code\cursor\looklook\node_modules\ffprobe-static\bin\win32\x64\ffprobe.exe -v error -show_entries format=duration -of default=noprint_wrappers=1:nokey=1 D:\Users\Videos\第二次选择\SampleVideo_1280x720_10mb.flv
2025-05-19T06:36:06.419Z [LOG] 时长命令输出: 54.082000
2025-05-19T06:36:06.419Z [LOG] 成功获取视频时长: 54.082 秒
2025-05-19T06:36:06.419Z [LOG] 获取到视频时长: 54.082 秒, 准备截取缩略图
2025-05-19T06:36:06.420Z [LOG] 将在视频的 8 秒处截取缩略图 (随机生成)
2025-05-19T06:36:06.420Z [PATH] 尝试获取FFmpeg路径
2025-05-19T06:36:06.420Z [LOG] 使用配置的FFmpeg路径: D:\code\cursor\looklook\node_modules\ffmpeg-static\ffmpeg.exe
2025-05-19T06:36:06.420Z [PATH] 使用配置的FFmpeg路径: D:\code\cursor\looklook\node_modules\ffmpeg-static\ffmpeg.exe
2025-05-19T06:36:06.421Z [LOG] 执行命令: D:\code\cursor\looklook\node_modules\ffmpeg-static\ffmpeg.exe -i D:\Users\Videos\第二次选择\SampleVideo_1280x720_10mb.flv -ss 8 -vframes 1 -s 320x180 -y D:\code\cursor\looklook\userdata\thumbnails\1747636565735-RDpcVXNl.jpg
2025-05-19T06:36:06.576Z [LOG] 命令行方式成功生成缩略图: D:\code\cursor\looklook\userdata\thumbnails\1747636565735-RDpcVXNl.jpg
2025-05-19T06:36:06.576Z [LOG] 通过多步骤方法成功生成缩略图
2025-05-19T06:36:06.577Z [LOG] 设置已加载
2025-05-19T06:36:06.577Z [LOG] 获取视频分辨率: D:\Users\Videos\第二次选择\SampleVideo_1280x720_10mb.mkv
2025-05-19T06:36:06.577Z [MAIN] 开始获取视频分辨率: D:\Users\Videos\第二次选择\SampleVideo_1280x720_10mb.mkv
2025-05-19T06:36:06.577Z [LOG] 直接获取视频分辨率
2025-05-19T06:36:06.578Z [RESOLUTION] 开始获取视频分辨率: D:\Users\Videos\第二次选择\SampleVideo_1280x720_10mb.mkv
2025-05-19T06:36:06.578Z [PATH] 尝试获取FFprobe路径
2025-05-19T06:36:06.578Z [LOG] 使用配置的FFprobe路径: D:\code\cursor\looklook\node_modules\ffprobe-static\bin\win32\x64\ffprobe.exe
2025-05-19T06:36:06.578Z [PATH] 使用配置的FFprobe路径: D:\code\cursor\looklook\node_modules\ffprobe-static\bin\win32\x64\ffprobe.exe
2025-05-19T06:36:06.578Z [RESOLUTION] 在开发环境中使用ffprobe路径: D:\code\cursor\looklook\node_modules\ffprobe-static\bin\win32\x64\ffprobe.exe
2025-05-19T06:36:06.578Z [RESOLUTION] 检查ffprobe可执行文件是否存在: true
2025-05-19T06:36:06.578Z [LOG] 执行命令: "D:\code\cursor\looklook\node_modules\ffprobe-static\bin\win32\x64\ffprobe.exe" -v error -select_streams v:0 -show_entries stream=width,height -of csv=s=x:p=0 "D:\Users\Videos\第二次选择\SampleVideo_1280x720_10mb.mkv"
2025-05-19T06:36:06.579Z [RESOLUTION] 开始执行命令获取分辨率: "D:\code\cursor\looklook\node_modules\ffprobe-static\bin\win32\x64\ffprobe.exe" -v error -select_streams v:0 -show_entries stream=width,height -of csv=s=x:p=0 "D:\Users\Videos\第二次选择\SampleVideo_1280x720_10mb.mkv"
2025-05-19T06:36:06.641Z [RESOLUTION] 命令输出: "1280x720"
2025-05-19T06:36:06.641Z [LOG] 成功解析分辨率: 1280×720
2025-05-19T06:36:06.641Z [RESOLUTION] 成功解析分辨率: 1280×720
2025-05-19T06:36:06.641Z [LOG] 获取视频时长: D:\Users\Videos\第二次选择\SampleVideo_1280x720_10mb.mkv
2025-05-19T06:36:06.642Z [MAIN] 开始获取视频时长: D:\Users\Videos\第二次选择\SampleVideo_1280x720_10mb.mkv
2025-05-19T06:36:06.642Z [LOG] 直接获取视频时长
2025-05-19T06:36:06.642Z [DURATION] 开始获取视频时长: D:\Users\Videos\第二次选择\SampleVideo_1280x720_10mb.mkv
2025-05-19T06:36:06.642Z [PATH] 尝试获取FFprobe路径
2025-05-19T06:36:06.642Z [LOG] 使用配置的FFprobe路径: D:\code\cursor\looklook\node_modules\ffprobe-static\bin\win32\x64\ffprobe.exe
2025-05-19T06:36:06.642Z [PATH] 使用配置的FFprobe路径: D:\code\cursor\looklook\node_modules\ffprobe-static\bin\win32\x64\ffprobe.exe
2025-05-19T06:36:06.642Z [DURATION] 在开发环境中使用ffprobe路径: D:\code\cursor\looklook\node_modules\ffprobe-static\bin\win32\x64\ffprobe.exe
2025-05-19T06:36:06.643Z [DURATION] 检查ffprobe可执行文件是否存在: true
2025-05-19T06:36:06.643Z [LOG] 执行命令: "D:\code\cursor\looklook\node_modules\ffprobe-static\bin\win32\x64\ffprobe.exe" -v error -show_entries format=duration -of default=noprint_wrappers=1:nokey=1 "D:\Users\Videos\第二次选择\SampleVideo_1280x720_10mb.mkv"
2025-05-19T06:36:06.643Z [DURATION] 开始执行命令获取时长: "D:\code\cursor\looklook\node_modules\ffprobe-static\bin\win32\x64\ffprobe.exe" -v error -show_entries format=duration -of default=noprint_wrappers=1:nokey=1 "D:\Users\Videos\第二次选择\SampleVideo_1280x720_10mb.mkv"
2025-05-19T06:36:06.705Z [DURATION] 命令输出: "56.200000"
2025-05-19T06:36:06.706Z [LOG] 成功解析时长: 00:00:56
2025-05-19T06:36:06.706Z [DURATION] 成功解析时长: 00:00:56
2025-05-19T06:36:06.706Z [LOG] 开始生成缩略图，视频路径: D:\Users\Videos\第二次选择\SampleVideo_1280x720_10mb.mkv
2025-05-19T06:36:06.707Z [LOG] 缩略图输出路径: D:\code\cursor\looklook\userdata\thumbnails\1747636566781-RDpcVXNl.jpg
2025-05-19T06:36:06.707Z [LOG] 生成随机时间点: 00:00:10
2025-05-19T06:36:06.707Z [LOG] 使用直接命令行ffmpeg生成缩略图
2025-05-19T06:36:06.707Z [PATH] 尝试获取FFmpeg路径
2025-05-19T06:36:06.707Z [LOG] 使用配置的FFmpeg路径: D:\code\cursor\looklook\node_modules\ffmpeg-static\ffmpeg.exe
2025-05-19T06:36:06.708Z [PATH] 使用配置的FFmpeg路径: D:\code\cursor\looklook\node_modules\ffmpeg-static\ffmpeg.exe
2025-05-19T06:36:06.708Z [LOG] 将使用时间点 00:00:10 生成缩略图
2025-05-19T06:36:06.708Z [LOG] 执行命令: D:\code\cursor\looklook\node_modules\ffmpeg-static\ffmpeg.exe -ss 00:00:10 -i D:\Users\Videos\第二次选择\SampleVideo_1280x720_10mb.mkv -vframes 1 -s 320x180 -y D:\code\cursor\looklook\userdata\thumbnails\1747636566781-RDpcVXNl.jpg
2025-05-19T06:36:06.806Z [LOG] 直接ffmpeg成功生成缩略图: D:\code\cursor\looklook\userdata\thumbnails\1747636566781-RDpcVXNl.jpg
2025-05-19T06:36:06.806Z [LOG] 通过直接ffmpeg命令生成缩略图成功
2025-05-19T06:36:06.807Z [LOG] 设置已加载
2025-05-19T06:36:06.807Z [LOG] 获取视频分辨率: D:\Users\Videos\第二次选择\SampleVideo_1280x720_10mb.mp4
2025-05-19T06:36:06.807Z [MAIN] 开始获取视频分辨率: D:\Users\Videos\第二次选择\SampleVideo_1280x720_10mb.mp4
2025-05-19T06:36:06.807Z [LOG] 直接获取视频分辨率
2025-05-19T06:36:06.807Z [RESOLUTION] 开始获取视频分辨率: D:\Users\Videos\第二次选择\SampleVideo_1280x720_10mb.mp4
2025-05-19T06:36:06.807Z [PATH] 尝试获取FFprobe路径
2025-05-19T06:36:06.808Z [LOG] 使用配置的FFprobe路径: D:\code\cursor\looklook\node_modules\ffprobe-static\bin\win32\x64\ffprobe.exe
2025-05-19T06:36:06.808Z [PATH] 使用配置的FFprobe路径: D:\code\cursor\looklook\node_modules\ffprobe-static\bin\win32\x64\ffprobe.exe
2025-05-19T06:36:06.808Z [RESOLUTION] 在开发环境中使用ffprobe路径: D:\code\cursor\looklook\node_modules\ffprobe-static\bin\win32\x64\ffprobe.exe
2025-05-19T06:36:06.808Z [RESOLUTION] 检查ffprobe可执行文件是否存在: true
2025-05-19T06:36:06.808Z [LOG] 执行命令: "D:\code\cursor\looklook\node_modules\ffprobe-static\bin\win32\x64\ffprobe.exe" -v error -select_streams v:0 -show_entries stream=width,height -of csv=s=x:p=0 "D:\Users\Videos\第二次选择\SampleVideo_1280x720_10mb.mp4"
2025-05-19T06:36:06.808Z [RESOLUTION] 开始执行命令获取分辨率: "D:\code\cursor\looklook\node_modules\ffprobe-static\bin\win32\x64\ffprobe.exe" -v error -select_streams v:0 -show_entries stream=width,height -of csv=s=x:p=0 "D:\Users\Videos\第二次选择\SampleVideo_1280x720_10mb.mp4"
2025-05-19T06:36:06.880Z [RESOLUTION] 命令输出: "1280x720"
2025-05-19T06:36:06.880Z [LOG] 成功解析分辨率: 1280×720
2025-05-19T06:36:06.880Z [RESOLUTION] 成功解析分辨率: 1280×720
2025-05-19T06:36:06.881Z [LOG] 获取视频时长: D:\Users\Videos\第二次选择\SampleVideo_1280x720_10mb.mp4
2025-05-19T06:36:06.881Z [MAIN] 开始获取视频时长: D:\Users\Videos\第二次选择\SampleVideo_1280x720_10mb.mp4
2025-05-19T06:36:06.881Z [LOG] 直接获取视频时长
2025-05-19T06:36:06.881Z [DURATION] 开始获取视频时长: D:\Users\Videos\第二次选择\SampleVideo_1280x720_10mb.mp4
2025-05-19T06:36:06.881Z [PATH] 尝试获取FFprobe路径
2025-05-19T06:36:06.881Z [LOG] 使用配置的FFprobe路径: D:\code\cursor\looklook\node_modules\ffprobe-static\bin\win32\x64\ffprobe.exe
2025-05-19T06:36:06.882Z [PATH] 使用配置的FFprobe路径: D:\code\cursor\looklook\node_modules\ffprobe-static\bin\win32\x64\ffprobe.exe
2025-05-19T06:36:06.882Z [DURATION] 在开发环境中使用ffprobe路径: D:\code\cursor\looklook\node_modules\ffprobe-static\bin\win32\x64\ffprobe.exe
2025-05-19T06:36:06.882Z [DURATION] 检查ffprobe可执行文件是否存在: true
2025-05-19T06:36:06.882Z [LOG] 执行命令: "D:\code\cursor\looklook\node_modules\ffprobe-static\bin\win32\x64\ffprobe.exe" -v error -show_entries format=duration -of default=noprint_wrappers=1:nokey=1 "D:\Users\Videos\第二次选择\SampleVideo_1280x720_10mb.mp4"
2025-05-19T06:36:06.882Z [DURATION] 开始执行命令获取时长: "D:\code\cursor\looklook\node_modules\ffprobe-static\bin\win32\x64\ffprobe.exe" -v error -show_entries format=duration -of default=noprint_wrappers=1:nokey=1 "D:\Users\Videos\第二次选择\SampleVideo_1280x720_10mb.mp4"
2025-05-19T06:36:06.952Z [DURATION] 命令输出: "62.315000"
2025-05-19T06:36:06.952Z [LOG] 成功解析时长: 00:01:02
2025-05-19T06:36:06.952Z [DURATION] 成功解析时长: 00:01:02
2025-05-19T06:36:06.953Z [LOG] 开始生成缩略图，视频路径: D:\Users\Videos\第二次选择\SampleVideo_1280x720_10mb.mp4
2025-05-19T06:36:06.953Z [LOG] 缩略图输出路径: D:\code\cursor\looklook\userdata\thumbnails\1747636566967-RDpcVXNl.jpg
2025-05-19T06:36:06.953Z [LOG] 生成随机时间点: 00:00:30
2025-05-19T06:36:06.954Z [LOG] 使用直接命令行ffmpeg生成缩略图
2025-05-19T06:36:06.954Z [PATH] 尝试获取FFmpeg路径
2025-05-19T06:36:06.954Z [LOG] 使用配置的FFmpeg路径: D:\code\cursor\looklook\node_modules\ffmpeg-static\ffmpeg.exe
2025-05-19T06:36:06.954Z [PATH] 使用配置的FFmpeg路径: D:\code\cursor\looklook\node_modules\ffmpeg-static\ffmpeg.exe
2025-05-19T06:36:06.954Z [LOG] 将使用时间点 00:00:30 生成缩略图
2025-05-19T06:36:06.955Z [LOG] 执行命令: D:\code\cursor\looklook\node_modules\ffmpeg-static\ffmpeg.exe -ss 00:00:30 -i D:\Users\Videos\第二次选择\SampleVideo_1280x720_10mb.mp4 -vframes 1 -s 320x180 -y D:\code\cursor\looklook\userdata\thumbnails\1747636566967-RDpcVXNl.jpg
2025-05-19T06:36:07.086Z [LOG] 直接ffmpeg成功生成缩略图: D:\code\cursor\looklook\userdata\thumbnails\1747636566967-RDpcVXNl.jpg
2025-05-19T06:36:07.086Z [LOG] 通过直接ffmpeg命令生成缩略图成功
2025-05-19T06:36:07.086Z [LOG] 设置已加载
2025-05-19T06:36:07.087Z [LOG] 获取视频分辨率: D:\Users\Videos\第二次选择\SampleVideo_1280x720_1mb.flv
2025-05-19T06:36:07.087Z [MAIN] 开始获取视频分辨率: D:\Users\Videos\第二次选择\SampleVideo_1280x720_1mb.flv
2025-05-19T06:36:07.087Z [LOG] 直接获取视频分辨率
2025-05-19T06:36:07.087Z [RESOLUTION] 开始获取视频分辨率: D:\Users\Videos\第二次选择\SampleVideo_1280x720_1mb.flv
2025-05-19T06:36:07.087Z [PATH] 尝试获取FFprobe路径
2025-05-19T06:36:07.088Z [LOG] 使用配置的FFprobe路径: D:\code\cursor\looklook\node_modules\ffprobe-static\bin\win32\x64\ffprobe.exe
2025-05-19T06:36:07.088Z [PATH] 使用配置的FFprobe路径: D:\code\cursor\looklook\node_modules\ffprobe-static\bin\win32\x64\ffprobe.exe
2025-05-19T06:36:07.088Z [RESOLUTION] 在开发环境中使用ffprobe路径: D:\code\cursor\looklook\node_modules\ffprobe-static\bin\win32\x64\ffprobe.exe
2025-05-19T06:36:07.088Z [RESOLUTION] 检查ffprobe可执行文件是否存在: true
2025-05-19T06:36:07.088Z [LOG] 执行命令: "D:\code\cursor\looklook\node_modules\ffprobe-static\bin\win32\x64\ffprobe.exe" -v error -select_streams v:0 -show_entries stream=width,height -of csv=s=x:p=0 "D:\Users\Videos\第二次选择\SampleVideo_1280x720_1mb.flv"
2025-05-19T06:36:07.088Z [RESOLUTION] 开始执行命令获取分辨率: "D:\code\cursor\looklook\node_modules\ffprobe-static\bin\win32\x64\ffprobe.exe" -v error -select_streams v:0 -show_entries stream=width,height -of csv=s=x:p=0 "D:\Users\Videos\第二次选择\SampleVideo_1280x720_1mb.flv"
2025-05-19T06:36:07.149Z [RESOLUTION] 命令输出: "1280x720"
2025-05-19T06:36:07.149Z [LOG] 成功解析分辨率: 1280×720
2025-05-19T06:36:07.150Z [RESOLUTION] 成功解析分辨率: 1280×720
2025-05-19T06:36:07.150Z [LOG] 获取视频时长: D:\Users\Videos\第二次选择\SampleVideo_1280x720_1mb.flv
2025-05-19T06:36:07.150Z [MAIN] 开始获取视频时长: D:\Users\Videos\第二次选择\SampleVideo_1280x720_1mb.flv
2025-05-19T06:36:07.150Z [LOG] 直接获取视频时长
2025-05-19T06:36:07.150Z [DURATION] 开始获取视频时长: D:\Users\Videos\第二次选择\SampleVideo_1280x720_1mb.flv
2025-05-19T06:36:07.150Z [PATH] 尝试获取FFprobe路径
2025-05-19T06:36:07.150Z [LOG] 使用配置的FFprobe路径: D:\code\cursor\looklook\node_modules\ffprobe-static\bin\win32\x64\ffprobe.exe
2025-05-19T06:36:07.150Z [PATH] 使用配置的FFprobe路径: D:\code\cursor\looklook\node_modules\ffprobe-static\bin\win32\x64\ffprobe.exe
2025-05-19T06:36:07.150Z [DURATION] 在开发环境中使用ffprobe路径: D:\code\cursor\looklook\node_modules\ffprobe-static\bin\win32\x64\ffprobe.exe
2025-05-19T06:36:07.151Z [DURATION] 检查ffprobe可执行文件是否存在: true
2025-05-19T06:36:07.151Z [LOG] 执行命令: "D:\code\cursor\looklook\node_modules\ffprobe-static\bin\win32\x64\ffprobe.exe" -v error -show_entries format=duration -of default=noprint_wrappers=1:nokey=1 "D:\Users\Videos\第二次选择\SampleVideo_1280x720_1mb.flv"
2025-05-19T06:36:07.151Z [DURATION] 开始执行命令获取时长: "D:\code\cursor\looklook\node_modules\ffprobe-static\bin\win32\x64\ffprobe.exe" -v error -show_entries format=duration -of default=noprint_wrappers=1:nokey=1 "D:\Users\Videos\第二次选择\SampleVideo_1280x720_1mb.flv"
2025-05-19T06:36:07.212Z [DURATION] 命令输出: "5.160000"
2025-05-19T06:36:07.213Z [LOG] 成功解析时长: 00:00:05
2025-05-19T06:36:07.213Z [DURATION] 成功解析时长: 00:00:05
2025-05-19T06:36:07.214Z [LOG] 开始生成缩略图，视频路径: D:\Users\Videos\第二次选择\SampleVideo_1280x720_1mb.flv
2025-05-19T06:36:07.214Z [LOG] 缩略图输出路径: D:\code\cursor\looklook\userdata\thumbnails\1747636567930-RDpcVXNl.jpg
2025-05-19T06:36:07.215Z [LOG] 生成随机时间点: 00:00:22
2025-05-19T06:36:07.215Z [LOG] 使用直接命令行ffmpeg生成缩略图
2025-05-19T06:36:07.215Z [PATH] 尝试获取FFmpeg路径
2025-05-19T06:36:07.216Z [LOG] 使用配置的FFmpeg路径: D:\code\cursor\looklook\node_modules\ffmpeg-static\ffmpeg.exe
2025-05-19T06:36:07.216Z [PATH] 使用配置的FFmpeg路径: D:\code\cursor\looklook\node_modules\ffmpeg-static\ffmpeg.exe
2025-05-19T06:36:07.216Z [LOG] 将使用时间点 00:00:22 生成缩略图
2025-05-19T06:36:07.216Z [LOG] 执行命令: D:\code\cursor\looklook\node_modules\ffmpeg-static\ffmpeg.exe -ss 00:00:22 -i D:\Users\Videos\第二次选择\SampleVideo_1280x720_1mb.flv -vframes 1 -s 320x180 -y D:\code\cursor\looklook\userdata\thumbnails\1747636567930-RDpcVXNl.jpg
2025-05-19T06:36:07.797Z [ERROR] 直接ffmpeg生成缩略图失败: Command failed: D:\code\cursor\looklook\node_modules\ffmpeg-static\ffmpeg.exe -ss 00:00:22 -i D:\Users\Videos\第二次选择\SampleVideo_1280x720_1mb.flv -vframes 1 -s 320x180 -y D:\code\cursor\looklook\userdata\thumbnails\1747636567930-RDpcVXNl.jpg
ffmpeg version 7.1.1-essentials_build-www.gyan.dev Copyright (c) 2000-2025 the FFmpeg developers
  built with gcc 14.2.0 (Rev1, Built by MSYS2 project)
  configuration: --enable-gpl --enable-version3 --enable-static --disable-w32threads --disable-autodetect --enable-fontconfig --enable-iconv --enable-gnutls --enable-libxml2 --enable-gmp --enable-bzlib --enable-lzma --enable-zlib --enable-libsrt --enable-libssh --enable-libzmq --enable-avisynth --enable-sdl2 --enable-libwebp --enable-libx264 --enable-libx265 --enable-libxvid --enable-libaom --enable-libopenjpeg --enable-libvpx --enable-mediafoundation --enable-libass --enable-libfreetype --enable-libfribidi --enable-libharfbuzz --enable-libvidstab --enable-libvmaf --enable-libzimg --enable-amf --enable-cuda-llvm --enable-cuvid --enable-dxva2 --enable-d3d11va --enable-d3d12va --enable-ffnvcodec --enable-libvpl --enable-nvdec --enable-nvenc --enable-vaapi --enable-libgme --enable-libopenmpt --enable-libopencore-amrwb --enable-libmp3lame --enable-libtheora --enable-libvo-amrwbenc --enable-libgsm --enable-libopencore-amrnb --enable-libopus --enable-libspeex --enable-libvorbis --enable-librubberband
  libavutil      59. 39.100 / 59. 39.100
  libavcodec     61. 19.101 / 61. 19.101
  libavformat    61.  7.100 / 61.  7.100
  libavdevice    61.  3.100 / 61.  3.100
  libavfilter    10.  4.100 / 10.  4.100
  libswscale      8.  3.100 /  8.  3.100
  libswresample   5.  3.100 /  5.  3.100
  libpostproc    58.  3.100 / 58.  3.100
Input #0, flv, from 'D:\Users\Videos\第二次选择\SampleVideo_1280x720_1mb.flv':
  Metadata:
    encoder         : Lavf53.24.2
  Duration: 00:00:05.16, start: 0.000000, bitrate: 1629 kb/s
  Stream #0:0: Audio: aac (LC), 48000 Hz, 5.1, fltp, 384 kb/s
  Stream #0:1: Video: flv1 (flv), yuv420p, 1280x720, 1200 kb/s, 1k fps, 25 tbr, 1k tbn
Stream mapping:
  Stream #0:1 -> #0:0 (flv1 (flv) -> mjpeg (native))
Press [q] to stop, [?] for help
[vf#0:0 @ 0000000000f02540] No filtered frames for output stream, trying to initialize anyway.
[mjpeg @ 0000000000ef7a80] Non full-range YUV is non-standard, set strict_std_compliance to at most unofficial to use it.
[vost#0:0/mjpeg @ 0000000000ef7800] Error while opening encoder - maybe incorrect parameters such as bit_rate, rate, width or height.
[vf#0:0 @ 0000000000ef8180] Task finished with error code: -22 (Invalid argument)
[vf#0:0 @ 0000000000ef8180] Terminating thread with return code -22 (Invalid argument)
[vost#0:0/mjpeg @ 0000000000ef7800] Could not open encoder before EOF
[vost#0:0/mjpeg @ 0000000000ef7800] Task finished with error code: -22 (Invalid argument)
[vost#0:0/mjpeg @ 0000000000ef7800] Terminating thread with return code -22 (Invalid argument)
[out#0/image2 @ 0000000000e61dc0] Nothing was written into output file, because at least one of its streams received no packets.
frame=    0 fps=0.0 q=0.0 Lsize=       0KiB time=N/A bitrate=N/A speed=N/A    
Conversion failed!

2025-05-19T06:36:07.802Z [ERROR] STDERR: ffmpeg version 7.1.1-essentials_build-www.gyan.dev Copyright (c) 2000-2025 the FFmpeg developers
  built with gcc 14.2.0 (Rev1, Built by MSYS2 project)
  configuration: --enable-gpl --enable-version3 --enable-static --disable-w32threads --disable-autodetect --enable-fontconfig --enable-iconv --enable-gnutls --enable-libxml2 --enable-gmp --enable-bzlib --enable-lzma --enable-zlib --enable-libsrt --enable-libssh --enable-libzmq --enable-avisynth --enable-sdl2 --enable-libwebp --enable-libx264 --enable-libx265 --enable-libxvid --enable-libaom --enable-libopenjpeg --enable-libvpx --enable-mediafoundation --enable-libass --enable-libfreetype --enable-libfribidi --enable-libharfbuzz --enable-libvidstab --enable-libvmaf --enable-libzimg --enable-amf --enable-cuda-llvm --enable-cuvid --enable-dxva2 --enable-d3d11va --enable-d3d12va --enable-ffnvcodec --enable-libvpl --enable-nvdec --enable-nvenc --enable-vaapi --enable-libgme --enable-libopenmpt --enable-libopencore-amrwb --enable-libmp3lame --enable-libtheora --enable-libvo-amrwbenc --enable-libgsm --enable-libopencore-amrnb --enable-libopus --enable-libspeex --enable-libvorbis --enable-librubberband
  libavutil      59. 39.100 / 59. 39.100
  libavcodec     61. 19.101 / 61. 19.101
  libavformat    61.  7.100 / 61.  7.100
  libavdevice    61.  3.100 / 61.  3.100
  libavfilter    10.  4.100 / 10.  4.100
  libswscale      8.  3.100 /  8.  3.100
  libswresample   5.  3.100 /  5.  3.100
  libpostproc    58.  3.100 / 58.  3.100
Input #0, flv, from 'D:\Users\Videos\第二次选择\SampleVideo_1280x720_1mb.flv':
  Metadata:
    encoder         : Lavf53.24.2
  Duration: 00:00:05.16, start: 0.000000, bitrate: 1629 kb/s
  Stream #0:0: Audio: aac (LC), 48000 Hz, 5.1, fltp, 384 kb/s
  Stream #0:1: Video: flv1 (flv), yuv420p, 1280x720, 1200 kb/s, 1k fps, 25 tbr, 1k tbn
Stream mapping:
  Stream #0:1 -> #0:0 (flv1 (flv) -> mjpeg (native))
Press [q] to stop, [?] for help
[vf#0:0 @ 0000000000f02540] No filtered frames for output stream, trying to initialize anyway.
[mjpeg @ 0000000000ef7a80] Non full-range YUV is non-standard, set strict_std_compliance to at most unofficial to use it.
[vost#0:0/mjpeg @ 0000000000ef7800] Error while opening encoder - maybe incorrect parameters such as bit_rate, rate, width or height.
[vf#0:0 @ 0000000000ef8180] Task finished with error code: -22 (Invalid argument)
[vf#0:0 @ 0000000000ef8180] Terminating thread with return code -22 (Invalid argument)
[vost#0:0/mjpeg @ 0000000000ef7800] Could not open encoder before EOF
[vost#0:0/mjpeg @ 0000000000ef7800] Task finished with error code: -22 (Invalid argument)
[vost#0:0/mjpeg @ 0000000000ef7800] Terminating thread with return code -22 (Invalid argument)
[out#0/image2 @ 0000000000e61dc0] Nothing was written into output file, because at least one of its streams received no packets.
frame=    0 fps=0.0 q=0.0 Lsize=       0KiB time=N/A bitrate=N/A speed=N/A    
Conversion failed!

2025-05-19T06:36:07.804Z [ERROR] 直接ffmpeg命令生成缩略图失败: Command failed: D:\code\cursor\looklook\node_modules\ffmpeg-static\ffmpeg.exe -ss 00:00:22 -i D:\Users\Videos\第二次选择\SampleVideo_1280x720_1mb.flv -vframes 1 -s 320x180 -y D:\code\cursor\looklook\userdata\thumbnails\1747636567930-RDpcVXNl.jpg
ffmpeg version 7.1.1-essentials_build-www.gyan.dev Copyright (c) 2000-2025 the FFmpeg developers
  built with gcc 14.2.0 (Rev1, Built by MSYS2 project)
  configuration: --enable-gpl --enable-version3 --enable-static --disable-w32threads --disable-autodetect --enable-fontconfig --enable-iconv --enable-gnutls --enable-libxml2 --enable-gmp --enable-bzlib --enable-lzma --enable-zlib --enable-libsrt --enable-libssh --enable-libzmq --enable-avisynth --enable-sdl2 --enable-libwebp --enable-libx264 --enable-libx265 --enable-libxvid --enable-libaom --enable-libopenjpeg --enable-libvpx --enable-mediafoundation --enable-libass --enable-libfreetype --enable-libfribidi --enable-libharfbuzz --enable-libvidstab --enable-libvmaf --enable-libzimg --enable-amf --enable-cuda-llvm --enable-cuvid --enable-dxva2 --enable-d3d11va --enable-d3d12va --enable-ffnvcodec --enable-libvpl --enable-nvdec --enable-nvenc --enable-vaapi --enable-libgme --enable-libopenmpt --enable-libopencore-amrwb --enable-libmp3lame --enable-libtheora --enable-libvo-amrwbenc --enable-libgsm --enable-libopencore-amrnb --enable-libopus --enable-libspeex --enable-libvorbis --enable-librubberband
  libavutil      59. 39.100 / 59. 39.100
  libavcodec     61. 19.101 / 61. 19.101
  libavformat    61.  7.100 / 61.  7.100
  libavdevice    61.  3.100 / 61.  3.100
  libavfilter    10.  4.100 / 10.  4.100
  libswscale      8.  3.100 /  8.  3.100
  libswresample   5.  3.100 /  5.  3.100
  libpostproc    58.  3.100 / 58.  3.100
Input #0, flv, from 'D:\Users\Videos\第二次选择\SampleVideo_1280x720_1mb.flv':
  Metadata:
    encoder         : Lavf53.24.2
  Duration: 00:00:05.16, start: 0.000000, bitrate: 1629 kb/s
  Stream #0:0: Audio: aac (LC), 48000 Hz, 5.1, fltp, 384 kb/s
  Stream #0:1: Video: flv1 (flv), yuv420p, 1280x720, 1200 kb/s, 1k fps, 25 tbr, 1k tbn
Stream mapping:
  Stream #0:1 -> #0:0 (flv1 (flv) -> mjpeg (native))
Press [q] to stop, [?] for help
[vf#0:0 @ 0000000000f02540] No filtered frames for output stream, trying to initialize anyway.
[mjpeg @ 0000000000ef7a80] Non full-range YUV is non-standard, set strict_std_compliance to at most unofficial to use it.
[vost#0:0/mjpeg @ 0000000000ef7800] Error while opening encoder - maybe incorrect parameters such as bit_rate, rate, width or height.
[vf#0:0 @ 0000000000ef8180] Task finished with error code: -22 (Invalid argument)
[vf#0:0 @ 0000000000ef8180] Terminating thread with return code -22 (Invalid argument)
[vost#0:0/mjpeg @ 0000000000ef7800] Could not open encoder before EOF
[vost#0:0/mjpeg @ 0000000000ef7800] Task finished with error code: -22 (Invalid argument)
[vost#0:0/mjpeg @ 0000000000ef7800] Terminating thread with return code -22 (Invalid argument)
[out#0/image2 @ 0000000000e61dc0] Nothing was written into output file, because at least one of its streams received no packets.
frame=    0 fps=0.0 q=0.0 Lsize=       0KiB time=N/A bitrate=N/A speed=N/A    
Conversion failed!

2025-05-19T06:36:07.805Z [LOG] 尝试使用直接命令行方式生成缩略图
2025-05-19T06:36:07.805Z [LOG] 直接获取视频时长（秒数）
2025-05-19T06:36:07.806Z [PATH] 尝试获取FFprobe路径
2025-05-19T06:36:07.806Z [LOG] 使用配置的FFprobe路径: D:\code\cursor\looklook\node_modules\ffprobe-static\bin\win32\x64\ffprobe.exe
2025-05-19T06:36:07.806Z [PATH] 使用配置的FFprobe路径: D:\code\cursor\looklook\node_modules\ffprobe-static\bin\win32\x64\ffprobe.exe
2025-05-19T06:36:07.806Z [LOG] 在开发环境中使用ffprobe路径: D:\code\cursor\looklook\node_modules\ffprobe-static\bin\win32\x64\ffprobe.exe
2025-05-19T06:36:07.807Z [LOG] 执行命令: D:\code\cursor\looklook\node_modules\ffprobe-static\bin\win32\x64\ffprobe.exe -v error -show_entries format=duration -of default=noprint_wrappers=1:nokey=1 D:\Users\Videos\第二次选择\SampleVideo_1280x720_1mb.flv
2025-05-19T06:36:07.876Z [LOG] 时长命令输出: 5.160000
2025-05-19T06:36:07.876Z [LOG] 成功获取视频时长: 5.16 秒
2025-05-19T06:36:07.877Z [LOG] 获取到视频时长: 5.16 秒, 准备截取缩略图
2025-05-19T06:36:07.877Z [LOG] 将在视频的 2 秒处截取缩略图 (随机生成)
2025-05-19T06:36:07.877Z [PATH] 尝试获取FFmpeg路径
2025-05-19T06:36:07.878Z [LOG] 使用配置的FFmpeg路径: D:\code\cursor\looklook\node_modules\ffmpeg-static\ffmpeg.exe
2025-05-19T06:36:07.878Z [PATH] 使用配置的FFmpeg路径: D:\code\cursor\looklook\node_modules\ffmpeg-static\ffmpeg.exe
2025-05-19T06:36:07.878Z [LOG] 执行命令: D:\code\cursor\looklook\node_modules\ffmpeg-static\ffmpeg.exe -i D:\Users\Videos\第二次选择\SampleVideo_1280x720_1mb.flv -ss 2 -vframes 1 -s 320x180 -y D:\code\cursor\looklook\userdata\thumbnails\1747636567930-RDpcVXNl.jpg
2025-05-19T06:36:07.967Z [LOG] 命令行方式成功生成缩略图: D:\code\cursor\looklook\userdata\thumbnails\1747636567930-RDpcVXNl.jpg
2025-05-19T06:36:07.967Z [LOG] 通过多步骤方法成功生成缩略图
2025-05-19T06:36:07.968Z [LOG] 设置已加载
2025-05-19T06:36:07.968Z [LOG] 获取视频分辨率: D:\Users\Videos\第二次选择\SampleVideo_1280x720_1mb.mkv
2025-05-19T06:36:07.968Z [MAIN] 开始获取视频分辨率: D:\Users\Videos\第二次选择\SampleVideo_1280x720_1mb.mkv
2025-05-19T06:36:07.968Z [LOG] 直接获取视频分辨率
2025-05-19T06:36:07.968Z [RESOLUTION] 开始获取视频分辨率: D:\Users\Videos\第二次选择\SampleVideo_1280x720_1mb.mkv
2025-05-19T06:36:07.968Z [PATH] 尝试获取FFprobe路径
2025-05-19T06:36:07.969Z [LOG] 使用配置的FFprobe路径: D:\code\cursor\looklook\node_modules\ffprobe-static\bin\win32\x64\ffprobe.exe
2025-05-19T06:36:07.969Z [PATH] 使用配置的FFprobe路径: D:\code\cursor\looklook\node_modules\ffprobe-static\bin\win32\x64\ffprobe.exe
2025-05-19T06:36:07.969Z [RESOLUTION] 在开发环境中使用ffprobe路径: D:\code\cursor\looklook\node_modules\ffprobe-static\bin\win32\x64\ffprobe.exe
2025-05-19T06:36:07.969Z [RESOLUTION] 检查ffprobe可执行文件是否存在: true
2025-05-19T06:36:07.969Z [LOG] 执行命令: "D:\code\cursor\looklook\node_modules\ffprobe-static\bin\win32\x64\ffprobe.exe" -v error -select_streams v:0 -show_entries stream=width,height -of csv=s=x:p=0 "D:\Users\Videos\第二次选择\SampleVideo_1280x720_1mb.mkv"
2025-05-19T06:36:07.969Z [RESOLUTION] 开始执行命令获取分辨率: "D:\code\cursor\looklook\node_modules\ffprobe-static\bin\win32\x64\ffprobe.exe" -v error -select_streams v:0 -show_entries stream=width,height -of csv=s=x:p=0 "D:\Users\Videos\第二次选择\SampleVideo_1280x720_1mb.mkv"
2025-05-19T06:36:08.037Z [RESOLUTION] 命令输出: "1280x720"
2025-05-19T06:36:08.037Z [LOG] 成功解析分辨率: 1280×720
2025-05-19T06:36:08.038Z [RESOLUTION] 成功解析分辨率: 1280×720
2025-05-19T06:36:08.038Z [LOG] 获取视频时长: D:\Users\Videos\第二次选择\SampleVideo_1280x720_1mb.mkv
2025-05-19T06:36:08.038Z [MAIN] 开始获取视频时长: D:\Users\Videos\第二次选择\SampleVideo_1280x720_1mb.mkv
2025-05-19T06:36:08.038Z [LOG] 直接获取视频时长
2025-05-19T06:36:08.038Z [DURATION] 开始获取视频时长: D:\Users\Videos\第二次选择\SampleVideo_1280x720_1mb.mkv
2025-05-19T06:36:08.038Z [PATH] 尝试获取FFprobe路径
2025-05-19T06:36:08.038Z [LOG] 使用配置的FFprobe路径: D:\code\cursor\looklook\node_modules\ffprobe-static\bin\win32\x64\ffprobe.exe
2025-05-19T06:36:08.039Z [PATH] 使用配置的FFprobe路径: D:\code\cursor\looklook\node_modules\ffprobe-static\bin\win32\x64\ffprobe.exe
2025-05-19T06:36:08.039Z [DURATION] 在开发环境中使用ffprobe路径: D:\code\cursor\looklook\node_modules\ffprobe-static\bin\win32\x64\ffprobe.exe
2025-05-19T06:36:08.039Z [DURATION] 检查ffprobe可执行文件是否存在: true
2025-05-19T06:36:08.040Z [LOG] 执行命令: "D:\code\cursor\looklook\node_modules\ffprobe-static\bin\win32\x64\ffprobe.exe" -v error -show_entries format=duration -of default=noprint_wrappers=1:nokey=1 "D:\Users\Videos\第二次选择\SampleVideo_1280x720_1mb.mkv"
2025-05-19T06:36:08.040Z [DURATION] 开始执行命令获取时长: "D:\code\cursor\looklook\node_modules\ffprobe-static\bin\win32\x64\ffprobe.exe" -v error -show_entries format=duration -of default=noprint_wrappers=1:nokey=1 "D:\Users\Videos\第二次选择\SampleVideo_1280x720_1mb.mkv"
2025-05-19T06:36:08.105Z [DURATION] 命令输出: "3.600000"
2025-05-19T06:36:08.105Z [LOG] 成功解析时长: 00:00:03
2025-05-19T06:36:08.106Z [DURATION] 成功解析时长: 00:00:03
2025-05-19T06:36:08.106Z [LOG] 开始生成缩略图，视频路径: D:\Users\Videos\第二次选择\SampleVideo_1280x720_1mb.mkv
2025-05-19T06:36:08.106Z [LOG] 缩略图输出路径: D:\code\cursor\looklook\userdata\thumbnails\1747636568322-RDpcVXNl.jpg
2025-05-19T06:36:08.107Z [LOG] 生成随机时间点: 00:00:42
2025-05-19T06:36:08.107Z [LOG] 使用直接命令行ffmpeg生成缩略图
2025-05-19T06:36:08.107Z [PATH] 尝试获取FFmpeg路径
2025-05-19T06:36:08.107Z [LOG] 使用配置的FFmpeg路径: D:\code\cursor\looklook\node_modules\ffmpeg-static\ffmpeg.exe
2025-05-19T06:36:08.107Z [PATH] 使用配置的FFmpeg路径: D:\code\cursor\looklook\node_modules\ffmpeg-static\ffmpeg.exe
2025-05-19T06:36:08.108Z [LOG] 将使用时间点 00:00:42 生成缩略图
2025-05-19T06:36:08.108Z [LOG] 执行命令: D:\code\cursor\looklook\node_modules\ffmpeg-static\ffmpeg.exe -ss 00:00:42 -i D:\Users\Videos\第二次选择\SampleVideo_1280x720_1mb.mkv -vframes 1 -s 320x180 -y D:\code\cursor\looklook\userdata\thumbnails\1747636568322-RDpcVXNl.jpg
2025-05-19T06:36:08.692Z [ERROR] 直接ffmpeg生成缩略图失败: Command failed: D:\code\cursor\looklook\node_modules\ffmpeg-static\ffmpeg.exe -ss 00:00:42 -i D:\Users\Videos\第二次选择\SampleVideo_1280x720_1mb.mkv -vframes 1 -s 320x180 -y D:\code\cursor\looklook\userdata\thumbnails\1747636568322-RDpcVXNl.jpg
ffmpeg version 7.1.1-essentials_build-www.gyan.dev Copyright (c) 2000-2025 the FFmpeg developers
  built with gcc 14.2.0 (Rev1, Built by MSYS2 project)
  configuration: --enable-gpl --enable-version3 --enable-static --disable-w32threads --disable-autodetect --enable-fontconfig --enable-iconv --enable-gnutls --enable-libxml2 --enable-gmp --enable-bzlib --enable-lzma --enable-zlib --enable-libsrt --enable-libssh --enable-libzmq --enable-avisynth --enable-sdl2 --enable-libwebp --enable-libx264 --enable-libx265 --enable-libxvid --enable-libaom --enable-libopenjpeg --enable-libvpx --enable-mediafoundation --enable-libass --enable-libfreetype --enable-libfribidi --enable-libharfbuzz --enable-libvidstab --enable-libvmaf --enable-libzimg --enable-amf --enable-cuda-llvm --enable-cuvid --enable-dxva2 --enable-d3d11va --enable-d3d12va --enable-ffnvcodec --enable-libvpl --enable-nvdec --enable-nvenc --enable-vaapi --enable-libgme --enable-libopenmpt --enable-libopencore-amrwb --enable-libmp3lame --enable-libtheora --enable-libvo-amrwbenc --enable-libgsm --enable-libopencore-amrnb --enable-libopus --enable-libspeex --enable-libvorbis --enable-librubberband
  libavutil      59. 39.100 / 59. 39.100
  libavcodec     61. 19.101 / 61. 19.101
  libavformat    61.  7.100 / 61.  7.100
  libavdevice    61.  3.100 / 61.  3.100
  libavfilter    10.  4.100 / 10.  4.100
  libswscale      8.  3.100 /  8.  3.100
  libswresample   5.  3.100 /  5.  3.100
  libpostproc    58.  3.100 / 58.  3.100
[in#0/matroska,webm @ 00000000026dfe80] could not seek to position 42.000
Input #0, matroska,webm, from 'D:\Users\Videos\第二次选择\SampleVideo_1280x720_1mb.mkv':
  Metadata:
    ENCODER         : Lavf53.24.2
  Duration: 00:00:03.60, bitrate: 2338 kb/s
  Stream #0:0: Video: mpeg4 (Simple Profile), yuv420p, 1280x720 [SAR 1:1 DAR 16:9], 25 fps, 25 tbr, 1k tbn (default)
  Stream #0:1: Audio: aac (LC), 48000 Hz, 5.1, fltp (default)
Stream mapping:
  Stream #0:0 -> #0:0 (mpeg4 (native) -> mjpeg (native))
Press [q] to stop, [?] for help
[vf#0:0 @ 0000000002aafec0] No filtered frames for output stream, trying to initialize anyway.
[mjpeg @ 0000000002a82900] Non full-range YUV is non-standard, set strict_std_compliance to at most unofficial to use it.
[vost#0:0/mjpeg @ 00000000027b0c80] Error while opening encoder - maybe incorrect parameters such as bit_rate, rate, width or height.
[vf#0:0 @ 0000000002a83100] Task finished with error code: -22 (Invalid argument)
[vf#0:0 @ 0000000002a83100] Terminating thread with return code -22 (Invalid argument)
[vost#0:0/mjpeg @ 00000000027b0c80] Could not open encoder before EOF
[vost#0:0/mjpeg @ 00000000027b0c80] Task finished with error code: -22 (Invalid argument)
[vost#0:0/mjpeg @ 00000000027b0c80] Terminating thread with return code -22 (Invalid argument)
[out#0/image2 @ 00000000026e0c00] Nothing was written into output file, because at least one of its streams received no packets.
frame=    0 fps=0.0 q=0.0 Lsize=       0KiB time=N/A bitrate=N/A speed=N/A    
Conversion failed!

2025-05-19T06:36:08.697Z [ERROR] STDERR: ffmpeg version 7.1.1-essentials_build-www.gyan.dev Copyright (c) 2000-2025 the FFmpeg developers
  built with gcc 14.2.0 (Rev1, Built by MSYS2 project)
  configuration: --enable-gpl --enable-version3 --enable-static --disable-w32threads --disable-autodetect --enable-fontconfig --enable-iconv --enable-gnutls --enable-libxml2 --enable-gmp --enable-bzlib --enable-lzma --enable-zlib --enable-libsrt --enable-libssh --enable-libzmq --enable-avisynth --enable-sdl2 --enable-libwebp --enable-libx264 --enable-libx265 --enable-libxvid --enable-libaom --enable-libopenjpeg --enable-libvpx --enable-mediafoundation --enable-libass --enable-libfreetype --enable-libfribidi --enable-libharfbuzz --enable-libvidstab --enable-libvmaf --enable-libzimg --enable-amf --enable-cuda-llvm --enable-cuvid --enable-dxva2 --enable-d3d11va --enable-d3d12va --enable-ffnvcodec --enable-libvpl --enable-nvdec --enable-nvenc --enable-vaapi --enable-libgme --enable-libopenmpt --enable-libopencore-amrwb --enable-libmp3lame --enable-libtheora --enable-libvo-amrwbenc --enable-libgsm --enable-libopencore-amrnb --enable-libopus --enable-libspeex --enable-libvorbis --enable-librubberband
  libavutil      59. 39.100 / 59. 39.100
  libavcodec     61. 19.101 / 61. 19.101
  libavformat    61.  7.100 / 61.  7.100
  libavdevice    61.  3.100 / 61.  3.100
  libavfilter    10.  4.100 / 10.  4.100
  libswscale      8.  3.100 /  8.  3.100
  libswresample   5.  3.100 /  5.  3.100
  libpostproc    58.  3.100 / 58.  3.100
[in#0/matroska,webm @ 00000000026dfe80] could not seek to position 42.000
Input #0, matroska,webm, from 'D:\Users\Videos\第二次选择\SampleVideo_1280x720_1mb.mkv':
  Metadata:
    ENCODER         : Lavf53.24.2
  Duration: 00:00:03.60, bitrate: 2338 kb/s
  Stream #0:0: Video: mpeg4 (Simple Profile), yuv420p, 1280x720 [SAR 1:1 DAR 16:9], 25 fps, 25 tbr, 1k tbn (default)
  Stream #0:1: Audio: aac (LC), 48000 Hz, 5.1, fltp (default)
Stream mapping:
  Stream #0:0 -> #0:0 (mpeg4 (native) -> mjpeg (native))
Press [q] to stop, [?] for help
[vf#0:0 @ 0000000002aafec0] No filtered frames for output stream, trying to initialize anyway.
[mjpeg @ 0000000002a82900] Non full-range YUV is non-standard, set strict_std_compliance to at most unofficial to use it.
[vost#0:0/mjpeg @ 00000000027b0c80] Error while opening encoder - maybe incorrect parameters such as bit_rate, rate, width or height.
[vf#0:0 @ 0000000002a83100] Task finished with error code: -22 (Invalid argument)
[vf#0:0 @ 0000000002a83100] Terminating thread with return code -22 (Invalid argument)
[vost#0:0/mjpeg @ 00000000027b0c80] Could not open encoder before EOF
[vost#0:0/mjpeg @ 00000000027b0c80] Task finished with error code: -22 (Invalid argument)
[vost#0:0/mjpeg @ 00000000027b0c80] Terminating thread with return code -22 (Invalid argument)
[out#0/image2 @ 00000000026e0c00] Nothing was written into output file, because at least one of its streams received no packets.
frame=    0 fps=0.0 q=0.0 Lsize=       0KiB time=N/A bitrate=N/A speed=N/A    
Conversion failed!

2025-05-19T06:36:08.700Z [ERROR] 直接ffmpeg命令生成缩略图失败: Command failed: D:\code\cursor\looklook\node_modules\ffmpeg-static\ffmpeg.exe -ss 00:00:42 -i D:\Users\Videos\第二次选择\SampleVideo_1280x720_1mb.mkv -vframes 1 -s 320x180 -y D:\code\cursor\looklook\userdata\thumbnails\1747636568322-RDpcVXNl.jpg
ffmpeg version 7.1.1-essentials_build-www.gyan.dev Copyright (c) 2000-2025 the FFmpeg developers
  built with gcc 14.2.0 (Rev1, Built by MSYS2 project)
  configuration: --enable-gpl --enable-version3 --enable-static --disable-w32threads --disable-autodetect --enable-fontconfig --enable-iconv --enable-gnutls --enable-libxml2 --enable-gmp --enable-bzlib --enable-lzma --enable-zlib --enable-libsrt --enable-libssh --enable-libzmq --enable-avisynth --enable-sdl2 --enable-libwebp --enable-libx264 --enable-libx265 --enable-libxvid --enable-libaom --enable-libopenjpeg --enable-libvpx --enable-mediafoundation --enable-libass --enable-libfreetype --enable-libfribidi --enable-libharfbuzz --enable-libvidstab --enable-libvmaf --enable-libzimg --enable-amf --enable-cuda-llvm --enable-cuvid --enable-dxva2 --enable-d3d11va --enable-d3d12va --enable-ffnvcodec --enable-libvpl --enable-nvdec --enable-nvenc --enable-vaapi --enable-libgme --enable-libopenmpt --enable-libopencore-amrwb --enable-libmp3lame --enable-libtheora --enable-libvo-amrwbenc --enable-libgsm --enable-libopencore-amrnb --enable-libopus --enable-libspeex --enable-libvorbis --enable-librubberband
  libavutil      59. 39.100 / 59. 39.100
  libavcodec     61. 19.101 / 61. 19.101
  libavformat    61.  7.100 / 61.  7.100
  libavdevice    61.  3.100 / 61.  3.100
  libavfilter    10.  4.100 / 10.  4.100
  libswscale      8.  3.100 /  8.  3.100
  libswresample   5.  3.100 /  5.  3.100
  libpostproc    58.  3.100 / 58.  3.100
[in#0/matroska,webm @ 00000000026dfe80] could not seek to position 42.000
Input #0, matroska,webm, from 'D:\Users\Videos\第二次选择\SampleVideo_1280x720_1mb.mkv':
  Metadata:
    ENCODER         : Lavf53.24.2
  Duration: 00:00:03.60, bitrate: 2338 kb/s
  Stream #0:0: Video: mpeg4 (Simple Profile), yuv420p, 1280x720 [SAR 1:1 DAR 16:9], 25 fps, 25 tbr, 1k tbn (default)
  Stream #0:1: Audio: aac (LC), 48000 Hz, 5.1, fltp (default)
Stream mapping:
  Stream #0:0 -> #0:0 (mpeg4 (native) -> mjpeg (native))
Press [q] to stop, [?] for help
[vf#0:0 @ 0000000002aafec0] No filtered frames for output stream, trying to initialize anyway.
[mjpeg @ 0000000002a82900] Non full-range YUV is non-standard, set strict_std_compliance to at most unofficial to use it.
[vost#0:0/mjpeg @ 00000000027b0c80] Error while opening encoder - maybe incorrect parameters such as bit_rate, rate, width or height.
[vf#0:0 @ 0000000002a83100] Task finished with error code: -22 (Invalid argument)
[vf#0:0 @ 0000000002a83100] Terminating thread with return code -22 (Invalid argument)
[vost#0:0/mjpeg @ 00000000027b0c80] Could not open encoder before EOF
[vost#0:0/mjpeg @ 00000000027b0c80] Task finished with error code: -22 (Invalid argument)
[vost#0:0/mjpeg @ 00000000027b0c80] Terminating thread with return code -22 (Invalid argument)
[out#0/image2 @ 00000000026e0c00] Nothing was written into output file, because at least one of its streams received no packets.
frame=    0 fps=0.0 q=0.0 Lsize=       0KiB time=N/A bitrate=N/A speed=N/A    
Conversion failed!

2025-05-19T06:36:08.701Z [LOG] 尝试使用直接命令行方式生成缩略图
2025-05-19T06:36:08.701Z [LOG] 直接获取视频时长（秒数）
2025-05-19T06:36:08.701Z [PATH] 尝试获取FFprobe路径
2025-05-19T06:36:08.702Z [LOG] 使用配置的FFprobe路径: D:\code\cursor\looklook\node_modules\ffprobe-static\bin\win32\x64\ffprobe.exe
2025-05-19T06:36:08.702Z [PATH] 使用配置的FFprobe路径: D:\code\cursor\looklook\node_modules\ffprobe-static\bin\win32\x64\ffprobe.exe
2025-05-19T06:36:08.702Z [LOG] 在开发环境中使用ffprobe路径: D:\code\cursor\looklook\node_modules\ffprobe-static\bin\win32\x64\ffprobe.exe
2025-05-19T06:36:08.703Z [LOG] 执行命令: D:\code\cursor\looklook\node_modules\ffprobe-static\bin\win32\x64\ffprobe.exe -v error -show_entries format=duration -of default=noprint_wrappers=1:nokey=1 D:\Users\Videos\第二次选择\SampleVideo_1280x720_1mb.mkv
2025-05-19T06:36:08.762Z [LOG] 时长命令输出: 3.600000
2025-05-19T06:36:08.762Z [LOG] 成功获取视频时长: 3.6 秒
2025-05-19T06:36:08.763Z [LOG] 获取到视频时长: 3.6 秒, 准备截取缩略图
2025-05-19T06:36:08.763Z [LOG] 将在视频的 0 秒处截取缩略图 (随机生成)
2025-05-19T06:36:08.763Z [PATH] 尝试获取FFmpeg路径
2025-05-19T06:36:08.764Z [LOG] 使用配置的FFmpeg路径: D:\code\cursor\looklook\node_modules\ffmpeg-static\ffmpeg.exe
2025-05-19T06:36:08.764Z [PATH] 使用配置的FFmpeg路径: D:\code\cursor\looklook\node_modules\ffmpeg-static\ffmpeg.exe
2025-05-19T06:36:08.764Z [LOG] 执行命令: D:\code\cursor\looklook\node_modules\ffmpeg-static\ffmpeg.exe -i D:\Users\Videos\第二次选择\SampleVideo_1280x720_1mb.mkv -ss 0 -vframes 1 -s 320x180 -y D:\code\cursor\looklook\userdata\thumbnails\1747636568322-RDpcVXNl.jpg
2025-05-19T06:36:08.853Z [LOG] 命令行方式成功生成缩略图: D:\code\cursor\looklook\userdata\thumbnails\1747636568322-RDpcVXNl.jpg
2025-05-19T06:36:08.854Z [LOG] 通过多步骤方法成功生成缩略图
2025-05-19T06:36:08.855Z [LOG] 设置已加载
2025-05-19T06:36:08.855Z [LOG] 获取视频分辨率: D:\Users\Videos\第二次选择\SampleVideo_1280x720_1mb.mp4
2025-05-19T06:36:08.855Z [MAIN] 开始获取视频分辨率: D:\Users\Videos\第二次选择\SampleVideo_1280x720_1mb.mp4
2025-05-19T06:36:08.856Z [LOG] 直接获取视频分辨率
2025-05-19T06:36:08.856Z [RESOLUTION] 开始获取视频分辨率: D:\Users\Videos\第二次选择\SampleVideo_1280x720_1mb.mp4
2025-05-19T06:36:08.856Z [PATH] 尝试获取FFprobe路径
2025-05-19T06:36:08.856Z [LOG] 使用配置的FFprobe路径: D:\code\cursor\looklook\node_modules\ffprobe-static\bin\win32\x64\ffprobe.exe
2025-05-19T06:36:08.856Z [PATH] 使用配置的FFprobe路径: D:\code\cursor\looklook\node_modules\ffprobe-static\bin\win32\x64\ffprobe.exe
2025-05-19T06:36:08.857Z [RESOLUTION] 在开发环境中使用ffprobe路径: D:\code\cursor\looklook\node_modules\ffprobe-static\bin\win32\x64\ffprobe.exe
2025-05-19T06:36:08.857Z [RESOLUTION] 检查ffprobe可执行文件是否存在: true
2025-05-19T06:36:08.858Z [LOG] 执行命令: "D:\code\cursor\looklook\node_modules\ffprobe-static\bin\win32\x64\ffprobe.exe" -v error -select_streams v:0 -show_entries stream=width,height -of csv=s=x:p=0 "D:\Users\Videos\第二次选择\SampleVideo_1280x720_1mb.mp4"
2025-05-19T06:36:08.858Z [RESOLUTION] 开始执行命令获取分辨率: "D:\code\cursor\looklook\node_modules\ffprobe-static\bin\win32\x64\ffprobe.exe" -v error -select_streams v:0 -show_entries stream=width,height -of csv=s=x:p=0 "D:\Users\Videos\第二次选择\SampleVideo_1280x720_1mb.mp4"
2025-05-19T06:36:08.933Z [RESOLUTION] 命令输出: "1280x720"
2025-05-19T06:36:08.934Z [LOG] 成功解析分辨率: 1280×720
2025-05-19T06:36:08.934Z [RESOLUTION] 成功解析分辨率: 1280×720
2025-05-19T06:36:08.934Z [LOG] 获取视频时长: D:\Users\Videos\第二次选择\SampleVideo_1280x720_1mb.mp4
2025-05-19T06:36:08.935Z [MAIN] 开始获取视频时长: D:\Users\Videos\第二次选择\SampleVideo_1280x720_1mb.mp4
2025-05-19T06:36:08.935Z [LOG] 直接获取视频时长
2025-05-19T06:36:08.935Z [DURATION] 开始获取视频时长: D:\Users\Videos\第二次选择\SampleVideo_1280x720_1mb.mp4
2025-05-19T06:36:08.935Z [PATH] 尝试获取FFprobe路径
2025-05-19T06:36:08.936Z [LOG] 使用配置的FFprobe路径: D:\code\cursor\looklook\node_modules\ffprobe-static\bin\win32\x64\ffprobe.exe
2025-05-19T06:36:08.936Z [PATH] 使用配置的FFprobe路径: D:\code\cursor\looklook\node_modules\ffprobe-static\bin\win32\x64\ffprobe.exe
2025-05-19T06:36:08.936Z [DURATION] 在开发环境中使用ffprobe路径: D:\code\cursor\looklook\node_modules\ffprobe-static\bin\win32\x64\ffprobe.exe
2025-05-19T06:36:08.936Z [DURATION] 检查ffprobe可执行文件是否存在: true
2025-05-19T06:36:08.936Z [LOG] 执行命令: "D:\code\cursor\looklook\node_modules\ffprobe-static\bin\win32\x64\ffprobe.exe" -v error -show_entries format=duration -of default=noprint_wrappers=1:nokey=1 "D:\Users\Videos\第二次选择\SampleVideo_1280x720_1mb.mp4"
2025-05-19T06:36:08.936Z [DURATION] 开始执行命令获取时长: "D:\code\cursor\looklook\node_modules\ffprobe-static\bin\win32\x64\ffprobe.exe" -v error -show_entries format=duration -of default=noprint_wrappers=1:nokey=1 "D:\Users\Videos\第二次选择\SampleVideo_1280x720_1mb.mp4"
2025-05-19T06:36:09.012Z [DURATION] 命令输出: "5.312000"
2025-05-19T06:36:09.013Z [LOG] 成功解析时长: 00:00:05
2025-05-19T06:36:09.013Z [DURATION] 成功解析时长: 00:00:05
2025-05-19T06:36:09.013Z [LOG] 开始生成缩略图，视频路径: D:\Users\Videos\第二次选择\SampleVideo_1280x720_1mb.mp4
2025-05-19T06:36:09.013Z [LOG] 缩略图输出路径: D:\code\cursor\looklook\userdata\thumbnails\1747636569441-RDpcVXNl.jpg
2025-05-19T06:36:09.014Z [LOG] 生成随机时间点: 00:00:24
2025-05-19T06:36:09.014Z [LOG] 使用直接命令行ffmpeg生成缩略图
2025-05-19T06:36:09.015Z [PATH] 尝试获取FFmpeg路径
2025-05-19T06:36:09.015Z [LOG] 使用配置的FFmpeg路径: D:\code\cursor\looklook\node_modules\ffmpeg-static\ffmpeg.exe
2025-05-19T06:36:09.015Z [PATH] 使用配置的FFmpeg路径: D:\code\cursor\looklook\node_modules\ffmpeg-static\ffmpeg.exe
2025-05-19T06:36:09.016Z [LOG] 将使用时间点 00:00:24 生成缩略图
2025-05-19T06:36:09.016Z [LOG] 执行命令: D:\code\cursor\looklook\node_modules\ffmpeg-static\ffmpeg.exe -ss 00:00:24 -i D:\Users\Videos\第二次选择\SampleVideo_1280x720_1mb.mp4 -vframes 1 -s 320x180 -y D:\code\cursor\looklook\userdata\thumbnails\1747636569441-RDpcVXNl.jpg
2025-05-19T06:36:09.629Z [ERROR] 直接ffmpeg生成缩略图失败: Command failed: D:\code\cursor\looklook\node_modules\ffmpeg-static\ffmpeg.exe -ss 00:00:24 -i D:\Users\Videos\第二次选择\SampleVideo_1280x720_1mb.mp4 -vframes 1 -s 320x180 -y D:\code\cursor\looklook\userdata\thumbnails\1747636569441-RDpcVXNl.jpg
ffmpeg version 7.1.1-essentials_build-www.gyan.dev Copyright (c) 2000-2025 the FFmpeg developers
  built with gcc 14.2.0 (Rev1, Built by MSYS2 project)
  configuration: --enable-gpl --enable-version3 --enable-static --disable-w32threads --disable-autodetect --enable-fontconfig --enable-iconv --enable-gnutls --enable-libxml2 --enable-gmp --enable-bzlib --enable-lzma --enable-zlib --enable-libsrt --enable-libssh --enable-libzmq --enable-avisynth --enable-sdl2 --enable-libwebp --enable-libx264 --enable-libx265 --enable-libxvid --enable-libaom --enable-libopenjpeg --enable-libvpx --enable-mediafoundation --enable-libass --enable-libfreetype --enable-libfribidi --enable-libharfbuzz --enable-libvidstab --enable-libvmaf --enable-libzimg --enable-amf --enable-cuda-llvm --enable-cuvid --enable-dxva2 --enable-d3d11va --enable-d3d12va --enable-ffnvcodec --enable-libvpl --enable-nvdec --enable-nvenc --enable-vaapi --enable-libgme --enable-libopenmpt --enable-libopencore-amrwb --enable-libmp3lame --enable-libtheora --enable-libvo-amrwbenc --enable-libgsm --enable-libopencore-amrnb --enable-libopus --enable-libspeex --enable-libvorbis --enable-librubberband
  libavutil      59. 39.100 / 59. 39.100
  libavcodec     61. 19.101 / 61. 19.101
  libavformat    61.  7.100 / 61.  7.100
  libavdevice    61.  3.100 / 61.  3.100
  libavfilter    10.  4.100 / 10.  4.100
  libswscale      8.  3.100 /  8.  3.100
  libswresample   5.  3.100 /  5.  3.100
  libpostproc    58.  3.100 / 58.  3.100
Input #0, mov,mp4,m4a,3gp,3g2,mj2, from 'D:\Users\Videos\第二次选择\SampleVideo_1280x720_1mb.mp4':
  Metadata:
    major_brand     : isom
    minor_version   : 512
    compatible_brands: isomiso2avc1mp41
    creation_time   : 1970-01-01T00:00:00.000000Z
    encoder         : Lavf53.24.2
  Duration: 00:00:05.31, start: 0.000000, bitrate: 1589 kb/s
  Stream #0:0[0x1](und): Video: h264 (Main) (avc1 / 0x31637661), yuv420p(progressive), 1280x720 [SAR 1:1 DAR 16:9], 1205 kb/s, 25 fps, 25 tbr, 12800 tbn (default)
      Metadata:
        creation_time   : 1970-01-01T00:00:00.000000Z
        handler_name    : VideoHandler
        vendor_id       : [0][0][0][0]
  Stream #0:1[0x2](und): Audio: aac (LC) (mp4a / 0x6134706D), 48000 Hz, 5.1, fltp, 384 kb/s (default)
      Metadata:
        creation_time   : 1970-01-01T00:00:00.000000Z
        handler_name    : SoundHandler
        vendor_id       : [0][0][0][0]
Stream mapping:
  Stream #0:0 -> #0:0 (h264 (native) -> mjpeg (native))
Press [q] to stop, [?] for help
[vf#0:0 @ 0000000002b70b40] No filtered frames for output stream, trying to initialize anyway.
[mjpeg @ 0000000002b70400] Non full-range YUV is non-standard, set strict_std_compliance to at most unofficial to use it.
[vost#0:0/mjpeg @ 0000000000e71a00] Error while opening encoder - maybe incorrect parameters such as bit_rate, rate, width or height.
[vf#0:0 @ 0000000002b707c0] Task finished with error code: -22 (Invalid argument)
[vf#0:0 @ 0000000002b707c0] Terminating thread with return code -22 (Invalid argument)
[vost#0:0/mjpeg @ 0000000000e71a00] Could not open encoder before EOF
[vost#0:0/mjpeg @ 0000000000e71a00] Task finished with error code: -22 (Invalid argument)
[vost#0:0/mjpeg @ 0000000000e71a00] Terminating thread with return code -22 (Invalid argument)
[out#0/image2 @ 0000000000e50700] Nothing was written into output file, because at least one of its streams received no packets.
frame=    0 fps=0.0 q=0.0 Lsize=       0KiB time=N/A bitrate=N/A speed=N/A    
Conversion failed!

2025-05-19T06:36:09.633Z [ERROR] STDERR: ffmpeg version 7.1.1-essentials_build-www.gyan.dev Copyright (c) 2000-2025 the FFmpeg developers
  built with gcc 14.2.0 (Rev1, Built by MSYS2 project)
  configuration: --enable-gpl --enable-version3 --enable-static --disable-w32threads --disable-autodetect --enable-fontconfig --enable-iconv --enable-gnutls --enable-libxml2 --enable-gmp --enable-bzlib --enable-lzma --enable-zlib --enable-libsrt --enable-libssh --enable-libzmq --enable-avisynth --enable-sdl2 --enable-libwebp --enable-libx264 --enable-libx265 --enable-libxvid --enable-libaom --enable-libopenjpeg --enable-libvpx --enable-mediafoundation --enable-libass --enable-libfreetype --enable-libfribidi --enable-libharfbuzz --enable-libvidstab --enable-libvmaf --enable-libzimg --enable-amf --enable-cuda-llvm --enable-cuvid --enable-dxva2 --enable-d3d11va --enable-d3d12va --enable-ffnvcodec --enable-libvpl --enable-nvdec --enable-nvenc --enable-vaapi --enable-libgme --enable-libopenmpt --enable-libopencore-amrwb --enable-libmp3lame --enable-libtheora --enable-libvo-amrwbenc --enable-libgsm --enable-libopencore-amrnb --enable-libopus --enable-libspeex --enable-libvorbis --enable-librubberband
  libavutil      59. 39.100 / 59. 39.100
  libavcodec     61. 19.101 / 61. 19.101
  libavformat    61.  7.100 / 61.  7.100
  libavdevice    61.  3.100 / 61.  3.100
  libavfilter    10.  4.100 / 10.  4.100
  libswscale      8.  3.100 /  8.  3.100
  libswresample   5.  3.100 /  5.  3.100
  libpostproc    58.  3.100 / 58.  3.100
Input #0, mov,mp4,m4a,3gp,3g2,mj2, from 'D:\Users\Videos\第二次选择\SampleVideo_1280x720_1mb.mp4':
  Metadata:
    major_brand     : isom
    minor_version   : 512
    compatible_brands: isomiso2avc1mp41
    creation_time   : 1970-01-01T00:00:00.000000Z
    encoder         : Lavf53.24.2
  Duration: 00:00:05.31, start: 0.000000, bitrate: 1589 kb/s
  Stream #0:0[0x1](und): Video: h264 (Main) (avc1 / 0x31637661), yuv420p(progressive), 1280x720 [SAR 1:1 DAR 16:9], 1205 kb/s, 25 fps, 25 tbr, 12800 tbn (default)
      Metadata:
        creation_time   : 1970-01-01T00:00:00.000000Z
        handler_name    : VideoHandler
        vendor_id       : [0][0][0][0]
  Stream #0:1[0x2](und): Audio: aac (LC) (mp4a / 0x6134706D), 48000 Hz, 5.1, fltp, 384 kb/s (default)
      Metadata:
        creation_time   : 1970-01-01T00:00:00.000000Z
        handler_name    : SoundHandler
        vendor_id       : [0][0][0][0]
Stream mapping:
  Stream #0:0 -> #0:0 (h264 (native) -> mjpeg (native))
Press [q] to stop, [?] for help
[vf#0:0 @ 0000000002b70b40] No filtered frames for output stream, trying to initialize anyway.
[mjpeg @ 0000000002b70400] Non full-range YUV is non-standard, set strict_std_compliance to at most unofficial to use it.
[vost#0:0/mjpeg @ 0000000000e71a00] Error while opening encoder - maybe incorrect parameters such as bit_rate, rate, width or height.
[vf#0:0 @ 0000000002b707c0] Task finished with error code: -22 (Invalid argument)
[vf#0:0 @ 0000000002b707c0] Terminating thread with return code -22 (Invalid argument)
[vost#0:0/mjpeg @ 0000000000e71a00] Could not open encoder before EOF
[vost#0:0/mjpeg @ 0000000000e71a00] Task finished with error code: -22 (Invalid argument)
[vost#0:0/mjpeg @ 0000000000e71a00] Terminating thread with return code -22 (Invalid argument)
[out#0/image2 @ 0000000000e50700] Nothing was written into output file, because at least one of its streams received no packets.
frame=    0 fps=0.0 q=0.0 Lsize=       0KiB time=N/A bitrate=N/A speed=N/A    
Conversion failed!

2025-05-19T06:36:09.640Z [ERROR] 直接ffmpeg命令生成缩略图失败: Command failed: D:\code\cursor\looklook\node_modules\ffmpeg-static\ffmpeg.exe -ss 00:00:24 -i D:\Users\Videos\第二次选择\SampleVideo_1280x720_1mb.mp4 -vframes 1 -s 320x180 -y D:\code\cursor\looklook\userdata\thumbnails\1747636569441-RDpcVXNl.jpg
ffmpeg version 7.1.1-essentials_build-www.gyan.dev Copyright (c) 2000-2025 the FFmpeg developers
  built with gcc 14.2.0 (Rev1, Built by MSYS2 project)
  configuration: --enable-gpl --enable-version3 --enable-static --disable-w32threads --disable-autodetect --enable-fontconfig --enable-iconv --enable-gnutls --enable-libxml2 --enable-gmp --enable-bzlib --enable-lzma --enable-zlib --enable-libsrt --enable-libssh --enable-libzmq --enable-avisynth --enable-sdl2 --enable-libwebp --enable-libx264 --enable-libx265 --enable-libxvid --enable-libaom --enable-libopenjpeg --enable-libvpx --enable-mediafoundation --enable-libass --enable-libfreetype --enable-libfribidi --enable-libharfbuzz --enable-libvidstab --enable-libvmaf --enable-libzimg --enable-amf --enable-cuda-llvm --enable-cuvid --enable-dxva2 --enable-d3d11va --enable-d3d12va --enable-ffnvcodec --enable-libvpl --enable-nvdec --enable-nvenc --enable-vaapi --enable-libgme --enable-libopenmpt --enable-libopencore-amrwb --enable-libmp3lame --enable-libtheora --enable-libvo-amrwbenc --enable-libgsm --enable-libopencore-amrnb --enable-libopus --enable-libspeex --enable-libvorbis --enable-librubberband
  libavutil      59. 39.100 / 59. 39.100
  libavcodec     61. 19.101 / 61. 19.101
  libavformat    61.  7.100 / 61.  7.100
  libavdevice    61.  3.100 / 61.  3.100
  libavfilter    10.  4.100 / 10.  4.100
  libswscale      8.  3.100 /  8.  3.100
  libswresample   5.  3.100 /  5.  3.100
  libpostproc    58.  3.100 / 58.  3.100
Input #0, mov,mp4,m4a,3gp,3g2,mj2, from 'D:\Users\Videos\第二次选择\SampleVideo_1280x720_1mb.mp4':
  Metadata:
    major_brand     : isom
    minor_version   : 512
    compatible_brands: isomiso2avc1mp41
    creation_time   : 1970-01-01T00:00:00.000000Z
    encoder         : Lavf53.24.2
  Duration: 00:00:05.31, start: 0.000000, bitrate: 1589 kb/s
  Stream #0:0[0x1](und): Video: h264 (Main) (avc1 / 0x31637661), yuv420p(progressive), 1280x720 [SAR 1:1 DAR 16:9], 1205 kb/s, 25 fps, 25 tbr, 12800 tbn (default)
      Metadata:
        creation_time   : 1970-01-01T00:00:00.000000Z
        handler_name    : VideoHandler
        vendor_id       : [0][0][0][0]
  Stream #0:1[0x2](und): Audio: aac (LC) (mp4a / 0x6134706D), 48000 Hz, 5.1, fltp, 384 kb/s (default)
      Metadata:
        creation_time   : 1970-01-01T00:00:00.000000Z
        handler_name    : SoundHandler
        vendor_id       : [0][0][0][0]
Stream mapping:
  Stream #0:0 -> #0:0 (h264 (native) -> mjpeg (native))
Press [q] to stop, [?] for help
[vf#0:0 @ 0000000002b70b40] No filtered frames for output stream, trying to initialize anyway.
[mjpeg @ 0000000002b70400] Non full-range YUV is non-standard, set strict_std_compliance to at most unofficial to use it.
[vost#0:0/mjpeg @ 0000000000e71a00] Error while opening encoder - maybe incorrect parameters such as bit_rate, rate, width or height.
[vf#0:0 @ 0000000002b707c0] Task finished with error code: -22 (Invalid argument)
[vf#0:0 @ 0000000002b707c0] Terminating thread with return code -22 (Invalid argument)
[vost#0:0/mjpeg @ 0000000000e71a00] Could not open encoder before EOF
[vost#0:0/mjpeg @ 0000000000e71a00] Task finished with error code: -22 (Invalid argument)
[vost#0:0/mjpeg @ 0000000000e71a00] Terminating thread with return code -22 (Invalid argument)
[out#0/image2 @ 0000000000e50700] Nothing was written into output file, because at least one of its streams received no packets.
frame=    0 fps=0.0 q=0.0 Lsize=       0KiB time=N/A bitrate=N/A speed=N/A    
Conversion failed!

2025-05-19T06:36:09.641Z [LOG] 尝试使用直接命令行方式生成缩略图
2025-05-19T06:36:09.642Z [LOG] 直接获取视频时长（秒数）
2025-05-19T06:36:09.642Z [PATH] 尝试获取FFprobe路径
2025-05-19T06:36:09.642Z [LOG] 使用配置的FFprobe路径: D:\code\cursor\looklook\node_modules\ffprobe-static\bin\win32\x64\ffprobe.exe
2025-05-19T06:36:09.643Z [PATH] 使用配置的FFprobe路径: D:\code\cursor\looklook\node_modules\ffprobe-static\bin\win32\x64\ffprobe.exe
2025-05-19T06:36:09.643Z [LOG] 在开发环境中使用ffprobe路径: D:\code\cursor\looklook\node_modules\ffprobe-static\bin\win32\x64\ffprobe.exe
2025-05-19T06:36:09.643Z [LOG] 执行命令: D:\code\cursor\looklook\node_modules\ffprobe-static\bin\win32\x64\ffprobe.exe -v error -show_entries format=duration -of default=noprint_wrappers=1:nokey=1 D:\Users\Videos\第二次选择\SampleVideo_1280x720_1mb.mp4
2025-05-19T06:36:09.705Z [LOG] 时长命令输出: 5.312000
2025-05-19T06:36:09.705Z [LOG] 成功获取视频时长: 5.312 秒
2025-05-19T06:36:09.706Z [LOG] 获取到视频时长: 5.312 秒, 准备截取缩略图
2025-05-19T06:36:09.706Z [LOG] 将在视频的 1 秒处截取缩略图 (随机生成)
2025-05-19T06:36:09.706Z [PATH] 尝试获取FFmpeg路径
2025-05-19T06:36:09.706Z [LOG] 使用配置的FFmpeg路径: D:\code\cursor\looklook\node_modules\ffmpeg-static\ffmpeg.exe
2025-05-19T06:36:09.707Z [PATH] 使用配置的FFmpeg路径: D:\code\cursor\looklook\node_modules\ffmpeg-static\ffmpeg.exe
2025-05-19T06:36:09.707Z [LOG] 执行命令: D:\code\cursor\looklook\node_modules\ffmpeg-static\ffmpeg.exe -i D:\Users\Videos\第二次选择\SampleVideo_1280x720_1mb.mp4 -ss 1 -vframes 1 -s 320x180 -y D:\code\cursor\looklook\userdata\thumbnails\1747636569441-RDpcVXNl.jpg
2025-05-19T06:36:09.822Z [LOG] 命令行方式成功生成缩略图: D:\code\cursor\looklook\userdata\thumbnails\1747636569441-RDpcVXNl.jpg
2025-05-19T06:36:09.822Z [LOG] 通过多步骤方法成功生成缩略图
2025-05-19T06:36:09.823Z [LOG] 设置已加载
2025-05-19T06:36:09.823Z [LOG] 获取视频分辨率: D:\Users\Videos\第二次选择\SampleVideo_1280x720_20mb.flv
2025-05-19T06:36:09.823Z [MAIN] 开始获取视频分辨率: D:\Users\Videos\第二次选择\SampleVideo_1280x720_20mb.flv
2025-05-19T06:36:09.823Z [LOG] 直接获取视频分辨率
2025-05-19T06:36:09.823Z [RESOLUTION] 开始获取视频分辨率: D:\Users\Videos\第二次选择\SampleVideo_1280x720_20mb.flv
2025-05-19T06:36:09.823Z [PATH] 尝试获取FFprobe路径
2025-05-19T06:36:09.824Z [LOG] 使用配置的FFprobe路径: D:\code\cursor\looklook\node_modules\ffprobe-static\bin\win32\x64\ffprobe.exe
2025-05-19T06:36:09.824Z [PATH] 使用配置的FFprobe路径: D:\code\cursor\looklook\node_modules\ffprobe-static\bin\win32\x64\ffprobe.exe
2025-05-19T06:36:09.824Z [RESOLUTION] 在开发环境中使用ffprobe路径: D:\code\cursor\looklook\node_modules\ffprobe-static\bin\win32\x64\ffprobe.exe
2025-05-19T06:36:09.824Z [RESOLUTION] 检查ffprobe可执行文件是否存在: true
2025-05-19T06:36:09.824Z [LOG] 执行命令: "D:\code\cursor\looklook\node_modules\ffprobe-static\bin\win32\x64\ffprobe.exe" -v error -select_streams v:0 -show_entries stream=width,height -of csv=s=x:p=0 "D:\Users\Videos\第二次选择\SampleVideo_1280x720_20mb.flv"
2025-05-19T06:36:09.824Z [RESOLUTION] 开始执行命令获取分辨率: "D:\code\cursor\looklook\node_modules\ffprobe-static\bin\win32\x64\ffprobe.exe" -v error -select_streams v:0 -show_entries stream=width,height -of csv=s=x:p=0 "D:\Users\Videos\第二次选择\SampleVideo_1280x720_20mb.flv"
2025-05-19T06:36:09.891Z [RESOLUTION] 命令输出: "1280x720"
2025-05-19T06:36:09.892Z [LOG] 成功解析分辨率: 1280×720
2025-05-19T06:36:09.892Z [RESOLUTION] 成功解析分辨率: 1280×720
2025-05-19T06:36:09.892Z [LOG] 获取视频时长: D:\Users\Videos\第二次选择\SampleVideo_1280x720_20mb.flv
2025-05-19T06:36:09.892Z [MAIN] 开始获取视频时长: D:\Users\Videos\第二次选择\SampleVideo_1280x720_20mb.flv
2025-05-19T06:36:09.892Z [LOG] 直接获取视频时长
2025-05-19T06:36:09.892Z [DURATION] 开始获取视频时长: D:\Users\Videos\第二次选择\SampleVideo_1280x720_20mb.flv
2025-05-19T06:36:09.892Z [PATH] 尝试获取FFprobe路径
2025-05-19T06:36:09.893Z [LOG] 使用配置的FFprobe路径: D:\code\cursor\looklook\node_modules\ffprobe-static\bin\win32\x64\ffprobe.exe
2025-05-19T06:36:09.893Z [PATH] 使用配置的FFprobe路径: D:\code\cursor\looklook\node_modules\ffprobe-static\bin\win32\x64\ffprobe.exe
2025-05-19T06:36:09.893Z [DURATION] 在开发环境中使用ffprobe路径: D:\code\cursor\looklook\node_modules\ffprobe-static\bin\win32\x64\ffprobe.exe
2025-05-19T06:36:09.893Z [DURATION] 检查ffprobe可执行文件是否存在: true
2025-05-19T06:36:09.893Z [LOG] 执行命令: "D:\code\cursor\looklook\node_modules\ffprobe-static\bin\win32\x64\ffprobe.exe" -v error -show_entries format=duration -of default=noprint_wrappers=1:nokey=1 "D:\Users\Videos\第二次选择\SampleVideo_1280x720_20mb.flv"
2025-05-19T06:36:09.893Z [DURATION] 开始执行命令获取时长: "D:\code\cursor\looklook\node_modules\ffprobe-static\bin\win32\x64\ffprobe.exe" -v error -show_entries format=duration -of default=noprint_wrappers=1:nokey=1 "D:\Users\Videos\第二次选择\SampleVideo_1280x720_20mb.flv"
2025-05-19T06:36:09.959Z [DURATION] 命令输出: "105.282000"
2025-05-19T06:36:09.960Z [LOG] 成功解析时长: 00:01:45
2025-05-19T06:36:09.960Z [DURATION] 成功解析时长: 00:01:45
2025-05-19T06:36:09.960Z [LOG] 开始生成缩略图，视频路径: D:\Users\Videos\第二次选择\SampleVideo_1280x720_20mb.flv
2025-05-19T06:36:09.961Z [LOG] 缩略图输出路径: D:\code\cursor\looklook\userdata\thumbnails\1747636570586-RDpcVXNl.jpg
2025-05-19T06:36:09.962Z [LOG] 生成随机时间点: 00:00:40
2025-05-19T06:36:09.962Z [LOG] 使用直接命令行ffmpeg生成缩略图
2025-05-19T06:36:09.962Z [PATH] 尝试获取FFmpeg路径
2025-05-19T06:36:09.962Z [LOG] 使用配置的FFmpeg路径: D:\code\cursor\looklook\node_modules\ffmpeg-static\ffmpeg.exe
2025-05-19T06:36:09.962Z [PATH] 使用配置的FFmpeg路径: D:\code\cursor\looklook\node_modules\ffmpeg-static\ffmpeg.exe
2025-05-19T06:36:09.963Z [LOG] 将使用时间点 00:00:40 生成缩略图
2025-05-19T06:36:09.963Z [LOG] 执行命令: D:\code\cursor\looklook\node_modules\ffmpeg-static\ffmpeg.exe -ss 00:00:40 -i D:\Users\Videos\第二次选择\SampleVideo_1280x720_20mb.flv -vframes 1 -s 320x180 -y D:\code\cursor\looklook\userdata\thumbnails\1747636570586-RDpcVXNl.jpg
2025-05-19T06:36:10.095Z [LOG] 直接ffmpeg成功生成缩略图: D:\code\cursor\looklook\userdata\thumbnails\1747636570586-RDpcVXNl.jpg
2025-05-19T06:36:10.096Z [LOG] 通过直接ffmpeg命令生成缩略图成功
2025-05-19T06:36:10.097Z [LOG] 设置已加载
2025-05-19T06:36:10.098Z [LOG] 获取视频分辨率: D:\Users\Videos\第二次选择\SampleVideo_1280x720_20mb.mkv
2025-05-19T06:36:10.098Z [MAIN] 开始获取视频分辨率: D:\Users\Videos\第二次选择\SampleVideo_1280x720_20mb.mkv
2025-05-19T06:36:10.098Z [LOG] 直接获取视频分辨率
2025-05-19T06:36:10.098Z [RESOLUTION] 开始获取视频分辨率: D:\Users\Videos\第二次选择\SampleVideo_1280x720_20mb.mkv
2025-05-19T06:36:10.098Z [PATH] 尝试获取FFprobe路径
2025-05-19T06:36:10.098Z [LOG] 使用配置的FFprobe路径: D:\code\cursor\looklook\node_modules\ffprobe-static\bin\win32\x64\ffprobe.exe
2025-05-19T06:36:10.098Z [PATH] 使用配置的FFprobe路径: D:\code\cursor\looklook\node_modules\ffprobe-static\bin\win32\x64\ffprobe.exe
2025-05-19T06:36:10.098Z [RESOLUTION] 在开发环境中使用ffprobe路径: D:\code\cursor\looklook\node_modules\ffprobe-static\bin\win32\x64\ffprobe.exe
2025-05-19T06:36:10.099Z [RESOLUTION] 检查ffprobe可执行文件是否存在: true
2025-05-19T06:36:10.099Z [LOG] 执行命令: "D:\code\cursor\looklook\node_modules\ffprobe-static\bin\win32\x64\ffprobe.exe" -v error -select_streams v:0 -show_entries stream=width,height -of csv=s=x:p=0 "D:\Users\Videos\第二次选择\SampleVideo_1280x720_20mb.mkv"
2025-05-19T06:36:10.099Z [RESOLUTION] 开始执行命令获取分辨率: "D:\code\cursor\looklook\node_modules\ffprobe-static\bin\win32\x64\ffprobe.exe" -v error -select_streams v:0 -show_entries stream=width,height -of csv=s=x:p=0 "D:\Users\Videos\第二次选择\SampleVideo_1280x720_20mb.mkv"
2025-05-19T06:36:10.160Z [RESOLUTION] 命令输出: "1280x720"
2025-05-19T06:36:10.161Z [LOG] 成功解析分辨率: 1280×720
2025-05-19T06:36:10.161Z [RESOLUTION] 成功解析分辨率: 1280×720
2025-05-19T06:36:10.162Z [LOG] 获取视频时长: D:\Users\Videos\第二次选择\SampleVideo_1280x720_20mb.mkv
2025-05-19T06:36:10.162Z [MAIN] 开始获取视频时长: D:\Users\Videos\第二次选择\SampleVideo_1280x720_20mb.mkv
2025-05-19T06:36:10.162Z [LOG] 直接获取视频时长
2025-05-19T06:36:10.162Z [DURATION] 开始获取视频时长: D:\Users\Videos\第二次选择\SampleVideo_1280x720_20mb.mkv
2025-05-19T06:36:10.162Z [PATH] 尝试获取FFprobe路径
2025-05-19T06:36:10.163Z [LOG] 使用配置的FFprobe路径: D:\code\cursor\looklook\node_modules\ffprobe-static\bin\win32\x64\ffprobe.exe
2025-05-19T06:36:10.163Z [PATH] 使用配置的FFprobe路径: D:\code\cursor\looklook\node_modules\ffprobe-static\bin\win32\x64\ffprobe.exe
2025-05-19T06:36:10.163Z [DURATION] 在开发环境中使用ffprobe路径: D:\code\cursor\looklook\node_modules\ffprobe-static\bin\win32\x64\ffprobe.exe
2025-05-19T06:36:10.163Z [DURATION] 检查ffprobe可执行文件是否存在: true
2025-05-19T06:36:10.163Z [LOG] 执行命令: "D:\code\cursor\looklook\node_modules\ffprobe-static\bin\win32\x64\ffprobe.exe" -v error -show_entries format=duration -of default=noprint_wrappers=1:nokey=1 "D:\Users\Videos\第二次选择\SampleVideo_1280x720_20mb.mkv"
2025-05-19T06:36:10.163Z [DURATION] 开始执行命令获取时长: "D:\code\cursor\looklook\node_modules\ffprobe-static\bin\win32\x64\ffprobe.exe" -v error -show_entries format=duration -of default=noprint_wrappers=1:nokey=1 "D:\Users\Videos\第二次选择\SampleVideo_1280x720_20mb.mkv"
2025-05-19T06:36:10.230Z [DURATION] 命令输出: "112.720000"
2025-05-19T06:36:10.230Z [LOG] 成功解析时长: 00:01:52
2025-05-19T06:36:10.230Z [DURATION] 成功解析时长: 00:01:52
2025-05-19T06:36:10.230Z [LOG] 开始生成缩略图，视频路径: D:\Users\Videos\第二次选择\SampleVideo_1280x720_20mb.mkv
2025-05-19T06:36:10.231Z [LOG] 缩略图输出路径: D:\code\cursor\looklook\userdata\thumbnails\1747636570932-RDpcVXNl.jpg
2025-05-19T06:36:10.231Z [LOG] 生成随机时间点: 00:00:40
2025-05-19T06:36:10.232Z [LOG] 使用直接命令行ffmpeg生成缩略图
2025-05-19T06:36:10.232Z [PATH] 尝试获取FFmpeg路径
2025-05-19T06:36:10.232Z [LOG] 使用配置的FFmpeg路径: D:\code\cursor\looklook\node_modules\ffmpeg-static\ffmpeg.exe
2025-05-19T06:36:10.232Z [PATH] 使用配置的FFmpeg路径: D:\code\cursor\looklook\node_modules\ffmpeg-static\ffmpeg.exe
2025-05-19T06:36:10.233Z [LOG] 将使用时间点 00:00:40 生成缩略图
2025-05-19T06:36:10.233Z [LOG] 执行命令: D:\code\cursor\looklook\node_modules\ffmpeg-static\ffmpeg.exe -ss 00:00:40 -i D:\Users\Videos\第二次选择\SampleVideo_1280x720_20mb.mkv -vframes 1 -s 320x180 -y D:\code\cursor\looklook\userdata\thumbnails\1747636570932-RDpcVXNl.jpg
2025-05-19T06:36:10.329Z [LOG] 直接ffmpeg成功生成缩略图: D:\code\cursor\looklook\userdata\thumbnails\1747636570932-RDpcVXNl.jpg
2025-05-19T06:36:10.329Z [LOG] 通过直接ffmpeg命令生成缩略图成功
2025-05-19T06:36:10.329Z [LOG] 设置已加载
2025-05-19T06:36:10.330Z [LOG] 获取视频分辨率: D:\Users\Videos\第二次选择\SampleVideo_1280x720_20mb.mp4
2025-05-19T06:36:10.330Z [MAIN] 开始获取视频分辨率: D:\Users\Videos\第二次选择\SampleVideo_1280x720_20mb.mp4
2025-05-19T06:36:10.330Z [LOG] 直接获取视频分辨率
2025-05-19T06:36:10.330Z [RESOLUTION] 开始获取视频分辨率: D:\Users\Videos\第二次选择\SampleVideo_1280x720_20mb.mp4
2025-05-19T06:36:10.331Z [PATH] 尝试获取FFprobe路径
2025-05-19T06:36:10.331Z [LOG] 使用配置的FFprobe路径: D:\code\cursor\looklook\node_modules\ffprobe-static\bin\win32\x64\ffprobe.exe
2025-05-19T06:36:10.331Z [PATH] 使用配置的FFprobe路径: D:\code\cursor\looklook\node_modules\ffprobe-static\bin\win32\x64\ffprobe.exe
2025-05-19T06:36:10.331Z [RESOLUTION] 在开发环境中使用ffprobe路径: D:\code\cursor\looklook\node_modules\ffprobe-static\bin\win32\x64\ffprobe.exe
2025-05-19T06:36:10.331Z [RESOLUTION] 检查ffprobe可执行文件是否存在: true
2025-05-19T06:36:10.331Z [LOG] 执行命令: "D:\code\cursor\looklook\node_modules\ffprobe-static\bin\win32\x64\ffprobe.exe" -v error -select_streams v:0 -show_entries stream=width,height -of csv=s=x:p=0 "D:\Users\Videos\第二次选择\SampleVideo_1280x720_20mb.mp4"
2025-05-19T06:36:10.331Z [RESOLUTION] 开始执行命令获取分辨率: "D:\code\cursor\looklook\node_modules\ffprobe-static\bin\win32\x64\ffprobe.exe" -v error -select_streams v:0 -show_entries stream=width,height -of csv=s=x:p=0 "D:\Users\Videos\第二次选择\SampleVideo_1280x720_20mb.mp4"
2025-05-19T06:36:10.407Z [RESOLUTION] 命令输出: "1280x720"
2025-05-19T06:36:10.407Z [LOG] 成功解析分辨率: 1280×720
2025-05-19T06:36:10.407Z [RESOLUTION] 成功解析分辨率: 1280×720
2025-05-19T06:36:10.408Z [LOG] 获取视频时长: D:\Users\Videos\第二次选择\SampleVideo_1280x720_20mb.mp4
2025-05-19T06:36:10.408Z [MAIN] 开始获取视频时长: D:\Users\Videos\第二次选择\SampleVideo_1280x720_20mb.mp4
2025-05-19T06:36:10.408Z [LOG] 直接获取视频时长
2025-05-19T06:36:10.408Z [DURATION] 开始获取视频时长: D:\Users\Videos\第二次选择\SampleVideo_1280x720_20mb.mp4
2025-05-19T06:36:10.408Z [PATH] 尝试获取FFprobe路径
2025-05-19T06:36:10.409Z [LOG] 使用配置的FFprobe路径: D:\code\cursor\looklook\node_modules\ffprobe-static\bin\win32\x64\ffprobe.exe
2025-05-19T06:36:10.409Z [PATH] 使用配置的FFprobe路径: D:\code\cursor\looklook\node_modules\ffprobe-static\bin\win32\x64\ffprobe.exe
2025-05-19T06:36:10.409Z [DURATION] 在开发环境中使用ffprobe路径: D:\code\cursor\looklook\node_modules\ffprobe-static\bin\win32\x64\ffprobe.exe
2025-05-19T06:36:10.409Z [DURATION] 检查ffprobe可执行文件是否存在: true
2025-05-19T06:36:10.410Z [LOG] 执行命令: "D:\code\cursor\looklook\node_modules\ffprobe-static\bin\win32\x64\ffprobe.exe" -v error -show_entries format=duration -of default=noprint_wrappers=1:nokey=1 "D:\Users\Videos\第二次选择\SampleVideo_1280x720_20mb.mp4"
2025-05-19T06:36:10.410Z [DURATION] 开始执行命令获取时长: "D:\code\cursor\looklook\node_modules\ffprobe-static\bin\win32\x64\ffprobe.exe" -v error -show_entries format=duration -of default=noprint_wrappers=1:nokey=1 "D:\Users\Videos\第二次选择\SampleVideo_1280x720_20mb.mp4"
2025-05-19T06:36:10.486Z [DURATION] 命令输出: "117.312000"
2025-05-19T06:36:10.486Z [LOG] 成功解析时长: 00:01:57
2025-05-19T06:36:10.486Z [DURATION] 成功解析时长: 00:01:57
2025-05-19T06:36:10.487Z [LOG] 开始生成缩略图，视频路径: D:\Users\Videos\第二次选择\SampleVideo_1280x720_20mb.mp4
2025-05-19T06:36:10.487Z [LOG] 缩略图输出路径: D:\code\cursor\looklook\userdata\thumbnails\1747636570430-RDpcVXNl.jpg
2025-05-19T06:36:10.487Z [LOG] 生成随机时间点: 00:00:51
2025-05-19T06:36:10.488Z [LOG] 使用直接命令行ffmpeg生成缩略图
2025-05-19T06:36:10.488Z [PATH] 尝试获取FFmpeg路径
2025-05-19T06:36:10.488Z [LOG] 使用配置的FFmpeg路径: D:\code\cursor\looklook\node_modules\ffmpeg-static\ffmpeg.exe
2025-05-19T06:36:10.488Z [PATH] 使用配置的FFmpeg路径: D:\code\cursor\looklook\node_modules\ffmpeg-static\ffmpeg.exe
2025-05-19T06:36:10.488Z [LOG] 将使用时间点 00:00:51 生成缩略图
2025-05-19T06:36:10.489Z [LOG] 执行命令: D:\code\cursor\looklook\node_modules\ffmpeg-static\ffmpeg.exe -ss 00:00:51 -i D:\Users\Videos\第二次选择\SampleVideo_1280x720_20mb.mp4 -vframes 1 -s 320x180 -y D:\code\cursor\looklook\userdata\thumbnails\1747636570430-RDpcVXNl.jpg
2025-05-19T06:36:10.631Z [LOG] 直接ffmpeg成功生成缩略图: D:\code\cursor\looklook\userdata\thumbnails\1747636570430-RDpcVXNl.jpg
2025-05-19T06:36:10.631Z [LOG] 通过直接ffmpeg命令生成缩略图成功
2025-05-19T06:36:10.632Z [LOG] 设置已加载
2025-05-19T06:36:10.632Z [LOG] 获取视频分辨率: D:\Users\Videos\第二次选择\SampleVideo_1280x720_2mb.flv
2025-05-19T06:36:10.632Z [MAIN] 开始获取视频分辨率: D:\Users\Videos\第二次选择\SampleVideo_1280x720_2mb.flv
2025-05-19T06:36:10.632Z [LOG] 直接获取视频分辨率
2025-05-19T06:36:10.632Z [RESOLUTION] 开始获取视频分辨率: D:\Users\Videos\第二次选择\SampleVideo_1280x720_2mb.flv
2025-05-19T06:36:10.633Z [PATH] 尝试获取FFprobe路径
2025-05-19T06:36:10.633Z [LOG] 使用配置的FFprobe路径: D:\code\cursor\looklook\node_modules\ffprobe-static\bin\win32\x64\ffprobe.exe
2025-05-19T06:36:10.633Z [PATH] 使用配置的FFprobe路径: D:\code\cursor\looklook\node_modules\ffprobe-static\bin\win32\x64\ffprobe.exe
2025-05-19T06:36:10.633Z [RESOLUTION] 在开发环境中使用ffprobe路径: D:\code\cursor\looklook\node_modules\ffprobe-static\bin\win32\x64\ffprobe.exe
2025-05-19T06:36:10.633Z [RESOLUTION] 检查ffprobe可执行文件是否存在: true
2025-05-19T06:36:10.634Z [LOG] 执行命令: "D:\code\cursor\looklook\node_modules\ffprobe-static\bin\win32\x64\ffprobe.exe" -v error -select_streams v:0 -show_entries stream=width,height -of csv=s=x:p=0 "D:\Users\Videos\第二次选择\SampleVideo_1280x720_2mb.flv"
2025-05-19T06:36:10.634Z [RESOLUTION] 开始执行命令获取分辨率: "D:\code\cursor\looklook\node_modules\ffprobe-static\bin\win32\x64\ffprobe.exe" -v error -select_streams v:0 -show_entries stream=width,height -of csv=s=x:p=0 "D:\Users\Videos\第二次选择\SampleVideo_1280x720_2mb.flv"
2025-05-19T06:36:10.695Z [RESOLUTION] 命令输出: "1280x720"
2025-05-19T06:36:10.696Z [LOG] 成功解析分辨率: 1280×720
2025-05-19T06:36:10.696Z [RESOLUTION] 成功解析分辨率: 1280×720
2025-05-19T06:36:10.696Z [LOG] 获取视频时长: D:\Users\Videos\第二次选择\SampleVideo_1280x720_2mb.flv
2025-05-19T06:36:10.696Z [MAIN] 开始获取视频时长: D:\Users\Videos\第二次选择\SampleVideo_1280x720_2mb.flv
2025-05-19T06:36:10.696Z [LOG] 直接获取视频时长
2025-05-19T06:36:10.697Z [DURATION] 开始获取视频时长: D:\Users\Videos\第二次选择\SampleVideo_1280x720_2mb.flv
2025-05-19T06:36:10.697Z [PATH] 尝试获取FFprobe路径
2025-05-19T06:36:10.697Z [LOG] 使用配置的FFprobe路径: D:\code\cursor\looklook\node_modules\ffprobe-static\bin\win32\x64\ffprobe.exe
2025-05-19T06:36:10.697Z [PATH] 使用配置的FFprobe路径: D:\code\cursor\looklook\node_modules\ffprobe-static\bin\win32\x64\ffprobe.exe
2025-05-19T06:36:10.697Z [DURATION] 在开发环境中使用ffprobe路径: D:\code\cursor\looklook\node_modules\ffprobe-static\bin\win32\x64\ffprobe.exe
2025-05-19T06:36:10.697Z [DURATION] 检查ffprobe可执行文件是否存在: true
2025-05-19T06:36:10.698Z [LOG] 执行命令: "D:\code\cursor\looklook\node_modules\ffprobe-static\bin\win32\x64\ffprobe.exe" -v error -show_entries format=duration -of default=noprint_wrappers=1:nokey=1 "D:\Users\Videos\第二次选择\SampleVideo_1280x720_2mb.flv"
2025-05-19T06:36:10.698Z [DURATION] 开始执行命令获取时长: "D:\code\cursor\looklook\node_modules\ffprobe-static\bin\win32\x64\ffprobe.exe" -v error -show_entries format=duration -of default=noprint_wrappers=1:nokey=1 "D:\Users\Videos\第二次选择\SampleVideo_1280x720_2mb.flv"
2025-05-19T06:36:10.763Z [DURATION] 命令输出: "11.000000"
2025-05-19T06:36:10.763Z [LOG] 成功解析时长: 00:00:11
2025-05-19T06:36:10.763Z [DURATION] 成功解析时长: 00:00:11
2025-05-19T06:36:10.764Z [LOG] 开始生成缩略图，视频路径: D:\Users\Videos\第二次选择\SampleVideo_1280x720_2mb.flv
2025-05-19T06:36:10.764Z [LOG] 缩略图输出路径: D:\code\cursor\looklook\userdata\thumbnails\1747636571473-RDpcVXNl.jpg
2025-05-19T06:36:10.765Z [LOG] 生成随机时间点: 00:00:38
2025-05-19T06:36:10.765Z [LOG] 使用直接命令行ffmpeg生成缩略图
2025-05-19T06:36:10.765Z [PATH] 尝试获取FFmpeg路径
2025-05-19T06:36:10.765Z [LOG] 使用配置的FFmpeg路径: D:\code\cursor\looklook\node_modules\ffmpeg-static\ffmpeg.exe
2025-05-19T06:36:10.766Z [PATH] 使用配置的FFmpeg路径: D:\code\cursor\looklook\node_modules\ffmpeg-static\ffmpeg.exe
2025-05-19T06:36:10.766Z [LOG] 将使用时间点 00:00:38 生成缩略图
2025-05-19T06:36:10.766Z [LOG] 执行命令: D:\code\cursor\looklook\node_modules\ffmpeg-static\ffmpeg.exe -ss 00:00:38 -i D:\Users\Videos\第二次选择\SampleVideo_1280x720_2mb.flv -vframes 1 -s 320x180 -y D:\code\cursor\looklook\userdata\thumbnails\1747636571473-RDpcVXNl.jpg
2025-05-19T06:36:11.365Z [ERROR] 直接ffmpeg生成缩略图失败: Command failed: D:\code\cursor\looklook\node_modules\ffmpeg-static\ffmpeg.exe -ss 00:00:38 -i D:\Users\Videos\第二次选择\SampleVideo_1280x720_2mb.flv -vframes 1 -s 320x180 -y D:\code\cursor\looklook\userdata\thumbnails\1747636571473-RDpcVXNl.jpg
ffmpeg version 7.1.1-essentials_build-www.gyan.dev Copyright (c) 2000-2025 the FFmpeg developers
  built with gcc 14.2.0 (Rev1, Built by MSYS2 project)
  configuration: --enable-gpl --enable-version3 --enable-static --disable-w32threads --disable-autodetect --enable-fontconfig --enable-iconv --enable-gnutls --enable-libxml2 --enable-gmp --enable-bzlib --enable-lzma --enable-zlib --enable-libsrt --enable-libssh --enable-libzmq --enable-avisynth --enable-sdl2 --enable-libwebp --enable-libx264 --enable-libx265 --enable-libxvid --enable-libaom --enable-libopenjpeg --enable-libvpx --enable-mediafoundation --enable-libass --enable-libfreetype --enable-libfribidi --enable-libharfbuzz --enable-libvidstab --enable-libvmaf --enable-libzimg --enable-amf --enable-cuda-llvm --enable-cuvid --enable-dxva2 --enable-d3d11va --enable-d3d12va --enable-ffnvcodec --enable-libvpl --enable-nvdec --enable-nvenc --enable-vaapi --enable-libgme --enable-libopenmpt --enable-libopencore-amrwb --enable-libmp3lame --enable-libtheora --enable-libvo-amrwbenc --enable-libgsm --enable-libopencore-amrnb --enable-libopus --enable-libspeex --enable-libvorbis --enable-librubberband
  libavutil      59. 39.100 / 59. 39.100
  libavcodec     61. 19.101 / 61. 19.101
  libavformat    61.  7.100 / 61.  7.100
  libavdevice    61.  3.100 / 61.  3.100
  libavfilter    10.  4.100 / 10.  4.100
  libswscale      8.  3.100 /  8.  3.100
  libswresample   5.  3.100 /  5.  3.100
  libpostproc    58.  3.100 / 58.  3.100
Input #0, flv, from 'D:\Users\Videos\第二次选择\SampleVideo_1280x720_2mb.flv':
  Metadata:
    encoder         : Lavf53.24.2
  Duration: 00:00:11.00, start: 0.000000, bitrate: 1525 kb/s
  Stream #0:0: Audio: aac (LC), 48000 Hz, 5.1, fltp, 384 kb/s
  Stream #0:1: Video: flv1 (flv), yuv420p, 1280x720, 1200 kb/s, 1k fps, 25 tbr, 1k tbn
Stream mapping:
  Stream #0:1 -> #0:0 (flv1 (flv) -> mjpeg (native))
Press [q] to stop, [?] for help
[vf#0:0 @ 0000000002b40a80] No filtered frames for output stream, trying to initialize anyway.
[mjpeg @ 0000000002b400c0] Non full-range YUV is non-standard, set strict_std_compliance to at most unofficial to use it.
[vost#0:0/mjpeg @ 0000000000eeb4c0] Error while opening encoder - maybe incorrect parameters such as bit_rate, rate, width or height.
[vf#0:0 @ 0000000002b03a80] Task finished with error code: -22 (Invalid argument)
[vf#0:0 @ 0000000002b03a80] Terminating thread with return code -22 (Invalid argument)
[vost#0:0/mjpeg @ 0000000000eeb4c0] Could not open encoder before EOF
[vost#0:0/mjpeg @ 0000000000eeb4c0] Task finished with error code: -22 (Invalid argument)
[vost#0:0/mjpeg @ 0000000000eeb4c0] Terminating thread with return code -22 (Invalid argument)
[out#0/image2 @ 0000000000e61dc0] Nothing was written into output file, because at least one of its streams received no packets.
frame=    0 fps=0.0 q=0.0 Lsize=       0KiB time=N/A bitrate=N/A speed=N/A    
Conversion failed!

2025-05-19T06:36:11.368Z [ERROR] STDERR: ffmpeg version 7.1.1-essentials_build-www.gyan.dev Copyright (c) 2000-2025 the FFmpeg developers
  built with gcc 14.2.0 (Rev1, Built by MSYS2 project)
  configuration: --enable-gpl --enable-version3 --enable-static --disable-w32threads --disable-autodetect --enable-fontconfig --enable-iconv --enable-gnutls --enable-libxml2 --enable-gmp --enable-bzlib --enable-lzma --enable-zlib --enable-libsrt --enable-libssh --enable-libzmq --enable-avisynth --enable-sdl2 --enable-libwebp --enable-libx264 --enable-libx265 --enable-libxvid --enable-libaom --enable-libopenjpeg --enable-libvpx --enable-mediafoundation --enable-libass --enable-libfreetype --enable-libfribidi --enable-libharfbuzz --enable-libvidstab --enable-libvmaf --enable-libzimg --enable-amf --enable-cuda-llvm --enable-cuvid --enable-dxva2 --enable-d3d11va --enable-d3d12va --enable-ffnvcodec --enable-libvpl --enable-nvdec --enable-nvenc --enable-vaapi --enable-libgme --enable-libopenmpt --enable-libopencore-amrwb --enable-libmp3lame --enable-libtheora --enable-libvo-amrwbenc --enable-libgsm --enable-libopencore-amrnb --enable-libopus --enable-libspeex --enable-libvorbis --enable-librubberband
  libavutil      59. 39.100 / 59. 39.100
  libavcodec     61. 19.101 / 61. 19.101
  libavformat    61.  7.100 / 61.  7.100
  libavdevice    61.  3.100 / 61.  3.100
  libavfilter    10.  4.100 / 10.  4.100
  libswscale      8.  3.100 /  8.  3.100
  libswresample   5.  3.100 /  5.  3.100
  libpostproc    58.  3.100 / 58.  3.100
Input #0, flv, from 'D:\Users\Videos\第二次选择\SampleVideo_1280x720_2mb.flv':
  Metadata:
    encoder         : Lavf53.24.2
  Duration: 00:00:11.00, start: 0.000000, bitrate: 1525 kb/s
  Stream #0:0: Audio: aac (LC), 48000 Hz, 5.1, fltp, 384 kb/s
  Stream #0:1: Video: flv1 (flv), yuv420p, 1280x720, 1200 kb/s, 1k fps, 25 tbr, 1k tbn
Stream mapping:
  Stream #0:1 -> #0:0 (flv1 (flv) -> mjpeg (native))
Press [q] to stop, [?] for help
[vf#0:0 @ 0000000002b40a80] No filtered frames for output stream, trying to initialize anyway.
[mjpeg @ 0000000002b400c0] Non full-range YUV is non-standard, set strict_std_compliance to at most unofficial to use it.
[vost#0:0/mjpeg @ 0000000000eeb4c0] Error while opening encoder - maybe incorrect parameters such as bit_rate, rate, width or height.
[vf#0:0 @ 0000000002b03a80] Task finished with error code: -22 (Invalid argument)
[vf#0:0 @ 0000000002b03a80] Terminating thread with return code -22 (Invalid argument)
[vost#0:0/mjpeg @ 0000000000eeb4c0] Could not open encoder before EOF
[vost#0:0/mjpeg @ 0000000000eeb4c0] Task finished with error code: -22 (Invalid argument)
[vost#0:0/mjpeg @ 0000000000eeb4c0] Terminating thread with return code -22 (Invalid argument)
[out#0/image2 @ 0000000000e61dc0] Nothing was written into output file, because at least one of its streams received no packets.
frame=    0 fps=0.0 q=0.0 Lsize=       0KiB time=N/A bitrate=N/A speed=N/A    
Conversion failed!

2025-05-19T06:36:11.371Z [ERROR] 直接ffmpeg命令生成缩略图失败: Command failed: D:\code\cursor\looklook\node_modules\ffmpeg-static\ffmpeg.exe -ss 00:00:38 -i D:\Users\Videos\第二次选择\SampleVideo_1280x720_2mb.flv -vframes 1 -s 320x180 -y D:\code\cursor\looklook\userdata\thumbnails\1747636571473-RDpcVXNl.jpg
ffmpeg version 7.1.1-essentials_build-www.gyan.dev Copyright (c) 2000-2025 the FFmpeg developers
  built with gcc 14.2.0 (Rev1, Built by MSYS2 project)
  configuration: --enable-gpl --enable-version3 --enable-static --disable-w32threads --disable-autodetect --enable-fontconfig --enable-iconv --enable-gnutls --enable-libxml2 --enable-gmp --enable-bzlib --enable-lzma --enable-zlib --enable-libsrt --enable-libssh --enable-libzmq --enable-avisynth --enable-sdl2 --enable-libwebp --enable-libx264 --enable-libx265 --enable-libxvid --enable-libaom --enable-libopenjpeg --enable-libvpx --enable-mediafoundation --enable-libass --enable-libfreetype --enable-libfribidi --enable-libharfbuzz --enable-libvidstab --enable-libvmaf --enable-libzimg --enable-amf --enable-cuda-llvm --enable-cuvid --enable-dxva2 --enable-d3d11va --enable-d3d12va --enable-ffnvcodec --enable-libvpl --enable-nvdec --enable-nvenc --enable-vaapi --enable-libgme --enable-libopenmpt --enable-libopencore-amrwb --enable-libmp3lame --enable-libtheora --enable-libvo-amrwbenc --enable-libgsm --enable-libopencore-amrnb --enable-libopus --enable-libspeex --enable-libvorbis --enable-librubberband
  libavutil      59. 39.100 / 59. 39.100
  libavcodec     61. 19.101 / 61. 19.101
  libavformat    61.  7.100 / 61.  7.100
  libavdevice    61.  3.100 / 61.  3.100
  libavfilter    10.  4.100 / 10.  4.100
  libswscale      8.  3.100 /  8.  3.100
  libswresample   5.  3.100 /  5.  3.100
  libpostproc    58.  3.100 / 58.  3.100
Input #0, flv, from 'D:\Users\Videos\第二次选择\SampleVideo_1280x720_2mb.flv':
  Metadata:
    encoder         : Lavf53.24.2
  Duration: 00:00:11.00, start: 0.000000, bitrate: 1525 kb/s
  Stream #0:0: Audio: aac (LC), 48000 Hz, 5.1, fltp, 384 kb/s
  Stream #0:1: Video: flv1 (flv), yuv420p, 1280x720, 1200 kb/s, 1k fps, 25 tbr, 1k tbn
Stream mapping:
  Stream #0:1 -> #0:0 (flv1 (flv) -> mjpeg (native))
Press [q] to stop, [?] for help
[vf#0:0 @ 0000000002b40a80] No filtered frames for output stream, trying to initialize anyway.
[mjpeg @ 0000000002b400c0] Non full-range YUV is non-standard, set strict_std_compliance to at most unofficial to use it.
[vost#0:0/mjpeg @ 0000000000eeb4c0] Error while opening encoder - maybe incorrect parameters such as bit_rate, rate, width or height.
[vf#0:0 @ 0000000002b03a80] Task finished with error code: -22 (Invalid argument)
[vf#0:0 @ 0000000002b03a80] Terminating thread with return code -22 (Invalid argument)
[vost#0:0/mjpeg @ 0000000000eeb4c0] Could not open encoder before EOF
[vost#0:0/mjpeg @ 0000000000eeb4c0] Task finished with error code: -22 (Invalid argument)
[vost#0:0/mjpeg @ 0000000000eeb4c0] Terminating thread with return code -22 (Invalid argument)
[out#0/image2 @ 0000000000e61dc0] Nothing was written into output file, because at least one of its streams received no packets.
frame=    0 fps=0.0 q=0.0 Lsize=       0KiB time=N/A bitrate=N/A speed=N/A    
Conversion failed!

2025-05-19T06:36:11.372Z [LOG] 尝试使用直接命令行方式生成缩略图
2025-05-19T06:36:11.372Z [LOG] 直接获取视频时长（秒数）
2025-05-19T06:36:11.372Z [PATH] 尝试获取FFprobe路径
2025-05-19T06:36:11.373Z [LOG] 使用配置的FFprobe路径: D:\code\cursor\looklook\node_modules\ffprobe-static\bin\win32\x64\ffprobe.exe
2025-05-19T06:36:11.373Z [PATH] 使用配置的FFprobe路径: D:\code\cursor\looklook\node_modules\ffprobe-static\bin\win32\x64\ffprobe.exe
2025-05-19T06:36:11.373Z [LOG] 在开发环境中使用ffprobe路径: D:\code\cursor\looklook\node_modules\ffprobe-static\bin\win32\x64\ffprobe.exe
2025-05-19T06:36:11.373Z [LOG] 执行命令: D:\code\cursor\looklook\node_modules\ffprobe-static\bin\win32\x64\ffprobe.exe -v error -show_entries format=duration -of default=noprint_wrappers=1:nokey=1 D:\Users\Videos\第二次选择\SampleVideo_1280x720_2mb.flv
2025-05-19T06:36:11.431Z [LOG] 时长命令输出: 11.000000
2025-05-19T06:36:11.431Z [LOG] 成功获取视频时长: 11 秒
2025-05-19T06:36:11.432Z [LOG] 获取到视频时长: 11 秒, 准备截取缩略图
2025-05-19T06:36:11.432Z [LOG] 将在视频的 4 秒处截取缩略图 (随机生成)
2025-05-19T06:36:11.432Z [PATH] 尝试获取FFmpeg路径
2025-05-19T06:36:11.432Z [LOG] 使用配置的FFmpeg路径: D:\code\cursor\looklook\node_modules\ffmpeg-static\ffmpeg.exe
2025-05-19T06:36:11.432Z [PATH] 使用配置的FFmpeg路径: D:\code\cursor\looklook\node_modules\ffmpeg-static\ffmpeg.exe
2025-05-19T06:36:11.433Z [LOG] 执行命令: D:\code\cursor\looklook\node_modules\ffmpeg-static\ffmpeg.exe -i D:\Users\Videos\第二次选择\SampleVideo_1280x720_2mb.flv -ss 4 -vframes 1 -s 320x180 -y D:\code\cursor\looklook\userdata\thumbnails\1747636571473-RDpcVXNl.jpg
2025-05-19T06:36:11.546Z [LOG] 命令行方式成功生成缩略图: D:\code\cursor\looklook\userdata\thumbnails\1747636571473-RDpcVXNl.jpg
2025-05-19T06:36:11.547Z [LOG] 通过多步骤方法成功生成缩略图
2025-05-19T06:36:11.547Z [LOG] 设置已加载
2025-05-19T06:36:11.547Z [LOG] 获取视频分辨率: D:\Users\Videos\第二次选择\SampleVideo_1280x720_2mb.mkv
2025-05-19T06:36:11.547Z [MAIN] 开始获取视频分辨率: D:\Users\Videos\第二次选择\SampleVideo_1280x720_2mb.mkv
2025-05-19T06:36:11.548Z [LOG] 直接获取视频分辨率
2025-05-19T06:36:11.548Z [RESOLUTION] 开始获取视频分辨率: D:\Users\Videos\第二次选择\SampleVideo_1280x720_2mb.mkv
2025-05-19T06:36:11.548Z [PATH] 尝试获取FFprobe路径
2025-05-19T06:36:11.548Z [LOG] 使用配置的FFprobe路径: D:\code\cursor\looklook\node_modules\ffprobe-static\bin\win32\x64\ffprobe.exe
2025-05-19T06:36:11.548Z [PATH] 使用配置的FFprobe路径: D:\code\cursor\looklook\node_modules\ffprobe-static\bin\win32\x64\ffprobe.exe
2025-05-19T06:36:11.548Z [RESOLUTION] 在开发环境中使用ffprobe路径: D:\code\cursor\looklook\node_modules\ffprobe-static\bin\win32\x64\ffprobe.exe
2025-05-19T06:36:11.548Z [RESOLUTION] 检查ffprobe可执行文件是否存在: true
2025-05-19T06:36:11.549Z [LOG] 执行命令: "D:\code\cursor\looklook\node_modules\ffprobe-static\bin\win32\x64\ffprobe.exe" -v error -select_streams v:0 -show_entries stream=width,height -of csv=s=x:p=0 "D:\Users\Videos\第二次选择\SampleVideo_1280x720_2mb.mkv"
2025-05-19T06:36:11.549Z [RESOLUTION] 开始执行命令获取分辨率: "D:\code\cursor\looklook\node_modules\ffprobe-static\bin\win32\x64\ffprobe.exe" -v error -select_streams v:0 -show_entries stream=width,height -of csv=s=x:p=0 "D:\Users\Videos\第二次选择\SampleVideo_1280x720_2mb.mkv"
2025-05-19T06:36:11.613Z [RESOLUTION] 命令输出: "1280x720"
2025-05-19T06:36:11.614Z [LOG] 成功解析分辨率: 1280×720
2025-05-19T06:36:11.614Z [RESOLUTION] 成功解析分辨率: 1280×720
2025-05-19T06:36:11.614Z [LOG] 获取视频时长: D:\Users\Videos\第二次选择\SampleVideo_1280x720_2mb.mkv
2025-05-19T06:36:11.614Z [MAIN] 开始获取视频时长: D:\Users\Videos\第二次选择\SampleVideo_1280x720_2mb.mkv
2025-05-19T06:36:11.615Z [LOG] 直接获取视频时长
2025-05-19T06:36:11.616Z [DURATION] 开始获取视频时长: D:\Users\Videos\第二次选择\SampleVideo_1280x720_2mb.mkv
2025-05-19T06:36:11.616Z [PATH] 尝试获取FFprobe路径
2025-05-19T06:36:11.616Z [LOG] 使用配置的FFprobe路径: D:\code\cursor\looklook\node_modules\ffprobe-static\bin\win32\x64\ffprobe.exe
2025-05-19T06:36:11.616Z [PATH] 使用配置的FFprobe路径: D:\code\cursor\looklook\node_modules\ffprobe-static\bin\win32\x64\ffprobe.exe
2025-05-19T06:36:11.616Z [DURATION] 在开发环境中使用ffprobe路径: D:\code\cursor\looklook\node_modules\ffprobe-static\bin\win32\x64\ffprobe.exe
2025-05-19T06:36:11.616Z [DURATION] 检查ffprobe可执行文件是否存在: true
2025-05-19T06:36:11.617Z [LOG] 执行命令: "D:\code\cursor\looklook\node_modules\ffprobe-static\bin\win32\x64\ffprobe.exe" -v error -show_entries format=duration -of default=noprint_wrappers=1:nokey=1 "D:\Users\Videos\第二次选择\SampleVideo_1280x720_2mb.mkv"
2025-05-19T06:36:11.617Z [DURATION] 开始执行命令获取时长: "D:\code\cursor\looklook\node_modules\ffprobe-static\bin\win32\x64\ffprobe.exe" -v error -show_entries format=duration -of default=noprint_wrappers=1:nokey=1 "D:\Users\Videos\第二次选择\SampleVideo_1280x720_2mb.mkv"
2025-05-19T06:36:11.682Z [DURATION] 命令输出: "10.650000"
2025-05-19T06:36:11.683Z [LOG] 成功解析时长: 00:00:10
2025-05-19T06:36:11.683Z [DURATION] 成功解析时长: 00:00:10
2025-05-19T06:36:11.683Z [LOG] 开始生成缩略图，视频路径: D:\Users\Videos\第二次选择\SampleVideo_1280x720_2mb.mkv
2025-05-19T06:36:11.683Z [LOG] 缩略图输出路径: D:\code\cursor\looklook\userdata\thumbnails\1747636572037-RDpcVXNl.jpg
2025-05-19T06:36:11.684Z [LOG] 生成随机时间点: 00:00:18
2025-05-19T06:36:11.684Z [LOG] 使用直接命令行ffmpeg生成缩略图
2025-05-19T06:36:11.684Z [PATH] 尝试获取FFmpeg路径
2025-05-19T06:36:11.684Z [LOG] 使用配置的FFmpeg路径: D:\code\cursor\looklook\node_modules\ffmpeg-static\ffmpeg.exe
2025-05-19T06:36:11.684Z [PATH] 使用配置的FFmpeg路径: D:\code\cursor\looklook\node_modules\ffmpeg-static\ffmpeg.exe
2025-05-19T06:36:11.685Z [LOG] 将使用时间点 00:00:18 生成缩略图
2025-05-19T06:36:11.685Z [LOG] 执行命令: D:\code\cursor\looklook\node_modules\ffmpeg-static\ffmpeg.exe -ss 00:00:18 -i D:\Users\Videos\第二次选择\SampleVideo_1280x720_2mb.mkv -vframes 1 -s 320x180 -y D:\code\cursor\looklook\userdata\thumbnails\1747636572037-RDpcVXNl.jpg
2025-05-19T06:36:12.279Z [ERROR] 直接ffmpeg生成缩略图失败: Command failed: D:\code\cursor\looklook\node_modules\ffmpeg-static\ffmpeg.exe -ss 00:00:18 -i D:\Users\Videos\第二次选择\SampleVideo_1280x720_2mb.mkv -vframes 1 -s 320x180 -y D:\code\cursor\looklook\userdata\thumbnails\1747636572037-RDpcVXNl.jpg
ffmpeg version 7.1.1-essentials_build-www.gyan.dev Copyright (c) 2000-2025 the FFmpeg developers
  built with gcc 14.2.0 (Rev1, Built by MSYS2 project)
  configuration: --enable-gpl --enable-version3 --enable-static --disable-w32threads --disable-autodetect --enable-fontconfig --enable-iconv --enable-gnutls --enable-libxml2 --enable-gmp --enable-bzlib --enable-lzma --enable-zlib --enable-libsrt --enable-libssh --enable-libzmq --enable-avisynth --enable-sdl2 --enable-libwebp --enable-libx264 --enable-libx265 --enable-libxvid --enable-libaom --enable-libopenjpeg --enable-libvpx --enable-mediafoundation --enable-libass --enable-libfreetype --enable-libfribidi --enable-libharfbuzz --enable-libvidstab --enable-libvmaf --enable-libzimg --enable-amf --enable-cuda-llvm --enable-cuvid --enable-dxva2 --enable-d3d11va --enable-d3d12va --enable-ffnvcodec --enable-libvpl --enable-nvdec --enable-nvenc --enable-vaapi --enable-libgme --enable-libopenmpt --enable-libopencore-amrwb --enable-libmp3lame --enable-libtheora --enable-libvo-amrwbenc --enable-libgsm --enable-libopencore-amrnb --enable-libopus --enable-libspeex --enable-libvorbis --enable-librubberband
  libavutil      59. 39.100 / 59. 39.100
  libavcodec     61. 19.101 / 61. 19.101
  libavformat    61.  7.100 / 61.  7.100
  libavdevice    61.  3.100 / 61.  3.100
  libavfilter    10.  4.100 / 10.  4.100
  libswscale      8.  3.100 /  8.  3.100
  libswresample   5.  3.100 /  5.  3.100
  libpostproc    58.  3.100 / 58.  3.100
Input #0, matroska,webm, from 'D:\Users\Videos\第二次选择\SampleVideo_1280x720_2mb.mkv':
  Metadata:
    ENCODER         : Lavf53.24.2
  Duration: 00:00:10.65, bitrate: 1575 kb/s
  Stream #0:0: Video: mpeg4 (Simple Profile), yuv420p, 1280x720 [SAR 1:1 DAR 16:9], 25 fps, 25 tbr, 1k tbn (default)
  Stream #0:1: Audio: aac (LC), 48000 Hz, 5.1, fltp (default)
Stream mapping:
  Stream #0:0 -> #0:0 (mpeg4 (native) -> mjpeg (native))
Press [q] to stop, [?] for help
[vf#0:0 @ 0000000002a39b80] No filtered frames for output stream, trying to initialize anyway.
[mjpeg @ 0000000002a38ac0] Non full-range YUV is non-standard, set strict_std_compliance to at most unofficial to use it.
[vost#0:0/mjpeg @ 0000000002760bc0] Error while opening encoder - maybe incorrect parameters such as bit_rate, rate, width or height.
[vf#0:0 @ 0000000002a0da40] Task finished with error code: -22 (Invalid argument)
[vf#0:0 @ 0000000002a0da40] Terminating thread with return code -22 (Invalid argument)
[vost#0:0/mjpeg @ 0000000002760bc0] Could not open encoder before EOF
[vost#0:0/mjpeg @ 0000000002760bc0] Task finished with error code: -22 (Invalid argument)
[vost#0:0/mjpeg @ 0000000002760bc0] Terminating thread with return code -22 (Invalid argument)
[out#0/image2 @ 0000000002760440] Nothing was written into output file, because at least one of its streams received no packets.
frame=    0 fps=0.0 q=0.0 Lsize=       0KiB time=N/A bitrate=N/A speed=N/A    
Conversion failed!

2025-05-19T06:36:12.283Z [ERROR] STDERR: ffmpeg version 7.1.1-essentials_build-www.gyan.dev Copyright (c) 2000-2025 the FFmpeg developers
  built with gcc 14.2.0 (Rev1, Built by MSYS2 project)
  configuration: --enable-gpl --enable-version3 --enable-static --disable-w32threads --disable-autodetect --enable-fontconfig --enable-iconv --enable-gnutls --enable-libxml2 --enable-gmp --enable-bzlib --enable-lzma --enable-zlib --enable-libsrt --enable-libssh --enable-libzmq --enable-avisynth --enable-sdl2 --enable-libwebp --enable-libx264 --enable-libx265 --enable-libxvid --enable-libaom --enable-libopenjpeg --enable-libvpx --enable-mediafoundation --enable-libass --enable-libfreetype --enable-libfribidi --enable-libharfbuzz --enable-libvidstab --enable-libvmaf --enable-libzimg --enable-amf --enable-cuda-llvm --enable-cuvid --enable-dxva2 --enable-d3d11va --enable-d3d12va --enable-ffnvcodec --enable-libvpl --enable-nvdec --enable-nvenc --enable-vaapi --enable-libgme --enable-libopenmpt --enable-libopencore-amrwb --enable-libmp3lame --enable-libtheora --enable-libvo-amrwbenc --enable-libgsm --enable-libopencore-amrnb --enable-libopus --enable-libspeex --enable-libvorbis --enable-librubberband
  libavutil      59. 39.100 / 59. 39.100
  libavcodec     61. 19.101 / 61. 19.101
  libavformat    61.  7.100 / 61.  7.100
  libavdevice    61.  3.100 / 61.  3.100
  libavfilter    10.  4.100 / 10.  4.100
  libswscale      8.  3.100 /  8.  3.100
  libswresample   5.  3.100 /  5.  3.100
  libpostproc    58.  3.100 / 58.  3.100
Input #0, matroska,webm, from 'D:\Users\Videos\第二次选择\SampleVideo_1280x720_2mb.mkv':
  Metadata:
    ENCODER         : Lavf53.24.2
  Duration: 00:00:10.65, bitrate: 1575 kb/s
  Stream #0:0: Video: mpeg4 (Simple Profile), yuv420p, 1280x720 [SAR 1:1 DAR 16:9], 25 fps, 25 tbr, 1k tbn (default)
  Stream #0:1: Audio: aac (LC), 48000 Hz, 5.1, fltp (default)
Stream mapping:
  Stream #0:0 -> #0:0 (mpeg4 (native) -> mjpeg (native))
Press [q] to stop, [?] for help
[vf#0:0 @ 0000000002a39b80] No filtered frames for output stream, trying to initialize anyway.
[mjpeg @ 0000000002a38ac0] Non full-range YUV is non-standard, set strict_std_compliance to at most unofficial to use it.
[vost#0:0/mjpeg @ 0000000002760bc0] Error while opening encoder - maybe incorrect parameters such as bit_rate, rate, width or height.
[vf#0:0 @ 0000000002a0da40] Task finished with error code: -22 (Invalid argument)
[vf#0:0 @ 0000000002a0da40] Terminating thread with return code -22 (Invalid argument)
[vost#0:0/mjpeg @ 0000000002760bc0] Could not open encoder before EOF
[vost#0:0/mjpeg @ 0000000002760bc0] Task finished with error code: -22 (Invalid argument)
[vost#0:0/mjpeg @ 0000000002760bc0] Terminating thread with return code -22 (Invalid argument)
[out#0/image2 @ 0000000002760440] Nothing was written into output file, because at least one of its streams received no packets.
frame=    0 fps=0.0 q=0.0 Lsize=       0KiB time=N/A bitrate=N/A speed=N/A    
Conversion failed!

2025-05-19T06:36:12.286Z [ERROR] 直接ffmpeg命令生成缩略图失败: Command failed: D:\code\cursor\looklook\node_modules\ffmpeg-static\ffmpeg.exe -ss 00:00:18 -i D:\Users\Videos\第二次选择\SampleVideo_1280x720_2mb.mkv -vframes 1 -s 320x180 -y D:\code\cursor\looklook\userdata\thumbnails\1747636572037-RDpcVXNl.jpg
ffmpeg version 7.1.1-essentials_build-www.gyan.dev Copyright (c) 2000-2025 the FFmpeg developers
  built with gcc 14.2.0 (Rev1, Built by MSYS2 project)
  configuration: --enable-gpl --enable-version3 --enable-static --disable-w32threads --disable-autodetect --enable-fontconfig --enable-iconv --enable-gnutls --enable-libxml2 --enable-gmp --enable-bzlib --enable-lzma --enable-zlib --enable-libsrt --enable-libssh --enable-libzmq --enable-avisynth --enable-sdl2 --enable-libwebp --enable-libx264 --enable-libx265 --enable-libxvid --enable-libaom --enable-libopenjpeg --enable-libvpx --enable-mediafoundation --enable-libass --enable-libfreetype --enable-libfribidi --enable-libharfbuzz --enable-libvidstab --enable-libvmaf --enable-libzimg --enable-amf --enable-cuda-llvm --enable-cuvid --enable-dxva2 --enable-d3d11va --enable-d3d12va --enable-ffnvcodec --enable-libvpl --enable-nvdec --enable-nvenc --enable-vaapi --enable-libgme --enable-libopenmpt --enable-libopencore-amrwb --enable-libmp3lame --enable-libtheora --enable-libvo-amrwbenc --enable-libgsm --enable-libopencore-amrnb --enable-libopus --enable-libspeex --enable-libvorbis --enable-librubberband
  libavutil      59. 39.100 / 59. 39.100
  libavcodec     61. 19.101 / 61. 19.101
  libavformat    61.  7.100 / 61.  7.100
  libavdevice    61.  3.100 / 61.  3.100
  libavfilter    10.  4.100 / 10.  4.100
  libswscale      8.  3.100 /  8.  3.100
  libswresample   5.  3.100 /  5.  3.100
  libpostproc    58.  3.100 / 58.  3.100
Input #0, matroska,webm, from 'D:\Users\Videos\第二次选择\SampleVideo_1280x720_2mb.mkv':
  Metadata:
    ENCODER         : Lavf53.24.2
  Duration: 00:00:10.65, bitrate: 1575 kb/s
  Stream #0:0: Video: mpeg4 (Simple Profile), yuv420p, 1280x720 [SAR 1:1 DAR 16:9], 25 fps, 25 tbr, 1k tbn (default)
  Stream #0:1: Audio: aac (LC), 48000 Hz, 5.1, fltp (default)
Stream mapping:
  Stream #0:0 -> #0:0 (mpeg4 (native) -> mjpeg (native))
Press [q] to stop, [?] for help
[vf#0:0 @ 0000000002a39b80] No filtered frames for output stream, trying to initialize anyway.
[mjpeg @ 0000000002a38ac0] Non full-range YUV is non-standard, set strict_std_compliance to at most unofficial to use it.
[vost#0:0/mjpeg @ 0000000002760bc0] Error while opening encoder - maybe incorrect parameters such as bit_rate, rate, width or height.
[vf#0:0 @ 0000000002a0da40] Task finished with error code: -22 (Invalid argument)
[vf#0:0 @ 0000000002a0da40] Terminating thread with return code -22 (Invalid argument)
[vost#0:0/mjpeg @ 0000000002760bc0] Could not open encoder before EOF
[vost#0:0/mjpeg @ 0000000002760bc0] Task finished with error code: -22 (Invalid argument)
[vost#0:0/mjpeg @ 0000000002760bc0] Terminating thread with return code -22 (Invalid argument)
[out#0/image2 @ 0000000002760440] Nothing was written into output file, because at least one of its streams received no packets.
frame=    0 fps=0.0 q=0.0 Lsize=       0KiB time=N/A bitrate=N/A speed=N/A    
Conversion failed!

2025-05-19T06:36:12.286Z [LOG] 尝试使用直接命令行方式生成缩略图
2025-05-19T06:36:12.287Z [LOG] 直接获取视频时长（秒数）
2025-05-19T06:36:12.287Z [PATH] 尝试获取FFprobe路径
2025-05-19T06:36:12.287Z [LOG] 使用配置的FFprobe路径: D:\code\cursor\looklook\node_modules\ffprobe-static\bin\win32\x64\ffprobe.exe
2025-05-19T06:36:12.287Z [PATH] 使用配置的FFprobe路径: D:\code\cursor\looklook\node_modules\ffprobe-static\bin\win32\x64\ffprobe.exe
2025-05-19T06:36:12.288Z [LOG] 在开发环境中使用ffprobe路径: D:\code\cursor\looklook\node_modules\ffprobe-static\bin\win32\x64\ffprobe.exe
2025-05-19T06:36:12.288Z [LOG] 执行命令: D:\code\cursor\looklook\node_modules\ffprobe-static\bin\win32\x64\ffprobe.exe -v error -show_entries format=duration -of default=noprint_wrappers=1:nokey=1 D:\Users\Videos\第二次选择\SampleVideo_1280x720_2mb.mkv
2025-05-19T06:36:12.353Z [LOG] 时长命令输出: 10.650000
2025-05-19T06:36:12.353Z [LOG] 成功获取视频时长: 10.65 秒
2025-05-19T06:36:12.354Z [LOG] 获取到视频时长: 10.65 秒, 准备截取缩略图
2025-05-19T06:36:12.354Z [LOG] 将在视频的 2 秒处截取缩略图 (随机生成)
2025-05-19T06:36:12.354Z [PATH] 尝试获取FFmpeg路径
2025-05-19T06:36:12.354Z [LOG] 使用配置的FFmpeg路径: D:\code\cursor\looklook\node_modules\ffmpeg-static\ffmpeg.exe
2025-05-19T06:36:12.354Z [PATH] 使用配置的FFmpeg路径: D:\code\cursor\looklook\node_modules\ffmpeg-static\ffmpeg.exe
2025-05-19T06:36:12.355Z [LOG] 执行命令: D:\code\cursor\looklook\node_modules\ffmpeg-static\ffmpeg.exe -i D:\Users\Videos\第二次选择\SampleVideo_1280x720_2mb.mkv -ss 2 -vframes 1 -s 320x180 -y D:\code\cursor\looklook\userdata\thumbnails\1747636572037-RDpcVXNl.jpg
2025-05-19T06:36:12.455Z [LOG] 命令行方式成功生成缩略图: D:\code\cursor\looklook\userdata\thumbnails\1747636572037-RDpcVXNl.jpg
2025-05-19T06:36:12.455Z [LOG] 通过多步骤方法成功生成缩略图
2025-05-19T06:36:12.456Z [LOG] 设置已加载
2025-05-19T06:36:12.456Z [LOG] 获取视频分辨率: D:\Users\Videos\第二次选择\SampleVideo_1280x720_2mb.mp4
2025-05-19T06:36:12.456Z [MAIN] 开始获取视频分辨率: D:\Users\Videos\第二次选择\SampleVideo_1280x720_2mb.mp4
2025-05-19T06:36:12.456Z [LOG] 直接获取视频分辨率
2025-05-19T06:36:12.456Z [RESOLUTION] 开始获取视频分辨率: D:\Users\Videos\第二次选择\SampleVideo_1280x720_2mb.mp4
2025-05-19T06:36:12.456Z [PATH] 尝试获取FFprobe路径
2025-05-19T06:36:12.457Z [LOG] 使用配置的FFprobe路径: D:\code\cursor\looklook\node_modules\ffprobe-static\bin\win32\x64\ffprobe.exe
2025-05-19T06:36:12.457Z [PATH] 使用配置的FFprobe路径: D:\code\cursor\looklook\node_modules\ffprobe-static\bin\win32\x64\ffprobe.exe
2025-05-19T06:36:12.457Z [RESOLUTION] 在开发环境中使用ffprobe路径: D:\code\cursor\looklook\node_modules\ffprobe-static\bin\win32\x64\ffprobe.exe
2025-05-19T06:36:12.457Z [RESOLUTION] 检查ffprobe可执行文件是否存在: true
2025-05-19T06:36:12.457Z [LOG] 执行命令: "D:\code\cursor\looklook\node_modules\ffprobe-static\bin\win32\x64\ffprobe.exe" -v error -select_streams v:0 -show_entries stream=width,height -of csv=s=x:p=0 "D:\Users\Videos\第二次选择\SampleVideo_1280x720_2mb.mp4"
2025-05-19T06:36:12.457Z [RESOLUTION] 开始执行命令获取分辨率: "D:\code\cursor\looklook\node_modules\ffprobe-static\bin\win32\x64\ffprobe.exe" -v error -select_streams v:0 -show_entries stream=width,height -of csv=s=x:p=0 "D:\Users\Videos\第二次选择\SampleVideo_1280x720_2mb.mp4"
2025-05-19T06:36:12.532Z [RESOLUTION] 命令输出: "1280x720"
2025-05-19T06:36:12.532Z [LOG] 成功解析分辨率: 1280×720
2025-05-19T06:36:12.533Z [RESOLUTION] 成功解析分辨率: 1280×720
2025-05-19T06:36:12.533Z [LOG] 获取视频时长: D:\Users\Videos\第二次选择\SampleVideo_1280x720_2mb.mp4
2025-05-19T06:36:12.533Z [MAIN] 开始获取视频时长: D:\Users\Videos\第二次选择\SampleVideo_1280x720_2mb.mp4
2025-05-19T06:36:12.533Z [LOG] 直接获取视频时长
2025-05-19T06:36:12.533Z [DURATION] 开始获取视频时长: D:\Users\Videos\第二次选择\SampleVideo_1280x720_2mb.mp4
2025-05-19T06:36:12.534Z [PATH] 尝试获取FFprobe路径
2025-05-19T06:36:12.534Z [LOG] 使用配置的FFprobe路径: D:\code\cursor\looklook\node_modules\ffprobe-static\bin\win32\x64\ffprobe.exe
2025-05-19T06:36:12.534Z [PATH] 使用配置的FFprobe路径: D:\code\cursor\looklook\node_modules\ffprobe-static\bin\win32\x64\ffprobe.exe
2025-05-19T06:36:12.534Z [DURATION] 在开发环境中使用ffprobe路径: D:\code\cursor\looklook\node_modules\ffprobe-static\bin\win32\x64\ffprobe.exe
2025-05-19T06:36:12.534Z [DURATION] 检查ffprobe可执行文件是否存在: true
2025-05-19T06:36:12.535Z [LOG] 执行命令: "D:\code\cursor\looklook\node_modules\ffprobe-static\bin\win32\x64\ffprobe.exe" -v error -show_entries format=duration -of default=noprint_wrappers=1:nokey=1 "D:\Users\Videos\第二次选择\SampleVideo_1280x720_2mb.mp4"
2025-05-19T06:36:12.535Z [DURATION] 开始执行命令获取时长: "D:\code\cursor\looklook\node_modules\ffprobe-static\bin\win32\x64\ffprobe.exe" -v error -show_entries format=duration -of default=noprint_wrappers=1:nokey=1 "D:\Users\Videos\第二次选择\SampleVideo_1280x720_2mb.mp4"
2025-05-19T06:36:12.612Z [DURATION] 命令输出: "13.504000"
2025-05-19T06:36:12.613Z [LOG] 成功解析时长: 00:00:13
2025-05-19T06:36:12.613Z [DURATION] 成功解析时长: 00:00:13
2025-05-19T06:36:12.613Z [LOG] 开始生成缩略图，视频路径: D:\Users\Videos\第二次选择\SampleVideo_1280x720_2mb.mp4
2025-05-19T06:36:12.614Z [LOG] 缩略图输出路径: D:\code\cursor\looklook\userdata\thumbnails\1747636573074-RDpcVXNl.jpg
2025-05-19T06:36:12.615Z [LOG] 生成随机时间点: 00:00:20
2025-05-19T06:36:12.615Z [LOG] 使用直接命令行ffmpeg生成缩略图
2025-05-19T06:36:12.615Z [PATH] 尝试获取FFmpeg路径
2025-05-19T06:36:12.616Z [LOG] 使用配置的FFmpeg路径: D:\code\cursor\looklook\node_modules\ffmpeg-static\ffmpeg.exe
2025-05-19T06:36:12.616Z [PATH] 使用配置的FFmpeg路径: D:\code\cursor\looklook\node_modules\ffmpeg-static\ffmpeg.exe
2025-05-19T06:36:12.616Z [LOG] 将使用时间点 00:00:20 生成缩略图
2025-05-19T06:36:12.616Z [LOG] 执行命令: D:\code\cursor\looklook\node_modules\ffmpeg-static\ffmpeg.exe -ss 00:00:20 -i D:\Users\Videos\第二次选择\SampleVideo_1280x720_2mb.mp4 -vframes 1 -s 320x180 -y D:\code\cursor\looklook\userdata\thumbnails\1747636573074-RDpcVXNl.jpg
2025-05-19T06:36:13.231Z [ERROR] 直接ffmpeg生成缩略图失败: Command failed: D:\code\cursor\looklook\node_modules\ffmpeg-static\ffmpeg.exe -ss 00:00:20 -i D:\Users\Videos\第二次选择\SampleVideo_1280x720_2mb.mp4 -vframes 1 -s 320x180 -y D:\code\cursor\looklook\userdata\thumbnails\1747636573074-RDpcVXNl.jpg
ffmpeg version 7.1.1-essentials_build-www.gyan.dev Copyright (c) 2000-2025 the FFmpeg developers
  built with gcc 14.2.0 (Rev1, Built by MSYS2 project)
  configuration: --enable-gpl --enable-version3 --enable-static --disable-w32threads --disable-autodetect --enable-fontconfig --enable-iconv --enable-gnutls --enable-libxml2 --enable-gmp --enable-bzlib --enable-lzma --enable-zlib --enable-libsrt --enable-libssh --enable-libzmq --enable-avisynth --enable-sdl2 --enable-libwebp --enable-libx264 --enable-libx265 --enable-libxvid --enable-libaom --enable-libopenjpeg --enable-libvpx --enable-mediafoundation --enable-libass --enable-libfreetype --enable-libfribidi --enable-libharfbuzz --enable-libvidstab --enable-libvmaf --enable-libzimg --enable-amf --enable-cuda-llvm --enable-cuvid --enable-dxva2 --enable-d3d11va --enable-d3d12va --enable-ffnvcodec --enable-libvpl --enable-nvdec --enable-nvenc --enable-vaapi --enable-libgme --enable-libopenmpt --enable-libopencore-amrwb --enable-libmp3lame --enable-libtheora --enable-libvo-amrwbenc --enable-libgsm --enable-libopencore-amrnb --enable-libopus --enable-libspeex --enable-libvorbis --enable-librubberband
  libavutil      59. 39.100 / 59. 39.100
  libavcodec     61. 19.101 / 61. 19.101
  libavformat    61.  7.100 / 61.  7.100
  libavdevice    61.  3.100 / 61.  3.100
  libavfilter    10.  4.100 / 10.  4.100
  libswscale      8.  3.100 /  8.  3.100
  libswresample   5.  3.100 /  5.  3.100
  libpostproc    58.  3.100 / 58.  3.100
Input #0, mov,mp4,m4a,3gp,3g2,mj2, from 'D:\Users\Videos\第二次选择\SampleVideo_1280x720_2mb.mp4':
  Metadata:
    major_brand     : isom
    minor_version   : 512
    compatible_brands: isomiso2avc1mp41
    creation_time   : 1970-01-01T00:00:00.000000Z
    encoder         : Lavf53.24.2
  Duration: 00:00:13.50, start: 0.000000, bitrate: 1248 kb/s
  Stream #0:0[0x1](und): Video: h264 (Main) (avc1 / 0x31637661), yuv420p(progressive), 1280x720 [SAR 1:1 DAR 16:9], 862 kb/s, 25 fps, 25 tbr, 12800 tbn (default)
      Metadata:
        creation_time   : 1970-01-01T00:00:00.000000Z
        handler_name    : VideoHandler
        vendor_id       : [0][0][0][0]
  Stream #0:1[0x2](und): Audio: aac (LC) (mp4a / 0x6134706D), 48000 Hz, 5.1, fltp, 381 kb/s (default)
      Metadata:
        creation_time   : 1970-01-01T00:00:00.000000Z
        handler_name    : SoundHandler
        vendor_id       : [0][0][0][0]
Stream mapping:
  Stream #0:0 -> #0:0 (h264 (native) -> mjpeg (native))
Press [q] to stop, [?] for help
[vf#0:0 @ 00000000028f02c0] No filtered frames for output stream, trying to initialize anyway.
[mjpeg @ 0000000002640b40] Non full-range YUV is non-standard, set strict_std_compliance to at most unofficial to use it.
[vost#0:0/mjpeg @ 000000000262c480] Error while opening encoder - maybe incorrect parameters such as bit_rate, rate, width or height.
[vf#0:0 @ 0000000002641240] Task finished with error code: -22 (Invalid argument)
[vf#0:0 @ 0000000002641240] Terminating thread with return code -22 (Invalid argument)
[vost#0:0/mjpeg @ 000000000262c480] Could not open encoder before EOF
[vost#0:0/mjpeg @ 000000000262c480] Task finished with error code: -22 (Invalid argument)
[vost#0:0/mjpeg @ 000000000262c480] Terminating thread with return code -22 (Invalid argument)
[out#0/image2 @ 0000000002c99e40] Nothing was written into output file, because at least one of its streams received no packets.
frame=    0 fps=0.0 q=0.0 Lsize=       0KiB time=N/A bitrate=N/A speed=N/A    
Conversion failed!

2025-05-19T06:36:13.235Z [ERROR] STDERR: ffmpeg version 7.1.1-essentials_build-www.gyan.dev Copyright (c) 2000-2025 the FFmpeg developers
  built with gcc 14.2.0 (Rev1, Built by MSYS2 project)
  configuration: --enable-gpl --enable-version3 --enable-static --disable-w32threads --disable-autodetect --enable-fontconfig --enable-iconv --enable-gnutls --enable-libxml2 --enable-gmp --enable-bzlib --enable-lzma --enable-zlib --enable-libsrt --enable-libssh --enable-libzmq --enable-avisynth --enable-sdl2 --enable-libwebp --enable-libx264 --enable-libx265 --enable-libxvid --enable-libaom --enable-libopenjpeg --enable-libvpx --enable-mediafoundation --enable-libass --enable-libfreetype --enable-libfribidi --enable-libharfbuzz --enable-libvidstab --enable-libvmaf --enable-libzimg --enable-amf --enable-cuda-llvm --enable-cuvid --enable-dxva2 --enable-d3d11va --enable-d3d12va --enable-ffnvcodec --enable-libvpl --enable-nvdec --enable-nvenc --enable-vaapi --enable-libgme --enable-libopenmpt --enable-libopencore-amrwb --enable-libmp3lame --enable-libtheora --enable-libvo-amrwbenc --enable-libgsm --enable-libopencore-amrnb --enable-libopus --enable-libspeex --enable-libvorbis --enable-librubberband
  libavutil      59. 39.100 / 59. 39.100
  libavcodec     61. 19.101 / 61. 19.101
  libavformat    61.  7.100 / 61.  7.100
  libavdevice    61.  3.100 / 61.  3.100
  libavfilter    10.  4.100 / 10.  4.100
  libswscale      8.  3.100 /  8.  3.100
  libswresample   5.  3.100 /  5.  3.100
  libpostproc    58.  3.100 / 58.  3.100
Input #0, mov,mp4,m4a,3gp,3g2,mj2, from 'D:\Users\Videos\第二次选择\SampleVideo_1280x720_2mb.mp4':
  Metadata:
    major_brand     : isom
    minor_version   : 512
    compatible_brands: isomiso2avc1mp41
    creation_time   : 1970-01-01T00:00:00.000000Z
    encoder         : Lavf53.24.2
  Duration: 00:00:13.50, start: 0.000000, bitrate: 1248 kb/s
  Stream #0:0[0x1](und): Video: h264 (Main) (avc1 / 0x31637661), yuv420p(progressive), 1280x720 [SAR 1:1 DAR 16:9], 862 kb/s, 25 fps, 25 tbr, 12800 tbn (default)
      Metadata:
        creation_time   : 1970-01-01T00:00:00.000000Z
        handler_name    : VideoHandler
        vendor_id       : [0][0][0][0]
  Stream #0:1[0x2](und): Audio: aac (LC) (mp4a / 0x6134706D), 48000 Hz, 5.1, fltp, 381 kb/s (default)
      Metadata:
        creation_time   : 1970-01-01T00:00:00.000000Z
        handler_name    : SoundHandler
        vendor_id       : [0][0][0][0]
Stream mapping:
  Stream #0:0 -> #0:0 (h264 (native) -> mjpeg (native))
Press [q] to stop, [?] for help
[vf#0:0 @ 00000000028f02c0] No filtered frames for output stream, trying to initialize anyway.
[mjpeg @ 0000000002640b40] Non full-range YUV is non-standard, set strict_std_compliance to at most unofficial to use it.
[vost#0:0/mjpeg @ 000000000262c480] Error while opening encoder - maybe incorrect parameters such as bit_rate, rate, width or height.
[vf#0:0 @ 0000000002641240] Task finished with error code: -22 (Invalid argument)
[vf#0:0 @ 0000000002641240] Terminating thread with return code -22 (Invalid argument)
[vost#0:0/mjpeg @ 000000000262c480] Could not open encoder before EOF
[vost#0:0/mjpeg @ 000000000262c480] Task finished with error code: -22 (Invalid argument)
[vost#0:0/mjpeg @ 000000000262c480] Terminating thread with return code -22 (Invalid argument)
[out#0/image2 @ 0000000002c99e40] Nothing was written into output file, because at least one of its streams received no packets.
frame=    0 fps=0.0 q=0.0 Lsize=       0KiB time=N/A bitrate=N/A speed=N/A    
Conversion failed!

2025-05-19T06:36:13.239Z [ERROR] 直接ffmpeg命令生成缩略图失败: Command failed: D:\code\cursor\looklook\node_modules\ffmpeg-static\ffmpeg.exe -ss 00:00:20 -i D:\Users\Videos\第二次选择\SampleVideo_1280x720_2mb.mp4 -vframes 1 -s 320x180 -y D:\code\cursor\looklook\userdata\thumbnails\1747636573074-RDpcVXNl.jpg
ffmpeg version 7.1.1-essentials_build-www.gyan.dev Copyright (c) 2000-2025 the FFmpeg developers
  built with gcc 14.2.0 (Rev1, Built by MSYS2 project)
  configuration: --enable-gpl --enable-version3 --enable-static --disable-w32threads --disable-autodetect --enable-fontconfig --enable-iconv --enable-gnutls --enable-libxml2 --enable-gmp --enable-bzlib --enable-lzma --enable-zlib --enable-libsrt --enable-libssh --enable-libzmq --enable-avisynth --enable-sdl2 --enable-libwebp --enable-libx264 --enable-libx265 --enable-libxvid --enable-libaom --enable-libopenjpeg --enable-libvpx --enable-mediafoundation --enable-libass --enable-libfreetype --enable-libfribidi --enable-libharfbuzz --enable-libvidstab --enable-libvmaf --enable-libzimg --enable-amf --enable-cuda-llvm --enable-cuvid --enable-dxva2 --enable-d3d11va --enable-d3d12va --enable-ffnvcodec --enable-libvpl --enable-nvdec --enable-nvenc --enable-vaapi --enable-libgme --enable-libopenmpt --enable-libopencore-amrwb --enable-libmp3lame --enable-libtheora --enable-libvo-amrwbenc --enable-libgsm --enable-libopencore-amrnb --enable-libopus --enable-libspeex --enable-libvorbis --enable-librubberband
  libavutil      59. 39.100 / 59. 39.100
  libavcodec     61. 19.101 / 61. 19.101
  libavformat    61.  7.100 / 61.  7.100
  libavdevice    61.  3.100 / 61.  3.100
  libavfilter    10.  4.100 / 10.  4.100
  libswscale      8.  3.100 /  8.  3.100
  libswresample   5.  3.100 /  5.  3.100
  libpostproc    58.  3.100 / 58.  3.100
Input #0, mov,mp4,m4a,3gp,3g2,mj2, from 'D:\Users\Videos\第二次选择\SampleVideo_1280x720_2mb.mp4':
  Metadata:
    major_brand     : isom
    minor_version   : 512
    compatible_brands: isomiso2avc1mp41
    creation_time   : 1970-01-01T00:00:00.000000Z
    encoder         : Lavf53.24.2
  Duration: 00:00:13.50, start: 0.000000, bitrate: 1248 kb/s
  Stream #0:0[0x1](und): Video: h264 (Main) (avc1 / 0x31637661), yuv420p(progressive), 1280x720 [SAR 1:1 DAR 16:9], 862 kb/s, 25 fps, 25 tbr, 12800 tbn (default)
      Metadata:
        creation_time   : 1970-01-01T00:00:00.000000Z
        handler_name    : VideoHandler
        vendor_id       : [0][0][0][0]
  Stream #0:1[0x2](und): Audio: aac (LC) (mp4a / 0x6134706D), 48000 Hz, 5.1, fltp, 381 kb/s (default)
      Metadata:
        creation_time   : 1970-01-01T00:00:00.000000Z
        handler_name    : SoundHandler
        vendor_id       : [0][0][0][0]
Stream mapping:
  Stream #0:0 -> #0:0 (h264 (native) -> mjpeg (native))
Press [q] to stop, [?] for help
[vf#0:0 @ 00000000028f02c0] No filtered frames for output stream, trying to initialize anyway.
[mjpeg @ 0000000002640b40] Non full-range YUV is non-standard, set strict_std_compliance to at most unofficial to use it.
[vost#0:0/mjpeg @ 000000000262c480] Error while opening encoder - maybe incorrect parameters such as bit_rate, rate, width or height.
[vf#0:0 @ 0000000002641240] Task finished with error code: -22 (Invalid argument)
[vf#0:0 @ 0000000002641240] Terminating thread with return code -22 (Invalid argument)
[vost#0:0/mjpeg @ 000000000262c480] Could not open encoder before EOF
[vost#0:0/mjpeg @ 000000000262c480] Task finished with error code: -22 (Invalid argument)
[vost#0:0/mjpeg @ 000000000262c480] Terminating thread with return code -22 (Invalid argument)
[out#0/image2 @ 0000000002c99e40] Nothing was written into output file, because at least one of its streams received no packets.
frame=    0 fps=0.0 q=0.0 Lsize=       0KiB time=N/A bitrate=N/A speed=N/A    
Conversion failed!

2025-05-19T06:36:13.239Z [LOG] 尝试使用直接命令行方式生成缩略图
2025-05-19T06:36:13.240Z [LOG] 直接获取视频时长（秒数）
2025-05-19T06:36:13.240Z [PATH] 尝试获取FFprobe路径
2025-05-19T06:36:13.240Z [LOG] 使用配置的FFprobe路径: D:\code\cursor\looklook\node_modules\ffprobe-static\bin\win32\x64\ffprobe.exe
2025-05-19T06:36:13.240Z [PATH] 使用配置的FFprobe路径: D:\code\cursor\looklook\node_modules\ffprobe-static\bin\win32\x64\ffprobe.exe
2025-05-19T06:36:13.240Z [LOG] 在开发环境中使用ffprobe路径: D:\code\cursor\looklook\node_modules\ffprobe-static\bin\win32\x64\ffprobe.exe
2025-05-19T06:36:13.240Z [LOG] 执行命令: D:\code\cursor\looklook\node_modules\ffprobe-static\bin\win32\x64\ffprobe.exe -v error -show_entries format=duration -of default=noprint_wrappers=1:nokey=1 D:\Users\Videos\第二次选择\SampleVideo_1280x720_2mb.mp4
2025-05-19T06:36:13.304Z [LOG] 时长命令输出: 13.504000
2025-05-19T06:36:13.304Z [LOG] 成功获取视频时长: 13.504 秒
2025-05-19T06:36:13.305Z [LOG] 获取到视频时长: 13.504 秒, 准备截取缩略图
2025-05-19T06:36:13.305Z [LOG] 将在视频的 4 秒处截取缩略图 (随机生成)
2025-05-19T06:36:13.305Z [PATH] 尝试获取FFmpeg路径
2025-05-19T06:36:13.305Z [LOG] 使用配置的FFmpeg路径: D:\code\cursor\looklook\node_modules\ffmpeg-static\ffmpeg.exe
2025-05-19T06:36:13.306Z [PATH] 使用配置的FFmpeg路径: D:\code\cursor\looklook\node_modules\ffmpeg-static\ffmpeg.exe
2025-05-19T06:36:13.306Z [LOG] 执行命令: D:\code\cursor\looklook\node_modules\ffmpeg-static\ffmpeg.exe -i D:\Users\Videos\第二次选择\SampleVideo_1280x720_2mb.mp4 -ss 4 -vframes 1 -s 320x180 -y D:\code\cursor\looklook\userdata\thumbnails\1747636573074-RDpcVXNl.jpg
2025-05-19T06:36:13.440Z [LOG] 命令行方式成功生成缩略图: D:\code\cursor\looklook\userdata\thumbnails\1747636573074-RDpcVXNl.jpg
2025-05-19T06:36:13.441Z [LOG] 通过多步骤方法成功生成缩略图
2025-05-19T06:36:13.441Z [LOG] 设置已加载
2025-05-19T06:36:13.442Z [LOG] 获取视频分辨率: D:\Users\Videos\第二次选择\SampleVideo_1280x720_30mb.mp4
2025-05-19T06:36:13.442Z [MAIN] 开始获取视频分辨率: D:\Users\Videos\第二次选择\SampleVideo_1280x720_30mb.mp4
2025-05-19T06:36:13.442Z [LOG] 直接获取视频分辨率
2025-05-19T06:36:13.442Z [RESOLUTION] 开始获取视频分辨率: D:\Users\Videos\第二次选择\SampleVideo_1280x720_30mb.mp4
2025-05-19T06:36:13.442Z [PATH] 尝试获取FFprobe路径
2025-05-19T06:36:13.443Z [LOG] 使用配置的FFprobe路径: D:\code\cursor\looklook\node_modules\ffprobe-static\bin\win32\x64\ffprobe.exe
2025-05-19T06:36:13.443Z [PATH] 使用配置的FFprobe路径: D:\code\cursor\looklook\node_modules\ffprobe-static\bin\win32\x64\ffprobe.exe
2025-05-19T06:36:13.443Z [RESOLUTION] 在开发环境中使用ffprobe路径: D:\code\cursor\looklook\node_modules\ffprobe-static\bin\win32\x64\ffprobe.exe
2025-05-19T06:36:13.443Z [RESOLUTION] 检查ffprobe可执行文件是否存在: true
2025-05-19T06:36:13.443Z [LOG] 执行命令: "D:\code\cursor\looklook\node_modules\ffprobe-static\bin\win32\x64\ffprobe.exe" -v error -select_streams v:0 -show_entries stream=width,height -of csv=s=x:p=0 "D:\Users\Videos\第二次选择\SampleVideo_1280x720_30mb.mp4"
2025-05-19T06:36:13.443Z [RESOLUTION] 开始执行命令获取分辨率: "D:\code\cursor\looklook\node_modules\ffprobe-static\bin\win32\x64\ffprobe.exe" -v error -select_streams v:0 -show_entries stream=width,height -of csv=s=x:p=0 "D:\Users\Videos\第二次选择\SampleVideo_1280x720_30mb.mp4"
2025-05-19T06:36:13.515Z [RESOLUTION] 命令输出: "1280x720"
2025-05-19T06:36:13.516Z [LOG] 成功解析分辨率: 1280×720
2025-05-19T06:36:13.516Z [RESOLUTION] 成功解析分辨率: 1280×720
2025-05-19T06:36:13.516Z [LOG] 获取视频时长: D:\Users\Videos\第二次选择\SampleVideo_1280x720_30mb.mp4
2025-05-19T06:36:13.516Z [MAIN] 开始获取视频时长: D:\Users\Videos\第二次选择\SampleVideo_1280x720_30mb.mp4
2025-05-19T06:36:13.517Z [LOG] 直接获取视频时长
2025-05-19T06:36:13.518Z [DURATION] 开始获取视频时长: D:\Users\Videos\第二次选择\SampleVideo_1280x720_30mb.mp4
2025-05-19T06:36:13.518Z [PATH] 尝试获取FFprobe路径
2025-05-19T06:36:13.518Z [LOG] 使用配置的FFprobe路径: D:\code\cursor\looklook\node_modules\ffprobe-static\bin\win32\x64\ffprobe.exe
2025-05-19T06:36:13.518Z [PATH] 使用配置的FFprobe路径: D:\code\cursor\looklook\node_modules\ffprobe-static\bin\win32\x64\ffprobe.exe
2025-05-19T06:36:13.518Z [DURATION] 在开发环境中使用ffprobe路径: D:\code\cursor\looklook\node_modules\ffprobe-static\bin\win32\x64\ffprobe.exe
2025-05-19T06:36:13.518Z [DURATION] 检查ffprobe可执行文件是否存在: true
2025-05-19T06:36:13.519Z [LOG] 执行命令: "D:\code\cursor\looklook\node_modules\ffprobe-static\bin\win32\x64\ffprobe.exe" -v error -show_entries format=duration -of default=noprint_wrappers=1:nokey=1 "D:\Users\Videos\第二次选择\SampleVideo_1280x720_30mb.mp4"
2025-05-19T06:36:13.519Z [DURATION] 开始执行命令获取时长: "D:\code\cursor\looklook\node_modules\ffprobe-static\bin\win32\x64\ffprobe.exe" -v error -show_entries format=duration -of default=noprint_wrappers=1:nokey=1 "D:\Users\Videos\第二次选择\SampleVideo_1280x720_30mb.mp4"
2025-05-19T06:36:13.593Z [DURATION] 命令输出: "170.859000"
2025-05-19T06:36:13.593Z [LOG] 成功解析时长: 00:02:50
2025-05-19T06:36:13.594Z [DURATION] 成功解析时长: 00:02:50
2025-05-19T06:36:13.594Z [LOG] 开始生成缩略图，视频路径: D:\Users\Videos\第二次选择\SampleVideo_1280x720_30mb.mp4
2025-05-19T06:36:13.595Z [LOG] 缩略图输出路径: D:\code\cursor\looklook\userdata\thumbnails\1747636573654-RDpcVXNl.jpg
2025-05-19T06:36:13.595Z [LOG] 生成随机时间点: 00:00:36
2025-05-19T06:36:13.596Z [LOG] 使用直接命令行ffmpeg生成缩略图
2025-05-19T06:36:13.596Z [PATH] 尝试获取FFmpeg路径
2025-05-19T06:36:13.596Z [LOG] 使用配置的FFmpeg路径: D:\code\cursor\looklook\node_modules\ffmpeg-static\ffmpeg.exe
2025-05-19T06:36:13.596Z [PATH] 使用配置的FFmpeg路径: D:\code\cursor\looklook\node_modules\ffmpeg-static\ffmpeg.exe
2025-05-19T06:36:13.596Z [LOG] 将使用时间点 00:00:36 生成缩略图
2025-05-19T06:36:13.597Z [LOG] 执行命令: D:\code\cursor\looklook\node_modules\ffmpeg-static\ffmpeg.exe -ss 00:00:36 -i D:\Users\Videos\第二次选择\SampleVideo_1280x720_30mb.mp4 -vframes 1 -s 320x180 -y D:\code\cursor\looklook\userdata\thumbnails\1747636573654-RDpcVXNl.jpg
2025-05-19T06:36:13.734Z [LOG] 直接ffmpeg成功生成缩略图: D:\code\cursor\looklook\userdata\thumbnails\1747636573654-RDpcVXNl.jpg
2025-05-19T06:36:13.734Z [LOG] 通过直接ffmpeg命令生成缩略图成功
2025-05-19T06:36:13.735Z [LOG] 设置已加载
2025-05-19T06:36:13.735Z [LOG] 获取视频分辨率: D:\Users\Videos\第二次选择\SampleVideo_1280x720_5mb.flv
2025-05-19T06:36:13.735Z [MAIN] 开始获取视频分辨率: D:\Users\Videos\第二次选择\SampleVideo_1280x720_5mb.flv
2025-05-19T06:36:13.736Z [LOG] 直接获取视频分辨率
2025-05-19T06:36:13.736Z [RESOLUTION] 开始获取视频分辨率: D:\Users\Videos\第二次选择\SampleVideo_1280x720_5mb.flv
2025-05-19T06:36:13.736Z [PATH] 尝试获取FFprobe路径
2025-05-19T06:36:13.736Z [LOG] 使用配置的FFprobe路径: D:\code\cursor\looklook\node_modules\ffprobe-static\bin\win32\x64\ffprobe.exe
2025-05-19T06:36:13.736Z [PATH] 使用配置的FFprobe路径: D:\code\cursor\looklook\node_modules\ffprobe-static\bin\win32\x64\ffprobe.exe
2025-05-19T06:36:13.736Z [RESOLUTION] 在开发环境中使用ffprobe路径: D:\code\cursor\looklook\node_modules\ffprobe-static\bin\win32\x64\ffprobe.exe
2025-05-19T06:36:13.736Z [RESOLUTION] 检查ffprobe可执行文件是否存在: true
2025-05-19T06:36:13.736Z [LOG] 执行命令: "D:\code\cursor\looklook\node_modules\ffprobe-static\bin\win32\x64\ffprobe.exe" -v error -select_streams v:0 -show_entries stream=width,height -of csv=s=x:p=0 "D:\Users\Videos\第二次选择\SampleVideo_1280x720_5mb.flv"
2025-05-19T06:36:13.736Z [RESOLUTION] 开始执行命令获取分辨率: "D:\code\cursor\looklook\node_modules\ffprobe-static\bin\win32\x64\ffprobe.exe" -v error -select_streams v:0 -show_entries stream=width,height -of csv=s=x:p=0 "D:\Users\Videos\第二次选择\SampleVideo_1280x720_5mb.flv"
2025-05-19T06:36:13.800Z [RESOLUTION] 命令输出: "1280x720"
2025-05-19T06:36:13.800Z [LOG] 成功解析分辨率: 1280×720
2025-05-19T06:36:13.800Z [RESOLUTION] 成功解析分辨率: 1280×720
2025-05-19T06:36:13.800Z [LOG] 获取视频时长: D:\Users\Videos\第二次选择\SampleVideo_1280x720_5mb.flv
2025-05-19T06:36:13.801Z [MAIN] 开始获取视频时长: D:\Users\Videos\第二次选择\SampleVideo_1280x720_5mb.flv
2025-05-19T06:36:13.801Z [LOG] 直接获取视频时长
2025-05-19T06:36:13.801Z [DURATION] 开始获取视频时长: D:\Users\Videos\第二次选择\SampleVideo_1280x720_5mb.flv
2025-05-19T06:36:13.801Z [PATH] 尝试获取FFprobe路径
2025-05-19T06:36:13.801Z [LOG] 使用配置的FFprobe路径: D:\code\cursor\looklook\node_modules\ffprobe-static\bin\win32\x64\ffprobe.exe
2025-05-19T06:36:13.802Z [PATH] 使用配置的FFprobe路径: D:\code\cursor\looklook\node_modules\ffprobe-static\bin\win32\x64\ffprobe.exe
2025-05-19T06:36:13.802Z [DURATION] 在开发环境中使用ffprobe路径: D:\code\cursor\looklook\node_modules\ffprobe-static\bin\win32\x64\ffprobe.exe
2025-05-19T06:36:13.802Z [DURATION] 检查ffprobe可执行文件是否存在: true
2025-05-19T06:36:13.802Z [LOG] 执行命令: "D:\code\cursor\looklook\node_modules\ffprobe-static\bin\win32\x64\ffprobe.exe" -v error -show_entries format=duration -of default=noprint_wrappers=1:nokey=1 "D:\Users\Videos\第二次选择\SampleVideo_1280x720_5mb.flv"
2025-05-19T06:36:13.802Z [DURATION] 开始执行命令获取时长: "D:\code\cursor\looklook\node_modules\ffprobe-static\bin\win32\x64\ffprobe.exe" -v error -show_entries format=duration -of default=noprint_wrappers=1:nokey=1 "D:\Users\Videos\第二次选择\SampleVideo_1280x720_5mb.flv"
2025-05-19T06:36:13.869Z [DURATION] 命令输出: "26.400000"
2025-05-19T06:36:13.869Z [LOG] 成功解析时长: 00:00:26
2025-05-19T06:36:13.870Z [DURATION] 成功解析时长: 00:00:26
2025-05-19T06:36:13.870Z [LOG] 开始生成缩略图，视频路径: D:\Users\Videos\第二次选择\SampleVideo_1280x720_5mb.flv
2025-05-19T06:36:13.870Z [LOG] 缩略图输出路径: D:\code\cursor\looklook\userdata\thumbnails\1747636574036-RDpcVXNl.jpg
2025-05-19T06:36:13.871Z [LOG] 生成随机时间点: 00:00:20
2025-05-19T06:36:13.871Z [LOG] 使用直接命令行ffmpeg生成缩略图
2025-05-19T06:36:13.871Z [PATH] 尝试获取FFmpeg路径
2025-05-19T06:36:13.871Z [LOG] 使用配置的FFmpeg路径: D:\code\cursor\looklook\node_modules\ffmpeg-static\ffmpeg.exe
2025-05-19T06:36:13.871Z [PATH] 使用配置的FFmpeg路径: D:\code\cursor\looklook\node_modules\ffmpeg-static\ffmpeg.exe
2025-05-19T06:36:13.872Z [LOG] 将使用时间点 00:00:20 生成缩略图
2025-05-19T06:36:13.872Z [LOG] 执行命令: D:\code\cursor\looklook\node_modules\ffmpeg-static\ffmpeg.exe -ss 00:00:20 -i D:\Users\Videos\第二次选择\SampleVideo_1280x720_5mb.flv -vframes 1 -s 320x180 -y D:\code\cursor\looklook\userdata\thumbnails\1747636574036-RDpcVXNl.jpg
2025-05-19T06:36:14.044Z [LOG] 直接ffmpeg成功生成缩略图: D:\code\cursor\looklook\userdata\thumbnails\1747636574036-RDpcVXNl.jpg
2025-05-19T06:36:14.044Z [LOG] 通过直接ffmpeg命令生成缩略图成功
2025-05-19T06:36:14.044Z [LOG] 设置已加载
2025-05-19T06:36:14.045Z [LOG] 获取视频分辨率: D:\Users\Videos\第二次选择\SampleVideo_1280x720_5mb.mkv
2025-05-19T06:36:14.045Z [MAIN] 开始获取视频分辨率: D:\Users\Videos\第二次选择\SampleVideo_1280x720_5mb.mkv
2025-05-19T06:36:14.045Z [LOG] 直接获取视频分辨率
2025-05-19T06:36:14.045Z [RESOLUTION] 开始获取视频分辨率: D:\Users\Videos\第二次选择\SampleVideo_1280x720_5mb.mkv
2025-05-19T06:36:14.045Z [PATH] 尝试获取FFprobe路径
2025-05-19T06:36:14.045Z [LOG] 使用配置的FFprobe路径: D:\code\cursor\looklook\node_modules\ffprobe-static\bin\win32\x64\ffprobe.exe
2025-05-19T06:36:14.045Z [PATH] 使用配置的FFprobe路径: D:\code\cursor\looklook\node_modules\ffprobe-static\bin\win32\x64\ffprobe.exe
2025-05-19T06:36:14.045Z [RESOLUTION] 在开发环境中使用ffprobe路径: D:\code\cursor\looklook\node_modules\ffprobe-static\bin\win32\x64\ffprobe.exe
2025-05-19T06:36:14.046Z [RESOLUTION] 检查ffprobe可执行文件是否存在: true
2025-05-19T06:36:14.046Z [LOG] 执行命令: "D:\code\cursor\looklook\node_modules\ffprobe-static\bin\win32\x64\ffprobe.exe" -v error -select_streams v:0 -show_entries stream=width,height -of csv=s=x:p=0 "D:\Users\Videos\第二次选择\SampleVideo_1280x720_5mb.mkv"
2025-05-19T06:36:14.046Z [RESOLUTION] 开始执行命令获取分辨率: "D:\code\cursor\looklook\node_modules\ffprobe-static\bin\win32\x64\ffprobe.exe" -v error -select_streams v:0 -show_entries stream=width,height -of csv=s=x:p=0 "D:\Users\Videos\第二次选择\SampleVideo_1280x720_5mb.mkv"
2025-05-19T06:36:14.110Z [RESOLUTION] 命令输出: "1280x720"
2025-05-19T06:36:14.111Z [LOG] 成功解析分辨率: 1280×720
2025-05-19T06:36:14.111Z [RESOLUTION] 成功解析分辨率: 1280×720
2025-05-19T06:36:14.111Z [LOG] 获取视频时长: D:\Users\Videos\第二次选择\SampleVideo_1280x720_5mb.mkv
2025-05-19T06:36:14.111Z [MAIN] 开始获取视频时长: D:\Users\Videos\第二次选择\SampleVideo_1280x720_5mb.mkv
2025-05-19T06:36:14.112Z [LOG] 直接获取视频时长
2025-05-19T06:36:14.112Z [DURATION] 开始获取视频时长: D:\Users\Videos\第二次选择\SampleVideo_1280x720_5mb.mkv
2025-05-19T06:36:14.112Z [PATH] 尝试获取FFprobe路径
2025-05-19T06:36:14.112Z [LOG] 使用配置的FFprobe路径: D:\code\cursor\looklook\node_modules\ffprobe-static\bin\win32\x64\ffprobe.exe
2025-05-19T06:36:14.112Z [PATH] 使用配置的FFprobe路径: D:\code\cursor\looklook\node_modules\ffprobe-static\bin\win32\x64\ffprobe.exe
2025-05-19T06:36:14.112Z [DURATION] 在开发环境中使用ffprobe路径: D:\code\cursor\looklook\node_modules\ffprobe-static\bin\win32\x64\ffprobe.exe
2025-05-19T06:36:14.112Z [DURATION] 检查ffprobe可执行文件是否存在: true
2025-05-19T06:36:14.113Z [LOG] 执行命令: "D:\code\cursor\looklook\node_modules\ffprobe-static\bin\win32\x64\ffprobe.exe" -v error -show_entries format=duration -of default=noprint_wrappers=1:nokey=1 "D:\Users\Videos\第二次选择\SampleVideo_1280x720_5mb.mkv"
2025-05-19T06:36:14.113Z [DURATION] 开始执行命令获取时长: "D:\code\cursor\looklook\node_modules\ffprobe-static\bin\win32\x64\ffprobe.exe" -v error -show_entries format=duration -of default=noprint_wrappers=1:nokey=1 "D:\Users\Videos\第二次选择\SampleVideo_1280x720_5mb.mkv"
2025-05-19T06:36:14.180Z [DURATION] 命令输出: "26.330000"
2025-05-19T06:36:14.180Z [LOG] 成功解析时长: 00:00:26
2025-05-19T06:36:14.181Z [DURATION] 成功解析时长: 00:00:26
2025-05-19T06:36:14.181Z [LOG] 开始生成缩略图，视频路径: D:\Users\Videos\第二次选择\SampleVideo_1280x720_5mb.mkv
2025-05-19T06:36:14.181Z [LOG] 缩略图输出路径: D:\code\cursor\looklook\userdata\thumbnails\1747636574655-RDpcVXNl.jpg
2025-05-19T06:36:14.181Z [LOG] 生成随机时间点: 00:00:22
2025-05-19T06:36:14.182Z [LOG] 使用直接命令行ffmpeg生成缩略图
2025-05-19T06:36:14.182Z [PATH] 尝试获取FFmpeg路径
2025-05-19T06:36:14.182Z [LOG] 使用配置的FFmpeg路径: D:\code\cursor\looklook\node_modules\ffmpeg-static\ffmpeg.exe
2025-05-19T06:36:14.182Z [PATH] 使用配置的FFmpeg路径: D:\code\cursor\looklook\node_modules\ffmpeg-static\ffmpeg.exe
2025-05-19T06:36:14.182Z [LOG] 将使用时间点 00:00:22 生成缩略图
2025-05-19T06:36:14.182Z [LOG] 执行命令: D:\code\cursor\looklook\node_modules\ffmpeg-static\ffmpeg.exe -ss 00:00:22 -i D:\Users\Videos\第二次选择\SampleVideo_1280x720_5mb.mkv -vframes 1 -s 320x180 -y D:\code\cursor\looklook\userdata\thumbnails\1747636574655-RDpcVXNl.jpg
2025-05-19T06:36:14.276Z [LOG] 直接ffmpeg成功生成缩略图: D:\code\cursor\looklook\userdata\thumbnails\1747636574655-RDpcVXNl.jpg
2025-05-19T06:36:14.276Z [LOG] 通过直接ffmpeg命令生成缩略图成功
2025-05-19T06:36:14.277Z [LOG] 设置已加载
2025-05-19T06:36:14.277Z [LOG] 获取视频分辨率: D:\Users\Videos\第二次选择\SampleVideo_1280x720_5mb.mp4
2025-05-19T06:36:14.277Z [MAIN] 开始获取视频分辨率: D:\Users\Videos\第二次选择\SampleVideo_1280x720_5mb.mp4
2025-05-19T06:36:14.277Z [LOG] 直接获取视频分辨率
2025-05-19T06:36:14.278Z [RESOLUTION] 开始获取视频分辨率: D:\Users\Videos\第二次选择\SampleVideo_1280x720_5mb.mp4
2025-05-19T06:36:14.278Z [PATH] 尝试获取FFprobe路径
2025-05-19T06:36:14.278Z [LOG] 使用配置的FFprobe路径: D:\code\cursor\looklook\node_modules\ffprobe-static\bin\win32\x64\ffprobe.exe
2025-05-19T06:36:14.278Z [PATH] 使用配置的FFprobe路径: D:\code\cursor\looklook\node_modules\ffprobe-static\bin\win32\x64\ffprobe.exe
2025-05-19T06:36:14.278Z [RESOLUTION] 在开发环境中使用ffprobe路径: D:\code\cursor\looklook\node_modules\ffprobe-static\bin\win32\x64\ffprobe.exe
2025-05-19T06:36:14.278Z [RESOLUTION] 检查ffprobe可执行文件是否存在: true
2025-05-19T06:36:14.278Z [LOG] 执行命令: "D:\code\cursor\looklook\node_modules\ffprobe-static\bin\win32\x64\ffprobe.exe" -v error -select_streams v:0 -show_entries stream=width,height -of csv=s=x:p=0 "D:\Users\Videos\第二次选择\SampleVideo_1280x720_5mb.mp4"
2025-05-19T06:36:14.278Z [RESOLUTION] 开始执行命令获取分辨率: "D:\code\cursor\looklook\node_modules\ffprobe-static\bin\win32\x64\ffprobe.exe" -v error -select_streams v:0 -show_entries stream=width,height -of csv=s=x:p=0 "D:\Users\Videos\第二次选择\SampleVideo_1280x720_5mb.mp4"
2025-05-19T06:36:14.350Z [RESOLUTION] 命令输出: "1280x720"
2025-05-19T06:36:14.350Z [LOG] 成功解析分辨率: 1280×720
2025-05-19T06:36:14.350Z [RESOLUTION] 成功解析分辨率: 1280×720
2025-05-19T06:36:14.351Z [LOG] 获取视频时长: D:\Users\Videos\第二次选择\SampleVideo_1280x720_5mb.mp4
2025-05-19T06:36:14.351Z [MAIN] 开始获取视频时长: D:\Users\Videos\第二次选择\SampleVideo_1280x720_5mb.mp4
2025-05-19T06:36:14.351Z [LOG] 直接获取视频时长
2025-05-19T06:36:14.351Z [DURATION] 开始获取视频时长: D:\Users\Videos\第二次选择\SampleVideo_1280x720_5mb.mp4
2025-05-19T06:36:14.351Z [PATH] 尝试获取FFprobe路径
2025-05-19T06:36:14.351Z [LOG] 使用配置的FFprobe路径: D:\code\cursor\looklook\node_modules\ffprobe-static\bin\win32\x64\ffprobe.exe
2025-05-19T06:36:14.352Z [PATH] 使用配置的FFprobe路径: D:\code\cursor\looklook\node_modules\ffprobe-static\bin\win32\x64\ffprobe.exe
2025-05-19T06:36:14.352Z [DURATION] 在开发环境中使用ffprobe路径: D:\code\cursor\looklook\node_modules\ffprobe-static\bin\win32\x64\ffprobe.exe
2025-05-19T06:36:14.352Z [DURATION] 检查ffprobe可执行文件是否存在: true
2025-05-19T06:36:14.352Z [LOG] 执行命令: "D:\code\cursor\looklook\node_modules\ffprobe-static\bin\win32\x64\ffprobe.exe" -v error -show_entries format=duration -of default=noprint_wrappers=1:nokey=1 "D:\Users\Videos\第二次选择\SampleVideo_1280x720_5mb.mp4"
2025-05-19T06:36:14.352Z [DURATION] 开始执行命令获取时长: "D:\code\cursor\looklook\node_modules\ffprobe-static\bin\win32\x64\ffprobe.exe" -v error -show_entries format=duration -of default=noprint_wrappers=1:nokey=1 "D:\Users\Videos\第二次选择\SampleVideo_1280x720_5mb.mp4"
2025-05-19T06:36:14.430Z [DURATION] 命令输出: "29.568000"
2025-05-19T06:36:14.430Z [LOG] 成功解析时长: 00:00:29
2025-05-19T06:36:14.430Z [DURATION] 成功解析时长: 00:00:29
2025-05-19T06:36:14.431Z [LOG] 开始生成缩略图，视频路径: D:\Users\Videos\第二次选择\SampleVideo_1280x720_5mb.mp4
2025-05-19T06:36:14.431Z [LOG] 缩略图输出路径: D:\code\cursor\looklook\userdata\thumbnails\1747636574281-RDpcVXNl.jpg
2025-05-19T06:36:14.431Z [LOG] 生成随机时间点: 00:00:49
2025-05-19T06:36:14.432Z [LOG] 使用直接命令行ffmpeg生成缩略图
2025-05-19T06:36:14.432Z [PATH] 尝试获取FFmpeg路径
2025-05-19T06:36:14.432Z [LOG] 使用配置的FFmpeg路径: D:\code\cursor\looklook\node_modules\ffmpeg-static\ffmpeg.exe
2025-05-19T06:36:14.432Z [PATH] 使用配置的FFmpeg路径: D:\code\cursor\looklook\node_modules\ffmpeg-static\ffmpeg.exe
2025-05-19T06:36:14.433Z [LOG] 将使用时间点 00:00:49 生成缩略图
2025-05-19T06:36:14.433Z [LOG] 执行命令: D:\code\cursor\looklook\node_modules\ffmpeg-static\ffmpeg.exe -ss 00:00:49 -i D:\Users\Videos\第二次选择\SampleVideo_1280x720_5mb.mp4 -vframes 1 -s 320x180 -y D:\code\cursor\looklook\userdata\thumbnails\1747636574281-RDpcVXNl.jpg
2025-05-19T06:36:15.038Z [ERROR] 直接ffmpeg生成缩略图失败: Command failed: D:\code\cursor\looklook\node_modules\ffmpeg-static\ffmpeg.exe -ss 00:00:49 -i D:\Users\Videos\第二次选择\SampleVideo_1280x720_5mb.mp4 -vframes 1 -s 320x180 -y D:\code\cursor\looklook\userdata\thumbnails\1747636574281-RDpcVXNl.jpg
ffmpeg version 7.1.1-essentials_build-www.gyan.dev Copyright (c) 2000-2025 the FFmpeg developers
  built with gcc 14.2.0 (Rev1, Built by MSYS2 project)
  configuration: --enable-gpl --enable-version3 --enable-static --disable-w32threads --disable-autodetect --enable-fontconfig --enable-iconv --enable-gnutls --enable-libxml2 --enable-gmp --enable-bzlib --enable-lzma --enable-zlib --enable-libsrt --enable-libssh --enable-libzmq --enable-avisynth --enable-sdl2 --enable-libwebp --enable-libx264 --enable-libx265 --enable-libxvid --enable-libaom --enable-libopenjpeg --enable-libvpx --enable-mediafoundation --enable-libass --enable-libfreetype --enable-libfribidi --enable-libharfbuzz --enable-libvidstab --enable-libvmaf --enable-libzimg --enable-amf --enable-cuda-llvm --enable-cuvid --enable-dxva2 --enable-d3d11va --enable-d3d12va --enable-ffnvcodec --enable-libvpl --enable-nvdec --enable-nvenc --enable-vaapi --enable-libgme --enable-libopenmpt --enable-libopencore-amrwb --enable-libmp3lame --enable-libtheora --enable-libvo-amrwbenc --enable-libgsm --enable-libopencore-amrnb --enable-libopus --enable-libspeex --enable-libvorbis --enable-librubberband
  libavutil      59. 39.100 / 59. 39.100
  libavcodec     61. 19.101 / 61. 19.101
  libavformat    61.  7.100 / 61.  7.100
  libavdevice    61.  3.100 / 61.  3.100
  libavfilter    10.  4.100 / 10.  4.100
  libswscale      8.  3.100 /  8.  3.100
  libswresample   5.  3.100 /  5.  3.100
  libpostproc    58.  3.100 / 58.  3.100
Input #0, mov,mp4,m4a,3gp,3g2,mj2, from 'D:\Users\Videos\第二次选择\SampleVideo_1280x720_5mb.mp4':
  Metadata:
    major_brand     : isom
    minor_version   : 512
    compatible_brands: isomiso2avc1mp41
    creation_time   : 1970-01-01T00:00:00.000000Z
    encoder         : Lavf53.24.2
  Duration: 00:00:29.57, start: 0.000000, bitrate: 1421 kb/s
  Stream #0:0[0x1](und): Video: h264 (Main) (avc1 / 0x31637661), yuv420p(progressive), 1280x720 [SAR 1:1 DAR 16:9], 1032 kb/s, 25 fps, 25 tbr, 12800 tbn (default)
      Metadata:
        creation_time   : 1970-01-01T00:00:00.000000Z
        handler_name    : VideoHandler
        vendor_id       : [0][0][0][0]
  Stream #0:1[0x2](und): Audio: aac (LC) (mp4a / 0x6134706D), 48000 Hz, 5.1, fltp, 383 kb/s (default)
      Metadata:
        creation_time   : 1970-01-01T00:00:00.000000Z
        handler_name    : SoundHandler
        vendor_id       : [0][0][0][0]
Stream mapping:
  Stream #0:0 -> #0:0 (h264 (native) -> mjpeg (native))
Press [q] to stop, [?] for help
[vf#0:0 @ 0000000002d24cc0] No filtered frames for output stream, trying to initialize anyway.
[mjpeg @ 0000000002d245c0] Non full-range YUV is non-standard, set strict_std_compliance to at most unofficial to use it.
[vost#0:0/mjpeg @ 00000000026be580] Error while opening encoder - maybe incorrect parameters such as bit_rate, rate, width or height.
[vf#0:0 @ 0000000002d24980] Task finished with error code: -22 (Invalid argument)
[vf#0:0 @ 0000000002d24980] Terminating thread with return code -22 (Invalid argument)
[vost#0:0/mjpeg @ 00000000026be580] Could not open encoder before EOF
[vost#0:0/mjpeg @ 00000000026be580] Task finished with error code: -22 (Invalid argument)
[vost#0:0/mjpeg @ 00000000026be580] Terminating thread with return code -22 (Invalid argument)
[out#0/image2 @ 00000000026c8700] Nothing was written into output file, because at least one of its streams received no packets.
frame=    0 fps=0.0 q=0.0 Lsize=       0KiB time=N/A bitrate=N/A speed=N/A    
Conversion failed!

2025-05-19T06:36:15.041Z [ERROR] STDERR: ffmpeg version 7.1.1-essentials_build-www.gyan.dev Copyright (c) 2000-2025 the FFmpeg developers
  built with gcc 14.2.0 (Rev1, Built by MSYS2 project)
  configuration: --enable-gpl --enable-version3 --enable-static --disable-w32threads --disable-autodetect --enable-fontconfig --enable-iconv --enable-gnutls --enable-libxml2 --enable-gmp --enable-bzlib --enable-lzma --enable-zlib --enable-libsrt --enable-libssh --enable-libzmq --enable-avisynth --enable-sdl2 --enable-libwebp --enable-libx264 --enable-libx265 --enable-libxvid --enable-libaom --enable-libopenjpeg --enable-libvpx --enable-mediafoundation --enable-libass --enable-libfreetype --enable-libfribidi --enable-libharfbuzz --enable-libvidstab --enable-libvmaf --enable-libzimg --enable-amf --enable-cuda-llvm --enable-cuvid --enable-dxva2 --enable-d3d11va --enable-d3d12va --enable-ffnvcodec --enable-libvpl --enable-nvdec --enable-nvenc --enable-vaapi --enable-libgme --enable-libopenmpt --enable-libopencore-amrwb --enable-libmp3lame --enable-libtheora --enable-libvo-amrwbenc --enable-libgsm --enable-libopencore-amrnb --enable-libopus --enable-libspeex --enable-libvorbis --enable-librubberband
  libavutil      59. 39.100 / 59. 39.100
  libavcodec     61. 19.101 / 61. 19.101
  libavformat    61.  7.100 / 61.  7.100
  libavdevice    61.  3.100 / 61.  3.100
  libavfilter    10.  4.100 / 10.  4.100
  libswscale      8.  3.100 /  8.  3.100
  libswresample   5.  3.100 /  5.  3.100
  libpostproc    58.  3.100 / 58.  3.100
Input #0, mov,mp4,m4a,3gp,3g2,mj2, from 'D:\Users\Videos\第二次选择\SampleVideo_1280x720_5mb.mp4':
  Metadata:
    major_brand     : isom
    minor_version   : 512
    compatible_brands: isomiso2avc1mp41
    creation_time   : 1970-01-01T00:00:00.000000Z
    encoder         : Lavf53.24.2
  Duration: 00:00:29.57, start: 0.000000, bitrate: 1421 kb/s
  Stream #0:0[0x1](und): Video: h264 (Main) (avc1 / 0x31637661), yuv420p(progressive), 1280x720 [SAR 1:1 DAR 16:9], 1032 kb/s, 25 fps, 25 tbr, 12800 tbn (default)
      Metadata:
        creation_time   : 1970-01-01T00:00:00.000000Z
        handler_name    : VideoHandler
        vendor_id       : [0][0][0][0]
  Stream #0:1[0x2](und): Audio: aac (LC) (mp4a / 0x6134706D), 48000 Hz, 5.1, fltp, 383 kb/s (default)
      Metadata:
        creation_time   : 1970-01-01T00:00:00.000000Z
        handler_name    : SoundHandler
        vendor_id       : [0][0][0][0]
Stream mapping:
  Stream #0:0 -> #0:0 (h264 (native) -> mjpeg (native))
Press [q] to stop, [?] for help
[vf#0:0 @ 0000000002d24cc0] No filtered frames for output stream, trying to initialize anyway.
[mjpeg @ 0000000002d245c0] Non full-range YUV is non-standard, set strict_std_compliance to at most unofficial to use it.
[vost#0:0/mjpeg @ 00000000026be580] Error while opening encoder - maybe incorrect parameters such as bit_rate, rate, width or height.
[vf#0:0 @ 0000000002d24980] Task finished with error code: -22 (Invalid argument)
[vf#0:0 @ 0000000002d24980] Terminating thread with return code -22 (Invalid argument)
[vost#0:0/mjpeg @ 00000000026be580] Could not open encoder before EOF
[vost#0:0/mjpeg @ 00000000026be580] Task finished with error code: -22 (Invalid argument)
[vost#0:0/mjpeg @ 00000000026be580] Terminating thread with return code -22 (Invalid argument)
[out#0/image2 @ 00000000026c8700] Nothing was written into output file, because at least one of its streams received no packets.
frame=    0 fps=0.0 q=0.0 Lsize=       0KiB time=N/A bitrate=N/A speed=N/A    
Conversion failed!

2025-05-19T06:36:15.045Z [ERROR] 直接ffmpeg命令生成缩略图失败: Command failed: D:\code\cursor\looklook\node_modules\ffmpeg-static\ffmpeg.exe -ss 00:00:49 -i D:\Users\Videos\第二次选择\SampleVideo_1280x720_5mb.mp4 -vframes 1 -s 320x180 -y D:\code\cursor\looklook\userdata\thumbnails\1747636574281-RDpcVXNl.jpg
ffmpeg version 7.1.1-essentials_build-www.gyan.dev Copyright (c) 2000-2025 the FFmpeg developers
  built with gcc 14.2.0 (Rev1, Built by MSYS2 project)
  configuration: --enable-gpl --enable-version3 --enable-static --disable-w32threads --disable-autodetect --enable-fontconfig --enable-iconv --enable-gnutls --enable-libxml2 --enable-gmp --enable-bzlib --enable-lzma --enable-zlib --enable-libsrt --enable-libssh --enable-libzmq --enable-avisynth --enable-sdl2 --enable-libwebp --enable-libx264 --enable-libx265 --enable-libxvid --enable-libaom --enable-libopenjpeg --enable-libvpx --enable-mediafoundation --enable-libass --enable-libfreetype --enable-libfribidi --enable-libharfbuzz --enable-libvidstab --enable-libvmaf --enable-libzimg --enable-amf --enable-cuda-llvm --enable-cuvid --enable-dxva2 --enable-d3d11va --enable-d3d12va --enable-ffnvcodec --enable-libvpl --enable-nvdec --enable-nvenc --enable-vaapi --enable-libgme --enable-libopenmpt --enable-libopencore-amrwb --enable-libmp3lame --enable-libtheora --enable-libvo-amrwbenc --enable-libgsm --enable-libopencore-amrnb --enable-libopus --enable-libspeex --enable-libvorbis --enable-librubberband
  libavutil      59. 39.100 / 59. 39.100
  libavcodec     61. 19.101 / 61. 19.101
  libavformat    61.  7.100 / 61.  7.100
  libavdevice    61.  3.100 / 61.  3.100
  libavfilter    10.  4.100 / 10.  4.100
  libswscale      8.  3.100 /  8.  3.100
  libswresample   5.  3.100 /  5.  3.100
  libpostproc    58.  3.100 / 58.  3.100
Input #0, mov,mp4,m4a,3gp,3g2,mj2, from 'D:\Users\Videos\第二次选择\SampleVideo_1280x720_5mb.mp4':
  Metadata:
    major_brand     : isom
    minor_version   : 512
    compatible_brands: isomiso2avc1mp41
    creation_time   : 1970-01-01T00:00:00.000000Z
    encoder         : Lavf53.24.2
  Duration: 00:00:29.57, start: 0.000000, bitrate: 1421 kb/s
  Stream #0:0[0x1](und): Video: h264 (Main) (avc1 / 0x31637661), yuv420p(progressive), 1280x720 [SAR 1:1 DAR 16:9], 1032 kb/s, 25 fps, 25 tbr, 12800 tbn (default)
      Metadata:
        creation_time   : 1970-01-01T00:00:00.000000Z
        handler_name    : VideoHandler
        vendor_id       : [0][0][0][0]
  Stream #0:1[0x2](und): Audio: aac (LC) (mp4a / 0x6134706D), 48000 Hz, 5.1, fltp, 383 kb/s (default)
      Metadata:
        creation_time   : 1970-01-01T00:00:00.000000Z
        handler_name    : SoundHandler
        vendor_id       : [0][0][0][0]
Stream mapping:
  Stream #0:0 -> #0:0 (h264 (native) -> mjpeg (native))
Press [q] to stop, [?] for help
[vf#0:0 @ 0000000002d24cc0] No filtered frames for output stream, trying to initialize anyway.
[mjpeg @ 0000000002d245c0] Non full-range YUV is non-standard, set strict_std_compliance to at most unofficial to use it.
[vost#0:0/mjpeg @ 00000000026be580] Error while opening encoder - maybe incorrect parameters such as bit_rate, rate, width or height.
[vf#0:0 @ 0000000002d24980] Task finished with error code: -22 (Invalid argument)
[vf#0:0 @ 0000000002d24980] Terminating thread with return code -22 (Invalid argument)
[vost#0:0/mjpeg @ 00000000026be580] Could not open encoder before EOF
[vost#0:0/mjpeg @ 00000000026be580] Task finished with error code: -22 (Invalid argument)
[vost#0:0/mjpeg @ 00000000026be580] Terminating thread with return code -22 (Invalid argument)
[out#0/image2 @ 00000000026c8700] Nothing was written into output file, because at least one of its streams received no packets.
frame=    0 fps=0.0 q=0.0 Lsize=       0KiB time=N/A bitrate=N/A speed=N/A    
Conversion failed!

2025-05-19T06:36:15.046Z [LOG] 尝试使用直接命令行方式生成缩略图
2025-05-19T06:36:15.046Z [LOG] 直接获取视频时长（秒数）
2025-05-19T06:36:15.046Z [PATH] 尝试获取FFprobe路径
2025-05-19T06:36:15.046Z [LOG] 使用配置的FFprobe路径: D:\code\cursor\looklook\node_modules\ffprobe-static\bin\win32\x64\ffprobe.exe
2025-05-19T06:36:15.047Z [PATH] 使用配置的FFprobe路径: D:\code\cursor\looklook\node_modules\ffprobe-static\bin\win32\x64\ffprobe.exe
2025-05-19T06:36:15.047Z [LOG] 在开发环境中使用ffprobe路径: D:\code\cursor\looklook\node_modules\ffprobe-static\bin\win32\x64\ffprobe.exe
2025-05-19T06:36:15.047Z [LOG] 执行命令: D:\code\cursor\looklook\node_modules\ffprobe-static\bin\win32\x64\ffprobe.exe -v error -show_entries format=duration -of default=noprint_wrappers=1:nokey=1 D:\Users\Videos\第二次选择\SampleVideo_1280x720_5mb.mp4
2025-05-19T06:36:15.113Z [LOG] 时长命令输出: 29.568000
2025-05-19T06:36:15.113Z [LOG] 成功获取视频时长: 29.568 秒
2025-05-19T06:36:15.114Z [LOG] 获取到视频时长: 29.568 秒, 准备截取缩略图
2025-05-19T06:36:15.114Z [LOG] 将在视频的 5 秒处截取缩略图 (随机生成)
2025-05-19T06:36:15.114Z [PATH] 尝试获取FFmpeg路径
2025-05-19T06:36:15.115Z [LOG] 使用配置的FFmpeg路径: D:\code\cursor\looklook\node_modules\ffmpeg-static\ffmpeg.exe
2025-05-19T06:36:15.115Z [PATH] 使用配置的FFmpeg路径: D:\code\cursor\looklook\node_modules\ffmpeg-static\ffmpeg.exe
2025-05-19T06:36:15.115Z [LOG] 执行命令: D:\code\cursor\looklook\node_modules\ffmpeg-static\ffmpeg.exe -i D:\Users\Videos\第二次选择\SampleVideo_1280x720_5mb.mp4 -ss 5 -vframes 1 -s 320x180 -y D:\code\cursor\looklook\userdata\thumbnails\1747636574281-RDpcVXNl.jpg
2025-05-19T06:36:15.257Z [LOG] 命令行方式成功生成缩略图: D:\code\cursor\looklook\userdata\thumbnails\1747636574281-RDpcVXNl.jpg
2025-05-19T06:36:15.257Z [LOG] 通过多步骤方法成功生成缩略图
2025-05-19T06:36:15.258Z [LOG] 设置已加载
2025-05-19T06:36:15.258Z [LOG] 获取视频分辨率: D:\Users\Videos\第二次选择\SampleVideo_360x240_10mb.mp4
2025-05-19T06:36:15.258Z [MAIN] 开始获取视频分辨率: D:\Users\Videos\第二次选择\SampleVideo_360x240_10mb.mp4
2025-05-19T06:36:15.258Z [LOG] 直接获取视频分辨率
2025-05-19T06:36:15.258Z [RESOLUTION] 开始获取视频分辨率: D:\Users\Videos\第二次选择\SampleVideo_360x240_10mb.mp4
2025-05-19T06:36:15.258Z [PATH] 尝试获取FFprobe路径
2025-05-19T06:36:15.259Z [LOG] 使用配置的FFprobe路径: D:\code\cursor\looklook\node_modules\ffprobe-static\bin\win32\x64\ffprobe.exe
2025-05-19T06:36:15.259Z [PATH] 使用配置的FFprobe路径: D:\code\cursor\looklook\node_modules\ffprobe-static\bin\win32\x64\ffprobe.exe
2025-05-19T06:36:15.259Z [RESOLUTION] 在开发环境中使用ffprobe路径: D:\code\cursor\looklook\node_modules\ffprobe-static\bin\win32\x64\ffprobe.exe
2025-05-19T06:36:15.259Z [RESOLUTION] 检查ffprobe可执行文件是否存在: true
2025-05-19T06:36:15.259Z [LOG] 执行命令: "D:\code\cursor\looklook\node_modules\ffprobe-static\bin\win32\x64\ffprobe.exe" -v error -select_streams v:0 -show_entries stream=width,height -of csv=s=x:p=0 "D:\Users\Videos\第二次选择\SampleVideo_360x240_10mb.mp4"
2025-05-19T06:36:15.259Z [RESOLUTION] 开始执行命令获取分辨率: "D:\code\cursor\looklook\node_modules\ffprobe-static\bin\win32\x64\ffprobe.exe" -v error -select_streams v:0 -show_entries stream=width,height -of csv=s=x:p=0 "D:\Users\Videos\第二次选择\SampleVideo_360x240_10mb.mp4"
2025-05-19T06:36:15.322Z [RESOLUTION] 命令输出: "320x240"
2025-05-19T06:36:15.322Z [LOG] 成功解析分辨率: 320×240
2025-05-19T06:36:15.322Z [RESOLUTION] 成功解析分辨率: 320×240
2025-05-19T06:36:15.323Z [LOG] 获取视频时长: D:\Users\Videos\第二次选择\SampleVideo_360x240_10mb.mp4
2025-05-19T06:36:15.323Z [MAIN] 开始获取视频时长: D:\Users\Videos\第二次选择\SampleVideo_360x240_10mb.mp4
2025-05-19T06:36:15.323Z [LOG] 直接获取视频时长
2025-05-19T06:36:15.323Z [DURATION] 开始获取视频时长: D:\Users\Videos\第二次选择\SampleVideo_360x240_10mb.mp4
2025-05-19T06:36:15.323Z [PATH] 尝试获取FFprobe路径
2025-05-19T06:36:15.323Z [LOG] 使用配置的FFprobe路径: D:\code\cursor\looklook\node_modules\ffprobe-static\bin\win32\x64\ffprobe.exe
2025-05-19T06:36:15.323Z [PATH] 使用配置的FFprobe路径: D:\code\cursor\looklook\node_modules\ffprobe-static\bin\win32\x64\ffprobe.exe
2025-05-19T06:36:15.323Z [DURATION] 在开发环境中使用ffprobe路径: D:\code\cursor\looklook\node_modules\ffprobe-static\bin\win32\x64\ffprobe.exe
2025-05-19T06:36:15.324Z [DURATION] 检查ffprobe可执行文件是否存在: true
2025-05-19T06:36:15.324Z [LOG] 执行命令: "D:\code\cursor\looklook\node_modules\ffprobe-static\bin\win32\x64\ffprobe.exe" -v error -show_entries format=duration -of default=noprint_wrappers=1:nokey=1 "D:\Users\Videos\第二次选择\SampleVideo_360x240_10mb.mp4"
2025-05-19T06:36:15.324Z [DURATION] 开始执行命令获取时长: "D:\code\cursor\looklook\node_modules\ffprobe-static\bin\win32\x64\ffprobe.exe" -v error -show_entries format=duration -of default=noprint_wrappers=1:nokey=1 "D:\Users\Videos\第二次选择\SampleVideo_360x240_10mb.mp4"
2025-05-19T06:36:15.392Z [DURATION] 命令输出: "125.952000"
2025-05-19T06:36:15.392Z [LOG] 成功解析时长: 00:02:05
2025-05-19T06:36:15.392Z [DURATION] 成功解析时长: 00:02:05
2025-05-19T06:36:15.393Z [LOG] 开始生成缩略图，视频路径: D:\Users\Videos\第二次选择\SampleVideo_360x240_10mb.mp4
2025-05-19T06:36:15.393Z [LOG] 缩略图输出路径: D:\code\cursor\looklook\userdata\thumbnails\1747636576050-RDpcVXNl.jpg
2025-05-19T06:36:15.393Z [LOG] 生成随机时间点: 00:00:27
2025-05-19T06:36:15.393Z [LOG] 使用直接命令行ffmpeg生成缩略图
2025-05-19T06:36:15.394Z [PATH] 尝试获取FFmpeg路径
2025-05-19T06:36:15.394Z [LOG] 使用配置的FFmpeg路径: D:\code\cursor\looklook\node_modules\ffmpeg-static\ffmpeg.exe
2025-05-19T06:36:15.394Z [PATH] 使用配置的FFmpeg路径: D:\code\cursor\looklook\node_modules\ffmpeg-static\ffmpeg.exe
2025-05-19T06:36:15.394Z [LOG] 将使用时间点 00:00:27 生成缩略图
2025-05-19T06:36:15.394Z [LOG] 执行命令: D:\code\cursor\looklook\node_modules\ffmpeg-static\ffmpeg.exe -ss 00:00:27 -i D:\Users\Videos\第二次选择\SampleVideo_360x240_10mb.mp4 -vframes 1 -s 320x180 -y D:\code\cursor\looklook\userdata\thumbnails\1747636576050-RDpcVXNl.jpg
2025-05-19T06:36:15.472Z [LOG] 直接ffmpeg成功生成缩略图: D:\code\cursor\looklook\userdata\thumbnails\1747636576050-RDpcVXNl.jpg
2025-05-19T06:36:15.473Z [LOG] 通过直接ffmpeg命令生成缩略图成功
2025-05-19T06:36:15.473Z [LOG] 设置已加载
2025-05-19T06:36:15.474Z [LOG] 获取视频分辨率: D:\Users\Videos\第二次选择\SampleVideo_360x240_20mb.mp4
2025-05-19T06:36:15.474Z [MAIN] 开始获取视频分辨率: D:\Users\Videos\第二次选择\SampleVideo_360x240_20mb.mp4
2025-05-19T06:36:15.474Z [LOG] 直接获取视频分辨率
2025-05-19T06:36:15.474Z [RESOLUTION] 开始获取视频分辨率: D:\Users\Videos\第二次选择\SampleVideo_360x240_20mb.mp4
2025-05-19T06:36:15.474Z [PATH] 尝试获取FFprobe路径
2025-05-19T06:36:15.474Z [LOG] 使用配置的FFprobe路径: D:\code\cursor\looklook\node_modules\ffprobe-static\bin\win32\x64\ffprobe.exe
2025-05-19T06:36:15.474Z [PATH] 使用配置的FFprobe路径: D:\code\cursor\looklook\node_modules\ffprobe-static\bin\win32\x64\ffprobe.exe
2025-05-19T06:36:15.474Z [RESOLUTION] 在开发环境中使用ffprobe路径: D:\code\cursor\looklook\node_modules\ffprobe-static\bin\win32\x64\ffprobe.exe
2025-05-19T06:36:15.475Z [RESOLUTION] 检查ffprobe可执行文件是否存在: true
2025-05-19T06:36:15.475Z [LOG] 执行命令: "D:\code\cursor\looklook\node_modules\ffprobe-static\bin\win32\x64\ffprobe.exe" -v error -select_streams v:0 -show_entries stream=width,height -of csv=s=x:p=0 "D:\Users\Videos\第二次选择\SampleVideo_360x240_20mb.mp4"
2025-05-19T06:36:15.475Z [RESOLUTION] 开始执行命令获取分辨率: "D:\code\cursor\looklook\node_modules\ffprobe-static\bin\win32\x64\ffprobe.exe" -v error -select_streams v:0 -show_entries stream=width,height -of csv=s=x:p=0 "D:\Users\Videos\第二次选择\SampleVideo_360x240_20mb.mp4"
2025-05-19T06:36:15.544Z [RESOLUTION] 命令输出: "320x240"
2025-05-19T06:36:15.545Z [LOG] 成功解析分辨率: 320×240
2025-05-19T06:36:15.545Z [RESOLUTION] 成功解析分辨率: 320×240
2025-05-19T06:36:15.545Z [LOG] 获取视频时长: D:\Users\Videos\第二次选择\SampleVideo_360x240_20mb.mp4
2025-05-19T06:36:15.545Z [MAIN] 开始获取视频时长: D:\Users\Videos\第二次选择\SampleVideo_360x240_20mb.mp4
2025-05-19T06:36:15.546Z [LOG] 直接获取视频时长
2025-05-19T06:36:15.546Z [DURATION] 开始获取视频时长: D:\Users\Videos\第二次选择\SampleVideo_360x240_20mb.mp4
2025-05-19T06:36:15.546Z [PATH] 尝试获取FFprobe路径
2025-05-19T06:36:15.546Z [LOG] 使用配置的FFprobe路径: D:\code\cursor\looklook\node_modules\ffprobe-static\bin\win32\x64\ffprobe.exe
2025-05-19T06:36:15.546Z [PATH] 使用配置的FFprobe路径: D:\code\cursor\looklook\node_modules\ffprobe-static\bin\win32\x64\ffprobe.exe
2025-05-19T06:36:15.546Z [DURATION] 在开发环境中使用ffprobe路径: D:\code\cursor\looklook\node_modules\ffprobe-static\bin\win32\x64\ffprobe.exe
2025-05-19T06:36:15.546Z [DURATION] 检查ffprobe可执行文件是否存在: true
2025-05-19T06:36:15.546Z [LOG] 执行命令: "D:\code\cursor\looklook\node_modules\ffprobe-static\bin\win32\x64\ffprobe.exe" -v error -show_entries format=duration -of default=noprint_wrappers=1:nokey=1 "D:\Users\Videos\第二次选择\SampleVideo_360x240_20mb.mp4"
2025-05-19T06:36:15.547Z [DURATION] 开始执行命令获取时长: "D:\code\cursor\looklook\node_modules\ffprobe-static\bin\win32\x64\ffprobe.exe" -v error -show_entries format=duration -of default=noprint_wrappers=1:nokey=1 "D:\Users\Videos\第二次选择\SampleVideo_360x240_20mb.mp4"
2025-05-19T06:36:15.617Z [DURATION] 命令输出: "245.291000"
2025-05-19T06:36:15.618Z [LOG] 成功解析时长: 00:04:05
2025-05-19T06:36:15.618Z [DURATION] 成功解析时长: 00:04:05
2025-05-19T06:36:15.618Z [LOG] 开始生成缩略图，视频路径: D:\Users\Videos\第二次选择\SampleVideo_360x240_20mb.mp4
2025-05-19T06:36:15.619Z [LOG] 缩略图输出路径: D:\code\cursor\looklook\userdata\thumbnails\1747636575725-RDpcVXNl.jpg
2025-05-19T06:36:15.619Z [LOG] 生成随机时间点: 00:00:54
2025-05-19T06:36:15.619Z [LOG] 使用直接命令行ffmpeg生成缩略图
2025-05-19T06:36:15.619Z [PATH] 尝试获取FFmpeg路径
2025-05-19T06:36:15.620Z [LOG] 使用配置的FFmpeg路径: D:\code\cursor\looklook\node_modules\ffmpeg-static\ffmpeg.exe
2025-05-19T06:36:15.620Z [PATH] 使用配置的FFmpeg路径: D:\code\cursor\looklook\node_modules\ffmpeg-static\ffmpeg.exe
2025-05-19T06:36:15.620Z [LOG] 将使用时间点 00:00:54 生成缩略图
2025-05-19T06:36:15.620Z [LOG] 执行命令: D:\code\cursor\looklook\node_modules\ffmpeg-static\ffmpeg.exe -ss 00:00:54 -i D:\Users\Videos\第二次选择\SampleVideo_360x240_20mb.mp4 -vframes 1 -s 320x180 -y D:\code\cursor\looklook\userdata\thumbnails\1747636575725-RDpcVXNl.jpg
2025-05-19T06:36:15.711Z [LOG] 直接ffmpeg成功生成缩略图: D:\code\cursor\looklook\userdata\thumbnails\1747636575725-RDpcVXNl.jpg
2025-05-19T06:36:15.711Z [LOG] 通过直接ffmpeg命令生成缩略图成功
2025-05-19T06:36:15.712Z [LOG] 设置已加载
2025-05-19T06:36:15.712Z [LOG] 获取视频分辨率: D:\Users\Videos\第二次选择\SampleVideo_360x240_5mb.mp4
2025-05-19T06:36:15.712Z [MAIN] 开始获取视频分辨率: D:\Users\Videos\第二次选择\SampleVideo_360x240_5mb.mp4
2025-05-19T06:36:15.713Z [LOG] 直接获取视频分辨率
2025-05-19T06:36:15.713Z [RESOLUTION] 开始获取视频分辨率: D:\Users\Videos\第二次选择\SampleVideo_360x240_5mb.mp4
2025-05-19T06:36:15.713Z [PATH] 尝试获取FFprobe路径
2025-05-19T06:36:15.713Z [LOG] 使用配置的FFprobe路径: D:\code\cursor\looklook\node_modules\ffprobe-static\bin\win32\x64\ffprobe.exe
2025-05-19T06:36:15.713Z [PATH] 使用配置的FFprobe路径: D:\code\cursor\looklook\node_modules\ffprobe-static\bin\win32\x64\ffprobe.exe
2025-05-19T06:36:15.713Z [RESOLUTION] 在开发环境中使用ffprobe路径: D:\code\cursor\looklook\node_modules\ffprobe-static\bin\win32\x64\ffprobe.exe
2025-05-19T06:36:15.713Z [RESOLUTION] 检查ffprobe可执行文件是否存在: true
2025-05-19T06:36:15.714Z [LOG] 执行命令: "D:\code\cursor\looklook\node_modules\ffprobe-static\bin\win32\x64\ffprobe.exe" -v error -select_streams v:0 -show_entries stream=width,height -of csv=s=x:p=0 "D:\Users\Videos\第二次选择\SampleVideo_360x240_5mb.mp4"
2025-05-19T06:36:15.714Z [RESOLUTION] 开始执行命令获取分辨率: "D:\code\cursor\looklook\node_modules\ffprobe-static\bin\win32\x64\ffprobe.exe" -v error -select_streams v:0 -show_entries stream=width,height -of csv=s=x:p=0 "D:\Users\Videos\第二次选择\SampleVideo_360x240_5mb.mp4"
2025-05-19T06:36:15.784Z [RESOLUTION] 命令输出: "320x240"
2025-05-19T06:36:15.785Z [LOG] 成功解析分辨率: 320×240
2025-05-19T06:36:15.785Z [RESOLUTION] 成功解析分辨率: 320×240
2025-05-19T06:36:15.785Z [LOG] 获取视频时长: D:\Users\Videos\第二次选择\SampleVideo_360x240_5mb.mp4
2025-05-19T06:36:15.785Z [MAIN] 开始获取视频时长: D:\Users\Videos\第二次选择\SampleVideo_360x240_5mb.mp4
2025-05-19T06:36:15.785Z [LOG] 直接获取视频时长
2025-05-19T06:36:15.785Z [DURATION] 开始获取视频时长: D:\Users\Videos\第二次选择\SampleVideo_360x240_5mb.mp4
2025-05-19T06:36:15.785Z [PATH] 尝试获取FFprobe路径
2025-05-19T06:36:15.786Z [LOG] 使用配置的FFprobe路径: D:\code\cursor\looklook\node_modules\ffprobe-static\bin\win32\x64\ffprobe.exe
2025-05-19T06:36:15.786Z [PATH] 使用配置的FFprobe路径: D:\code\cursor\looklook\node_modules\ffprobe-static\bin\win32\x64\ffprobe.exe
2025-05-19T06:36:15.786Z [DURATION] 在开发环境中使用ffprobe路径: D:\code\cursor\looklook\node_modules\ffprobe-static\bin\win32\x64\ffprobe.exe
2025-05-19T06:36:15.786Z [DURATION] 检查ffprobe可执行文件是否存在: true
2025-05-19T06:36:15.786Z [LOG] 执行命令: "D:\code\cursor\looklook\node_modules\ffprobe-static\bin\win32\x64\ffprobe.exe" -v error -show_entries format=duration -of default=noprint_wrappers=1:nokey=1 "D:\Users\Videos\第二次选择\SampleVideo_360x240_5mb.mp4"
2025-05-19T06:36:15.786Z [DURATION] 开始执行命令获取时长: "D:\code\cursor\looklook\node_modules\ffprobe-static\bin\win32\x64\ffprobe.exe" -v error -show_entries format=duration -of default=noprint_wrappers=1:nokey=1 "D:\Users\Videos\第二次选择\SampleVideo_360x240_5mb.mp4"
2025-05-19T06:36:15.853Z [DURATION] 命令输出: "64.896000"
2025-05-19T06:36:15.853Z [LOG] 成功解析时长: 00:01:04
2025-05-19T06:36:15.854Z [DURATION] 成功解析时长: 00:01:04
2025-05-19T06:36:15.854Z [LOG] 开始生成缩略图，视频路径: D:\Users\Videos\第二次选择\SampleVideo_360x240_5mb.mp4
2025-05-19T06:36:15.854Z [LOG] 缩略图输出路径: D:\code\cursor\looklook\userdata\thumbnails\1747636576305-RDpcVXNl.jpg
2025-05-19T06:36:15.855Z [LOG] 生成随机时间点: 00:00:20
2025-05-19T06:36:15.855Z [LOG] 使用直接命令行ffmpeg生成缩略图
2025-05-19T06:36:15.855Z [PATH] 尝试获取FFmpeg路径
2025-05-19T06:36:15.855Z [LOG] 使用配置的FFmpeg路径: D:\code\cursor\looklook\node_modules\ffmpeg-static\ffmpeg.exe
2025-05-19T06:36:15.856Z [PATH] 使用配置的FFmpeg路径: D:\code\cursor\looklook\node_modules\ffmpeg-static\ffmpeg.exe
2025-05-19T06:36:15.856Z [LOG] 将使用时间点 00:00:20 生成缩略图
2025-05-19T06:36:15.856Z [LOG] 执行命令: D:\code\cursor\looklook\node_modules\ffmpeg-static\ffmpeg.exe -ss 00:00:20 -i D:\Users\Videos\第二次选择\SampleVideo_360x240_5mb.mp4 -vframes 1 -s 320x180 -y D:\code\cursor\looklook\userdata\thumbnails\1747636576305-RDpcVXNl.jpg
2025-05-19T06:36:15.953Z [LOG] 直接ffmpeg成功生成缩略图: D:\code\cursor\looklook\userdata\thumbnails\1747636576305-RDpcVXNl.jpg
2025-05-19T06:36:15.953Z [LOG] 通过直接ffmpeg命令生成缩略图成功
2025-05-19T06:36:15.953Z [LOG] 设置已加载
2025-05-19T06:36:15.954Z [LOG] 获取视频分辨率: D:\Users\Videos\第二次选择\SampleVideo_640x360_1mb.mp4
2025-05-19T06:36:15.954Z [MAIN] 开始获取视频分辨率: D:\Users\Videos\第二次选择\SampleVideo_640x360_1mb.mp4
2025-05-19T06:36:15.954Z [LOG] 直接获取视频分辨率
2025-05-19T06:36:15.954Z [RESOLUTION] 开始获取视频分辨率: D:\Users\Videos\第二次选择\SampleVideo_640x360_1mb.mp4
2025-05-19T06:36:15.954Z [PATH] 尝试获取FFprobe路径
2025-05-19T06:36:15.954Z [LOG] 使用配置的FFprobe路径: D:\code\cursor\looklook\node_modules\ffprobe-static\bin\win32\x64\ffprobe.exe
2025-05-19T06:36:15.955Z [PATH] 使用配置的FFprobe路径: D:\code\cursor\looklook\node_modules\ffprobe-static\bin\win32\x64\ffprobe.exe
2025-05-19T06:36:15.955Z [RESOLUTION] 在开发环境中使用ffprobe路径: D:\code\cursor\looklook\node_modules\ffprobe-static\bin\win32\x64\ffprobe.exe
2025-05-19T06:36:15.955Z [RESOLUTION] 检查ffprobe可执行文件是否存在: true
2025-05-19T06:36:15.955Z [LOG] 执行命令: "D:\code\cursor\looklook\node_modules\ffprobe-static\bin\win32\x64\ffprobe.exe" -v error -select_streams v:0 -show_entries stream=width,height -of csv=s=x:p=0 "D:\Users\Videos\第二次选择\SampleVideo_640x360_1mb.mp4"
2025-05-19T06:36:15.955Z [RESOLUTION] 开始执行命令获取分辨率: "D:\code\cursor\looklook\node_modules\ffprobe-static\bin\win32\x64\ffprobe.exe" -v error -select_streams v:0 -show_entries stream=width,height -of csv=s=x:p=0 "D:\Users\Videos\第二次选择\SampleVideo_640x360_1mb.mp4"
2025-05-19T06:36:16.024Z [RESOLUTION] 命令输出: "640x368"
2025-05-19T06:36:16.024Z [LOG] 成功解析分辨率: 640×368
2025-05-19T06:36:16.024Z [RESOLUTION] 成功解析分辨率: 640×368
2025-05-19T06:36:16.025Z [LOG] 获取视频时长: D:\Users\Videos\第二次选择\SampleVideo_640x360_1mb.mp4
2025-05-19T06:36:16.025Z [MAIN] 开始获取视频时长: D:\Users\Videos\第二次选择\SampleVideo_640x360_1mb.mp4
2025-05-19T06:36:16.025Z [LOG] 直接获取视频时长
2025-05-19T06:36:16.025Z [DURATION] 开始获取视频时长: D:\Users\Videos\第二次选择\SampleVideo_640x360_1mb.mp4
2025-05-19T06:36:16.025Z [PATH] 尝试获取FFprobe路径
2025-05-19T06:36:16.025Z [LOG] 使用配置的FFprobe路径: D:\code\cursor\looklook\node_modules\ffprobe-static\bin\win32\x64\ffprobe.exe
2025-05-19T06:36:16.026Z [PATH] 使用配置的FFprobe路径: D:\code\cursor\looklook\node_modules\ffprobe-static\bin\win32\x64\ffprobe.exe
2025-05-19T06:36:16.026Z [DURATION] 在开发环境中使用ffprobe路径: D:\code\cursor\looklook\node_modules\ffprobe-static\bin\win32\x64\ffprobe.exe
2025-05-19T06:36:16.026Z [DURATION] 检查ffprobe可执行文件是否存在: true
2025-05-19T06:36:16.026Z [LOG] 执行命令: "D:\code\cursor\looklook\node_modules\ffprobe-static\bin\win32\x64\ffprobe.exe" -v error -show_entries format=duration -of default=noprint_wrappers=1:nokey=1 "D:\Users\Videos\第二次选择\SampleVideo_640x360_1mb.mp4"
2025-05-19T06:36:16.026Z [DURATION] 开始执行命令获取时长: "D:\code\cursor\looklook\node_modules\ffprobe-static\bin\win32\x64\ffprobe.exe" -v error -show_entries format=duration -of default=noprint_wrappers=1:nokey=1 "D:\Users\Videos\第二次选择\SampleVideo_640x360_1mb.mp4"
2025-05-19T06:36:16.098Z [DURATION] 命令输出: "6.400000"
2025-05-19T06:36:16.098Z [LOG] 成功解析时长: 00:00:06
2025-05-19T06:36:16.099Z [DURATION] 成功解析时长: 00:00:06
2025-05-19T06:36:16.099Z [LOG] 开始生成缩略图，视频路径: D:\Users\Videos\第二次选择\SampleVideo_640x360_1mb.mp4
2025-05-19T06:36:16.099Z [LOG] 缩略图输出路径: D:\code\cursor\looklook\userdata\thumbnails\1747636576140-RDpcVXNl.jpg
2025-05-19T06:36:16.099Z [LOG] 生成随机时间点: 00:00:49
2025-05-19T06:36:16.100Z [LOG] 使用直接命令行ffmpeg生成缩略图
2025-05-19T06:36:16.100Z [PATH] 尝试获取FFmpeg路径
2025-05-19T06:36:16.100Z [LOG] 使用配置的FFmpeg路径: D:\code\cursor\looklook\node_modules\ffmpeg-static\ffmpeg.exe
2025-05-19T06:36:16.100Z [PATH] 使用配置的FFmpeg路径: D:\code\cursor\looklook\node_modules\ffmpeg-static\ffmpeg.exe
2025-05-19T06:36:16.100Z [LOG] 将使用时间点 00:00:49 生成缩略图
2025-05-19T06:36:16.101Z [LOG] 执行命令: D:\code\cursor\looklook\node_modules\ffmpeg-static\ffmpeg.exe -ss 00:00:49 -i D:\Users\Videos\第二次选择\SampleVideo_640x360_1mb.mp4 -vframes 1 -s 320x180 -y D:\code\cursor\looklook\userdata\thumbnails\1747636576140-RDpcVXNl.jpg
2025-05-19T06:36:16.688Z [ERROR] 直接ffmpeg生成缩略图失败: Command failed: D:\code\cursor\looklook\node_modules\ffmpeg-static\ffmpeg.exe -ss 00:00:49 -i D:\Users\Videos\第二次选择\SampleVideo_640x360_1mb.mp4 -vframes 1 -s 320x180 -y D:\code\cursor\looklook\userdata\thumbnails\1747636576140-RDpcVXNl.jpg
ffmpeg version 7.1.1-essentials_build-www.gyan.dev Copyright (c) 2000-2025 the FFmpeg developers
  built with gcc 14.2.0 (Rev1, Built by MSYS2 project)
  configuration: --enable-gpl --enable-version3 --enable-static --disable-w32threads --disable-autodetect --enable-fontconfig --enable-iconv --enable-gnutls --enable-libxml2 --enable-gmp --enable-bzlib --enable-lzma --enable-zlib --enable-libsrt --enable-libssh --enable-libzmq --enable-avisynth --enable-sdl2 --enable-libwebp --enable-libx264 --enable-libx265 --enable-libxvid --enable-libaom --enable-libopenjpeg --enable-libvpx --enable-mediafoundation --enable-libass --enable-libfreetype --enable-libfribidi --enable-libharfbuzz --enable-libvidstab --enable-libvmaf --enable-libzimg --enable-amf --enable-cuda-llvm --enable-cuvid --enable-dxva2 --enable-d3d11va --enable-d3d12va --enable-ffnvcodec --enable-libvpl --enable-nvdec --enable-nvenc --enable-vaapi --enable-libgme --enable-libopenmpt --enable-libopencore-amrwb --enable-libmp3lame --enable-libtheora --enable-libvo-amrwbenc --enable-libgsm --enable-libopencore-amrnb --enable-libopus --enable-libspeex --enable-libvorbis --enable-librubberband
  libavutil      59. 39.100 / 59. 39.100
  libavcodec     61. 19.101 / 61. 19.101
  libavformat    61.  7.100 / 61.  7.100
  libavdevice    61.  3.100 / 61.  3.100
  libavfilter    10.  4.100 / 10.  4.100
  libswscale      8.  3.100 /  8.  3.100
  libswresample   5.  3.100 /  5.  3.100
  libpostproc    58.  3.100 / 58.  3.100
Input #0, mov,mp4,m4a,3gp,3g2,mj2, from 'D:\Users\Videos\第二次选择\SampleVideo_640x360_1mb.mp4':
  Metadata:
    major_brand     : isom
    minor_version   : 512
    compatible_brands: isomiso2mp41
    creation_time   : 1970-01-01T00:00:00.000000Z
    encoder         : Lavf53.24.2
  Duration: 00:00:06.40, start: 0.000000, bitrate: 1321 kb/s
  Stream #0:0[0x1](und): Video: mpeg4 (Simple Profile) (mp4v / 0x7634706D), yuv420p, 640x368 [SAR 1:1 DAR 40:23], 932 kb/s, 25 fps, 25 tbr, 12800 tbn (default)
      Metadata:
        creation_time   : 1970-01-01T00:00:00.000000Z
        handler_name    : VideoHandler
        vendor_id       : [0][0][0][0]
  Stream #0:1[0x2](und): Audio: aac (LC) (mp4a / 0x6134706D), 48000 Hz, 5.1, fltp, 383 kb/s (default)
      Metadata:
        creation_time   : 1970-01-01T00:00:00.000000Z
        handler_name    : SoundHandler
        vendor_id       : [0][0][0][0]
Stream mapping:
  Stream #0:0 -> #0:0 (mpeg4 (native) -> mjpeg (native))
Press [q] to stop, [?] for help
[vf#0:0 @ 00000000027200c0] No filtered frames for output stream, trying to initialize anyway.
[mjpeg @ 00000000026677c0] Non full-range YUV is non-standard, set strict_std_compliance to at most unofficial to use it.
[vost#0:0/mjpeg @ 000000000290ad40] Error while opening encoder - maybe incorrect parameters such as bit_rate, rate, width or height.
[vf#0:0 @ 0000000002667e00] Task finished with error code: -22 (Invalid argument)
[vf#0:0 @ 0000000002667e00] Terminating thread with return code -22 (Invalid argument)
[vost#0:0/mjpeg @ 000000000290ad40] Could not open encoder before EOF
[vost#0:0/mjpeg @ 000000000290ad40] Task finished with error code: -22 (Invalid argument)
[vost#0:0/mjpeg @ 000000000290ad40] Terminating thread with return code -22 (Invalid argument)
[out#0/image2 @ 0000000002668640] Nothing was written into output file, because at least one of its streams received no packets.
frame=    0 fps=0.0 q=0.0 Lsize=       0KiB time=N/A bitrate=N/A speed=N/A    
Conversion failed!

2025-05-19T06:36:16.691Z [ERROR] STDERR: ffmpeg version 7.1.1-essentials_build-www.gyan.dev Copyright (c) 2000-2025 the FFmpeg developers
  built with gcc 14.2.0 (Rev1, Built by MSYS2 project)
  configuration: --enable-gpl --enable-version3 --enable-static --disable-w32threads --disable-autodetect --enable-fontconfig --enable-iconv --enable-gnutls --enable-libxml2 --enable-gmp --enable-bzlib --enable-lzma --enable-zlib --enable-libsrt --enable-libssh --enable-libzmq --enable-avisynth --enable-sdl2 --enable-libwebp --enable-libx264 --enable-libx265 --enable-libxvid --enable-libaom --enable-libopenjpeg --enable-libvpx --enable-mediafoundation --enable-libass --enable-libfreetype --enable-libfribidi --enable-libharfbuzz --enable-libvidstab --enable-libvmaf --enable-libzimg --enable-amf --enable-cuda-llvm --enable-cuvid --enable-dxva2 --enable-d3d11va --enable-d3d12va --enable-ffnvcodec --enable-libvpl --enable-nvdec --enable-nvenc --enable-vaapi --enable-libgme --enable-libopenmpt --enable-libopencore-amrwb --enable-libmp3lame --enable-libtheora --enable-libvo-amrwbenc --enable-libgsm --enable-libopencore-amrnb --enable-libopus --enable-libspeex --enable-libvorbis --enable-librubberband
  libavutil      59. 39.100 / 59. 39.100
  libavcodec     61. 19.101 / 61. 19.101
  libavformat    61.  7.100 / 61.  7.100
  libavdevice    61.  3.100 / 61.  3.100
  libavfilter    10.  4.100 / 10.  4.100
  libswscale      8.  3.100 /  8.  3.100
  libswresample   5.  3.100 /  5.  3.100
  libpostproc    58.  3.100 / 58.  3.100
Input #0, mov,mp4,m4a,3gp,3g2,mj2, from 'D:\Users\Videos\第二次选择\SampleVideo_640x360_1mb.mp4':
  Metadata:
    major_brand     : isom
    minor_version   : 512
    compatible_brands: isomiso2mp41
    creation_time   : 1970-01-01T00:00:00.000000Z
    encoder         : Lavf53.24.2
  Duration: 00:00:06.40, start: 0.000000, bitrate: 1321 kb/s
  Stream #0:0[0x1](und): Video: mpeg4 (Simple Profile) (mp4v / 0x7634706D), yuv420p, 640x368 [SAR 1:1 DAR 40:23], 932 kb/s, 25 fps, 25 tbr, 12800 tbn (default)
      Metadata:
        creation_time   : 1970-01-01T00:00:00.000000Z
        handler_name    : VideoHandler
        vendor_id       : [0][0][0][0]
  Stream #0:1[0x2](und): Audio: aac (LC) (mp4a / 0x6134706D), 48000 Hz, 5.1, fltp, 383 kb/s (default)
      Metadata:
        creation_time   : 1970-01-01T00:00:00.000000Z
        handler_name    : SoundHandler
        vendor_id       : [0][0][0][0]
Stream mapping:
  Stream #0:0 -> #0:0 (mpeg4 (native) -> mjpeg (native))
Press [q] to stop, [?] for help
[vf#0:0 @ 00000000027200c0] No filtered frames for output stream, trying to initialize anyway.
[mjpeg @ 00000000026677c0] Non full-range YUV is non-standard, set strict_std_compliance to at most unofficial to use it.
[vost#0:0/mjpeg @ 000000000290ad40] Error while opening encoder - maybe incorrect parameters such as bit_rate, rate, width or height.
[vf#0:0 @ 0000000002667e00] Task finished with error code: -22 (Invalid argument)
[vf#0:0 @ 0000000002667e00] Terminating thread with return code -22 (Invalid argument)
[vost#0:0/mjpeg @ 000000000290ad40] Could not open encoder before EOF
[vost#0:0/mjpeg @ 000000000290ad40] Task finished with error code: -22 (Invalid argument)
[vost#0:0/mjpeg @ 000000000290ad40] Terminating thread with return code -22 (Invalid argument)
[out#0/image2 @ 0000000002668640] Nothing was written into output file, because at least one of its streams received no packets.
frame=    0 fps=0.0 q=0.0 Lsize=       0KiB time=N/A bitrate=N/A speed=N/A    
Conversion failed!

2025-05-19T06:36:16.695Z [ERROR] 直接ffmpeg命令生成缩略图失败: Command failed: D:\code\cursor\looklook\node_modules\ffmpeg-static\ffmpeg.exe -ss 00:00:49 -i D:\Users\Videos\第二次选择\SampleVideo_640x360_1mb.mp4 -vframes 1 -s 320x180 -y D:\code\cursor\looklook\userdata\thumbnails\1747636576140-RDpcVXNl.jpg
ffmpeg version 7.1.1-essentials_build-www.gyan.dev Copyright (c) 2000-2025 the FFmpeg developers
  built with gcc 14.2.0 (Rev1, Built by MSYS2 project)
  configuration: --enable-gpl --enable-version3 --enable-static --disable-w32threads --disable-autodetect --enable-fontconfig --enable-iconv --enable-gnutls --enable-libxml2 --enable-gmp --enable-bzlib --enable-lzma --enable-zlib --enable-libsrt --enable-libssh --enable-libzmq --enable-avisynth --enable-sdl2 --enable-libwebp --enable-libx264 --enable-libx265 --enable-libxvid --enable-libaom --enable-libopenjpeg --enable-libvpx --enable-mediafoundation --enable-libass --enable-libfreetype --enable-libfribidi --enable-libharfbuzz --enable-libvidstab --enable-libvmaf --enable-libzimg --enable-amf --enable-cuda-llvm --enable-cuvid --enable-dxva2 --enable-d3d11va --enable-d3d12va --enable-ffnvcodec --enable-libvpl --enable-nvdec --enable-nvenc --enable-vaapi --enable-libgme --enable-libopenmpt --enable-libopencore-amrwb --enable-libmp3lame --enable-libtheora --enable-libvo-amrwbenc --enable-libgsm --enable-libopencore-amrnb --enable-libopus --enable-libspeex --enable-libvorbis --enable-librubberband
  libavutil      59. 39.100 / 59. 39.100
  libavcodec     61. 19.101 / 61. 19.101
  libavformat    61.  7.100 / 61.  7.100
  libavdevice    61.  3.100 / 61.  3.100
  libavfilter    10.  4.100 / 10.  4.100
  libswscale      8.  3.100 /  8.  3.100
  libswresample   5.  3.100 /  5.  3.100
  libpostproc    58.  3.100 / 58.  3.100
Input #0, mov,mp4,m4a,3gp,3g2,mj2, from 'D:\Users\Videos\第二次选择\SampleVideo_640x360_1mb.mp4':
  Metadata:
    major_brand     : isom
    minor_version   : 512
    compatible_brands: isomiso2mp41
    creation_time   : 1970-01-01T00:00:00.000000Z
    encoder         : Lavf53.24.2
  Duration: 00:00:06.40, start: 0.000000, bitrate: 1321 kb/s
  Stream #0:0[0x1](und): Video: mpeg4 (Simple Profile) (mp4v / 0x7634706D), yuv420p, 640x368 [SAR 1:1 DAR 40:23], 932 kb/s, 25 fps, 25 tbr, 12800 tbn (default)
      Metadata:
        creation_time   : 1970-01-01T00:00:00.000000Z
        handler_name    : VideoHandler
        vendor_id       : [0][0][0][0]
  Stream #0:1[0x2](und): Audio: aac (LC) (mp4a / 0x6134706D), 48000 Hz, 5.1, fltp, 383 kb/s (default)
      Metadata:
        creation_time   : 1970-01-01T00:00:00.000000Z
        handler_name    : SoundHandler
        vendor_id       : [0][0][0][0]
Stream mapping:
  Stream #0:0 -> #0:0 (mpeg4 (native) -> mjpeg (native))
Press [q] to stop, [?] for help
[vf#0:0 @ 00000000027200c0] No filtered frames for output stream, trying to initialize anyway.
[mjpeg @ 00000000026677c0] Non full-range YUV is non-standard, set strict_std_compliance to at most unofficial to use it.
[vost#0:0/mjpeg @ 000000000290ad40] Error while opening encoder - maybe incorrect parameters such as bit_rate, rate, width or height.
[vf#0:0 @ 0000000002667e00] Task finished with error code: -22 (Invalid argument)
[vf#0:0 @ 0000000002667e00] Terminating thread with return code -22 (Invalid argument)
[vost#0:0/mjpeg @ 000000000290ad40] Could not open encoder before EOF
[vost#0:0/mjpeg @ 000000000290ad40] Task finished with error code: -22 (Invalid argument)
[vost#0:0/mjpeg @ 000000000290ad40] Terminating thread with return code -22 (Invalid argument)
[out#0/image2 @ 0000000002668640] Nothing was written into output file, because at least one of its streams received no packets.
frame=    0 fps=0.0 q=0.0 Lsize=       0KiB time=N/A bitrate=N/A speed=N/A    
Conversion failed!

2025-05-19T06:36:16.696Z [LOG] 尝试使用直接命令行方式生成缩略图
2025-05-19T06:36:16.697Z [LOG] 直接获取视频时长（秒数）
2025-05-19T06:36:16.697Z [PATH] 尝试获取FFprobe路径
2025-05-19T06:36:16.697Z [LOG] 使用配置的FFprobe路径: D:\code\cursor\looklook\node_modules\ffprobe-static\bin\win32\x64\ffprobe.exe
2025-05-19T06:36:16.697Z [PATH] 使用配置的FFprobe路径: D:\code\cursor\looklook\node_modules\ffprobe-static\bin\win32\x64\ffprobe.exe
2025-05-19T06:36:16.698Z [LOG] 在开发环境中使用ffprobe路径: D:\code\cursor\looklook\node_modules\ffprobe-static\bin\win32\x64\ffprobe.exe
2025-05-19T06:36:16.698Z [LOG] 执行命令: D:\code\cursor\looklook\node_modules\ffprobe-static\bin\win32\x64\ffprobe.exe -v error -show_entries format=duration -of default=noprint_wrappers=1:nokey=1 D:\Users\Videos\第二次选择\SampleVideo_640x360_1mb.mp4
2025-05-19T06:36:16.754Z [LOG] 时长命令输出: 6.400000
2025-05-19T06:36:16.754Z [LOG] 成功获取视频时长: 6.4 秒
2025-05-19T06:36:16.754Z [LOG] 获取到视频时长: 6.4 秒, 准备截取缩略图
2025-05-19T06:36:16.755Z [LOG] 将在视频的 3 秒处截取缩略图 (随机生成)
2025-05-19T06:36:16.755Z [PATH] 尝试获取FFmpeg路径
2025-05-19T06:36:16.755Z [LOG] 使用配置的FFmpeg路径: D:\code\cursor\looklook\node_modules\ffmpeg-static\ffmpeg.exe
2025-05-19T06:36:16.755Z [PATH] 使用配置的FFmpeg路径: D:\code\cursor\looklook\node_modules\ffmpeg-static\ffmpeg.exe
2025-05-19T06:36:16.756Z [LOG] 执行命令: D:\code\cursor\looklook\node_modules\ffmpeg-static\ffmpeg.exe -i D:\Users\Videos\第二次选择\SampleVideo_640x360_1mb.mp4 -ss 3 -vframes 1 -s 320x180 -y D:\code\cursor\looklook\userdata\thumbnails\1747636576140-RDpcVXNl.jpg
2025-05-19T06:36:16.831Z [LOG] 命令行方式成功生成缩略图: D:\code\cursor\looklook\userdata\thumbnails\1747636576140-RDpcVXNl.jpg
2025-05-19T06:36:16.831Z [LOG] 通过多步骤方法成功生成缩略图
2025-05-19T06:36:16.832Z [LOG] 设置已加载
2025-05-19T06:36:16.832Z [LOG] 获取视频分辨率: D:\Users\Videos\第二次选择\SampleVideo_640x360_2mb.mp4
2025-05-19T06:36:16.832Z [MAIN] 开始获取视频分辨率: D:\Users\Videos\第二次选择\SampleVideo_640x360_2mb.mp4
2025-05-19T06:36:16.832Z [LOG] 直接获取视频分辨率
2025-05-19T06:36:16.832Z [RESOLUTION] 开始获取视频分辨率: D:\Users\Videos\第二次选择\SampleVideo_640x360_2mb.mp4
2025-05-19T06:36:16.832Z [PATH] 尝试获取FFprobe路径
2025-05-19T06:36:16.833Z [LOG] 使用配置的FFprobe路径: D:\code\cursor\looklook\node_modules\ffprobe-static\bin\win32\x64\ffprobe.exe
2025-05-19T06:36:16.833Z [PATH] 使用配置的FFprobe路径: D:\code\cursor\looklook\node_modules\ffprobe-static\bin\win32\x64\ffprobe.exe
2025-05-19T06:36:16.833Z [RESOLUTION] 在开发环境中使用ffprobe路径: D:\code\cursor\looklook\node_modules\ffprobe-static\bin\win32\x64\ffprobe.exe
2025-05-19T06:36:16.833Z [RESOLUTION] 检查ffprobe可执行文件是否存在: true
2025-05-19T06:36:16.833Z [LOG] 执行命令: "D:\code\cursor\looklook\node_modules\ffprobe-static\bin\win32\x64\ffprobe.exe" -v error -select_streams v:0 -show_entries stream=width,height -of csv=s=x:p=0 "D:\Users\Videos\第二次选择\SampleVideo_640x360_2mb.mp4"
2025-05-19T06:36:16.833Z [RESOLUTION] 开始执行命令获取分辨率: "D:\code\cursor\looklook\node_modules\ffprobe-static\bin\win32\x64\ffprobe.exe" -v error -select_streams v:0 -show_entries stream=width,height -of csv=s=x:p=0 "D:\Users\Videos\第二次选择\SampleVideo_640x360_2mb.mp4"
2025-05-19T06:36:16.895Z [RESOLUTION] 命令输出: "640x368"
2025-05-19T06:36:16.895Z [LOG] 成功解析分辨率: 640×368
2025-05-19T06:36:16.895Z [RESOLUTION] 成功解析分辨率: 640×368
2025-05-19T06:36:16.896Z [LOG] 获取视频时长: D:\Users\Videos\第二次选择\SampleVideo_640x360_2mb.mp4
2025-05-19T06:36:16.896Z [MAIN] 开始获取视频时长: D:\Users\Videos\第二次选择\SampleVideo_640x360_2mb.mp4
2025-05-19T06:36:16.896Z [LOG] 直接获取视频时长
2025-05-19T06:36:16.896Z [DURATION] 开始获取视频时长: D:\Users\Videos\第二次选择\SampleVideo_640x360_2mb.mp4
2025-05-19T06:36:16.896Z [PATH] 尝试获取FFprobe路径
2025-05-19T06:36:16.896Z [LOG] 使用配置的FFprobe路径: D:\code\cursor\looklook\node_modules\ffprobe-static\bin\win32\x64\ffprobe.exe
2025-05-19T06:36:16.896Z [PATH] 使用配置的FFprobe路径: D:\code\cursor\looklook\node_modules\ffprobe-static\bin\win32\x64\ffprobe.exe
2025-05-19T06:36:16.897Z [DURATION] 在开发环境中使用ffprobe路径: D:\code\cursor\looklook\node_modules\ffprobe-static\bin\win32\x64\ffprobe.exe
2025-05-19T06:36:16.897Z [DURATION] 检查ffprobe可执行文件是否存在: true
2025-05-19T06:36:16.897Z [LOG] 执行命令: "D:\code\cursor\looklook\node_modules\ffprobe-static\bin\win32\x64\ffprobe.exe" -v error -show_entries format=duration -of default=noprint_wrappers=1:nokey=1 "D:\Users\Videos\第二次选择\SampleVideo_640x360_2mb.mp4"
2025-05-19T06:36:16.897Z [DURATION] 开始执行命令获取时长: "D:\code\cursor\looklook\node_modules\ffprobe-static\bin\win32\x64\ffprobe.exe" -v error -show_entries format=duration -of default=noprint_wrappers=1:nokey=1 "D:\Users\Videos\第二次选择\SampleVideo_640x360_2mb.mp4"
2025-05-19T06:36:16.958Z [DURATION] 命令输出: "15.190000"
2025-05-19T06:36:16.958Z [LOG] 成功解析时长: 00:00:15
2025-05-19T06:36:16.958Z [DURATION] 成功解析时长: 00:00:15
2025-05-19T06:36:16.959Z [LOG] 开始生成缩略图，视频路径: D:\Users\Videos\第二次选择\SampleVideo_640x360_2mb.mp4
2025-05-19T06:36:16.959Z [LOG] 缩略图输出路径: D:\code\cursor\looklook\userdata\thumbnails\1747636577127-RDpcVXNl.jpg
2025-05-19T06:36:16.959Z [LOG] 生成随机时间点: 00:00:19
2025-05-19T06:36:16.959Z [LOG] 使用直接命令行ffmpeg生成缩略图
2025-05-19T06:36:16.960Z [PATH] 尝试获取FFmpeg路径
2025-05-19T06:36:16.960Z [LOG] 使用配置的FFmpeg路径: D:\code\cursor\looklook\node_modules\ffmpeg-static\ffmpeg.exe
2025-05-19T06:36:16.960Z [PATH] 使用配置的FFmpeg路径: D:\code\cursor\looklook\node_modules\ffmpeg-static\ffmpeg.exe
2025-05-19T06:36:16.960Z [LOG] 将使用时间点 00:00:19 生成缩略图
2025-05-19T06:36:16.960Z [LOG] 执行命令: D:\code\cursor\looklook\node_modules\ffmpeg-static\ffmpeg.exe -ss 00:00:19 -i D:\Users\Videos\第二次选择\SampleVideo_640x360_2mb.mp4 -vframes 1 -s 320x180 -y D:\code\cursor\looklook\userdata\thumbnails\1747636577127-RDpcVXNl.jpg
2025-05-19T06:36:17.541Z [ERROR] 直接ffmpeg生成缩略图失败: Command failed: D:\code\cursor\looklook\node_modules\ffmpeg-static\ffmpeg.exe -ss 00:00:19 -i D:\Users\Videos\第二次选择\SampleVideo_640x360_2mb.mp4 -vframes 1 -s 320x180 -y D:\code\cursor\looklook\userdata\thumbnails\1747636577127-RDpcVXNl.jpg
ffmpeg version 7.1.1-essentials_build-www.gyan.dev Copyright (c) 2000-2025 the FFmpeg developers
  built with gcc 14.2.0 (Rev1, Built by MSYS2 project)
  configuration: --enable-gpl --enable-version3 --enable-static --disable-w32threads --disable-autodetect --enable-fontconfig --enable-iconv --enable-gnutls --enable-libxml2 --enable-gmp --enable-bzlib --enable-lzma --enable-zlib --enable-libsrt --enable-libssh --enable-libzmq --enable-avisynth --enable-sdl2 --enable-libwebp --enable-libx264 --enable-libx265 --enable-libxvid --enable-libaom --enable-libopenjpeg --enable-libvpx --enable-mediafoundation --enable-libass --enable-libfreetype --enable-libfribidi --enable-libharfbuzz --enable-libvidstab --enable-libvmaf --enable-libzimg --enable-amf --enable-cuda-llvm --enable-cuvid --enable-dxva2 --enable-d3d11va --enable-d3d12va --enable-ffnvcodec --enable-libvpl --enable-nvdec --enable-nvenc --enable-vaapi --enable-libgme --enable-libopenmpt --enable-libopencore-amrwb --enable-libmp3lame --enable-libtheora --enable-libvo-amrwbenc --enable-libgsm --enable-libopencore-amrnb --enable-libopus --enable-libspeex --enable-libvorbis --enable-librubberband
  libavutil      59. 39.100 / 59. 39.100
  libavcodec     61. 19.101 / 61. 19.101
  libavformat    61.  7.100 / 61.  7.100
  libavdevice    61.  3.100 / 61.  3.100
  libavfilter    10.  4.100 / 10.  4.100
  libswscale      8.  3.100 /  8.  3.100
  libswresample   5.  3.100 /  5.  3.100
  libpostproc    58.  3.100 / 58.  3.100
Input #0, mov,mp4,m4a,3gp,3g2,mj2, from 'D:\Users\Videos\第二次选择\SampleVideo_640x360_2mb.mp4':
  Metadata:
    major_brand     : isom
    minor_version   : 512
    compatible_brands: isomiso2mp41
    creation_time   : 1970-01-01T00:00:00.000000Z
    encoder         : Lavf53.24.2
  Duration: 00:00:15.19, start: 0.000000, bitrate: 1109 kb/s
  Stream #0:0[0x1](und): Video: mpeg4 (Simple Profile) (mp4v / 0x7634706D), yuv420p, 640x368 [SAR 1:1 DAR 40:23], 723 kb/s, 25 fps, 25 tbr, 12800 tbn (default)
      Metadata:
        creation_time   : 1970-01-01T00:00:00.000000Z
        handler_name    : VideoHandler
        vendor_id       : [0][0][0][0]
  Stream #0:1[0x2](und): Audio: aac (LC) (mp4a / 0x6134706D), 48000 Hz, 5.1, fltp, 382 kb/s (default)
      Metadata:
        creation_time   : 1970-01-01T00:00:00.000000Z
        handler_name    : SoundHandler
        vendor_id       : [0][0][0][0]
Stream mapping:
  Stream #0:0 -> #0:0 (mpeg4 (native) -> mjpeg (native))
Press [q] to stop, [?] for help
[vf#0:0 @ 0000000002607900] No filtered frames for output stream, trying to initialize anyway.
[mjpeg @ 00000000026d0bc0] Non full-range YUV is non-standard, set strict_std_compliance to at most unofficial to use it.
[vost#0:0/mjpeg @ 00000000026d0840] Error while opening encoder - maybe incorrect parameters such as bit_rate, rate, width or height.
[vf#0:0 @ 0000000002606f80] Task finished with error code: -22 (Invalid argument)
[vf#0:0 @ 0000000002606f80] Terminating thread with return code -22 (Invalid argument)
[vost#0:0/mjpeg @ 00000000026d0840] Could not open encoder before EOF
[vost#0:0/mjpeg @ 00000000026d0840] Task finished with error code: -22 (Invalid argument)
[vost#0:0/mjpeg @ 00000000026d0840] Terminating thread with return code -22 (Invalid argument)
[out#0/image2 @ 0000000002616e40] Nothing was written into output file, because at least one of its streams received no packets.
frame=    0 fps=0.0 q=0.0 Lsize=       0KiB time=N/A bitrate=N/A speed=N/A    
Conversion failed!

2025-05-19T06:36:17.546Z [ERROR] STDERR: ffmpeg version 7.1.1-essentials_build-www.gyan.dev Copyright (c) 2000-2025 the FFmpeg developers
  built with gcc 14.2.0 (Rev1, Built by MSYS2 project)
  configuration: --enable-gpl --enable-version3 --enable-static --disable-w32threads --disable-autodetect --enable-fontconfig --enable-iconv --enable-gnutls --enable-libxml2 --enable-gmp --enable-bzlib --enable-lzma --enable-zlib --enable-libsrt --enable-libssh --enable-libzmq --enable-avisynth --enable-sdl2 --enable-libwebp --enable-libx264 --enable-libx265 --enable-libxvid --enable-libaom --enable-libopenjpeg --enable-libvpx --enable-mediafoundation --enable-libass --enable-libfreetype --enable-libfribidi --enable-libharfbuzz --enable-libvidstab --enable-libvmaf --enable-libzimg --enable-amf --enable-cuda-llvm --enable-cuvid --enable-dxva2 --enable-d3d11va --enable-d3d12va --enable-ffnvcodec --enable-libvpl --enable-nvdec --enable-nvenc --enable-vaapi --enable-libgme --enable-libopenmpt --enable-libopencore-amrwb --enable-libmp3lame --enable-libtheora --enable-libvo-amrwbenc --enable-libgsm --enable-libopencore-amrnb --enable-libopus --enable-libspeex --enable-libvorbis --enable-librubberband
  libavutil      59. 39.100 / 59. 39.100
  libavcodec     61. 19.101 / 61. 19.101
  libavformat    61.  7.100 / 61.  7.100
  libavdevice    61.  3.100 / 61.  3.100
  libavfilter    10.  4.100 / 10.  4.100
  libswscale      8.  3.100 /  8.  3.100
  libswresample   5.  3.100 /  5.  3.100
  libpostproc    58.  3.100 / 58.  3.100
Input #0, mov,mp4,m4a,3gp,3g2,mj2, from 'D:\Users\Videos\第二次选择\SampleVideo_640x360_2mb.mp4':
  Metadata:
    major_brand     : isom
    minor_version   : 512
    compatible_brands: isomiso2mp41
    creation_time   : 1970-01-01T00:00:00.000000Z
    encoder         : Lavf53.24.2
  Duration: 00:00:15.19, start: 0.000000, bitrate: 1109 kb/s
  Stream #0:0[0x1](und): Video: mpeg4 (Simple Profile) (mp4v / 0x7634706D), yuv420p, 640x368 [SAR 1:1 DAR 40:23], 723 kb/s, 25 fps, 25 tbr, 12800 tbn (default)
      Metadata:
        creation_time   : 1970-01-01T00:00:00.000000Z
        handler_name    : VideoHandler
        vendor_id       : [0][0][0][0]
  Stream #0:1[0x2](und): Audio: aac (LC) (mp4a / 0x6134706D), 48000 Hz, 5.1, fltp, 382 kb/s (default)
      Metadata:
        creation_time   : 1970-01-01T00:00:00.000000Z
        handler_name    : SoundHandler
        vendor_id       : [0][0][0][0]
Stream mapping:
  Stream #0:0 -> #0:0 (mpeg4 (native) -> mjpeg (native))
Press [q] to stop, [?] for help
[vf#0:0 @ 0000000002607900] No filtered frames for output stream, trying to initialize anyway.
[mjpeg @ 00000000026d0bc0] Non full-range YUV is non-standard, set strict_std_compliance to at most unofficial to use it.
[vost#0:0/mjpeg @ 00000000026d0840] Error while opening encoder - maybe incorrect parameters such as bit_rate, rate, width or height.
[vf#0:0 @ 0000000002606f80] Task finished with error code: -22 (Invalid argument)
[vf#0:0 @ 0000000002606f80] Terminating thread with return code -22 (Invalid argument)
[vost#0:0/mjpeg @ 00000000026d0840] Could not open encoder before EOF
[vost#0:0/mjpeg @ 00000000026d0840] Task finished with error code: -22 (Invalid argument)
[vost#0:0/mjpeg @ 00000000026d0840] Terminating thread with return code -22 (Invalid argument)
[out#0/image2 @ 0000000002616e40] Nothing was written into output file, because at least one of its streams received no packets.
frame=    0 fps=0.0 q=0.0 Lsize=       0KiB time=N/A bitrate=N/A speed=N/A    
Conversion failed!

2025-05-19T06:36:17.549Z [ERROR] 直接ffmpeg命令生成缩略图失败: Command failed: D:\code\cursor\looklook\node_modules\ffmpeg-static\ffmpeg.exe -ss 00:00:19 -i D:\Users\Videos\第二次选择\SampleVideo_640x360_2mb.mp4 -vframes 1 -s 320x180 -y D:\code\cursor\looklook\userdata\thumbnails\1747636577127-RDpcVXNl.jpg
ffmpeg version 7.1.1-essentials_build-www.gyan.dev Copyright (c) 2000-2025 the FFmpeg developers
  built with gcc 14.2.0 (Rev1, Built by MSYS2 project)
  configuration: --enable-gpl --enable-version3 --enable-static --disable-w32threads --disable-autodetect --enable-fontconfig --enable-iconv --enable-gnutls --enable-libxml2 --enable-gmp --enable-bzlib --enable-lzma --enable-zlib --enable-libsrt --enable-libssh --enable-libzmq --enable-avisynth --enable-sdl2 --enable-libwebp --enable-libx264 --enable-libx265 --enable-libxvid --enable-libaom --enable-libopenjpeg --enable-libvpx --enable-mediafoundation --enable-libass --enable-libfreetype --enable-libfribidi --enable-libharfbuzz --enable-libvidstab --enable-libvmaf --enable-libzimg --enable-amf --enable-cuda-llvm --enable-cuvid --enable-dxva2 --enable-d3d11va --enable-d3d12va --enable-ffnvcodec --enable-libvpl --enable-nvdec --enable-nvenc --enable-vaapi --enable-libgme --enable-libopenmpt --enable-libopencore-amrwb --enable-libmp3lame --enable-libtheora --enable-libvo-amrwbenc --enable-libgsm --enable-libopencore-amrnb --enable-libopus --enable-libspeex --enable-libvorbis --enable-librubberband
  libavutil      59. 39.100 / 59. 39.100
  libavcodec     61. 19.101 / 61. 19.101
  libavformat    61.  7.100 / 61.  7.100
  libavdevice    61.  3.100 / 61.  3.100
  libavfilter    10.  4.100 / 10.  4.100
  libswscale      8.  3.100 /  8.  3.100
  libswresample   5.  3.100 /  5.  3.100
  libpostproc    58.  3.100 / 58.  3.100
Input #0, mov,mp4,m4a,3gp,3g2,mj2, from 'D:\Users\Videos\第二次选择\SampleVideo_640x360_2mb.mp4':
  Metadata:
    major_brand     : isom
    minor_version   : 512
    compatible_brands: isomiso2mp41
    creation_time   : 1970-01-01T00:00:00.000000Z
    encoder         : Lavf53.24.2
  Duration: 00:00:15.19, start: 0.000000, bitrate: 1109 kb/s
  Stream #0:0[0x1](und): Video: mpeg4 (Simple Profile) (mp4v / 0x7634706D), yuv420p, 640x368 [SAR 1:1 DAR 40:23], 723 kb/s, 25 fps, 25 tbr, 12800 tbn (default)
      Metadata:
        creation_time   : 1970-01-01T00:00:00.000000Z
        handler_name    : VideoHandler
        vendor_id       : [0][0][0][0]
  Stream #0:1[0x2](und): Audio: aac (LC) (mp4a / 0x6134706D), 48000 Hz, 5.1, fltp, 382 kb/s (default)
      Metadata:
        creation_time   : 1970-01-01T00:00:00.000000Z
        handler_name    : SoundHandler
        vendor_id       : [0][0][0][0]
Stream mapping:
  Stream #0:0 -> #0:0 (mpeg4 (native) -> mjpeg (native))
Press [q] to stop, [?] for help
[vf#0:0 @ 0000000002607900] No filtered frames for output stream, trying to initialize anyway.
[mjpeg @ 00000000026d0bc0] Non full-range YUV is non-standard, set strict_std_compliance to at most unofficial to use it.
[vost#0:0/mjpeg @ 00000000026d0840] Error while opening encoder - maybe incorrect parameters such as bit_rate, rate, width or height.
[vf#0:0 @ 0000000002606f80] Task finished with error code: -22 (Invalid argument)
[vf#0:0 @ 0000000002606f80] Terminating thread with return code -22 (Invalid argument)
[vost#0:0/mjpeg @ 00000000026d0840] Could not open encoder before EOF
[vost#0:0/mjpeg @ 00000000026d0840] Task finished with error code: -22 (Invalid argument)
[vost#0:0/mjpeg @ 00000000026d0840] Terminating thread with return code -22 (Invalid argument)
[out#0/image2 @ 0000000002616e40] Nothing was written into output file, because at least one of its streams received no packets.
frame=    0 fps=0.0 q=0.0 Lsize=       0KiB time=N/A bitrate=N/A speed=N/A    
Conversion failed!

2025-05-19T06:36:17.549Z [LOG] 尝试使用直接命令行方式生成缩略图
2025-05-19T06:36:17.550Z [LOG] 直接获取视频时长（秒数）
2025-05-19T06:36:17.550Z [PATH] 尝试获取FFprobe路径
2025-05-19T06:36:17.550Z [LOG] 使用配置的FFprobe路径: D:\code\cursor\looklook\node_modules\ffprobe-static\bin\win32\x64\ffprobe.exe
2025-05-19T06:36:17.551Z [PATH] 使用配置的FFprobe路径: D:\code\cursor\looklook\node_modules\ffprobe-static\bin\win32\x64\ffprobe.exe
2025-05-19T06:36:17.551Z [LOG] 在开发环境中使用ffprobe路径: D:\code\cursor\looklook\node_modules\ffprobe-static\bin\win32\x64\ffprobe.exe
2025-05-19T06:36:17.551Z [LOG] 执行命令: D:\code\cursor\looklook\node_modules\ffprobe-static\bin\win32\x64\ffprobe.exe -v error -show_entries format=duration -of default=noprint_wrappers=1:nokey=1 D:\Users\Videos\第二次选择\SampleVideo_640x360_2mb.mp4
2025-05-19T06:36:17.621Z [LOG] 时长命令输出: 15.190000
2025-05-19T06:36:17.621Z [LOG] 成功获取视频时长: 15.19 秒
2025-05-19T06:36:17.622Z [LOG] 获取到视频时长: 15.19 秒, 准备截取缩略图
2025-05-19T06:36:17.622Z [LOG] 将在视频的 4 秒处截取缩略图 (随机生成)
2025-05-19T06:36:17.622Z [PATH] 尝试获取FFmpeg路径
2025-05-19T06:36:17.623Z [LOG] 使用配置的FFmpeg路径: D:\code\cursor\looklook\node_modules\ffmpeg-static\ffmpeg.exe
2025-05-19T06:36:17.623Z [PATH] 使用配置的FFmpeg路径: D:\code\cursor\looklook\node_modules\ffmpeg-static\ffmpeg.exe
2025-05-19T06:36:17.623Z [LOG] 执行命令: D:\code\cursor\looklook\node_modules\ffmpeg-static\ffmpeg.exe -i D:\Users\Videos\第二次选择\SampleVideo_640x360_2mb.mp4 -ss 4 -vframes 1 -s 320x180 -y D:\code\cursor\looklook\userdata\thumbnails\1747636577127-RDpcVXNl.jpg
2025-05-19T06:36:17.702Z [LOG] 命令行方式成功生成缩略图: D:\code\cursor\looklook\userdata\thumbnails\1747636577127-RDpcVXNl.jpg
2025-05-19T06:36:17.702Z [LOG] 通过多步骤方法成功生成缩略图
2025-05-19T06:36:17.703Z [LOG] 设置已加载
2025-05-19T06:36:17.703Z [LOG] 获取视频分辨率: D:\Users\Videos\第二次选择\SampleVideo_720x480_10mb.mp4
2025-05-19T06:36:17.703Z [MAIN] 开始获取视频分辨率: D:\Users\Videos\第二次选择\SampleVideo_720x480_10mb.mp4
2025-05-19T06:36:17.704Z [LOG] 直接获取视频分辨率
2025-05-19T06:36:17.704Z [RESOLUTION] 开始获取视频分辨率: D:\Users\Videos\第二次选择\SampleVideo_720x480_10mb.mp4
2025-05-19T06:36:17.704Z [PATH] 尝试获取FFprobe路径
2025-05-19T06:36:17.704Z [LOG] 使用配置的FFprobe路径: D:\code\cursor\looklook\node_modules\ffprobe-static\bin\win32\x64\ffprobe.exe
2025-05-19T06:36:17.704Z [PATH] 使用配置的FFprobe路径: D:\code\cursor\looklook\node_modules\ffprobe-static\bin\win32\x64\ffprobe.exe
2025-05-19T06:36:17.704Z [RESOLUTION] 在开发环境中使用ffprobe路径: D:\code\cursor\looklook\node_modules\ffprobe-static\bin\win32\x64\ffprobe.exe
2025-05-19T06:36:17.704Z [RESOLUTION] 检查ffprobe可执行文件是否存在: true
2025-05-19T06:36:17.705Z [LOG] 执行命令: "D:\code\cursor\looklook\node_modules\ffprobe-static\bin\win32\x64\ffprobe.exe" -v error -select_streams v:0 -show_entries stream=width,height -of csv=s=x:p=0 "D:\Users\Videos\第二次选择\SampleVideo_720x480_10mb.mp4"
2025-05-19T06:36:17.705Z [RESOLUTION] 开始执行命令获取分辨率: "D:\code\cursor\looklook\node_modules\ffprobe-static\bin\win32\x64\ffprobe.exe" -v error -select_streams v:0 -show_entries stream=width,height -of csv=s=x:p=0 "D:\Users\Videos\第二次选择\SampleVideo_720x480_10mb.mp4"
2025-05-19T06:36:17.771Z [RESOLUTION] 命令输出: "640x480"
2025-05-19T06:36:17.772Z [LOG] 成功解析分辨率: 640×480
2025-05-19T06:36:17.772Z [RESOLUTION] 成功解析分辨率: 640×480
2025-05-19T06:36:17.772Z [LOG] 获取视频时长: D:\Users\Videos\第二次选择\SampleVideo_720x480_10mb.mp4
2025-05-19T06:36:17.772Z [MAIN] 开始获取视频时长: D:\Users\Videos\第二次选择\SampleVideo_720x480_10mb.mp4
2025-05-19T06:36:17.773Z [LOG] 直接获取视频时长
2025-05-19T06:36:17.773Z [DURATION] 开始获取视频时长: D:\Users\Videos\第二次选择\SampleVideo_720x480_10mb.mp4
2025-05-19T06:36:17.773Z [PATH] 尝试获取FFprobe路径
2025-05-19T06:36:17.773Z [LOG] 使用配置的FFprobe路径: D:\code\cursor\looklook\node_modules\ffprobe-static\bin\win32\x64\ffprobe.exe
2025-05-19T06:36:17.773Z [PATH] 使用配置的FFprobe路径: D:\code\cursor\looklook\node_modules\ffprobe-static\bin\win32\x64\ffprobe.exe
2025-05-19T06:36:17.773Z [DURATION] 在开发环境中使用ffprobe路径: D:\code\cursor\looklook\node_modules\ffprobe-static\bin\win32\x64\ffprobe.exe
2025-05-19T06:36:17.773Z [DURATION] 检查ffprobe可执行文件是否存在: true
2025-05-19T06:36:17.774Z [LOG] 执行命令: "D:\code\cursor\looklook\node_modules\ffprobe-static\bin\win32\x64\ffprobe.exe" -v error -show_entries format=duration -of default=noprint_wrappers=1:nokey=1 "D:\Users\Videos\第二次选择\SampleVideo_720x480_10mb.mp4"
2025-05-19T06:36:17.774Z [DURATION] 开始执行命令获取时长: "D:\code\cursor\looklook\node_modules\ffprobe-static\bin\win32\x64\ffprobe.exe" -v error -show_entries format=duration -of default=noprint_wrappers=1:nokey=1 "D:\Users\Videos\第二次选择\SampleVideo_720x480_10mb.mp4"
2025-05-19T06:36:17.841Z [DURATION] 命令输出: "66.200000"
2025-05-19T06:36:17.842Z [LOG] 成功解析时长: 00:01:06
2025-05-19T06:36:17.842Z [DURATION] 成功解析时长: 00:01:06
2025-05-19T06:36:17.842Z [LOG] 开始生成缩略图，视频路径: D:\Users\Videos\第二次选择\SampleVideo_720x480_10mb.mp4
2025-05-19T06:36:17.842Z [LOG] 缩略图输出路径: D:\code\cursor\looklook\userdata\thumbnails\1747636578083-RDpcVXNl.jpg
2025-05-19T06:36:17.843Z [LOG] 生成随机时间点: 00:00:25
2025-05-19T06:36:17.843Z [LOG] 使用直接命令行ffmpeg生成缩略图
2025-05-19T06:36:17.843Z [PATH] 尝试获取FFmpeg路径
2025-05-19T06:36:17.843Z [LOG] 使用配置的FFmpeg路径: D:\code\cursor\looklook\node_modules\ffmpeg-static\ffmpeg.exe
2025-05-19T06:36:17.843Z [PATH] 使用配置的FFmpeg路径: D:\code\cursor\looklook\node_modules\ffmpeg-static\ffmpeg.exe
2025-05-19T06:36:17.843Z [LOG] 将使用时间点 00:00:25 生成缩略图
2025-05-19T06:36:17.844Z [LOG] 执行命令: D:\code\cursor\looklook\node_modules\ffmpeg-static\ffmpeg.exe -ss 00:00:25 -i D:\Users\Videos\第二次选择\SampleVideo_720x480_10mb.mp4 -vframes 1 -s 320x180 -y D:\code\cursor\looklook\userdata\thumbnails\1747636578083-RDpcVXNl.jpg
2025-05-19T06:36:17.941Z [LOG] 直接ffmpeg成功生成缩略图: D:\code\cursor\looklook\userdata\thumbnails\1747636578083-RDpcVXNl.jpg
2025-05-19T06:36:17.941Z [LOG] 通过直接ffmpeg命令生成缩略图成功
2025-05-19T06:36:17.942Z [LOG] 设置已加载
2025-05-19T06:36:17.942Z [LOG] 获取视频分辨率: D:\Users\Videos\第二次选择\SampleVideo_720x480_1mb.mp4
2025-05-19T06:36:17.942Z [MAIN] 开始获取视频分辨率: D:\Users\Videos\第二次选择\SampleVideo_720x480_1mb.mp4
2025-05-19T06:36:17.942Z [LOG] 直接获取视频分辨率
2025-05-19T06:36:17.942Z [RESOLUTION] 开始获取视频分辨率: D:\Users\Videos\第二次选择\SampleVideo_720x480_1mb.mp4
2025-05-19T06:36:17.942Z [PATH] 尝试获取FFprobe路径
2025-05-19T06:36:17.943Z [LOG] 使用配置的FFprobe路径: D:\code\cursor\looklook\node_modules\ffprobe-static\bin\win32\x64\ffprobe.exe
2025-05-19T06:36:17.943Z [PATH] 使用配置的FFprobe路径: D:\code\cursor\looklook\node_modules\ffprobe-static\bin\win32\x64\ffprobe.exe
2025-05-19T06:36:17.943Z [RESOLUTION] 在开发环境中使用ffprobe路径: D:\code\cursor\looklook\node_modules\ffprobe-static\bin\win32\x64\ffprobe.exe
2025-05-19T06:36:17.943Z [RESOLUTION] 检查ffprobe可执行文件是否存在: true
2025-05-19T06:36:17.943Z [LOG] 执行命令: "D:\code\cursor\looklook\node_modules\ffprobe-static\bin\win32\x64\ffprobe.exe" -v error -select_streams v:0 -show_entries stream=width,height -of csv=s=x:p=0 "D:\Users\Videos\第二次选择\SampleVideo_720x480_1mb.mp4"
2025-05-19T06:36:17.943Z [RESOLUTION] 开始执行命令获取分辨率: "D:\code\cursor\looklook\node_modules\ffprobe-static\bin\win32\x64\ffprobe.exe" -v error -select_streams v:0 -show_entries stream=width,height -of csv=s=x:p=0 "D:\Users\Videos\第二次选择\SampleVideo_720x480_1mb.mp4"
2025-05-19T06:36:18.009Z [RESOLUTION] 命令输出: "640x480"
2025-05-19T06:36:18.009Z [LOG] 成功解析分辨率: 640×480
2025-05-19T06:36:18.009Z [RESOLUTION] 成功解析分辨率: 640×480
2025-05-19T06:36:18.010Z [LOG] 获取视频时长: D:\Users\Videos\第二次选择\SampleVideo_720x480_1mb.mp4
2025-05-19T06:36:18.010Z [MAIN] 开始获取视频时长: D:\Users\Videos\第二次选择\SampleVideo_720x480_1mb.mp4
2025-05-19T06:36:18.010Z [LOG] 直接获取视频时长
2025-05-19T06:36:18.010Z [DURATION] 开始获取视频时长: D:\Users\Videos\第二次选择\SampleVideo_720x480_1mb.mp4
2025-05-19T06:36:18.010Z [PATH] 尝试获取FFprobe路径
2025-05-19T06:36:18.010Z [LOG] 使用配置的FFprobe路径: D:\code\cursor\looklook\node_modules\ffprobe-static\bin\win32\x64\ffprobe.exe
2025-05-19T06:36:18.011Z [PATH] 使用配置的FFprobe路径: D:\code\cursor\looklook\node_modules\ffprobe-static\bin\win32\x64\ffprobe.exe
2025-05-19T06:36:18.011Z [DURATION] 在开发环境中使用ffprobe路径: D:\code\cursor\looklook\node_modules\ffprobe-static\bin\win32\x64\ffprobe.exe
2025-05-19T06:36:18.011Z [DURATION] 检查ffprobe可执行文件是否存在: true
2025-05-19T06:36:18.011Z [LOG] 执行命令: "D:\code\cursor\looklook\node_modules\ffprobe-static\bin\win32\x64\ffprobe.exe" -v error -show_entries format=duration -of default=noprint_wrappers=1:nokey=1 "D:\Users\Videos\第二次选择\SampleVideo_720x480_1mb.mp4"
2025-05-19T06:36:18.011Z [DURATION] 开始执行命令获取时长: "D:\code\cursor\looklook\node_modules\ffprobe-static\bin\win32\x64\ffprobe.exe" -v error -show_entries format=duration -of default=noprint_wrappers=1:nokey=1 "D:\Users\Videos\第二次选择\SampleVideo_720x480_1mb.mp4"
2025-05-19T06:36:18.077Z [DURATION] 命令输出: "5.803000"
2025-05-19T06:36:18.077Z [LOG] 成功解析时长: 00:00:05
2025-05-19T06:36:18.077Z [DURATION] 成功解析时长: 00:00:05
2025-05-19T06:36:18.078Z [LOG] 开始生成缩略图，视频路径: D:\Users\Videos\第二次选择\SampleVideo_720x480_1mb.mp4
2025-05-19T06:36:18.078Z [LOG] 缩略图输出路径: D:\code\cursor\looklook\userdata\thumbnails\1747636578476-RDpcVXNl.jpg
2025-05-19T06:36:18.078Z [LOG] 生成随机时间点: 00:00:34
2025-05-19T06:36:18.078Z [LOG] 使用直接命令行ffmpeg生成缩略图
2025-05-19T06:36:18.079Z [PATH] 尝试获取FFmpeg路径
2025-05-19T06:36:18.079Z [LOG] 使用配置的FFmpeg路径: D:\code\cursor\looklook\node_modules\ffmpeg-static\ffmpeg.exe
2025-05-19T06:36:18.079Z [PATH] 使用配置的FFmpeg路径: D:\code\cursor\looklook\node_modules\ffmpeg-static\ffmpeg.exe
2025-05-19T06:36:18.079Z [LOG] 将使用时间点 00:00:34 生成缩略图
2025-05-19T06:36:18.079Z [LOG] 执行命令: D:\code\cursor\looklook\node_modules\ffmpeg-static\ffmpeg.exe -ss 00:00:34 -i D:\Users\Videos\第二次选择\SampleVideo_720x480_1mb.mp4 -vframes 1 -s 320x180 -y D:\code\cursor\looklook\userdata\thumbnails\1747636578476-RDpcVXNl.jpg
2025-05-19T06:36:18.678Z [ERROR] 直接ffmpeg生成缩略图失败: Command failed: D:\code\cursor\looklook\node_modules\ffmpeg-static\ffmpeg.exe -ss 00:00:34 -i D:\Users\Videos\第二次选择\SampleVideo_720x480_1mb.mp4 -vframes 1 -s 320x180 -y D:\code\cursor\looklook\userdata\thumbnails\1747636578476-RDpcVXNl.jpg
ffmpeg version 7.1.1-essentials_build-www.gyan.dev Copyright (c) 2000-2025 the FFmpeg developers
  built with gcc 14.2.0 (Rev1, Built by MSYS2 project)
  configuration: --enable-gpl --enable-version3 --enable-static --disable-w32threads --disable-autodetect --enable-fontconfig --enable-iconv --enable-gnutls --enable-libxml2 --enable-gmp --enable-bzlib --enable-lzma --enable-zlib --enable-libsrt --enable-libssh --enable-libzmq --enable-avisynth --enable-sdl2 --enable-libwebp --enable-libx264 --enable-libx265 --enable-libxvid --enable-libaom --enable-libopenjpeg --enable-libvpx --enable-mediafoundation --enable-libass --enable-libfreetype --enable-libfribidi --enable-libharfbuzz --enable-libvidstab --enable-libvmaf --enable-libzimg --enable-amf --enable-cuda-llvm --enable-cuvid --enable-dxva2 --enable-d3d11va --enable-d3d12va --enable-ffnvcodec --enable-libvpl --enable-nvdec --enable-nvenc --enable-vaapi --enable-libgme --enable-libopenmpt --enable-libopencore-amrwb --enable-libmp3lame --enable-libtheora --enable-libvo-amrwbenc --enable-libgsm --enable-libopencore-amrnb --enable-libopus --enable-libspeex --enable-libvorbis --enable-librubberband
  libavutil      59. 39.100 / 59. 39.100
  libavcodec     61. 19.101 / 61. 19.101
  libavformat    61.  7.100 / 61.  7.100
  libavdevice    61.  3.100 / 61.  3.100
  libavfilter    10.  4.100 / 10.  4.100
  libswscale      8.  3.100 /  8.  3.100
  libswresample   5.  3.100 /  5.  3.100
  libpostproc    58.  3.100 / 58.  3.100
Input #0, mov,mp4,m4a,3gp,3g2,mj2, from 'D:\Users\Videos\第二次选择\SampleVideo_720x480_1mb.mp4':
  Metadata:
    major_brand     : isom
    minor_version   : 512
    compatible_brands: isomiso2avc1mp41
    creation_time   : 1970-01-01T00:00:00.000000Z
    encoder         : Lavf53.24.2
  Duration: 00:00:05.80, start: 0.000000, bitrate: 1457 kb/s
  Stream #0:0[0x1](und): Video: h264 (Main) (avc1 / 0x31637661), yuv420p(progressive), 640x480 [SAR 1:1 DAR 4:3], 1066 kb/s, 25 fps, 25 tbr, 12800 tbn (default)
      Metadata:
        creation_time   : 1970-01-01T00:00:00.000000Z
        handler_name    : VideoHandler
        vendor_id       : [0][0][0][0]
  Stream #0:1[0x2](und): Audio: aac (LC) (mp4a / 0x6134706D), 48000 Hz, 5.1, fltp, 384 kb/s (default)
      Metadata:
        creation_time   : 1970-01-01T00:00:00.000000Z
        handler_name    : SoundHandler
        vendor_id       : [0][0][0][0]
Stream mapping:
  Stream #0:0 -> #0:0 (h264 (native) -> mjpeg (native))
Press [q] to stop, [?] for help
[vf#0:0 @ 00000000029400c0] No filtered frames for output stream, trying to initialize anyway.
[mjpeg @ 000000000290c040] Non full-range YUV is non-standard, set strict_std_compliance to at most unofficial to use it.
[vost#0:0/mjpeg @ 00000000025f1bc0] Error while opening encoder - maybe incorrect parameters such as bit_rate, rate, width or height.
[vf#0:0 @ 0000000002693fc0] Task finished with error code: -22 (Invalid argument)
[vf#0:0 @ 0000000002693fc0] Terminating thread with return code -22 (Invalid argument)
[vost#0:0/mjpeg @ 00000000025f1bc0] Could not open encoder before EOF
[vost#0:0/mjpeg @ 00000000025f1bc0] Task finished with error code: -22 (Invalid argument)
[vost#0:0/mjpeg @ 00000000025f1bc0] Terminating thread with return code -22 (Invalid argument)
[out#0/image2 @ 00000000025d0700] Nothing was written into output file, because at least one of its streams received no packets.
frame=    0 fps=0.0 q=0.0 Lsize=       0KiB time=N/A bitrate=N/A speed=N/A    
Conversion failed!

2025-05-19T06:36:18.681Z [ERROR] STDERR: ffmpeg version 7.1.1-essentials_build-www.gyan.dev Copyright (c) 2000-2025 the FFmpeg developers
  built with gcc 14.2.0 (Rev1, Built by MSYS2 project)
  configuration: --enable-gpl --enable-version3 --enable-static --disable-w32threads --disable-autodetect --enable-fontconfig --enable-iconv --enable-gnutls --enable-libxml2 --enable-gmp --enable-bzlib --enable-lzma --enable-zlib --enable-libsrt --enable-libssh --enable-libzmq --enable-avisynth --enable-sdl2 --enable-libwebp --enable-libx264 --enable-libx265 --enable-libxvid --enable-libaom --enable-libopenjpeg --enable-libvpx --enable-mediafoundation --enable-libass --enable-libfreetype --enable-libfribidi --enable-libharfbuzz --enable-libvidstab --enable-libvmaf --enable-libzimg --enable-amf --enable-cuda-llvm --enable-cuvid --enable-dxva2 --enable-d3d11va --enable-d3d12va --enable-ffnvcodec --enable-libvpl --enable-nvdec --enable-nvenc --enable-vaapi --enable-libgme --enable-libopenmpt --enable-libopencore-amrwb --enable-libmp3lame --enable-libtheora --enable-libvo-amrwbenc --enable-libgsm --enable-libopencore-amrnb --enable-libopus --enable-libspeex --enable-libvorbis --enable-librubberband
  libavutil      59. 39.100 / 59. 39.100
  libavcodec     61. 19.101 / 61. 19.101
  libavformat    61.  7.100 / 61.  7.100
  libavdevice    61.  3.100 / 61.  3.100
  libavfilter    10.  4.100 / 10.  4.100
  libswscale      8.  3.100 /  8.  3.100
  libswresample   5.  3.100 /  5.  3.100
  libpostproc    58.  3.100 / 58.  3.100
Input #0, mov,mp4,m4a,3gp,3g2,mj2, from 'D:\Users\Videos\第二次选择\SampleVideo_720x480_1mb.mp4':
  Metadata:
    major_brand     : isom
    minor_version   : 512
    compatible_brands: isomiso2avc1mp41
    creation_time   : 1970-01-01T00:00:00.000000Z
    encoder         : Lavf53.24.2
  Duration: 00:00:05.80, start: 0.000000, bitrate: 1457 kb/s
  Stream #0:0[0x1](und): Video: h264 (Main) (avc1 / 0x31637661), yuv420p(progressive), 640x480 [SAR 1:1 DAR 4:3], 1066 kb/s, 25 fps, 25 tbr, 12800 tbn (default)
      Metadata:
        creation_time   : 1970-01-01T00:00:00.000000Z
        handler_name    : VideoHandler
        vendor_id       : [0][0][0][0]
  Stream #0:1[0x2](und): Audio: aac (LC) (mp4a / 0x6134706D), 48000 Hz, 5.1, fltp, 384 kb/s (default)
      Metadata:
        creation_time   : 1970-01-01T00:00:00.000000Z
        handler_name    : SoundHandler
        vendor_id       : [0][0][0][0]
Stream mapping:
  Stream #0:0 -> #0:0 (h264 (native) -> mjpeg (native))
Press [q] to stop, [?] for help
[vf#0:0 @ 00000000029400c0] No filtered frames for output stream, trying to initialize anyway.
[mjpeg @ 000000000290c040] Non full-range YUV is non-standard, set strict_std_compliance to at most unofficial to use it.
[vost#0:0/mjpeg @ 00000000025f1bc0] Error while opening encoder - maybe incorrect parameters such as bit_rate, rate, width or height.
[vf#0:0 @ 0000000002693fc0] Task finished with error code: -22 (Invalid argument)
[vf#0:0 @ 0000000002693fc0] Terminating thread with return code -22 (Invalid argument)
[vost#0:0/mjpeg @ 00000000025f1bc0] Could not open encoder before EOF
[vost#0:0/mjpeg @ 00000000025f1bc0] Task finished with error code: -22 (Invalid argument)
[vost#0:0/mjpeg @ 00000000025f1bc0] Terminating thread with return code -22 (Invalid argument)
[out#0/image2 @ 00000000025d0700] Nothing was written into output file, because at least one of its streams received no packets.
frame=    0 fps=0.0 q=0.0 Lsize=       0KiB time=N/A bitrate=N/A speed=N/A    
Conversion failed!

2025-05-19T06:36:18.686Z [ERROR] 直接ffmpeg命令生成缩略图失败: Command failed: D:\code\cursor\looklook\node_modules\ffmpeg-static\ffmpeg.exe -ss 00:00:34 -i D:\Users\Videos\第二次选择\SampleVideo_720x480_1mb.mp4 -vframes 1 -s 320x180 -y D:\code\cursor\looklook\userdata\thumbnails\1747636578476-RDpcVXNl.jpg
ffmpeg version 7.1.1-essentials_build-www.gyan.dev Copyright (c) 2000-2025 the FFmpeg developers
  built with gcc 14.2.0 (Rev1, Built by MSYS2 project)
  configuration: --enable-gpl --enable-version3 --enable-static --disable-w32threads --disable-autodetect --enable-fontconfig --enable-iconv --enable-gnutls --enable-libxml2 --enable-gmp --enable-bzlib --enable-lzma --enable-zlib --enable-libsrt --enable-libssh --enable-libzmq --enable-avisynth --enable-sdl2 --enable-libwebp --enable-libx264 --enable-libx265 --enable-libxvid --enable-libaom --enable-libopenjpeg --enable-libvpx --enable-mediafoundation --enable-libass --enable-libfreetype --enable-libfribidi --enable-libharfbuzz --enable-libvidstab --enable-libvmaf --enable-libzimg --enable-amf --enable-cuda-llvm --enable-cuvid --enable-dxva2 --enable-d3d11va --enable-d3d12va --enable-ffnvcodec --enable-libvpl --enable-nvdec --enable-nvenc --enable-vaapi --enable-libgme --enable-libopenmpt --enable-libopencore-amrwb --enable-libmp3lame --enable-libtheora --enable-libvo-amrwbenc --enable-libgsm --enable-libopencore-amrnb --enable-libopus --enable-libspeex --enable-libvorbis --enable-librubberband
  libavutil      59. 39.100 / 59. 39.100
  libavcodec     61. 19.101 / 61. 19.101
  libavformat    61.  7.100 / 61.  7.100
  libavdevice    61.  3.100 / 61.  3.100
  libavfilter    10.  4.100 / 10.  4.100
  libswscale      8.  3.100 /  8.  3.100
  libswresample   5.  3.100 /  5.  3.100
  libpostproc    58.  3.100 / 58.  3.100
Input #0, mov,mp4,m4a,3gp,3g2,mj2, from 'D:\Users\Videos\第二次选择\SampleVideo_720x480_1mb.mp4':
  Metadata:
    major_brand     : isom
    minor_version   : 512
    compatible_brands: isomiso2avc1mp41
    creation_time   : 1970-01-01T00:00:00.000000Z
    encoder         : Lavf53.24.2
  Duration: 00:00:05.80, start: 0.000000, bitrate: 1457 kb/s
  Stream #0:0[0x1](und): Video: h264 (Main) (avc1 / 0x31637661), yuv420p(progressive), 640x480 [SAR 1:1 DAR 4:3], 1066 kb/s, 25 fps, 25 tbr, 12800 tbn (default)
      Metadata:
        creation_time   : 1970-01-01T00:00:00.000000Z
        handler_name    : VideoHandler
        vendor_id       : [0][0][0][0]
  Stream #0:1[0x2](und): Audio: aac (LC) (mp4a / 0x6134706D), 48000 Hz, 5.1, fltp, 384 kb/s (default)
      Metadata:
        creation_time   : 1970-01-01T00:00:00.000000Z
        handler_name    : SoundHandler
        vendor_id       : [0][0][0][0]
Stream mapping:
  Stream #0:0 -> #0:0 (h264 (native) -> mjpeg (native))
Press [q] to stop, [?] for help
[vf#0:0 @ 00000000029400c0] No filtered frames for output stream, trying to initialize anyway.
[mjpeg @ 000000000290c040] Non full-range YUV is non-standard, set strict_std_compliance to at most unofficial to use it.
[vost#0:0/mjpeg @ 00000000025f1bc0] Error while opening encoder - maybe incorrect parameters such as bit_rate, rate, width or height.
[vf#0:0 @ 0000000002693fc0] Task finished with error code: -22 (Invalid argument)
[vf#0:0 @ 0000000002693fc0] Terminating thread with return code -22 (Invalid argument)
[vost#0:0/mjpeg @ 00000000025f1bc0] Could not open encoder before EOF
[vost#0:0/mjpeg @ 00000000025f1bc0] Task finished with error code: -22 (Invalid argument)
[vost#0:0/mjpeg @ 00000000025f1bc0] Terminating thread with return code -22 (Invalid argument)
[out#0/image2 @ 00000000025d0700] Nothing was written into output file, because at least one of its streams received no packets.
frame=    0 fps=0.0 q=0.0 Lsize=       0KiB time=N/A bitrate=N/A speed=N/A    
Conversion failed!

2025-05-19T06:36:18.686Z [LOG] 尝试使用直接命令行方式生成缩略图
2025-05-19T06:36:18.687Z [LOG] 直接获取视频时长（秒数）
2025-05-19T06:36:18.687Z [PATH] 尝试获取FFprobe路径
2025-05-19T06:36:18.687Z [LOG] 使用配置的FFprobe路径: D:\code\cursor\looklook\node_modules\ffprobe-static\bin\win32\x64\ffprobe.exe
2025-05-19T06:36:18.687Z [PATH] 使用配置的FFprobe路径: D:\code\cursor\looklook\node_modules\ffprobe-static\bin\win32\x64\ffprobe.exe
2025-05-19T06:36:18.688Z [LOG] 在开发环境中使用ffprobe路径: D:\code\cursor\looklook\node_modules\ffprobe-static\bin\win32\x64\ffprobe.exe
2025-05-19T06:36:18.688Z [LOG] 执行命令: D:\code\cursor\looklook\node_modules\ffprobe-static\bin\win32\x64\ffprobe.exe -v error -show_entries format=duration -of default=noprint_wrappers=1:nokey=1 D:\Users\Videos\第二次选择\SampleVideo_720x480_1mb.mp4
2025-05-19T06:36:18.751Z [LOG] 时长命令输出: 5.803000
2025-05-19T06:36:18.751Z [LOG] 成功获取视频时长: 5.803 秒
2025-05-19T06:36:18.751Z [LOG] 获取到视频时长: 5.803 秒, 准备截取缩略图
2025-05-19T06:36:18.751Z [LOG] 将在视频的 2 秒处截取缩略图 (随机生成)
2025-05-19T06:36:18.751Z [PATH] 尝试获取FFmpeg路径
2025-05-19T06:36:18.752Z [LOG] 使用配置的FFmpeg路径: D:\code\cursor\looklook\node_modules\ffmpeg-static\ffmpeg.exe
2025-05-19T06:36:18.752Z [PATH] 使用配置的FFmpeg路径: D:\code\cursor\looklook\node_modules\ffmpeg-static\ffmpeg.exe
2025-05-19T06:36:18.752Z [LOG] 执行命令: D:\code\cursor\looklook\node_modules\ffmpeg-static\ffmpeg.exe -i D:\Users\Videos\第二次选择\SampleVideo_720x480_1mb.mp4 -ss 2 -vframes 1 -s 320x180 -y D:\code\cursor\looklook\userdata\thumbnails\1747636578476-RDpcVXNl.jpg
2025-05-19T06:36:18.842Z [LOG] 命令行方式成功生成缩略图: D:\code\cursor\looklook\userdata\thumbnails\1747636578476-RDpcVXNl.jpg
2025-05-19T06:36:18.842Z [LOG] 通过多步骤方法成功生成缩略图
2025-05-19T06:36:18.843Z [LOG] 设置已加载
2025-05-19T06:36:18.843Z [LOG] 获取视频分辨率: D:\Users\Videos\第二次选择\SampleVideo_720x480_20mb.mp4
2025-05-19T06:36:18.843Z [MAIN] 开始获取视频分辨率: D:\Users\Videos\第二次选择\SampleVideo_720x480_20mb.mp4
2025-05-19T06:36:18.843Z [LOG] 直接获取视频分辨率
2025-05-19T06:36:18.843Z [RESOLUTION] 开始获取视频分辨率: D:\Users\Videos\第二次选择\SampleVideo_720x480_20mb.mp4
2025-05-19T06:36:18.843Z [PATH] 尝试获取FFprobe路径
2025-05-19T06:36:18.844Z [LOG] 使用配置的FFprobe路径: D:\code\cursor\looklook\node_modules\ffprobe-static\bin\win32\x64\ffprobe.exe
2025-05-19T06:36:18.844Z [PATH] 使用配置的FFprobe路径: D:\code\cursor\looklook\node_modules\ffprobe-static\bin\win32\x64\ffprobe.exe
2025-05-19T06:36:18.844Z [RESOLUTION] 在开发环境中使用ffprobe路径: D:\code\cursor\looklook\node_modules\ffprobe-static\bin\win32\x64\ffprobe.exe
2025-05-19T06:36:18.844Z [RESOLUTION] 检查ffprobe可执行文件是否存在: true
2025-05-19T06:36:18.844Z [LOG] 执行命令: "D:\code\cursor\looklook\node_modules\ffprobe-static\bin\win32\x64\ffprobe.exe" -v error -select_streams v:0 -show_entries stream=width,height -of csv=s=x:p=0 "D:\Users\Videos\第二次选择\SampleVideo_720x480_20mb.mp4"
2025-05-19T06:36:18.844Z [RESOLUTION] 开始执行命令获取分辨率: "D:\code\cursor\looklook\node_modules\ffprobe-static\bin\win32\x64\ffprobe.exe" -v error -select_streams v:0 -show_entries stream=width,height -of csv=s=x:p=0 "D:\Users\Videos\第二次选择\SampleVideo_720x480_20mb.mp4"
2025-05-19T06:36:18.913Z [RESOLUTION] 命令输出: "640x480"
2025-05-19T06:36:18.913Z [LOG] 成功解析分辨率: 640×480
2025-05-19T06:36:18.913Z [RESOLUTION] 成功解析分辨率: 640×480
2025-05-19T06:36:18.914Z [LOG] 获取视频时长: D:\Users\Videos\第二次选择\SampleVideo_720x480_20mb.mp4
2025-05-19T06:36:18.914Z [MAIN] 开始获取视频时长: D:\Users\Videos\第二次选择\SampleVideo_720x480_20mb.mp4
2025-05-19T06:36:18.914Z [LOG] 直接获取视频时长
2025-05-19T06:36:18.914Z [DURATION] 开始获取视频时长: D:\Users\Videos\第二次选择\SampleVideo_720x480_20mb.mp4
2025-05-19T06:36:18.914Z [PATH] 尝试获取FFprobe路径
2025-05-19T06:36:18.915Z [LOG] 使用配置的FFprobe路径: D:\code\cursor\looklook\node_modules\ffprobe-static\bin\win32\x64\ffprobe.exe
2025-05-19T06:36:18.915Z [PATH] 使用配置的FFprobe路径: D:\code\cursor\looklook\node_modules\ffprobe-static\bin\win32\x64\ffprobe.exe
2025-05-19T06:36:18.915Z [DURATION] 在开发环境中使用ffprobe路径: D:\code\cursor\looklook\node_modules\ffprobe-static\bin\win32\x64\ffprobe.exe
2025-05-19T06:36:18.915Z [DURATION] 检查ffprobe可执行文件是否存在: true
2025-05-19T06:36:18.915Z [LOG] 执行命令: "D:\code\cursor\looklook\node_modules\ffprobe-static\bin\win32\x64\ffprobe.exe" -v error -show_entries format=duration -of default=noprint_wrappers=1:nokey=1 "D:\Users\Videos\第二次选择\SampleVideo_720x480_20mb.mp4"
2025-05-19T06:36:18.916Z [DURATION] 开始执行命令获取时长: "D:\code\cursor\looklook\node_modules\ffprobe-static\bin\win32\x64\ffprobe.exe" -v error -show_entries format=duration -of default=noprint_wrappers=1:nokey=1 "D:\Users\Videos\第二次选择\SampleVideo_720x480_20mb.mp4"
2025-05-19T06:36:18.983Z [DURATION] 命令输出: "127.318000"
2025-05-19T06:36:18.983Z [LOG] 成功解析时长: 00:02:07
2025-05-19T06:36:18.983Z [DURATION] 成功解析时长: 00:02:07
2025-05-19T06:36:18.984Z [LOG] 开始生成缩略图，视频路径: D:\Users\Videos\第二次选择\SampleVideo_720x480_20mb.mp4
2025-05-19T06:36:18.984Z [LOG] 缩略图输出路径: D:\code\cursor\looklook\userdata\thumbnails\1747636578939-RDpcVXNl.jpg
2025-05-19T06:36:18.984Z [LOG] 生成随机时间点: 00:00:39
2025-05-19T06:36:18.984Z [LOG] 使用直接命令行ffmpeg生成缩略图
2025-05-19T06:36:18.985Z [PATH] 尝试获取FFmpeg路径
2025-05-19T06:36:18.985Z [LOG] 使用配置的FFmpeg路径: D:\code\cursor\looklook\node_modules\ffmpeg-static\ffmpeg.exe
2025-05-19T06:36:18.985Z [PATH] 使用配置的FFmpeg路径: D:\code\cursor\looklook\node_modules\ffmpeg-static\ffmpeg.exe
2025-05-19T06:36:18.985Z [LOG] 将使用时间点 00:00:39 生成缩略图
2025-05-19T06:36:18.985Z [LOG] 执行命令: D:\code\cursor\looklook\node_modules\ffmpeg-static\ffmpeg.exe -ss 00:00:39 -i D:\Users\Videos\第二次选择\SampleVideo_720x480_20mb.mp4 -vframes 1 -s 320x180 -y D:\code\cursor\looklook\userdata\thumbnails\1747636578939-RDpcVXNl.jpg
2025-05-19T06:36:19.099Z [LOG] 直接ffmpeg成功生成缩略图: D:\code\cursor\looklook\userdata\thumbnails\1747636578939-RDpcVXNl.jpg
2025-05-19T06:36:19.100Z [LOG] 通过直接ffmpeg命令生成缩略图成功
2025-05-19T06:36:19.100Z [LOG] 设置已加载
2025-05-19T06:36:19.100Z [LOG] 获取视频分辨率: D:\Users\Videos\第二次选择\SampleVideo_720x480_2mb.mp4
2025-05-19T06:36:19.100Z [MAIN] 开始获取视频分辨率: D:\Users\Videos\第二次选择\SampleVideo_720x480_2mb.mp4
2025-05-19T06:36:19.101Z [LOG] 直接获取视频分辨率
2025-05-19T06:36:19.101Z [RESOLUTION] 开始获取视频分辨率: D:\Users\Videos\第二次选择\SampleVideo_720x480_2mb.mp4
2025-05-19T06:36:19.101Z [PATH] 尝试获取FFprobe路径
2025-05-19T06:36:19.101Z [LOG] 使用配置的FFprobe路径: D:\code\cursor\looklook\node_modules\ffprobe-static\bin\win32\x64\ffprobe.exe
2025-05-19T06:36:19.101Z [PATH] 使用配置的FFprobe路径: D:\code\cursor\looklook\node_modules\ffprobe-static\bin\win32\x64\ffprobe.exe
2025-05-19T06:36:19.101Z [RESOLUTION] 在开发环境中使用ffprobe路径: D:\code\cursor\looklook\node_modules\ffprobe-static\bin\win32\x64\ffprobe.exe
2025-05-19T06:36:19.101Z [RESOLUTION] 检查ffprobe可执行文件是否存在: true
2025-05-19T06:36:19.101Z [LOG] 执行命令: "D:\code\cursor\looklook\node_modules\ffprobe-static\bin\win32\x64\ffprobe.exe" -v error -select_streams v:0 -show_entries stream=width,height -of csv=s=x:p=0 "D:\Users\Videos\第二次选择\SampleVideo_720x480_2mb.mp4"
2025-05-19T06:36:19.101Z [RESOLUTION] 开始执行命令获取分辨率: "D:\code\cursor\looklook\node_modules\ffprobe-static\bin\win32\x64\ffprobe.exe" -v error -select_streams v:0 -show_entries stream=width,height -of csv=s=x:p=0 "D:\Users\Videos\第二次选择\SampleVideo_720x480_2mb.mp4"
2025-05-19T06:36:19.165Z [RESOLUTION] 命令输出: "640x480"
2025-05-19T06:36:19.165Z [LOG] 成功解析分辨率: 640×480
2025-05-19T06:36:19.166Z [RESOLUTION] 成功解析分辨率: 640×480
2025-05-19T06:36:19.166Z [LOG] 获取视频时长: D:\Users\Videos\第二次选择\SampleVideo_720x480_2mb.mp4
2025-05-19T06:36:19.166Z [MAIN] 开始获取视频时长: D:\Users\Videos\第二次选择\SampleVideo_720x480_2mb.mp4
2025-05-19T06:36:19.166Z [LOG] 直接获取视频时长
2025-05-19T06:36:19.166Z [DURATION] 开始获取视频时长: D:\Users\Videos\第二次选择\SampleVideo_720x480_2mb.mp4
2025-05-19T06:36:19.166Z [PATH] 尝试获取FFprobe路径
2025-05-19T06:36:19.167Z [LOG] 使用配置的FFprobe路径: D:\code\cursor\looklook\node_modules\ffprobe-static\bin\win32\x64\ffprobe.exe
2025-05-19T06:36:19.167Z [PATH] 使用配置的FFprobe路径: D:\code\cursor\looklook\node_modules\ffprobe-static\bin\win32\x64\ffprobe.exe
2025-05-19T06:36:19.167Z [DURATION] 在开发环境中使用ffprobe路径: D:\code\cursor\looklook\node_modules\ffprobe-static\bin\win32\x64\ffprobe.exe
2025-05-19T06:36:19.167Z [DURATION] 检查ffprobe可执行文件是否存在: true
2025-05-19T06:36:19.167Z [LOG] 执行命令: "D:\code\cursor\looklook\node_modules\ffprobe-static\bin\win32\x64\ffprobe.exe" -v error -show_entries format=duration -of default=noprint_wrappers=1:nokey=1 "D:\Users\Videos\第二次选择\SampleVideo_720x480_2mb.mp4"
2025-05-19T06:36:19.167Z [DURATION] 开始执行命令获取时长: "D:\code\cursor\looklook\node_modules\ffprobe-static\bin\win32\x64\ffprobe.exe" -v error -show_entries format=duration -of default=noprint_wrappers=1:nokey=1 "D:\Users\Videos\第二次选择\SampleVideo_720x480_2mb.mp4"
2025-05-19T06:36:19.236Z [DURATION] 命令输出: "15.318000"
2025-05-19T06:36:19.237Z [LOG] 成功解析时长: 00:00:15
2025-05-19T06:36:19.237Z [DURATION] 成功解析时长: 00:00:15
2025-05-19T06:36:19.237Z [LOG] 开始生成缩略图，视频路径: D:\Users\Videos\第二次选择\SampleVideo_720x480_2mb.mp4
2025-05-19T06:36:19.237Z [LOG] 缩略图输出路径: D:\code\cursor\looklook\userdata\thumbnails\1747636579594-RDpcVXNl.jpg
2025-05-19T06:36:19.238Z [LOG] 生成随机时间点: 00:00:37
2025-05-19T06:36:19.238Z [LOG] 使用直接命令行ffmpeg生成缩略图
2025-05-19T06:36:19.238Z [PATH] 尝试获取FFmpeg路径
2025-05-19T06:36:19.238Z [LOG] 使用配置的FFmpeg路径: D:\code\cursor\looklook\node_modules\ffmpeg-static\ffmpeg.exe
2025-05-19T06:36:19.239Z [PATH] 使用配置的FFmpeg路径: D:\code\cursor\looklook\node_modules\ffmpeg-static\ffmpeg.exe
2025-05-19T06:36:19.239Z [LOG] 将使用时间点 00:00:37 生成缩略图
2025-05-19T06:36:19.239Z [LOG] 执行命令: D:\code\cursor\looklook\node_modules\ffmpeg-static\ffmpeg.exe -ss 00:00:37 -i D:\Users\Videos\第二次选择\SampleVideo_720x480_2mb.mp4 -vframes 1 -s 320x180 -y D:\code\cursor\looklook\userdata\thumbnails\1747636579594-RDpcVXNl.jpg
2025-05-19T06:36:19.840Z [ERROR] 直接ffmpeg生成缩略图失败: Command failed: D:\code\cursor\looklook\node_modules\ffmpeg-static\ffmpeg.exe -ss 00:00:37 -i D:\Users\Videos\第二次选择\SampleVideo_720x480_2mb.mp4 -vframes 1 -s 320x180 -y D:\code\cursor\looklook\userdata\thumbnails\1747636579594-RDpcVXNl.jpg
ffmpeg version 7.1.1-essentials_build-www.gyan.dev Copyright (c) 2000-2025 the FFmpeg developers
  built with gcc 14.2.0 (Rev1, Built by MSYS2 project)
  configuration: --enable-gpl --enable-version3 --enable-static --disable-w32threads --disable-autodetect --enable-fontconfig --enable-iconv --enable-gnutls --enable-libxml2 --enable-gmp --enable-bzlib --enable-lzma --enable-zlib --enable-libsrt --enable-libssh --enable-libzmq --enable-avisynth --enable-sdl2 --enable-libwebp --enable-libx264 --enable-libx265 --enable-libxvid --enable-libaom --enable-libopenjpeg --enable-libvpx --enable-mediafoundation --enable-libass --enable-libfreetype --enable-libfribidi --enable-libharfbuzz --enable-libvidstab --enable-libvmaf --enable-libzimg --enable-amf --enable-cuda-llvm --enable-cuvid --enable-dxva2 --enable-d3d11va --enable-d3d12va --enable-ffnvcodec --enable-libvpl --enable-nvdec --enable-nvenc --enable-vaapi --enable-libgme --enable-libopenmpt --enable-libopencore-amrwb --enable-libmp3lame --enable-libtheora --enable-libvo-amrwbenc --enable-libgsm --enable-libopencore-amrnb --enable-libopus --enable-libspeex --enable-libvorbis --enable-librubberband
  libavutil      59. 39.100 / 59. 39.100
  libavcodec     61. 19.101 / 61. 19.101
  libavformat    61.  7.100 / 61.  7.100
  libavdevice    61.  3.100 / 61.  3.100
  libavfilter    10.  4.100 / 10.  4.100
  libswscale      8.  3.100 /  8.  3.100
  libswresample   5.  3.100 /  5.  3.100
  libpostproc    58.  3.100 / 58.  3.100
Input #0, mov,mp4,m4a,3gp,3g2,mj2, from 'D:\Users\Videos\第二次选择\SampleVideo_720x480_2mb.mp4':
  Metadata:
    major_brand     : isom
    minor_version   : 512
    compatible_brands: isomiso2avc1mp41
    creation_time   : 1970-01-01T00:00:00.000000Z
    encoder         : Lavf53.24.2
  Duration: 00:00:15.32, start: 0.000000, bitrate: 1095 kb/s
  Stream #0:0[0x1](und): Video: h264 (Main) (avc1 / 0x31637661), yuv420p(progressive), 640x480 [SAR 1:1 DAR 4:3], 709 kb/s, 25 fps, 25 tbr, 12800 tbn (default)
      Metadata:
        creation_time   : 1970-01-01T00:00:00.000000Z
        handler_name    : VideoHandler
        vendor_id       : [0][0][0][0]
  Stream #0:1[0x2](und): Audio: aac (LC) (mp4a / 0x6134706D), 48000 Hz, 5.1, fltp, 382 kb/s (default)
      Metadata:
        creation_time   : 1970-01-01T00:00:00.000000Z
        handler_name    : SoundHandler
        vendor_id       : [0][0][0][0]
Stream mapping:
  Stream #0:0 -> #0:0 (h264 (native) -> mjpeg (native))
Press [q] to stop, [?] for help
[vf#0:0 @ 00000000028ec8c0] No filtered frames for output stream, trying to initialize anyway.
[mjpeg @ 00000000028ec040] Non full-range YUV is non-standard, set strict_std_compliance to at most unofficial to use it.
[vost#0:0/mjpeg @ 0000000002640a40] Error while opening encoder - maybe incorrect parameters such as bit_rate, rate, width or height.
[vf#0:0 @ 00000000026de240] Task finished with error code: -22 (Invalid argument)
[vf#0:0 @ 00000000026de240] Terminating thread with return code -22 (Invalid argument)
[vost#0:0/mjpeg @ 0000000002640a40] Could not open encoder before EOF
[vost#0:0/mjpeg @ 0000000002640a40] Task finished with error code: -22 (Invalid argument)
[vost#0:0/mjpeg @ 0000000002640a40] Terminating thread with return code -22 (Invalid argument)
[out#0/image2 @ 00000000026dee40] Nothing was written into output file, because at least one of its streams received no packets.
frame=    0 fps=0.0 q=0.0 Lsize=       0KiB time=N/A bitrate=N/A speed=N/A    
Conversion failed!

2025-05-19T06:36:19.844Z [ERROR] STDERR: ffmpeg version 7.1.1-essentials_build-www.gyan.dev Copyright (c) 2000-2025 the FFmpeg developers
  built with gcc 14.2.0 (Rev1, Built by MSYS2 project)
  configuration: --enable-gpl --enable-version3 --enable-static --disable-w32threads --disable-autodetect --enable-fontconfig --enable-iconv --enable-gnutls --enable-libxml2 --enable-gmp --enable-bzlib --enable-lzma --enable-zlib --enable-libsrt --enable-libssh --enable-libzmq --enable-avisynth --enable-sdl2 --enable-libwebp --enable-libx264 --enable-libx265 --enable-libxvid --enable-libaom --enable-libopenjpeg --enable-libvpx --enable-mediafoundation --enable-libass --enable-libfreetype --enable-libfribidi --enable-libharfbuzz --enable-libvidstab --enable-libvmaf --enable-libzimg --enable-amf --enable-cuda-llvm --enable-cuvid --enable-dxva2 --enable-d3d11va --enable-d3d12va --enable-ffnvcodec --enable-libvpl --enable-nvdec --enable-nvenc --enable-vaapi --enable-libgme --enable-libopenmpt --enable-libopencore-amrwb --enable-libmp3lame --enable-libtheora --enable-libvo-amrwbenc --enable-libgsm --enable-libopencore-amrnb --enable-libopus --enable-libspeex --enable-libvorbis --enable-librubberband
  libavutil      59. 39.100 / 59. 39.100
  libavcodec     61. 19.101 / 61. 19.101
  libavformat    61.  7.100 / 61.  7.100
  libavdevice    61.  3.100 / 61.  3.100
  libavfilter    10.  4.100 / 10.  4.100
  libswscale      8.  3.100 /  8.  3.100
  libswresample   5.  3.100 /  5.  3.100
  libpostproc    58.  3.100 / 58.  3.100
Input #0, mov,mp4,m4a,3gp,3g2,mj2, from 'D:\Users\Videos\第二次选择\SampleVideo_720x480_2mb.mp4':
  Metadata:
    major_brand     : isom
    minor_version   : 512
    compatible_brands: isomiso2avc1mp41
    creation_time   : 1970-01-01T00:00:00.000000Z
    encoder         : Lavf53.24.2
  Duration: 00:00:15.32, start: 0.000000, bitrate: 1095 kb/s
  Stream #0:0[0x1](und): Video: h264 (Main) (avc1 / 0x31637661), yuv420p(progressive), 640x480 [SAR 1:1 DAR 4:3], 709 kb/s, 25 fps, 25 tbr, 12800 tbn (default)
      Metadata:
        creation_time   : 1970-01-01T00:00:00.000000Z
        handler_name    : VideoHandler
        vendor_id       : [0][0][0][0]
  Stream #0:1[0x2](und): Audio: aac (LC) (mp4a / 0x6134706D), 48000 Hz, 5.1, fltp, 382 kb/s (default)
      Metadata:
        creation_time   : 1970-01-01T00:00:00.000000Z
        handler_name    : SoundHandler
        vendor_id       : [0][0][0][0]
Stream mapping:
  Stream #0:0 -> #0:0 (h264 (native) -> mjpeg (native))
Press [q] to stop, [?] for help
[vf#0:0 @ 00000000028ec8c0] No filtered frames for output stream, trying to initialize anyway.
[mjpeg @ 00000000028ec040] Non full-range YUV is non-standard, set strict_std_compliance to at most unofficial to use it.
[vost#0:0/mjpeg @ 0000000002640a40] Error while opening encoder - maybe incorrect parameters such as bit_rate, rate, width or height.
[vf#0:0 @ 00000000026de240] Task finished with error code: -22 (Invalid argument)
[vf#0:0 @ 00000000026de240] Terminating thread with return code -22 (Invalid argument)
[vost#0:0/mjpeg @ 0000000002640a40] Could not open encoder before EOF
[vost#0:0/mjpeg @ 0000000002640a40] Task finished with error code: -22 (Invalid argument)
[vost#0:0/mjpeg @ 0000000002640a40] Terminating thread with return code -22 (Invalid argument)
[out#0/image2 @ 00000000026dee40] Nothing was written into output file, because at least one of its streams received no packets.
frame=    0 fps=0.0 q=0.0 Lsize=       0KiB time=N/A bitrate=N/A speed=N/A    
Conversion failed!

2025-05-19T06:36:19.848Z [ERROR] 直接ffmpeg命令生成缩略图失败: Command failed: D:\code\cursor\looklook\node_modules\ffmpeg-static\ffmpeg.exe -ss 00:00:37 -i D:\Users\Videos\第二次选择\SampleVideo_720x480_2mb.mp4 -vframes 1 -s 320x180 -y D:\code\cursor\looklook\userdata\thumbnails\1747636579594-RDpcVXNl.jpg
ffmpeg version 7.1.1-essentials_build-www.gyan.dev Copyright (c) 2000-2025 the FFmpeg developers
  built with gcc 14.2.0 (Rev1, Built by MSYS2 project)
  configuration: --enable-gpl --enable-version3 --enable-static --disable-w32threads --disable-autodetect --enable-fontconfig --enable-iconv --enable-gnutls --enable-libxml2 --enable-gmp --enable-bzlib --enable-lzma --enable-zlib --enable-libsrt --enable-libssh --enable-libzmq --enable-avisynth --enable-sdl2 --enable-libwebp --enable-libx264 --enable-libx265 --enable-libxvid --enable-libaom --enable-libopenjpeg --enable-libvpx --enable-mediafoundation --enable-libass --enable-libfreetype --enable-libfribidi --enable-libharfbuzz --enable-libvidstab --enable-libvmaf --enable-libzimg --enable-amf --enable-cuda-llvm --enable-cuvid --enable-dxva2 --enable-d3d11va --enable-d3d12va --enable-ffnvcodec --enable-libvpl --enable-nvdec --enable-nvenc --enable-vaapi --enable-libgme --enable-libopenmpt --enable-libopencore-amrwb --enable-libmp3lame --enable-libtheora --enable-libvo-amrwbenc --enable-libgsm --enable-libopencore-amrnb --enable-libopus --enable-libspeex --enable-libvorbis --enable-librubberband
  libavutil      59. 39.100 / 59. 39.100
  libavcodec     61. 19.101 / 61. 19.101
  libavformat    61.  7.100 / 61.  7.100
  libavdevice    61.  3.100 / 61.  3.100
  libavfilter    10.  4.100 / 10.  4.100
  libswscale      8.  3.100 /  8.  3.100
  libswresample   5.  3.100 /  5.  3.100
  libpostproc    58.  3.100 / 58.  3.100
Input #0, mov,mp4,m4a,3gp,3g2,mj2, from 'D:\Users\Videos\第二次选择\SampleVideo_720x480_2mb.mp4':
  Metadata:
    major_brand     : isom
    minor_version   : 512
    compatible_brands: isomiso2avc1mp41
    creation_time   : 1970-01-01T00:00:00.000000Z
    encoder         : Lavf53.24.2
  Duration: 00:00:15.32, start: 0.000000, bitrate: 1095 kb/s
  Stream #0:0[0x1](und): Video: h264 (Main) (avc1 / 0x31637661), yuv420p(progressive), 640x480 [SAR 1:1 DAR 4:3], 709 kb/s, 25 fps, 25 tbr, 12800 tbn (default)
      Metadata:
        creation_time   : 1970-01-01T00:00:00.000000Z
        handler_name    : VideoHandler
        vendor_id       : [0][0][0][0]
  Stream #0:1[0x2](und): Audio: aac (LC) (mp4a / 0x6134706D), 48000 Hz, 5.1, fltp, 382 kb/s (default)
      Metadata:
        creation_time   : 1970-01-01T00:00:00.000000Z
        handler_name    : SoundHandler
        vendor_id       : [0][0][0][0]
Stream mapping:
  Stream #0:0 -> #0:0 (h264 (native) -> mjpeg (native))
Press [q] to stop, [?] for help
[vf#0:0 @ 00000000028ec8c0] No filtered frames for output stream, trying to initialize anyway.
[mjpeg @ 00000000028ec040] Non full-range YUV is non-standard, set strict_std_compliance to at most unofficial to use it.
[vost#0:0/mjpeg @ 0000000002640a40] Error while opening encoder - maybe incorrect parameters such as bit_rate, rate, width or height.
[vf#0:0 @ 00000000026de240] Task finished with error code: -22 (Invalid argument)
[vf#0:0 @ 00000000026de240] Terminating thread with return code -22 (Invalid argument)
[vost#0:0/mjpeg @ 0000000002640a40] Could not open encoder before EOF
[vost#0:0/mjpeg @ 0000000002640a40] Task finished with error code: -22 (Invalid argument)
[vost#0:0/mjpeg @ 0000000002640a40] Terminating thread with return code -22 (Invalid argument)
[out#0/image2 @ 00000000026dee40] Nothing was written into output file, because at least one of its streams received no packets.
frame=    0 fps=0.0 q=0.0 Lsize=       0KiB time=N/A bitrate=N/A speed=N/A    
Conversion failed!

2025-05-19T06:36:19.849Z [LOG] 尝试使用直接命令行方式生成缩略图
2025-05-19T06:36:19.849Z [LOG] 直接获取视频时长（秒数）
2025-05-19T06:36:19.849Z [PATH] 尝试获取FFprobe路径
2025-05-19T06:36:19.850Z [LOG] 使用配置的FFprobe路径: D:\code\cursor\looklook\node_modules\ffprobe-static\bin\win32\x64\ffprobe.exe
2025-05-19T06:36:19.850Z [PATH] 使用配置的FFprobe路径: D:\code\cursor\looklook\node_modules\ffprobe-static\bin\win32\x64\ffprobe.exe
2025-05-19T06:36:19.850Z [LOG] 在开发环境中使用ffprobe路径: D:\code\cursor\looklook\node_modules\ffprobe-static\bin\win32\x64\ffprobe.exe
2025-05-19T06:36:19.851Z [LOG] 执行命令: D:\code\cursor\looklook\node_modules\ffprobe-static\bin\win32\x64\ffprobe.exe -v error -show_entries format=duration -of default=noprint_wrappers=1:nokey=1 D:\Users\Videos\第二次选择\SampleVideo_720x480_2mb.mp4
2025-05-19T06:36:19.919Z [LOG] 时长命令输出: 15.318000
2025-05-19T06:36:19.919Z [LOG] 成功获取视频时长: 15.318 秒
2025-05-19T06:36:19.920Z [LOG] 获取到视频时长: 15.318 秒, 准备截取缩略图
2025-05-19T06:36:19.920Z [LOG] 将在视频的 4 秒处截取缩略图 (随机生成)
2025-05-19T06:36:19.921Z [PATH] 尝试获取FFmpeg路径
2025-05-19T06:36:19.921Z [LOG] 使用配置的FFmpeg路径: D:\code\cursor\looklook\node_modules\ffmpeg-static\ffmpeg.exe
2025-05-19T06:36:19.921Z [PATH] 使用配置的FFmpeg路径: D:\code\cursor\looklook\node_modules\ffmpeg-static\ffmpeg.exe
2025-05-19T06:36:19.921Z [LOG] 执行命令: D:\code\cursor\looklook\node_modules\ffmpeg-static\ffmpeg.exe -i D:\Users\Videos\第二次选择\SampleVideo_720x480_2mb.mp4 -ss 4 -vframes 1 -s 320x180 -y D:\code\cursor\looklook\userdata\thumbnails\1747636579594-RDpcVXNl.jpg
2025-05-19T06:36:20.027Z [LOG] 命令行方式成功生成缩略图: D:\code\cursor\looklook\userdata\thumbnails\1747636579594-RDpcVXNl.jpg
2025-05-19T06:36:20.028Z [LOG] 通过多步骤方法成功生成缩略图
2025-05-19T06:36:20.028Z [LOG] 设置已加载
2025-05-19T06:36:20.028Z [LOG] 获取视频分辨率: D:\Users\Videos\第二次选择\SampleVideo_720x480_30mb.mp4
2025-05-19T06:36:20.029Z [MAIN] 开始获取视频分辨率: D:\Users\Videos\第二次选择\SampleVideo_720x480_30mb.mp4
2025-05-19T06:36:20.029Z [LOG] 直接获取视频分辨率
2025-05-19T06:36:20.029Z [RESOLUTION] 开始获取视频分辨率: D:\Users\Videos\第二次选择\SampleVideo_720x480_30mb.mp4
2025-05-19T06:36:20.029Z [PATH] 尝试获取FFprobe路径
2025-05-19T06:36:20.029Z [LOG] 使用配置的FFprobe路径: D:\code\cursor\looklook\node_modules\ffprobe-static\bin\win32\x64\ffprobe.exe
2025-05-19T06:36:20.029Z [PATH] 使用配置的FFprobe路径: D:\code\cursor\looklook\node_modules\ffprobe-static\bin\win32\x64\ffprobe.exe
2025-05-19T06:36:20.029Z [RESOLUTION] 在开发环境中使用ffprobe路径: D:\code\cursor\looklook\node_modules\ffprobe-static\bin\win32\x64\ffprobe.exe
2025-05-19T06:36:20.029Z [RESOLUTION] 检查ffprobe可执行文件是否存在: true
2025-05-19T06:36:20.030Z [LOG] 执行命令: "D:\code\cursor\looklook\node_modules\ffprobe-static\bin\win32\x64\ffprobe.exe" -v error -select_streams v:0 -show_entries stream=width,height -of csv=s=x:p=0 "D:\Users\Videos\第二次选择\SampleVideo_720x480_30mb.mp4"
2025-05-19T06:36:20.030Z [RESOLUTION] 开始执行命令获取分辨率: "D:\code\cursor\looklook\node_modules\ffprobe-static\bin\win32\x64\ffprobe.exe" -v error -select_streams v:0 -show_entries stream=width,height -of csv=s=x:p=0 "D:\Users\Videos\第二次选择\SampleVideo_720x480_30mb.mp4"
2025-05-19T06:36:20.098Z [RESOLUTION] 命令输出: "640x480"
2025-05-19T06:36:20.098Z [LOG] 成功解析分辨率: 640×480
2025-05-19T06:36:20.098Z [RESOLUTION] 成功解析分辨率: 640×480
2025-05-19T06:36:20.099Z [LOG] 获取视频时长: D:\Users\Videos\第二次选择\SampleVideo_720x480_30mb.mp4
2025-05-19T06:36:20.099Z [MAIN] 开始获取视频时长: D:\Users\Videos\第二次选择\SampleVideo_720x480_30mb.mp4
2025-05-19T06:36:20.099Z [LOG] 直接获取视频时长
2025-05-19T06:36:20.099Z [DURATION] 开始获取视频时长: D:\Users\Videos\第二次选择\SampleVideo_720x480_30mb.mp4
2025-05-19T06:36:20.099Z [PATH] 尝试获取FFprobe路径
2025-05-19T06:36:20.099Z [LOG] 使用配置的FFprobe路径: D:\code\cursor\looklook\node_modules\ffprobe-static\bin\win32\x64\ffprobe.exe
2025-05-19T06:36:20.100Z [PATH] 使用配置的FFprobe路径: D:\code\cursor\looklook\node_modules\ffprobe-static\bin\win32\x64\ffprobe.exe
2025-05-19T06:36:20.100Z [DURATION] 在开发环境中使用ffprobe路径: D:\code\cursor\looklook\node_modules\ffprobe-static\bin\win32\x64\ffprobe.exe
2025-05-19T06:36:20.100Z [DURATION] 检查ffprobe可执行文件是否存在: true
2025-05-19T06:36:20.100Z [LOG] 执行命令: "D:\code\cursor\looklook\node_modules\ffprobe-static\bin\win32\x64\ffprobe.exe" -v error -show_entries format=duration -of default=noprint_wrappers=1:nokey=1 "D:\Users\Videos\第二次选择\SampleVideo_720x480_30mb.mp4"
2025-05-19T06:36:20.100Z [DURATION] 开始执行命令获取时长: "D:\code\cursor\looklook\node_modules\ffprobe-static\bin\win32\x64\ffprobe.exe" -v error -show_entries format=duration -of default=noprint_wrappers=1:nokey=1 "D:\Users\Videos\第二次选择\SampleVideo_720x480_30mb.mp4"
2025-05-19T06:36:20.166Z [DURATION] 命令输出: "183.318000"
2025-05-19T06:36:20.167Z [LOG] 成功解析时长: 00:03:03
2025-05-19T06:36:20.167Z [DURATION] 成功解析时长: 00:03:03
2025-05-19T06:36:20.167Z [LOG] 开始生成缩略图，视频路径: D:\Users\Videos\第二次选择\SampleVideo_720x480_30mb.mp4
2025-05-19T06:36:20.168Z [LOG] 缩略图输出路径: D:\code\cursor\looklook\userdata\thumbnails\1747636580194-RDpcVXNl.jpg
2025-05-19T06:36:20.168Z [LOG] 生成随机时间点: 00:00:37
2025-05-19T06:36:20.168Z [LOG] 使用直接命令行ffmpeg生成缩略图
2025-05-19T06:36:20.168Z [PATH] 尝试获取FFmpeg路径
2025-05-19T06:36:20.169Z [LOG] 使用配置的FFmpeg路径: D:\code\cursor\looklook\node_modules\ffmpeg-static\ffmpeg.exe
2025-05-19T06:36:20.169Z [PATH] 使用配置的FFmpeg路径: D:\code\cursor\looklook\node_modules\ffmpeg-static\ffmpeg.exe
2025-05-19T06:36:20.169Z [LOG] 将使用时间点 00:00:37 生成缩略图
2025-05-19T06:36:20.169Z [LOG] 执行命令: D:\code\cursor\looklook\node_modules\ffmpeg-static\ffmpeg.exe -ss 00:00:37 -i D:\Users\Videos\第二次选择\SampleVideo_720x480_30mb.mp4 -vframes 1 -s 320x180 -y D:\code\cursor\looklook\userdata\thumbnails\1747636580194-RDpcVXNl.jpg
2025-05-19T06:36:20.269Z [LOG] 直接ffmpeg成功生成缩略图: D:\code\cursor\looklook\userdata\thumbnails\1747636580194-RDpcVXNl.jpg
2025-05-19T06:36:20.269Z [LOG] 通过直接ffmpeg命令生成缩略图成功
2025-05-19T06:36:20.270Z [LOG] 设置已加载
2025-05-19T06:36:20.270Z [LOG] 获取视频分辨率: D:\Users\Videos\第二次选择\SampleVideo_720x480_5mb.mp4
2025-05-19T06:36:20.270Z [MAIN] 开始获取视频分辨率: D:\Users\Videos\第二次选择\SampleVideo_720x480_5mb.mp4
2025-05-19T06:36:20.270Z [LOG] 直接获取视频分辨率
2025-05-19T06:36:20.271Z [RESOLUTION] 开始获取视频分辨率: D:\Users\Videos\第二次选择\SampleVideo_720x480_5mb.mp4
2025-05-19T06:36:20.271Z [PATH] 尝试获取FFprobe路径
2025-05-19T06:36:20.271Z [LOG] 使用配置的FFprobe路径: D:\code\cursor\looklook\node_modules\ffprobe-static\bin\win32\x64\ffprobe.exe
2025-05-19T06:36:20.271Z [PATH] 使用配置的FFprobe路径: D:\code\cursor\looklook\node_modules\ffprobe-static\bin\win32\x64\ffprobe.exe
2025-05-19T06:36:20.271Z [RESOLUTION] 在开发环境中使用ffprobe路径: D:\code\cursor\looklook\node_modules\ffprobe-static\bin\win32\x64\ffprobe.exe
2025-05-19T06:36:20.271Z [RESOLUTION] 检查ffprobe可执行文件是否存在: true
2025-05-19T06:36:20.271Z [LOG] 执行命令: "D:\code\cursor\looklook\node_modules\ffprobe-static\bin\win32\x64\ffprobe.exe" -v error -select_streams v:0 -show_entries stream=width,height -of csv=s=x:p=0 "D:\Users\Videos\第二次选择\SampleVideo_720x480_5mb.mp4"
2025-05-19T06:36:20.271Z [RESOLUTION] 开始执行命令获取分辨率: "D:\code\cursor\looklook\node_modules\ffprobe-static\bin\win32\x64\ffprobe.exe" -v error -select_streams v:0 -show_entries stream=width,height -of csv=s=x:p=0 "D:\Users\Videos\第二次选择\SampleVideo_720x480_5mb.mp4"
2025-05-19T06:36:20.338Z [RESOLUTION] 命令输出: "640x480"
2025-05-19T06:36:20.338Z [LOG] 成功解析分辨率: 640×480
2025-05-19T06:36:20.338Z [RESOLUTION] 成功解析分辨率: 640×480
2025-05-19T06:36:20.338Z [LOG] 获取视频时长: D:\Users\Videos\第二次选择\SampleVideo_720x480_5mb.mp4
2025-05-19T06:36:20.339Z [MAIN] 开始获取视频时长: D:\Users\Videos\第二次选择\SampleVideo_720x480_5mb.mp4
2025-05-19T06:36:20.339Z [LOG] 直接获取视频时长
2025-05-19T06:36:20.339Z [DURATION] 开始获取视频时长: D:\Users\Videos\第二次选择\SampleVideo_720x480_5mb.mp4
2025-05-19T06:36:20.339Z [PATH] 尝试获取FFprobe路径
2025-05-19T06:36:20.339Z [LOG] 使用配置的FFprobe路径: D:\code\cursor\looklook\node_modules\ffprobe-static\bin\win32\x64\ffprobe.exe
2025-05-19T06:36:20.339Z [PATH] 使用配置的FFprobe路径: D:\code\cursor\looklook\node_modules\ffprobe-static\bin\win32\x64\ffprobe.exe
2025-05-19T06:36:20.339Z [DURATION] 在开发环境中使用ffprobe路径: D:\code\cursor\looklook\node_modules\ffprobe-static\bin\win32\x64\ffprobe.exe
2025-05-19T06:36:20.339Z [DURATION] 检查ffprobe可执行文件是否存在: true
2025-05-19T06:36:20.340Z [LOG] 执行命令: "D:\code\cursor\looklook\node_modules\ffprobe-static\bin\win32\x64\ffprobe.exe" -v error -show_entries format=duration -of default=noprint_wrappers=1:nokey=1 "D:\Users\Videos\第二次选择\SampleVideo_720x480_5mb.mp4"
2025-05-19T06:36:20.340Z [DURATION] 开始执行命令获取时长: "D:\code\cursor\looklook\node_modules\ffprobe-static\bin\win32\x64\ffprobe.exe" -v error -show_entries format=duration -of default=noprint_wrappers=1:nokey=1 "D:\Users\Videos\第二次选择\SampleVideo_720x480_5mb.mp4"
2025-05-19T06:36:20.406Z [DURATION] 命令输出: "30.998000"
2025-05-19T06:36:20.406Z [LOG] 成功解析时长: 00:00:30
2025-05-19T06:36:20.406Z [DURATION] 成功解析时长: 00:00:30
2025-05-19T06:36:20.406Z [LOG] 开始生成缩略图，视频路径: D:\Users\Videos\第二次选择\SampleVideo_720x480_5mb.mp4
2025-05-19T06:36:20.407Z [LOG] 缩略图输出路径: D:\code\cursor\looklook\userdata\thumbnails\1747636581144-RDpcVXNl.jpg
2025-05-19T06:36:20.407Z [LOG] 生成随机时间点: 00:00:45
2025-05-19T06:36:20.407Z [LOG] 使用直接命令行ffmpeg生成缩略图
2025-05-19T06:36:20.407Z [PATH] 尝试获取FFmpeg路径
2025-05-19T06:36:20.407Z [LOG] 使用配置的FFmpeg路径: D:\code\cursor\looklook\node_modules\ffmpeg-static\ffmpeg.exe
2025-05-19T06:36:20.407Z [PATH] 使用配置的FFmpeg路径: D:\code\cursor\looklook\node_modules\ffmpeg-static\ffmpeg.exe
2025-05-19T06:36:20.408Z [LOG] 将使用时间点 00:00:45 生成缩略图
2025-05-19T06:36:20.408Z [LOG] 执行命令: D:\code\cursor\looklook\node_modules\ffmpeg-static\ffmpeg.exe -ss 00:00:45 -i D:\Users\Videos\第二次选择\SampleVideo_720x480_5mb.mp4 -vframes 1 -s 320x180 -y D:\code\cursor\looklook\userdata\thumbnails\1747636581144-RDpcVXNl.jpg
2025-05-19T06:36:21.024Z [ERROR] 直接ffmpeg生成缩略图失败: Command failed: D:\code\cursor\looklook\node_modules\ffmpeg-static\ffmpeg.exe -ss 00:00:45 -i D:\Users\Videos\第二次选择\SampleVideo_720x480_5mb.mp4 -vframes 1 -s 320x180 -y D:\code\cursor\looklook\userdata\thumbnails\1747636581144-RDpcVXNl.jpg
ffmpeg version 7.1.1-essentials_build-www.gyan.dev Copyright (c) 2000-2025 the FFmpeg developers
  built with gcc 14.2.0 (Rev1, Built by MSYS2 project)
  configuration: --enable-gpl --enable-version3 --enable-static --disable-w32threads --disable-autodetect --enable-fontconfig --enable-iconv --enable-gnutls --enable-libxml2 --enable-gmp --enable-bzlib --enable-lzma --enable-zlib --enable-libsrt --enable-libssh --enable-libzmq --enable-avisynth --enable-sdl2 --enable-libwebp --enable-libx264 --enable-libx265 --enable-libxvid --enable-libaom --enable-libopenjpeg --enable-libvpx --enable-mediafoundation --enable-libass --enable-libfreetype --enable-libfribidi --enable-libharfbuzz --enable-libvidstab --enable-libvmaf --enable-libzimg --enable-amf --enable-cuda-llvm --enable-cuvid --enable-dxva2 --enable-d3d11va --enable-d3d12va --enable-ffnvcodec --enable-libvpl --enable-nvdec --enable-nvenc --enable-vaapi --enable-libgme --enable-libopenmpt --enable-libopencore-amrwb --enable-libmp3lame --enable-libtheora --enable-libvo-amrwbenc --enable-libgsm --enable-libopencore-amrnb --enable-libopus --enable-libspeex --enable-libvorbis --enable-librubberband
  libavutil      59. 39.100 / 59. 39.100
  libavcodec     61. 19.101 / 61. 19.101
  libavformat    61.  7.100 / 61.  7.100
  libavdevice    61.  3.100 / 61.  3.100
  libavfilter    10.  4.100 / 10.  4.100
  libswscale      8.  3.100 /  8.  3.100
  libswresample   5.  3.100 /  5.  3.100
  libpostproc    58.  3.100 / 58.  3.100
Input #0, mov,mp4,m4a,3gp,3g2,mj2, from 'D:\Users\Videos\第二次选择\SampleVideo_720x480_5mb.mp4':
  Metadata:
    major_brand     : isom
    minor_version   : 512
    compatible_brands: isomiso2avc1mp41
    creation_time   : 1970-01-01T00:00:00.000000Z
    encoder         : Lavf53.24.2
  Duration: 00:00:31.00, start: 0.000000, bitrate: 1353 kb/s
  Stream #0:0[0x1](und): Video: h264 (Main) (avc1 / 0x31637661), yuv420p(progressive), 640x480 [SAR 1:1 DAR 4:3], 966 kb/s, 25 fps, 25 tbr, 12800 tbn (default)
      Metadata:
        creation_time   : 1970-01-01T00:00:00.000000Z
        handler_name    : VideoHandler
        vendor_id       : [0][0][0][0]
  Stream #0:1[0x2](und): Audio: aac (LC) (mp4a / 0x6134706D), 48000 Hz, 5.1, fltp, 383 kb/s (default)
      Metadata:
        creation_time   : 1970-01-01T00:00:00.000000Z
        handler_name    : SoundHandler
        vendor_id       : [0][0][0][0]
Stream mapping:
  Stream #0:0 -> #0:0 (h264 (native) -> mjpeg (native))
Press [q] to stop, [?] for help
[vf#0:0 @ 000000000261bb00] No filtered frames for output stream, trying to initialize anyway.
[mjpeg @ 000000000262e680] Non full-range YUV is non-standard, set strict_std_compliance to at most unofficial to use it.
[vost#0:0/mjpeg @ 000000000263fa00] Error while opening encoder - maybe incorrect parameters such as bit_rate, rate, width or height.
[vf#0:0 @ 0000000002ab7ec0] Task finished with error code: -22 (Invalid argument)
[vf#0:0 @ 0000000002ab7ec0] Terminating thread with return code -22 (Invalid argument)
[vost#0:0/mjpeg @ 000000000263fa00] Could not open encoder before EOF
[vost#0:0/mjpeg @ 000000000263fa00] Task finished with error code: -22 (Invalid argument)
[vost#0:0/mjpeg @ 000000000263fa00] Terminating thread with return code -22 (Invalid argument)
[out#0/image2 @ 0000000002610700] Nothing was written into output file, because at least one of its streams received no packets.
frame=    0 fps=0.0 q=0.0 Lsize=       0KiB time=N/A bitrate=N/A speed=N/A    
Conversion failed!

2025-05-19T06:36:21.029Z [ERROR] STDERR: ffmpeg version 7.1.1-essentials_build-www.gyan.dev Copyright (c) 2000-2025 the FFmpeg developers
  built with gcc 14.2.0 (Rev1, Built by MSYS2 project)
  configuration: --enable-gpl --enable-version3 --enable-static --disable-w32threads --disable-autodetect --enable-fontconfig --enable-iconv --enable-gnutls --enable-libxml2 --enable-gmp --enable-bzlib --enable-lzma --enable-zlib --enable-libsrt --enable-libssh --enable-libzmq --enable-avisynth --enable-sdl2 --enable-libwebp --enable-libx264 --enable-libx265 --enable-libxvid --enable-libaom --enable-libopenjpeg --enable-libvpx --enable-mediafoundation --enable-libass --enable-libfreetype --enable-libfribidi --enable-libharfbuzz --enable-libvidstab --enable-libvmaf --enable-libzimg --enable-amf --enable-cuda-llvm --enable-cuvid --enable-dxva2 --enable-d3d11va --enable-d3d12va --enable-ffnvcodec --enable-libvpl --enable-nvdec --enable-nvenc --enable-vaapi --enable-libgme --enable-libopenmpt --enable-libopencore-amrwb --enable-libmp3lame --enable-libtheora --enable-libvo-amrwbenc --enable-libgsm --enable-libopencore-amrnb --enable-libopus --enable-libspeex --enable-libvorbis --enable-librubberband
  libavutil      59. 39.100 / 59. 39.100
  libavcodec     61. 19.101 / 61. 19.101
  libavformat    61.  7.100 / 61.  7.100
  libavdevice    61.  3.100 / 61.  3.100
  libavfilter    10.  4.100 / 10.  4.100
  libswscale      8.  3.100 /  8.  3.100
  libswresample   5.  3.100 /  5.  3.100
  libpostproc    58.  3.100 / 58.  3.100
Input #0, mov,mp4,m4a,3gp,3g2,mj2, from 'D:\Users\Videos\第二次选择\SampleVideo_720x480_5mb.mp4':
  Metadata:
    major_brand     : isom
    minor_version   : 512
    compatible_brands: isomiso2avc1mp41
    creation_time   : 1970-01-01T00:00:00.000000Z
    encoder         : Lavf53.24.2
  Duration: 00:00:31.00, start: 0.000000, bitrate: 1353 kb/s
  Stream #0:0[0x1](und): Video: h264 (Main) (avc1 / 0x31637661), yuv420p(progressive), 640x480 [SAR 1:1 DAR 4:3], 966 kb/s, 25 fps, 25 tbr, 12800 tbn (default)
      Metadata:
        creation_time   : 1970-01-01T00:00:00.000000Z
        handler_name    : VideoHandler
        vendor_id       : [0][0][0][0]
  Stream #0:1[0x2](und): Audio: aac (LC) (mp4a / 0x6134706D), 48000 Hz, 5.1, fltp, 383 kb/s (default)
      Metadata:
        creation_time   : 1970-01-01T00:00:00.000000Z
        handler_name    : SoundHandler
        vendor_id       : [0][0][0][0]
Stream mapping:
  Stream #0:0 -> #0:0 (h264 (native) -> mjpeg (native))
Press [q] to stop, [?] for help
[vf#0:0 @ 000000000261bb00] No filtered frames for output stream, trying to initialize anyway.
[mjpeg @ 000000000262e680] Non full-range YUV is non-standard, set strict_std_compliance to at most unofficial to use it.
[vost#0:0/mjpeg @ 000000000263fa00] Error while opening encoder - maybe incorrect parameters such as bit_rate, rate, width or height.
[vf#0:0 @ 0000000002ab7ec0] Task finished with error code: -22 (Invalid argument)
[vf#0:0 @ 0000000002ab7ec0] Terminating thread with return code -22 (Invalid argument)
[vost#0:0/mjpeg @ 000000000263fa00] Could not open encoder before EOF
[vost#0:0/mjpeg @ 000000000263fa00] Task finished with error code: -22 (Invalid argument)
[vost#0:0/mjpeg @ 000000000263fa00] Terminating thread with return code -22 (Invalid argument)
[out#0/image2 @ 0000000002610700] Nothing was written into output file, because at least one of its streams received no packets.
frame=    0 fps=0.0 q=0.0 Lsize=       0KiB time=N/A bitrate=N/A speed=N/A    
Conversion failed!

2025-05-19T06:36:21.033Z [ERROR] 直接ffmpeg命令生成缩略图失败: Command failed: D:\code\cursor\looklook\node_modules\ffmpeg-static\ffmpeg.exe -ss 00:00:45 -i D:\Users\Videos\第二次选择\SampleVideo_720x480_5mb.mp4 -vframes 1 -s 320x180 -y D:\code\cursor\looklook\userdata\thumbnails\1747636581144-RDpcVXNl.jpg
ffmpeg version 7.1.1-essentials_build-www.gyan.dev Copyright (c) 2000-2025 the FFmpeg developers
  built with gcc 14.2.0 (Rev1, Built by MSYS2 project)
  configuration: --enable-gpl --enable-version3 --enable-static --disable-w32threads --disable-autodetect --enable-fontconfig --enable-iconv --enable-gnutls --enable-libxml2 --enable-gmp --enable-bzlib --enable-lzma --enable-zlib --enable-libsrt --enable-libssh --enable-libzmq --enable-avisynth --enable-sdl2 --enable-libwebp --enable-libx264 --enable-libx265 --enable-libxvid --enable-libaom --enable-libopenjpeg --enable-libvpx --enable-mediafoundation --enable-libass --enable-libfreetype --enable-libfribidi --enable-libharfbuzz --enable-libvidstab --enable-libvmaf --enable-libzimg --enable-amf --enable-cuda-llvm --enable-cuvid --enable-dxva2 --enable-d3d11va --enable-d3d12va --enable-ffnvcodec --enable-libvpl --enable-nvdec --enable-nvenc --enable-vaapi --enable-libgme --enable-libopenmpt --enable-libopencore-amrwb --enable-libmp3lame --enable-libtheora --enable-libvo-amrwbenc --enable-libgsm --enable-libopencore-amrnb --enable-libopus --enable-libspeex --enable-libvorbis --enable-librubberband
  libavutil      59. 39.100 / 59. 39.100
  libavcodec     61. 19.101 / 61. 19.101
  libavformat    61.  7.100 / 61.  7.100
  libavdevice    61.  3.100 / 61.  3.100
  libavfilter    10.  4.100 / 10.  4.100
  libswscale      8.  3.100 /  8.  3.100
  libswresample   5.  3.100 /  5.  3.100
  libpostproc    58.  3.100 / 58.  3.100
Input #0, mov,mp4,m4a,3gp,3g2,mj2, from 'D:\Users\Videos\第二次选择\SampleVideo_720x480_5mb.mp4':
  Metadata:
    major_brand     : isom
    minor_version   : 512
    compatible_brands: isomiso2avc1mp41
    creation_time   : 1970-01-01T00:00:00.000000Z
    encoder         : Lavf53.24.2
  Duration: 00:00:31.00, start: 0.000000, bitrate: 1353 kb/s
  Stream #0:0[0x1](und): Video: h264 (Main) (avc1 / 0x31637661), yuv420p(progressive), 640x480 [SAR 1:1 DAR 4:3], 966 kb/s, 25 fps, 25 tbr, 12800 tbn (default)
      Metadata:
        creation_time   : 1970-01-01T00:00:00.000000Z
        handler_name    : VideoHandler
        vendor_id       : [0][0][0][0]
  Stream #0:1[0x2](und): Audio: aac (LC) (mp4a / 0x6134706D), 48000 Hz, 5.1, fltp, 383 kb/s (default)
      Metadata:
        creation_time   : 1970-01-01T00:00:00.000000Z
        handler_name    : SoundHandler
        vendor_id       : [0][0][0][0]
Stream mapping:
  Stream #0:0 -> #0:0 (h264 (native) -> mjpeg (native))
Press [q] to stop, [?] for help
[vf#0:0 @ 000000000261bb00] No filtered frames for output stream, trying to initialize anyway.
[mjpeg @ 000000000262e680] Non full-range YUV is non-standard, set strict_std_compliance to at most unofficial to use it.
[vost#0:0/mjpeg @ 000000000263fa00] Error while opening encoder - maybe incorrect parameters such as bit_rate, rate, width or height.
[vf#0:0 @ 0000000002ab7ec0] Task finished with error code: -22 (Invalid argument)
[vf#0:0 @ 0000000002ab7ec0] Terminating thread with return code -22 (Invalid argument)
[vost#0:0/mjpeg @ 000000000263fa00] Could not open encoder before EOF
[vost#0:0/mjpeg @ 000000000263fa00] Task finished with error code: -22 (Invalid argument)
[vost#0:0/mjpeg @ 000000000263fa00] Terminating thread with return code -22 (Invalid argument)
[out#0/image2 @ 0000000002610700] Nothing was written into output file, because at least one of its streams received no packets.
frame=    0 fps=0.0 q=0.0 Lsize=       0KiB time=N/A bitrate=N/A speed=N/A    
Conversion failed!

2025-05-19T06:36:21.033Z [LOG] 尝试使用直接命令行方式生成缩略图
2025-05-19T06:36:21.034Z [LOG] 直接获取视频时长（秒数）
2025-05-19T06:36:21.034Z [PATH] 尝试获取FFprobe路径
2025-05-19T06:36:21.035Z [LOG] 使用配置的FFprobe路径: D:\code\cursor\looklook\node_modules\ffprobe-static\bin\win32\x64\ffprobe.exe
2025-05-19T06:36:21.035Z [PATH] 使用配置的FFprobe路径: D:\code\cursor\looklook\node_modules\ffprobe-static\bin\win32\x64\ffprobe.exe
2025-05-19T06:36:21.035Z [LOG] 在开发环境中使用ffprobe路径: D:\code\cursor\looklook\node_modules\ffprobe-static\bin\win32\x64\ffprobe.exe
2025-05-19T06:36:21.036Z [LOG] 执行命令: D:\code\cursor\looklook\node_modules\ffprobe-static\bin\win32\x64\ffprobe.exe -v error -show_entries format=duration -of default=noprint_wrappers=1:nokey=1 D:\Users\Videos\第二次选择\SampleVideo_720x480_5mb.mp4
2025-05-19T06:36:21.097Z [LOG] 时长命令输出: 30.998000
2025-05-19T06:36:21.097Z [LOG] 成功获取视频时长: 30.998 秒
2025-05-19T06:36:21.097Z [LOG] 获取到视频时长: 30.998 秒, 准备截取缩略图
2025-05-19T06:36:21.098Z [LOG] 将在视频的 6 秒处截取缩略图 (随机生成)
2025-05-19T06:36:21.098Z [PATH] 尝试获取FFmpeg路径
2025-05-19T06:36:21.098Z [LOG] 使用配置的FFmpeg路径: D:\code\cursor\looklook\node_modules\ffmpeg-static\ffmpeg.exe
2025-05-19T06:36:21.098Z [PATH] 使用配置的FFmpeg路径: D:\code\cursor\looklook\node_modules\ffmpeg-static\ffmpeg.exe
2025-05-19T06:36:21.098Z [LOG] 执行命令: D:\code\cursor\looklook\node_modules\ffmpeg-static\ffmpeg.exe -i D:\Users\Videos\第二次选择\SampleVideo_720x480_5mb.mp4 -ss 6 -vframes 1 -s 320x180 -y D:\code\cursor\looklook\userdata\thumbnails\1747636581144-RDpcVXNl.jpg
2025-05-19T06:36:21.213Z [LOG] 命令行方式成功生成缩略图: D:\code\cursor\looklook\userdata\thumbnails\1747636581144-RDpcVXNl.jpg
2025-05-19T06:36:21.213Z [LOG] 通过多步骤方法成功生成缩略图
2025-05-19T06:36:21.214Z [LOG] 保存当前批次的 31 个视频到数据库
2025-05-19T06:36:21.224Z [LOG] 成功保存批次中的 31 个视频到数据库
2025-05-19T06:36:21.225Z [LOG] 处理get-videos请求
2025-05-19T06:36:30.967Z [LOG] 处理import-folder请求
2025-05-19T06:36:32.637Z [LOG] 用户选择了文件夹: D:\Users\Videos\第二次选择
2025-05-19T06:36:32.637Z [LOG] 开始搜索文件夹 D:\Users\Videos\第二次选择 中的视频文件
2025-05-19T06:36:32.638Z [LOG] 搜索文件夹: D:\Users\Videos\第二次选择
2025-05-19T06:36:32.638Z [LOG] 在文件夹中找到 34 个视频文件
2025-05-19T06:36:32.638Z [LOG] 当前数据库中有 34 个视频记录
2025-05-19T06:36:32.639Z [LOG] 其中新增视频 0 个，重复视频 34 个
2025-05-19T06:36:32.640Z [LOG] 没有新增视频，无需导入
2025-05-19T06:36:32.642Z [LOG] 处理get-videos请求
2025-05-19T06:36:34.556Z [LOG] 处理import-folder请求
2025-05-19T06:36:35.902Z [LOG] 用户选择了文件夹: D:\Users\Videos\第二次选择
2025-05-19T06:36:35.902Z [LOG] 开始搜索文件夹 D:\Users\Videos\第二次选择 中的视频文件
2025-05-19T06:36:35.903Z [LOG] 搜索文件夹: D:\Users\Videos\第二次选择
2025-05-19T06:36:35.903Z [LOG] 在文件夹中找到 34 个视频文件
2025-05-19T06:36:35.903Z [LOG] 当前数据库中有 34 个视频记录
2025-05-19T06:36:35.904Z [LOG] 其中新增视频 0 个，重复视频 34 个
2025-05-19T06:36:35.905Z [LOG] 没有新增视频，无需导入
2025-05-19T06:36:35.906Z [LOG] 处理get-videos请求
2025-05-19T06:36:55.812Z [LOG] 处理自定义协议请求: app://thumbnail/1747625929418-RDpcVXNl.jpg
2025-05-19T06:36:55.813Z [LOG] 缩略图路径: D:\code\cursor\looklook\userdata\thumbnails\1747625929418-RDpcVXNl.jpg
2025-05-19T06:36:55.814Z [LOG] 处理自定义协议请求: app://thumbnail/1747625522459-RDpcVXNl.jpg
2025-05-19T06:36:55.814Z [LOG] 缩略图路径: D:\code\cursor\looklook\userdata\thumbnails\1747625522459-RDpcVXNl.jpg
2025-05-19T06:36:55.815Z [LOG] 处理自定义协议请求: app://thumbnail/1747626468736-RDpcVXNl.jpg
2025-05-19T06:36:55.816Z [LOG] 缩略图路径: D:\code\cursor\looklook\userdata\thumbnails\1747626468736-RDpcVXNl.jpg
2025-05-19T06:36:55.816Z [LOG] 处理自定义协议请求: app://thumbnail/1747636575725-RDpcVXNl.jpg
2025-05-19T06:36:55.817Z [LOG] 缩略图路径: D:\code\cursor\looklook\userdata\thumbnails\1747636575725-RDpcVXNl.jpg
2025-05-19T06:36:55.817Z [LOG] 处理自定义协议请求: app://thumbnail/1747636580194-RDpcVXNl.jpg
2025-05-19T06:36:55.818Z [LOG] 缩略图路径: D:\code\cursor\looklook\userdata\thumbnails\1747636580194-RDpcVXNl.jpg
2025-05-19T06:36:55.819Z [LOG] 处理自定义协议请求: app://thumbnail/1747636573654-RDpcVXNl.jpg
2025-05-19T06:36:55.819Z [LOG] 缩略图路径: D:\code\cursor\looklook\userdata\thumbnails\1747636573654-RDpcVXNl.jpg
2025-05-19T06:36:55.820Z [LOG] 处理自定义协议请求: app://thumbnail/1747636578939-RDpcVXNl.jpg
2025-05-19T06:36:55.820Z [LOG] 缩略图路径: D:\code\cursor\looklook\userdata\thumbnails\1747636578939-RDpcVXNl.jpg
2025-05-19T06:36:55.821Z [LOG] 处理自定义协议请求: app://thumbnail/1747636564765-RDpcVXNl.jpg
2025-05-19T06:36:55.821Z [LOG] 缩略图路径: D:\code\cursor\looklook\userdata\thumbnails\1747636564765-RDpcVXNl.jpg
2025-05-19T06:36:55.822Z [LOG] 处理自定义协议请求: app://thumbnail/1747636576050-RDpcVXNl.jpg
2025-05-19T06:36:55.823Z [LOG] 缩略图路径: D:\code\cursor\looklook\userdata\thumbnails\1747636576050-RDpcVXNl.jpg
2025-05-19T06:36:55.824Z [LOG] 处理自定义协议请求: app://thumbnail/1747636570430-RDpcVXNl.jpg
2025-05-19T06:36:55.824Z [LOG] 缩略图路径: D:\code\cursor\looklook\userdata\thumbnails\1747636570430-RDpcVXNl.jpg
2025-05-19T06:36:55.825Z [LOG] 处理自定义协议请求: app://thumbnail/1747636570932-RDpcVXNl.jpg
2025-05-19T06:36:55.825Z [LOG] 缩略图路径: D:\code\cursor\looklook\userdata\thumbnails\1747636570932-RDpcVXNl.jpg
2025-05-19T06:36:55.826Z [LOG] 处理自定义协议请求: app://thumbnail/1747636570586-RDpcVXNl.jpg
2025-05-19T06:36:55.826Z [LOG] 缩略图路径: D:\code\cursor\looklook\userdata\thumbnails\1747636570586-RDpcVXNl.jpg
2025-05-19T06:36:55.827Z [LOG] 处理自定义协议请求: app://thumbnail/1747636578083-RDpcVXNl.jpg
2025-05-19T06:36:55.828Z [LOG] 缩略图路径: D:\code\cursor\looklook\userdata\thumbnails\1747636578083-RDpcVXNl.jpg
2025-05-19T06:36:55.829Z [LOG] 处理自定义协议请求: app://thumbnail/1747636565192-RDpcVXNl.jpg
2025-05-19T06:36:55.829Z [LOG] 缩略图路径: D:\code\cursor\looklook\userdata\thumbnails\1747636565192-RDpcVXNl.jpg
2025-05-19T06:36:55.830Z [LOG] 处理自定义协议请求: app://thumbnail/1747636576305-RDpcVXNl.jpg
2025-05-19T06:36:55.830Z [LOG] 缩略图路径: D:\code\cursor\looklook\userdata\thumbnails\1747636576305-RDpcVXNl.jpg
2025-05-19T06:36:55.830Z [LOG] 处理自定义协议请求: app://thumbnail/1747636566967-RDpcVXNl.jpg
2025-05-19T06:36:55.831Z [LOG] 缩略图路径: D:\code\cursor\looklook\userdata\thumbnails\1747636566967-RDpcVXNl.jpg
2025-05-19T06:36:55.831Z [LOG] 处理自定义协议请求: app://thumbnail/1747636566781-RDpcVXNl.jpg
2025-05-19T06:36:55.832Z [LOG] 缩略图路径: D:\code\cursor\looklook\userdata\thumbnails\1747636566781-RDpcVXNl.jpg
2025-05-19T06:36:55.832Z [LOG] 处理自定义协议请求: app://thumbnail/1747636565735-RDpcVXNl.jpg
2025-05-19T06:36:55.833Z [LOG] 缩略图路径: D:\code\cursor\looklook\userdata\thumbnails\1747636565735-RDpcVXNl.jpg
2025-05-19T06:36:55.833Z [LOG] 处理自定义协议请求: app://thumbnail/1747636564773-RDpcVXNl.jpg
2025-05-19T06:36:55.834Z [LOG] 缩略图路径: D:\code\cursor\looklook\userdata\thumbnails\1747636564773-RDpcVXNl.jpg
2025-05-19T06:36:55.834Z [LOG] 处理自定义协议请求: app://thumbnail/1747636581144-RDpcVXNl.jpg
2025-05-19T06:36:55.835Z [LOG] 缩略图路径: D:\code\cursor\looklook\userdata\thumbnails\1747636581144-RDpcVXNl.jpg
2025-05-19T06:36:59.012Z [LOG] 处理get-enum-values请求: collection
2025-05-19T06:36:59.013Z [LOG] 处理get-enum-values请求: actors
2025-05-19T06:37:02.516Z [LOG] 删除视频ID: 1747636564773-RDpcVXNl
2025-05-19T06:37:02.522Z [LOG] 删除缩略图: app://thumbnail/1747636564773-RDpcVXNl.jpg
2025-05-19T06:37:02.524Z [LOG] 缩略图已成功删除: D:\code\cursor\looklook\userdata\thumbnails\1747636564773-RDpcVXNl.jpg
2025-05-19T06:37:02.525Z [LOG] 删除视频ID: 1747636565735-RDpcVXNl
2025-05-19T06:37:02.527Z [LOG] 删除缩略图: app://thumbnail/1747636565735-RDpcVXNl.jpg
2025-05-19T06:37:02.528Z [LOG] 缩略图已成功删除: D:\code\cursor\looklook\userdata\thumbnails\1747636565735-RDpcVXNl.jpg
2025-05-19T06:37:02.529Z [LOG] 删除视频ID: 1747636566781-RDpcVXNl
2025-05-19T06:37:02.530Z [LOG] 删除缩略图: app://thumbnail/1747636566781-RDpcVXNl.jpg
2025-05-19T06:37:02.531Z [LOG] 缩略图已成功删除: D:\code\cursor\looklook\userdata\thumbnails\1747636566781-RDpcVXNl.jpg
2025-05-19T06:37:02.532Z [LOG] 删除视频ID: 1747636566967-RDpcVXNl
2025-05-19T06:37:02.534Z [LOG] 删除缩略图: app://thumbnail/1747636566967-RDpcVXNl.jpg
2025-05-19T06:37:02.535Z [LOG] 缩略图已成功删除: D:\code\cursor\looklook\userdata\thumbnails\1747636566967-RDpcVXNl.jpg
2025-05-19T06:37:02.536Z [LOG] 删除视频ID: 1747636581144-RDpcVXNl
2025-05-19T06:37:02.538Z [LOG] 删除缩略图: app://thumbnail/1747636581144-RDpcVXNl.jpg
2025-05-19T06:37:02.539Z [LOG] 缩略图已成功删除: D:\code\cursor\looklook\userdata\thumbnails\1747636581144-RDpcVXNl.jpg
2025-05-19T06:37:03.861Z [LOG] 处理import-folder请求
2025-05-19T06:37:04.929Z [LOG] 用户选择了文件夹: D:\Users\Videos\第二次选择
2025-05-19T06:37:04.930Z [LOG] 开始搜索文件夹 D:\Users\Videos\第二次选择 中的视频文件
2025-05-19T06:37:04.930Z [LOG] 搜索文件夹: D:\Users\Videos\第二次选择
2025-05-19T06:37:04.930Z [LOG] 在文件夹中找到 34 个视频文件
2025-05-19T06:37:04.931Z [LOG] 当前数据库中有 29 个视频记录
2025-05-19T06:37:04.931Z [LOG] 其中新增视频 5 个，重复视频 29 个
2025-05-19T06:37:04.932Z [LOG] 设置已加载
2025-05-19T06:37:04.932Z [LOG] 获取视频分辨率: D:\Users\Videos\第二次选择\8888F897_1745215698544.mp4
2025-05-19T06:37:04.932Z [MAIN] 开始获取视频分辨率: D:\Users\Videos\第二次选择\8888F897_1745215698544.mp4
2025-05-19T06:37:04.933Z [LOG] 直接获取视频分辨率
2025-05-19T06:37:04.933Z [RESOLUTION] 开始获取视频分辨率: D:\Users\Videos\第二次选择\8888F897_1745215698544.mp4
2025-05-19T06:37:04.933Z [PATH] 尝试获取FFprobe路径
2025-05-19T06:37:04.933Z [LOG] 使用配置的FFprobe路径: D:\code\cursor\looklook\node_modules\ffprobe-static\bin\win32\x64\ffprobe.exe
2025-05-19T06:37:04.933Z [PATH] 使用配置的FFprobe路径: D:\code\cursor\looklook\node_modules\ffprobe-static\bin\win32\x64\ffprobe.exe
2025-05-19T06:37:04.933Z [RESOLUTION] 在开发环境中使用ffprobe路径: D:\code\cursor\looklook\node_modules\ffprobe-static\bin\win32\x64\ffprobe.exe
2025-05-19T06:37:04.933Z [RESOLUTION] 检查ffprobe可执行文件是否存在: true
2025-05-19T06:37:04.934Z [LOG] 执行命令: "D:\code\cursor\looklook\node_modules\ffprobe-static\bin\win32\x64\ffprobe.exe" -v error -select_streams v:0 -show_entries stream=width,height -of csv=s=x:p=0 "D:\Users\Videos\第二次选择\8888F897_1745215698544.mp4"
2025-05-19T06:37:04.934Z [RESOLUTION] 开始执行命令获取分辨率: "D:\code\cursor\looklook\node_modules\ffprobe-static\bin\win32\x64\ffprobe.exe" -v error -select_streams v:0 -show_entries stream=width,height -of csv=s=x:p=0 "D:\Users\Videos\第二次选择\8888F897_1745215698544.mp4"
2025-05-19T06:37:05.003Z [RESOLUTION] 命令输出: "1280x720"
2025-05-19T06:37:05.003Z [LOG] 成功解析分辨率: 1280×720
2025-05-19T06:37:05.003Z [RESOLUTION] 成功解析分辨率: 1280×720
2025-05-19T06:37:05.003Z [LOG] 获取视频时长: D:\Users\Videos\第二次选择\8888F897_1745215698544.mp4
2025-05-19T06:37:05.004Z [MAIN] 开始获取视频时长: D:\Users\Videos\第二次选择\8888F897_1745215698544.mp4
2025-05-19T06:37:05.004Z [LOG] 直接获取视频时长
2025-05-19T06:37:05.004Z [DURATION] 开始获取视频时长: D:\Users\Videos\第二次选择\8888F897_1745215698544.mp4
2025-05-19T06:37:05.004Z [PATH] 尝试获取FFprobe路径
2025-05-19T06:37:05.004Z [LOG] 使用配置的FFprobe路径: D:\code\cursor\looklook\node_modules\ffprobe-static\bin\win32\x64\ffprobe.exe
2025-05-19T06:37:05.004Z [PATH] 使用配置的FFprobe路径: D:\code\cursor\looklook\node_modules\ffprobe-static\bin\win32\x64\ffprobe.exe
2025-05-19T06:37:05.004Z [DURATION] 在开发环境中使用ffprobe路径: D:\code\cursor\looklook\node_modules\ffprobe-static\bin\win32\x64\ffprobe.exe
2025-05-19T06:37:05.004Z [DURATION] 检查ffprobe可执行文件是否存在: true
2025-05-19T06:37:05.005Z [LOG] 执行命令: "D:\code\cursor\looklook\node_modules\ffprobe-static\bin\win32\x64\ffprobe.exe" -v error -show_entries format=duration -of default=noprint_wrappers=1:nokey=1 "D:\Users\Videos\第二次选择\8888F897_1745215698544.mp4"
2025-05-19T06:37:05.005Z [DURATION] 开始执行命令获取时长: "D:\code\cursor\looklook\node_modules\ffprobe-static\bin\win32\x64\ffprobe.exe" -v error -show_entries format=duration -of default=noprint_wrappers=1:nokey=1 "D:\Users\Videos\第二次选择\8888F897_1745215698544.mp4"
2025-05-19T06:37:05.071Z [DURATION] 命令输出: "33.493333"
2025-05-19T06:37:05.072Z [LOG] 成功解析时长: 00:00:33
2025-05-19T06:37:05.072Z [DURATION] 成功解析时长: 00:00:33
2025-05-19T06:37:05.072Z [LOG] 开始生成缩略图，视频路径: D:\Users\Videos\第二次选择\8888F897_1745215698544.mp4
2025-05-19T06:37:05.072Z [LOG] 缩略图输出路径: D:\code\cursor\looklook\userdata\thumbnails\1747636625471-RDpcVXNl.jpg
2025-05-19T06:37:05.073Z [LOG] 生成随机时间点: 00:00:14
2025-05-19T06:37:05.073Z [LOG] 使用直接命令行ffmpeg生成缩略图
2025-05-19T06:37:05.073Z [PATH] 尝试获取FFmpeg路径
2025-05-19T06:37:05.073Z [LOG] 使用配置的FFmpeg路径: D:\code\cursor\looklook\node_modules\ffmpeg-static\ffmpeg.exe
2025-05-19T06:37:05.073Z [PATH] 使用配置的FFmpeg路径: D:\code\cursor\looklook\node_modules\ffmpeg-static\ffmpeg.exe
2025-05-19T06:37:05.073Z [LOG] 将使用时间点 00:00:14 生成缩略图
2025-05-19T06:37:05.074Z [LOG] 执行命令: D:\code\cursor\looklook\node_modules\ffmpeg-static\ffmpeg.exe -ss 00:00:14 -i D:\Users\Videos\第二次选择\8888F897_1745215698544.mp4 -vframes 1 -s 320x180 -y D:\code\cursor\looklook\userdata\thumbnails\1747636625471-RDpcVXNl.jpg
2025-05-19T06:37:05.201Z [LOG] 直接ffmpeg成功生成缩略图: D:\code\cursor\looklook\userdata\thumbnails\1747636625471-RDpcVXNl.jpg
2025-05-19T06:37:05.201Z [LOG] 通过直接ffmpeg命令生成缩略图成功
2025-05-19T06:37:05.202Z [LOG] 设置已加载
2025-05-19T06:37:05.202Z [LOG] 获取视频分辨率: D:\Users\Videos\第二次选择\SampleVideo_1280x720_10mb.flv
2025-05-19T06:37:05.202Z [MAIN] 开始获取视频分辨率: D:\Users\Videos\第二次选择\SampleVideo_1280x720_10mb.flv
2025-05-19T06:37:05.202Z [LOG] 直接获取视频分辨率
2025-05-19T06:37:05.202Z [RESOLUTION] 开始获取视频分辨率: D:\Users\Videos\第二次选择\SampleVideo_1280x720_10mb.flv
2025-05-19T06:37:05.202Z [PATH] 尝试获取FFprobe路径
2025-05-19T06:37:05.203Z [LOG] 使用配置的FFprobe路径: D:\code\cursor\looklook\node_modules\ffprobe-static\bin\win32\x64\ffprobe.exe
2025-05-19T06:37:05.203Z [PATH] 使用配置的FFprobe路径: D:\code\cursor\looklook\node_modules\ffprobe-static\bin\win32\x64\ffprobe.exe
2025-05-19T06:37:05.203Z [RESOLUTION] 在开发环境中使用ffprobe路径: D:\code\cursor\looklook\node_modules\ffprobe-static\bin\win32\x64\ffprobe.exe
2025-05-19T06:37:05.203Z [RESOLUTION] 检查ffprobe可执行文件是否存在: true
2025-05-19T06:37:05.203Z [LOG] 执行命令: "D:\code\cursor\looklook\node_modules\ffprobe-static\bin\win32\x64\ffprobe.exe" -v error -select_streams v:0 -show_entries stream=width,height -of csv=s=x:p=0 "D:\Users\Videos\第二次选择\SampleVideo_1280x720_10mb.flv"
2025-05-19T06:37:05.203Z [RESOLUTION] 开始执行命令获取分辨率: "D:\code\cursor\looklook\node_modules\ffprobe-static\bin\win32\x64\ffprobe.exe" -v error -select_streams v:0 -show_entries stream=width,height -of csv=s=x:p=0 "D:\Users\Videos\第二次选择\SampleVideo_1280x720_10mb.flv"
2025-05-19T06:37:05.265Z [RESOLUTION] 命令输出: "1280x720"
2025-05-19T06:37:05.265Z [LOG] 成功解析分辨率: 1280×720
2025-05-19T06:37:05.265Z [RESOLUTION] 成功解析分辨率: 1280×720
2025-05-19T06:37:05.266Z [LOG] 获取视频时长: D:\Users\Videos\第二次选择\SampleVideo_1280x720_10mb.flv
2025-05-19T06:37:05.266Z [MAIN] 开始获取视频时长: D:\Users\Videos\第二次选择\SampleVideo_1280x720_10mb.flv
2025-05-19T06:37:05.266Z [LOG] 直接获取视频时长
2025-05-19T06:37:05.266Z [DURATION] 开始获取视频时长: D:\Users\Videos\第二次选择\SampleVideo_1280x720_10mb.flv
2025-05-19T06:37:05.266Z [PATH] 尝试获取FFprobe路径
2025-05-19T06:37:05.267Z [LOG] 使用配置的FFprobe路径: D:\code\cursor\looklook\node_modules\ffprobe-static\bin\win32\x64\ffprobe.exe
2025-05-19T06:37:05.267Z [PATH] 使用配置的FFprobe路径: D:\code\cursor\looklook\node_modules\ffprobe-static\bin\win32\x64\ffprobe.exe
2025-05-19T06:37:05.267Z [DURATION] 在开发环境中使用ffprobe路径: D:\code\cursor\looklook\node_modules\ffprobe-static\bin\win32\x64\ffprobe.exe
2025-05-19T06:37:05.267Z [DURATION] 检查ffprobe可执行文件是否存在: true
2025-05-19T06:37:05.267Z [LOG] 执行命令: "D:\code\cursor\looklook\node_modules\ffprobe-static\bin\win32\x64\ffprobe.exe" -v error -show_entries format=duration -of default=noprint_wrappers=1:nokey=1 "D:\Users\Videos\第二次选择\SampleVideo_1280x720_10mb.flv"
2025-05-19T06:37:05.267Z [DURATION] 开始执行命令获取时长: "D:\code\cursor\looklook\node_modules\ffprobe-static\bin\win32\x64\ffprobe.exe" -v error -show_entries format=duration -of default=noprint_wrappers=1:nokey=1 "D:\Users\Videos\第二次选择\SampleVideo_1280x720_10mb.flv"
2025-05-19T06:37:05.327Z [DURATION] 命令输出: "54.082000"
2025-05-19T06:37:05.328Z [LOG] 成功解析时长: 00:00:54
2025-05-19T06:37:05.328Z [DURATION] 成功解析时长: 00:00:54
2025-05-19T06:37:05.328Z [LOG] 开始生成缩略图，视频路径: D:\Users\Videos\第二次选择\SampleVideo_1280x720_10mb.flv
2025-05-19T06:37:05.328Z [LOG] 缩略图输出路径: D:\code\cursor\looklook\userdata\thumbnails\1747636625816-RDpcVXNl.jpg
2025-05-19T06:37:05.328Z [LOG] 生成随机时间点: 00:00:30
2025-05-19T06:37:05.329Z [LOG] 使用直接命令行ffmpeg生成缩略图
2025-05-19T06:37:05.329Z [PATH] 尝试获取FFmpeg路径
2025-05-19T06:37:05.329Z [LOG] 使用配置的FFmpeg路径: D:\code\cursor\looklook\node_modules\ffmpeg-static\ffmpeg.exe
2025-05-19T06:37:05.329Z [PATH] 使用配置的FFmpeg路径: D:\code\cursor\looklook\node_modules\ffmpeg-static\ffmpeg.exe
2025-05-19T06:37:05.329Z [LOG] 将使用时间点 00:00:30 生成缩略图
2025-05-19T06:37:05.329Z [LOG] 执行命令: D:\code\cursor\looklook\node_modules\ffmpeg-static\ffmpeg.exe -ss 00:00:30 -i D:\Users\Videos\第二次选择\SampleVideo_1280x720_10mb.flv -vframes 1 -s 320x180 -y D:\code\cursor\looklook\userdata\thumbnails\1747636625816-RDpcVXNl.jpg
2025-05-19T06:37:05.479Z [LOG] 直接ffmpeg成功生成缩略图: D:\code\cursor\looklook\userdata\thumbnails\1747636625816-RDpcVXNl.jpg
2025-05-19T06:37:05.480Z [LOG] 通过直接ffmpeg命令生成缩略图成功
2025-05-19T06:37:05.480Z [LOG] 设置已加载
2025-05-19T06:37:05.480Z [LOG] 获取视频分辨率: D:\Users\Videos\第二次选择\SampleVideo_1280x720_10mb.mkv
2025-05-19T06:37:05.480Z [MAIN] 开始获取视频分辨率: D:\Users\Videos\第二次选择\SampleVideo_1280x720_10mb.mkv
2025-05-19T06:37:05.481Z [LOG] 直接获取视频分辨率
2025-05-19T06:37:05.481Z [RESOLUTION] 开始获取视频分辨率: D:\Users\Videos\第二次选择\SampleVideo_1280x720_10mb.mkv
2025-05-19T06:37:05.481Z [PATH] 尝试获取FFprobe路径
2025-05-19T06:37:05.481Z [LOG] 使用配置的FFprobe路径: D:\code\cursor\looklook\node_modules\ffprobe-static\bin\win32\x64\ffprobe.exe
2025-05-19T06:37:05.481Z [PATH] 使用配置的FFprobe路径: D:\code\cursor\looklook\node_modules\ffprobe-static\bin\win32\x64\ffprobe.exe
2025-05-19T06:37:05.481Z [RESOLUTION] 在开发环境中使用ffprobe路径: D:\code\cursor\looklook\node_modules\ffprobe-static\bin\win32\x64\ffprobe.exe
2025-05-19T06:37:05.481Z [RESOLUTION] 检查ffprobe可执行文件是否存在: true
2025-05-19T06:37:05.481Z [LOG] 执行命令: "D:\code\cursor\looklook\node_modules\ffprobe-static\bin\win32\x64\ffprobe.exe" -v error -select_streams v:0 -show_entries stream=width,height -of csv=s=x:p=0 "D:\Users\Videos\第二次选择\SampleVideo_1280x720_10mb.mkv"
2025-05-19T06:37:05.482Z [RESOLUTION] 开始执行命令获取分辨率: "D:\code\cursor\looklook\node_modules\ffprobe-static\bin\win32\x64\ffprobe.exe" -v error -select_streams v:0 -show_entries stream=width,height -of csv=s=x:p=0 "D:\Users\Videos\第二次选择\SampleVideo_1280x720_10mb.mkv"
2025-05-19T06:37:05.542Z [RESOLUTION] 命令输出: "1280x720"
2025-05-19T06:37:05.543Z [LOG] 成功解析分辨率: 1280×720
2025-05-19T06:37:05.543Z [RESOLUTION] 成功解析分辨率: 1280×720
2025-05-19T06:37:05.543Z [LOG] 获取视频时长: D:\Users\Videos\第二次选择\SampleVideo_1280x720_10mb.mkv
2025-05-19T06:37:05.543Z [MAIN] 开始获取视频时长: D:\Users\Videos\第二次选择\SampleVideo_1280x720_10mb.mkv
2025-05-19T06:37:05.544Z [LOG] 直接获取视频时长
2025-05-19T06:37:05.544Z [DURATION] 开始获取视频时长: D:\Users\Videos\第二次选择\SampleVideo_1280x720_10mb.mkv
2025-05-19T06:37:05.544Z [PATH] 尝试获取FFprobe路径
2025-05-19T06:37:05.544Z [LOG] 使用配置的FFprobe路径: D:\code\cursor\looklook\node_modules\ffprobe-static\bin\win32\x64\ffprobe.exe
2025-05-19T06:37:05.544Z [PATH] 使用配置的FFprobe路径: D:\code\cursor\looklook\node_modules\ffprobe-static\bin\win32\x64\ffprobe.exe
2025-05-19T06:37:05.544Z [DURATION] 在开发环境中使用ffprobe路径: D:\code\cursor\looklook\node_modules\ffprobe-static\bin\win32\x64\ffprobe.exe
2025-05-19T06:37:05.544Z [DURATION] 检查ffprobe可执行文件是否存在: true
2025-05-19T06:37:05.544Z [LOG] 执行命令: "D:\code\cursor\looklook\node_modules\ffprobe-static\bin\win32\x64\ffprobe.exe" -v error -show_entries format=duration -of default=noprint_wrappers=1:nokey=1 "D:\Users\Videos\第二次选择\SampleVideo_1280x720_10mb.mkv"
2025-05-19T06:37:05.545Z [DURATION] 开始执行命令获取时长: "D:\code\cursor\looklook\node_modules\ffprobe-static\bin\win32\x64\ffprobe.exe" -v error -show_entries format=duration -of default=noprint_wrappers=1:nokey=1 "D:\Users\Videos\第二次选择\SampleVideo_1280x720_10mb.mkv"
2025-05-19T06:37:05.606Z [DURATION] 命令输出: "56.200000"
2025-05-19T06:37:05.607Z [LOG] 成功解析时长: 00:00:56
2025-05-19T06:37:05.607Z [DURATION] 成功解析时长: 00:00:56
2025-05-19T06:37:05.607Z [LOG] 开始生成缩略图，视频路径: D:\Users\Videos\第二次选择\SampleVideo_1280x720_10mb.mkv
2025-05-19T06:37:05.607Z [LOG] 缩略图输出路径: D:\code\cursor\looklook\userdata\thumbnails\1747636625528-RDpcVXNl.jpg
2025-05-19T06:37:05.608Z [LOG] 生成随机时间点: 00:00:48
2025-05-19T06:37:05.608Z [LOG] 使用直接命令行ffmpeg生成缩略图
2025-05-19T06:37:05.608Z [PATH] 尝试获取FFmpeg路径
2025-05-19T06:37:05.608Z [LOG] 使用配置的FFmpeg路径: D:\code\cursor\looklook\node_modules\ffmpeg-static\ffmpeg.exe
2025-05-19T06:37:05.608Z [PATH] 使用配置的FFmpeg路径: D:\code\cursor\looklook\node_modules\ffmpeg-static\ffmpeg.exe
2025-05-19T06:37:05.608Z [LOG] 将使用时间点 00:00:48 生成缩略图
2025-05-19T06:37:05.609Z [LOG] 执行命令: D:\code\cursor\looklook\node_modules\ffmpeg-static\ffmpeg.exe -ss 00:00:48 -i D:\Users\Videos\第二次选择\SampleVideo_1280x720_10mb.mkv -vframes 1 -s 320x180 -y D:\code\cursor\looklook\userdata\thumbnails\1747636625528-RDpcVXNl.jpg
2025-05-19T06:37:05.712Z [LOG] 直接ffmpeg成功生成缩略图: D:\code\cursor\looklook\userdata\thumbnails\1747636625528-RDpcVXNl.jpg
2025-05-19T06:37:05.712Z [LOG] 通过直接ffmpeg命令生成缩略图成功
2025-05-19T06:37:05.713Z [LOG] 设置已加载
2025-05-19T06:37:05.713Z [LOG] 获取视频分辨率: D:\Users\Videos\第二次选择\SampleVideo_1280x720_10mb.mp4
2025-05-19T06:37:05.713Z [MAIN] 开始获取视频分辨率: D:\Users\Videos\第二次选择\SampleVideo_1280x720_10mb.mp4
2025-05-19T06:37:05.713Z [LOG] 直接获取视频分辨率
2025-05-19T06:37:05.713Z [RESOLUTION] 开始获取视频分辨率: D:\Users\Videos\第二次选择\SampleVideo_1280x720_10mb.mp4
2025-05-19T06:37:05.713Z [PATH] 尝试获取FFprobe路径
2025-05-19T06:37:05.714Z [LOG] 使用配置的FFprobe路径: D:\code\cursor\looklook\node_modules\ffprobe-static\bin\win32\x64\ffprobe.exe
2025-05-19T06:37:05.714Z [PATH] 使用配置的FFprobe路径: D:\code\cursor\looklook\node_modules\ffprobe-static\bin\win32\x64\ffprobe.exe
2025-05-19T06:37:05.714Z [RESOLUTION] 在开发环境中使用ffprobe路径: D:\code\cursor\looklook\node_modules\ffprobe-static\bin\win32\x64\ffprobe.exe
2025-05-19T06:37:05.714Z [RESOLUTION] 检查ffprobe可执行文件是否存在: true
2025-05-19T06:37:05.714Z [LOG] 执行命令: "D:\code\cursor\looklook\node_modules\ffprobe-static\bin\win32\x64\ffprobe.exe" -v error -select_streams v:0 -show_entries stream=width,height -of csv=s=x:p=0 "D:\Users\Videos\第二次选择\SampleVideo_1280x720_10mb.mp4"
2025-05-19T06:37:05.714Z [RESOLUTION] 开始执行命令获取分辨率: "D:\code\cursor\looklook\node_modules\ffprobe-static\bin\win32\x64\ffprobe.exe" -v error -select_streams v:0 -show_entries stream=width,height -of csv=s=x:p=0 "D:\Users\Videos\第二次选择\SampleVideo_1280x720_10mb.mp4"
2025-05-19T06:37:05.785Z [RESOLUTION] 命令输出: "1280x720"
2025-05-19T06:37:05.785Z [LOG] 成功解析分辨率: 1280×720
2025-05-19T06:37:05.785Z [RESOLUTION] 成功解析分辨率: 1280×720
2025-05-19T06:37:05.786Z [LOG] 获取视频时长: D:\Users\Videos\第二次选择\SampleVideo_1280x720_10mb.mp4
2025-05-19T06:37:05.786Z [MAIN] 开始获取视频时长: D:\Users\Videos\第二次选择\SampleVideo_1280x720_10mb.mp4
2025-05-19T06:37:05.786Z [LOG] 直接获取视频时长
2025-05-19T06:37:05.786Z [DURATION] 开始获取视频时长: D:\Users\Videos\第二次选择\SampleVideo_1280x720_10mb.mp4
2025-05-19T06:37:05.786Z [PATH] 尝试获取FFprobe路径
2025-05-19T06:37:05.786Z [LOG] 使用配置的FFprobe路径: D:\code\cursor\looklook\node_modules\ffprobe-static\bin\win32\x64\ffprobe.exe
2025-05-19T06:37:05.787Z [PATH] 使用配置的FFprobe路径: D:\code\cursor\looklook\node_modules\ffprobe-static\bin\win32\x64\ffprobe.exe
2025-05-19T06:37:05.787Z [DURATION] 在开发环境中使用ffprobe路径: D:\code\cursor\looklook\node_modules\ffprobe-static\bin\win32\x64\ffprobe.exe
2025-05-19T06:37:05.787Z [DURATION] 检查ffprobe可执行文件是否存在: true
2025-05-19T06:37:05.787Z [LOG] 执行命令: "D:\code\cursor\looklook\node_modules\ffprobe-static\bin\win32\x64\ffprobe.exe" -v error -show_entries format=duration -of default=noprint_wrappers=1:nokey=1 "D:\Users\Videos\第二次选择\SampleVideo_1280x720_10mb.mp4"
2025-05-19T06:37:05.787Z [DURATION] 开始执行命令获取时长: "D:\code\cursor\looklook\node_modules\ffprobe-static\bin\win32\x64\ffprobe.exe" -v error -show_entries format=duration -of default=noprint_wrappers=1:nokey=1 "D:\Users\Videos\第二次选择\SampleVideo_1280x720_10mb.mp4"
2025-05-19T06:37:05.858Z [DURATION] 命令输出: "62.315000"
2025-05-19T06:37:05.859Z [LOG] 成功解析时长: 00:01:02
2025-05-19T06:37:05.859Z [DURATION] 成功解析时长: 00:01:02
2025-05-19T06:37:05.859Z [LOG] 开始生成缩略图，视频路径: D:\Users\Videos\第二次选择\SampleVideo_1280x720_10mb.mp4
2025-05-19T06:37:05.860Z [LOG] 缩略图输出路径: D:\code\cursor\looklook\userdata\thumbnails\1747636626323-RDpcVXNl.jpg
2025-05-19T06:37:05.860Z [LOG] 生成随机时间点: 00:00:32
2025-05-19T06:37:05.860Z [LOG] 使用直接命令行ffmpeg生成缩略图
2025-05-19T06:37:05.860Z [PATH] 尝试获取FFmpeg路径
2025-05-19T06:37:05.861Z [LOG] 使用配置的FFmpeg路径: D:\code\cursor\looklook\node_modules\ffmpeg-static\ffmpeg.exe
2025-05-19T06:37:05.861Z [PATH] 使用配置的FFmpeg路径: D:\code\cursor\looklook\node_modules\ffmpeg-static\ffmpeg.exe
2025-05-19T06:37:05.861Z [LOG] 将使用时间点 00:00:32 生成缩略图
2025-05-19T06:37:05.861Z [LOG] 执行命令: D:\code\cursor\looklook\node_modules\ffmpeg-static\ffmpeg.exe -ss 00:00:32 -i D:\Users\Videos\第二次选择\SampleVideo_1280x720_10mb.mp4 -vframes 1 -s 320x180 -y D:\code\cursor\looklook\userdata\thumbnails\1747636626323-RDpcVXNl.jpg
2025-05-19T06:37:06.001Z [LOG] 直接ffmpeg成功生成缩略图: D:\code\cursor\looklook\userdata\thumbnails\1747636626323-RDpcVXNl.jpg
2025-05-19T06:37:06.001Z [LOG] 通过直接ffmpeg命令生成缩略图成功
2025-05-19T06:37:06.002Z [LOG] 设置已加载
2025-05-19T06:37:06.002Z [LOG] 获取视频分辨率: D:\Users\Videos\第二次选择\SampleVideo_720x480_5mb.mp4
2025-05-19T06:37:06.002Z [MAIN] 开始获取视频分辨率: D:\Users\Videos\第二次选择\SampleVideo_720x480_5mb.mp4
2025-05-19T06:37:06.002Z [LOG] 直接获取视频分辨率
2025-05-19T06:37:06.002Z [RESOLUTION] 开始获取视频分辨率: D:\Users\Videos\第二次选择\SampleVideo_720x480_5mb.mp4
2025-05-19T06:37:06.002Z [PATH] 尝试获取FFprobe路径
2025-05-19T06:37:06.002Z [LOG] 使用配置的FFprobe路径: D:\code\cursor\looklook\node_modules\ffprobe-static\bin\win32\x64\ffprobe.exe
2025-05-19T06:37:06.002Z [PATH] 使用配置的FFprobe路径: D:\code\cursor\looklook\node_modules\ffprobe-static\bin\win32\x64\ffprobe.exe
2025-05-19T06:37:06.003Z [RESOLUTION] 在开发环境中使用ffprobe路径: D:\code\cursor\looklook\node_modules\ffprobe-static\bin\win32\x64\ffprobe.exe
2025-05-19T06:37:06.003Z [RESOLUTION] 检查ffprobe可执行文件是否存在: true
2025-05-19T06:37:06.003Z [LOG] 执行命令: "D:\code\cursor\looklook\node_modules\ffprobe-static\bin\win32\x64\ffprobe.exe" -v error -select_streams v:0 -show_entries stream=width,height -of csv=s=x:p=0 "D:\Users\Videos\第二次选择\SampleVideo_720x480_5mb.mp4"
2025-05-19T06:37:06.003Z [RESOLUTION] 开始执行命令获取分辨率: "D:\code\cursor\looklook\node_modules\ffprobe-static\bin\win32\x64\ffprobe.exe" -v error -select_streams v:0 -show_entries stream=width,height -of csv=s=x:p=0 "D:\Users\Videos\第二次选择\SampleVideo_720x480_5mb.mp4"
2025-05-19T06:37:06.069Z [RESOLUTION] 命令输出: "640x480"
2025-05-19T06:37:06.070Z [LOG] 成功解析分辨率: 640×480
2025-05-19T06:37:06.070Z [RESOLUTION] 成功解析分辨率: 640×480
2025-05-19T06:37:06.070Z [LOG] 获取视频时长: D:\Users\Videos\第二次选择\SampleVideo_720x480_5mb.mp4
2025-05-19T06:37:06.070Z [MAIN] 开始获取视频时长: D:\Users\Videos\第二次选择\SampleVideo_720x480_5mb.mp4
2025-05-19T06:37:06.071Z [LOG] 直接获取视频时长
2025-05-19T06:37:06.071Z [DURATION] 开始获取视频时长: D:\Users\Videos\第二次选择\SampleVideo_720x480_5mb.mp4
2025-05-19T06:37:06.071Z [PATH] 尝试获取FFprobe路径
2025-05-19T06:37:06.071Z [LOG] 使用配置的FFprobe路径: D:\code\cursor\looklook\node_modules\ffprobe-static\bin\win32\x64\ffprobe.exe
2025-05-19T06:37:06.071Z [PATH] 使用配置的FFprobe路径: D:\code\cursor\looklook\node_modules\ffprobe-static\bin\win32\x64\ffprobe.exe
2025-05-19T06:37:06.071Z [DURATION] 在开发环境中使用ffprobe路径: D:\code\cursor\looklook\node_modules\ffprobe-static\bin\win32\x64\ffprobe.exe
2025-05-19T06:37:06.072Z [DURATION] 检查ffprobe可执行文件是否存在: true
2025-05-19T06:37:06.072Z [LOG] 执行命令: "D:\code\cursor\looklook\node_modules\ffprobe-static\bin\win32\x64\ffprobe.exe" -v error -show_entries format=duration -of default=noprint_wrappers=1:nokey=1 "D:\Users\Videos\第二次选择\SampleVideo_720x480_5mb.mp4"
2025-05-19T06:37:06.072Z [DURATION] 开始执行命令获取时长: "D:\code\cursor\looklook\node_modules\ffprobe-static\bin\win32\x64\ffprobe.exe" -v error -show_entries format=duration -of default=noprint_wrappers=1:nokey=1 "D:\Users\Videos\第二次选择\SampleVideo_720x480_5mb.mp4"
2025-05-19T06:37:06.140Z [DURATION] 命令输出: "30.998000"
2025-05-19T06:37:06.141Z [LOG] 成功解析时长: 00:00:30
2025-05-19T06:37:06.141Z [DURATION] 成功解析时长: 00:00:30
2025-05-19T06:37:06.141Z [LOG] 开始生成缩略图，视频路径: D:\Users\Videos\第二次选择\SampleVideo_720x480_5mb.mp4
2025-05-19T06:37:06.142Z [LOG] 缩略图输出路径: D:\code\cursor\looklook\userdata\thumbnails\1747636626750-RDpcVXNl.jpg
2025-05-19T06:37:06.142Z [LOG] 生成随机时间点: 00:00:37
2025-05-19T06:37:06.142Z [LOG] 使用直接命令行ffmpeg生成缩略图
2025-05-19T06:37:06.142Z [PATH] 尝试获取FFmpeg路径
2025-05-19T06:37:06.143Z [LOG] 使用配置的FFmpeg路径: D:\code\cursor\looklook\node_modules\ffmpeg-static\ffmpeg.exe
2025-05-19T06:37:06.143Z [PATH] 使用配置的FFmpeg路径: D:\code\cursor\looklook\node_modules\ffmpeg-static\ffmpeg.exe
2025-05-19T06:37:06.143Z [LOG] 将使用时间点 00:00:37 生成缩略图
2025-05-19T06:37:06.143Z [LOG] 执行命令: D:\code\cursor\looklook\node_modules\ffmpeg-static\ffmpeg.exe -ss 00:00:37 -i D:\Users\Videos\第二次选择\SampleVideo_720x480_5mb.mp4 -vframes 1 -s 320x180 -y D:\code\cursor\looklook\userdata\thumbnails\1747636626750-RDpcVXNl.jpg
2025-05-19T06:37:06.736Z [ERROR] 直接ffmpeg生成缩略图失败: Command failed: D:\code\cursor\looklook\node_modules\ffmpeg-static\ffmpeg.exe -ss 00:00:37 -i D:\Users\Videos\第二次选择\SampleVideo_720x480_5mb.mp4 -vframes 1 -s 320x180 -y D:\code\cursor\looklook\userdata\thumbnails\1747636626750-RDpcVXNl.jpg
ffmpeg version 7.1.1-essentials_build-www.gyan.dev Copyright (c) 2000-2025 the FFmpeg developers
  built with gcc 14.2.0 (Rev1, Built by MSYS2 project)
  configuration: --enable-gpl --enable-version3 --enable-static --disable-w32threads --disable-autodetect --enable-fontconfig --enable-iconv --enable-gnutls --enable-libxml2 --enable-gmp --enable-bzlib --enable-lzma --enable-zlib --enable-libsrt --enable-libssh --enable-libzmq --enable-avisynth --enable-sdl2 --enable-libwebp --enable-libx264 --enable-libx265 --enable-libxvid --enable-libaom --enable-libopenjpeg --enable-libvpx --enable-mediafoundation --enable-libass --enable-libfreetype --enable-libfribidi --enable-libharfbuzz --enable-libvidstab --enable-libvmaf --enable-libzimg --enable-amf --enable-cuda-llvm --enable-cuvid --enable-dxva2 --enable-d3d11va --enable-d3d12va --enable-ffnvcodec --enable-libvpl --enable-nvdec --enable-nvenc --enable-vaapi --enable-libgme --enable-libopenmpt --enable-libopencore-amrwb --enable-libmp3lame --enable-libtheora --enable-libvo-amrwbenc --enable-libgsm --enable-libopencore-amrnb --enable-libopus --enable-libspeex --enable-libvorbis --enable-librubberband
  libavutil      59. 39.100 / 59. 39.100
  libavcodec     61. 19.101 / 61. 19.101
  libavformat    61.  7.100 / 61.  7.100
  libavdevice    61.  3.100 / 61.  3.100
  libavfilter    10.  4.100 / 10.  4.100
  libswscale      8.  3.100 /  8.  3.100
  libswresample   5.  3.100 /  5.  3.100
  libpostproc    58.  3.100 / 58.  3.100
Input #0, mov,mp4,m4a,3gp,3g2,mj2, from 'D:\Users\Videos\第二次选择\SampleVideo_720x480_5mb.mp4':
  Metadata:
    major_brand     : isom
    minor_version   : 512
    compatible_brands: isomiso2avc1mp41
    creation_time   : 1970-01-01T00:00:00.000000Z
    encoder         : Lavf53.24.2
  Duration: 00:00:31.00, start: 0.000000, bitrate: 1353 kb/s
  Stream #0:0[0x1](und): Video: h264 (Main) (avc1 / 0x31637661), yuv420p(progressive), 640x480 [SAR 1:1 DAR 4:3], 966 kb/s, 25 fps, 25 tbr, 12800 tbn (default)
      Metadata:
        creation_time   : 1970-01-01T00:00:00.000000Z
        handler_name    : VideoHandler
        vendor_id       : [0][0][0][0]
  Stream #0:1[0x2](und): Audio: aac (LC) (mp4a / 0x6134706D), 48000 Hz, 5.1, fltp, 383 kb/s (default)
      Metadata:
        creation_time   : 1970-01-01T00:00:00.000000Z
        handler_name    : SoundHandler
        vendor_id       : [0][0][0][0]
Stream mapping:
  Stream #0:0 -> #0:0 (h264 (native) -> mjpeg (native))
Press [q] to stop, [?] for help
[vf#0:0 @ 000000000269bb00] No filtered frames for output stream, trying to initialize anyway.
[mjpeg @ 00000000026ae680] Non full-range YUV is non-standard, set strict_std_compliance to at most unofficial to use it.
[vost#0:0/mjpeg @ 00000000026bfa00] Error while opening encoder - maybe incorrect parameters such as bit_rate, rate, width or height.
[vf#0:0 @ 0000000002bc8640] Task finished with error code: -22 (Invalid argument)
[vf#0:0 @ 0000000002bc8640] Terminating thread with return code -22 (Invalid argument)
[vost#0:0/mjpeg @ 00000000026bfa00] Could not open encoder before EOF
[vost#0:0/mjpeg @ 00000000026bfa00] Task finished with error code: -22 (Invalid argument)
[vost#0:0/mjpeg @ 00000000026bfa00] Terminating thread with return code -22 (Invalid argument)
[out#0/image2 @ 0000000002690700] Nothing was written into output file, because at least one of its streams received no packets.
frame=    0 fps=0.0 q=0.0 Lsize=       0KiB time=N/A bitrate=N/A speed=N/A    
Conversion failed!

2025-05-19T06:37:06.739Z [ERROR] STDERR: ffmpeg version 7.1.1-essentials_build-www.gyan.dev Copyright (c) 2000-2025 the FFmpeg developers
  built with gcc 14.2.0 (Rev1, Built by MSYS2 project)
  configuration: --enable-gpl --enable-version3 --enable-static --disable-w32threads --disable-autodetect --enable-fontconfig --enable-iconv --enable-gnutls --enable-libxml2 --enable-gmp --enable-bzlib --enable-lzma --enable-zlib --enable-libsrt --enable-libssh --enable-libzmq --enable-avisynth --enable-sdl2 --enable-libwebp --enable-libx264 --enable-libx265 --enable-libxvid --enable-libaom --enable-libopenjpeg --enable-libvpx --enable-mediafoundation --enable-libass --enable-libfreetype --enable-libfribidi --enable-libharfbuzz --enable-libvidstab --enable-libvmaf --enable-libzimg --enable-amf --enable-cuda-llvm --enable-cuvid --enable-dxva2 --enable-d3d11va --enable-d3d12va --enable-ffnvcodec --enable-libvpl --enable-nvdec --enable-nvenc --enable-vaapi --enable-libgme --enable-libopenmpt --enable-libopencore-amrwb --enable-libmp3lame --enable-libtheora --enable-libvo-amrwbenc --enable-libgsm --enable-libopencore-amrnb --enable-libopus --enable-libspeex --enable-libvorbis --enable-librubberband
  libavutil      59. 39.100 / 59. 39.100
  libavcodec     61. 19.101 / 61. 19.101
  libavformat    61.  7.100 / 61.  7.100
  libavdevice    61.  3.100 / 61.  3.100
  libavfilter    10.  4.100 / 10.  4.100
  libswscale      8.  3.100 /  8.  3.100
  libswresample   5.  3.100 /  5.  3.100
  libpostproc    58.  3.100 / 58.  3.100
Input #0, mov,mp4,m4a,3gp,3g2,mj2, from 'D:\Users\Videos\第二次选择\SampleVideo_720x480_5mb.mp4':
  Metadata:
    major_brand     : isom
    minor_version   : 512
    compatible_brands: isomiso2avc1mp41
    creation_time   : 1970-01-01T00:00:00.000000Z
    encoder         : Lavf53.24.2
  Duration: 00:00:31.00, start: 0.000000, bitrate: 1353 kb/s
  Stream #0:0[0x1](und): Video: h264 (Main) (avc1 / 0x31637661), yuv420p(progressive), 640x480 [SAR 1:1 DAR 4:3], 966 kb/s, 25 fps, 25 tbr, 12800 tbn (default)
      Metadata:
        creation_time   : 1970-01-01T00:00:00.000000Z
        handler_name    : VideoHandler
        vendor_id       : [0][0][0][0]
  Stream #0:1[0x2](und): Audio: aac (LC) (mp4a / 0x6134706D), 48000 Hz, 5.1, fltp, 383 kb/s (default)
      Metadata:
        creation_time   : 1970-01-01T00:00:00.000000Z
        handler_name    : SoundHandler
        vendor_id       : [0][0][0][0]
Stream mapping:
  Stream #0:0 -> #0:0 (h264 (native) -> mjpeg (native))
Press [q] to stop, [?] for help
[vf#0:0 @ 000000000269bb00] No filtered frames for output stream, trying to initialize anyway.
[mjpeg @ 00000000026ae680] Non full-range YUV is non-standard, set strict_std_compliance to at most unofficial to use it.
[vost#0:0/mjpeg @ 00000000026bfa00] Error while opening encoder - maybe incorrect parameters such as bit_rate, rate, width or height.
[vf#0:0 @ 0000000002bc8640] Task finished with error code: -22 (Invalid argument)
[vf#0:0 @ 0000000002bc8640] Terminating thread with return code -22 (Invalid argument)
[vost#0:0/mjpeg @ 00000000026bfa00] Could not open encoder before EOF
[vost#0:0/mjpeg @ 00000000026bfa00] Task finished with error code: -22 (Invalid argument)
[vost#0:0/mjpeg @ 00000000026bfa00] Terminating thread with return code -22 (Invalid argument)
[out#0/image2 @ 0000000002690700] Nothing was written into output file, because at least one of its streams received no packets.
frame=    0 fps=0.0 q=0.0 Lsize=       0KiB time=N/A bitrate=N/A speed=N/A    
Conversion failed!

2025-05-19T06:37:06.743Z [ERROR] 直接ffmpeg命令生成缩略图失败: Command failed: D:\code\cursor\looklook\node_modules\ffmpeg-static\ffmpeg.exe -ss 00:00:37 -i D:\Users\Videos\第二次选择\SampleVideo_720x480_5mb.mp4 -vframes 1 -s 320x180 -y D:\code\cursor\looklook\userdata\thumbnails\1747636626750-RDpcVXNl.jpg
ffmpeg version 7.1.1-essentials_build-www.gyan.dev Copyright (c) 2000-2025 the FFmpeg developers
  built with gcc 14.2.0 (Rev1, Built by MSYS2 project)
  configuration: --enable-gpl --enable-version3 --enable-static --disable-w32threads --disable-autodetect --enable-fontconfig --enable-iconv --enable-gnutls --enable-libxml2 --enable-gmp --enable-bzlib --enable-lzma --enable-zlib --enable-libsrt --enable-libssh --enable-libzmq --enable-avisynth --enable-sdl2 --enable-libwebp --enable-libx264 --enable-libx265 --enable-libxvid --enable-libaom --enable-libopenjpeg --enable-libvpx --enable-mediafoundation --enable-libass --enable-libfreetype --enable-libfribidi --enable-libharfbuzz --enable-libvidstab --enable-libvmaf --enable-libzimg --enable-amf --enable-cuda-llvm --enable-cuvid --enable-dxva2 --enable-d3d11va --enable-d3d12va --enable-ffnvcodec --enable-libvpl --enable-nvdec --enable-nvenc --enable-vaapi --enable-libgme --enable-libopenmpt --enable-libopencore-amrwb --enable-libmp3lame --enable-libtheora --enable-libvo-amrwbenc --enable-libgsm --enable-libopencore-amrnb --enable-libopus --enable-libspeex --enable-libvorbis --enable-librubberband
  libavutil      59. 39.100 / 59. 39.100
  libavcodec     61. 19.101 / 61. 19.101
  libavformat    61.  7.100 / 61.  7.100
  libavdevice    61.  3.100 / 61.  3.100
  libavfilter    10.  4.100 / 10.  4.100
  libswscale      8.  3.100 /  8.  3.100
  libswresample   5.  3.100 /  5.  3.100
  libpostproc    58.  3.100 / 58.  3.100
Input #0, mov,mp4,m4a,3gp,3g2,mj2, from 'D:\Users\Videos\第二次选择\SampleVideo_720x480_5mb.mp4':
  Metadata:
    major_brand     : isom
    minor_version   : 512
    compatible_brands: isomiso2avc1mp41
    creation_time   : 1970-01-01T00:00:00.000000Z
    encoder         : Lavf53.24.2
  Duration: 00:00:31.00, start: 0.000000, bitrate: 1353 kb/s
  Stream #0:0[0x1](und): Video: h264 (Main) (avc1 / 0x31637661), yuv420p(progressive), 640x480 [SAR 1:1 DAR 4:3], 966 kb/s, 25 fps, 25 tbr, 12800 tbn (default)
      Metadata:
        creation_time   : 1970-01-01T00:00:00.000000Z
        handler_name    : VideoHandler
        vendor_id       : [0][0][0][0]
  Stream #0:1[0x2](und): Audio: aac (LC) (mp4a / 0x6134706D), 48000 Hz, 5.1, fltp, 383 kb/s (default)
      Metadata:
        creation_time   : 1970-01-01T00:00:00.000000Z
        handler_name    : SoundHandler
        vendor_id       : [0][0][0][0]
Stream mapping:
  Stream #0:0 -> #0:0 (h264 (native) -> mjpeg (native))
Press [q] to stop, [?] for help
[vf#0:0 @ 000000000269bb00] No filtered frames for output stream, trying to initialize anyway.
[mjpeg @ 00000000026ae680] Non full-range YUV is non-standard, set strict_std_compliance to at most unofficial to use it.
[vost#0:0/mjpeg @ 00000000026bfa00] Error while opening encoder - maybe incorrect parameters such as bit_rate, rate, width or height.
[vf#0:0 @ 0000000002bc8640] Task finished with error code: -22 (Invalid argument)
[vf#0:0 @ 0000000002bc8640] Terminating thread with return code -22 (Invalid argument)
[vost#0:0/mjpeg @ 00000000026bfa00] Could not open encoder before EOF
[vost#0:0/mjpeg @ 00000000026bfa00] Task finished with error code: -22 (Invalid argument)
[vost#0:0/mjpeg @ 00000000026bfa00] Terminating thread with return code -22 (Invalid argument)
[out#0/image2 @ 0000000002690700] Nothing was written into output file, because at least one of its streams received no packets.
frame=    0 fps=0.0 q=0.0 Lsize=       0KiB time=N/A bitrate=N/A speed=N/A    
Conversion failed!

2025-05-19T06:37:06.743Z [LOG] 尝试使用直接命令行方式生成缩略图
2025-05-19T06:37:06.744Z [LOG] 直接获取视频时长（秒数）
2025-05-19T06:37:06.744Z [PATH] 尝试获取FFprobe路径
2025-05-19T06:37:06.744Z [LOG] 使用配置的FFprobe路径: D:\code\cursor\looklook\node_modules\ffprobe-static\bin\win32\x64\ffprobe.exe
2025-05-19T06:37:06.744Z [PATH] 使用配置的FFprobe路径: D:\code\cursor\looklook\node_modules\ffprobe-static\bin\win32\x64\ffprobe.exe
2025-05-19T06:37:06.745Z [LOG] 在开发环境中使用ffprobe路径: D:\code\cursor\looklook\node_modules\ffprobe-static\bin\win32\x64\ffprobe.exe
2025-05-19T06:37:06.745Z [LOG] 执行命令: D:\code\cursor\looklook\node_modules\ffprobe-static\bin\win32\x64\ffprobe.exe -v error -show_entries format=duration -of default=noprint_wrappers=1:nokey=1 D:\Users\Videos\第二次选择\SampleVideo_720x480_5mb.mp4
2025-05-19T06:37:06.803Z [LOG] 时长命令输出: 30.998000
2025-05-19T06:37:06.804Z [LOG] 成功获取视频时长: 30.998 秒
2025-05-19T06:37:06.804Z [LOG] 获取到视频时长: 30.998 秒, 准备截取缩略图
2025-05-19T06:37:06.804Z [LOG] 将在视频的 5 秒处截取缩略图 (随机生成)
2025-05-19T06:37:06.804Z [PATH] 尝试获取FFmpeg路径
2025-05-19T06:37:06.804Z [LOG] 使用配置的FFmpeg路径: D:\code\cursor\looklook\node_modules\ffmpeg-static\ffmpeg.exe
2025-05-19T06:37:06.805Z [PATH] 使用配置的FFmpeg路径: D:\code\cursor\looklook\node_modules\ffmpeg-static\ffmpeg.exe
2025-05-19T06:37:06.805Z [LOG] 执行命令: D:\code\cursor\looklook\node_modules\ffmpeg-static\ffmpeg.exe -i D:\Users\Videos\第二次选择\SampleVideo_720x480_5mb.mp4 -ss 5 -vframes 1 -s 320x180 -y D:\code\cursor\looklook\userdata\thumbnails\1747636626750-RDpcVXNl.jpg
2025-05-19T06:37:06.908Z [LOG] 命令行方式成功生成缩略图: D:\code\cursor\looklook\userdata\thumbnails\1747636626750-RDpcVXNl.jpg
2025-05-19T06:37:06.908Z [LOG] 通过多步骤方法成功生成缩略图
2025-05-19T06:37:06.909Z [LOG] 保存当前批次的 5 个视频到数据库
2025-05-19T06:37:06.910Z [LOG] 成功保存批次中的 5 个视频到数据库
2025-05-19T06:37:06.912Z [LOG] 处理get-videos请求
2025-05-19T06:37:11.579Z [LOG] 处理自定义协议请求: app://thumbnail/1747625929418-RDpcVXNl.jpg
2025-05-19T06:37:11.580Z [LOG] 缩略图路径: D:\code\cursor\looklook\userdata\thumbnails\1747625929418-RDpcVXNl.jpg
2025-05-19T06:37:11.581Z [LOG] 处理自定义协议请求: app://thumbnail/1747625522459-RDpcVXNl.jpg
2025-05-19T06:37:11.581Z [LOG] 缩略图路径: D:\code\cursor\looklook\userdata\thumbnails\1747625522459-RDpcVXNl.jpg
2025-05-19T06:37:11.582Z [LOG] 处理自定义协议请求: app://thumbnail/1747626468736-RDpcVXNl.jpg
2025-05-19T06:37:11.583Z [LOG] 缩略图路径: D:\code\cursor\looklook\userdata\thumbnails\1747626468736-RDpcVXNl.jpg
2025-05-19T06:37:11.584Z [LOG] 处理自定义协议请求: app://thumbnail/1747636575725-RDpcVXNl.jpg
2025-05-19T06:37:11.584Z [LOG] 缩略图路径: D:\code\cursor\looklook\userdata\thumbnails\1747636575725-RDpcVXNl.jpg
2025-05-19T06:37:11.585Z [LOG] 处理自定义协议请求: app://thumbnail/1747636580194-RDpcVXNl.jpg
2025-05-19T06:37:11.585Z [LOG] 缩略图路径: D:\code\cursor\looklook\userdata\thumbnails\1747636580194-RDpcVXNl.jpg
2025-05-19T06:37:11.586Z [LOG] 处理自定义协议请求: app://thumbnail/1747636573654-RDpcVXNl.jpg
2025-05-19T06:37:11.586Z [LOG] 缩略图路径: D:\code\cursor\looklook\userdata\thumbnails\1747636573654-RDpcVXNl.jpg
2025-05-19T06:37:11.587Z [LOG] 处理自定义协议请求: app://thumbnail/1747636578939-RDpcVXNl.jpg
2025-05-19T06:37:11.587Z [LOG] 缩略图路径: D:\code\cursor\looklook\userdata\thumbnails\1747636578939-RDpcVXNl.jpg
2025-05-19T06:37:11.588Z [LOG] 处理自定义协议请求: app://thumbnail/1747636564765-RDpcVXNl.jpg
2025-05-19T06:37:11.588Z [LOG] 缩略图路径: D:\code\cursor\looklook\userdata\thumbnails\1747636564765-RDpcVXNl.jpg
2025-05-19T06:37:11.589Z [LOG] 处理自定义协议请求: app://thumbnail/1747636576050-RDpcVXNl.jpg
2025-05-19T06:37:11.589Z [LOG] 缩略图路径: D:\code\cursor\looklook\userdata\thumbnails\1747636576050-RDpcVXNl.jpg
2025-05-19T06:37:11.590Z [LOG] 处理自定义协议请求: app://thumbnail/1747636570430-RDpcVXNl.jpg
2025-05-19T06:37:11.590Z [LOG] 缩略图路径: D:\code\cursor\looklook\userdata\thumbnails\1747636570430-RDpcVXNl.jpg
2025-05-19T06:37:11.591Z [LOG] 处理自定义协议请求: app://thumbnail/1747636570932-RDpcVXNl.jpg
2025-05-19T06:37:11.591Z [LOG] 缩略图路径: D:\code\cursor\looklook\userdata\thumbnails\1747636570932-RDpcVXNl.jpg
2025-05-19T06:37:11.592Z [LOG] 处理自定义协议请求: app://thumbnail/1747636570586-RDpcVXNl.jpg
2025-05-19T06:37:11.592Z [LOG] 缩略图路径: D:\code\cursor\looklook\userdata\thumbnails\1747636570586-RDpcVXNl.jpg
2025-05-19T06:37:11.592Z [LOG] 处理自定义协议请求: app://thumbnail/1747636578083-RDpcVXNl.jpg
2025-05-19T06:37:11.593Z [LOG] 缩略图路径: D:\code\cursor\looklook\userdata\thumbnails\1747636578083-RDpcVXNl.jpg
2025-05-19T06:37:11.593Z [LOG] 处理自定义协议请求: app://thumbnail/1747636565192-RDpcVXNl.jpg
2025-05-19T06:37:11.594Z [LOG] 缩略图路径: D:\code\cursor\looklook\userdata\thumbnails\1747636565192-RDpcVXNl.jpg
2025-05-19T06:37:11.594Z [LOG] 处理自定义协议请求: app://thumbnail/1747636576305-RDpcVXNl.jpg
2025-05-19T06:37:11.594Z [LOG] 缩略图路径: D:\code\cursor\looklook\userdata\thumbnails\1747636576305-RDpcVXNl.jpg
2025-05-19T06:37:11.595Z [LOG] 处理自定义协议请求: app://thumbnail/1747636566967-RDpcVXNl.jpg
2025-05-19T06:37:11.595Z [LOG] 缩略图路径: D:\code\cursor\looklook\userdata\thumbnails\1747636566967-RDpcVXNl.jpg
2025-05-19T06:37:11.596Z [LOG] 处理自定义协议请求: app://thumbnail/1747636566781-RDpcVXNl.jpg
2025-05-19T06:37:11.596Z [LOG] 缩略图路径: D:\code\cursor\looklook\userdata\thumbnails\1747636566781-RDpcVXNl.jpg
2025-05-19T06:37:11.596Z [LOG] 处理自定义协议请求: app://thumbnail/1747636565735-RDpcVXNl.jpg
2025-05-19T06:37:11.598Z [LOG] 缩略图路径: D:\code\cursor\looklook\userdata\thumbnails\1747636565735-RDpcVXNl.jpg
2025-05-19T06:37:11.598Z [LOG] 处理自定义协议请求: app://thumbnail/1747636564773-RDpcVXNl.jpg
2025-05-19T06:37:11.599Z [LOG] 缩略图路径: D:\code\cursor\looklook\userdata\thumbnails\1747636564773-RDpcVXNl.jpg
2025-05-19T06:37:11.599Z [LOG] 处理自定义协议请求: app://thumbnail/1747636581144-RDpcVXNl.jpg
2025-05-19T06:37:11.599Z [LOG] 缩略图路径: D:\code\cursor\looklook\userdata\thumbnails\1747636581144-RDpcVXNl.jpg
2025-05-19T06:37:11.600Z [LOG] 处理自定义协议请求: app://thumbnail/1747636626323-RDpcVXNl.jpg
2025-05-19T06:37:11.601Z [LOG] 缩略图路径: D:\code\cursor\looklook\userdata\thumbnails\1747636626323-RDpcVXNl.jpg
2025-05-19T06:37:11.601Z [LOG] 处理自定义协议请求: app://thumbnail/1747636625528-RDpcVXNl.jpg
2025-05-19T06:37:11.602Z [LOG] 缩略图路径: D:\code\cursor\looklook\userdata\thumbnails\1747636625528-RDpcVXNl.jpg
2025-05-19T06:37:11.602Z [LOG] 处理自定义协议请求: app://thumbnail/1747636625816-RDpcVXNl.jpg
2025-05-19T06:37:11.603Z [LOG] 缩略图路径: D:\code\cursor\looklook\userdata\thumbnails\1747636625816-RDpcVXNl.jpg
2025-05-19T06:37:11.603Z [LOG] 处理自定义协议请求: app://thumbnail/1747636625471-RDpcVXNl.jpg
2025-05-19T06:37:11.604Z [LOG] 缩略图路径: D:\code\cursor\looklook\userdata\thumbnails\1747636625471-RDpcVXNl.jpg
2025-05-19T06:37:11.604Z [LOG] 处理自定义协议请求: app://thumbnail/1747636626750-RDpcVXNl.jpg
2025-05-19T06:37:11.604Z [LOG] 缩略图路径: D:\code\cursor\looklook\userdata\thumbnails\1747636626750-RDpcVXNl.jpg
2025-05-19T06:37:13.979Z [LOG] 处理自定义协议请求: app://thumbnail/1747636574281-RDpcVXNl.jpg
2025-05-19T06:37:13.980Z [LOG] 缩略图路径: D:\code\cursor\looklook\userdata\thumbnails\1747636574281-RDpcVXNl.jpg
2025-05-19T06:37:13.981Z [LOG] 处理自定义协议请求: app://thumbnail/1747636574036-RDpcVXNl.jpg
2025-05-19T06:37:13.981Z [LOG] 缩略图路径: D:\code\cursor\looklook\userdata\thumbnails\1747636574036-RDpcVXNl.jpg
2025-05-19T06:37:13.982Z [LOG] 处理自定义协议请求: app://thumbnail/1747636574655-RDpcVXNl.jpg
2025-05-19T06:37:13.982Z [LOG] 缩略图路径: D:\code\cursor\looklook\userdata\thumbnails\1747636574655-RDpcVXNl.jpg
2025-05-19T06:37:13.983Z [LOG] 处理自定义协议请求: app://thumbnail/1747636577127-RDpcVXNl.jpg
2025-05-19T06:37:13.983Z [LOG] 缩略图路径: D:\code\cursor\looklook\userdata\thumbnails\1747636577127-RDpcVXNl.jpg
2025-05-19T06:37:13.984Z [LOG] 处理自定义协议请求: app://thumbnail/1747636579594-RDpcVXNl.jpg
2025-05-19T06:37:13.984Z [LOG] 缩略图路径: D:\code\cursor\looklook\userdata\thumbnails\1747636579594-RDpcVXNl.jpg
2025-05-19T06:37:13.985Z [LOG] 处理自定义协议请求: app://thumbnail/1747636573074-RDpcVXNl.jpg
2025-05-19T06:37:13.985Z [LOG] 缩略图路径: D:\code\cursor\looklook\userdata\thumbnails\1747636573074-RDpcVXNl.jpg
2025-05-19T06:37:13.986Z [LOG] 处理自定义协议请求: app://thumbnail/1747636571473-RDpcVXNl.jpg
2025-05-19T06:37:13.987Z [LOG] 缩略图路径: D:\code\cursor\looklook\userdata\thumbnails\1747636571473-RDpcVXNl.jpg
2025-05-19T06:37:13.987Z [LOG] 处理自定义协议请求: app://thumbnail/1747636572037-RDpcVXNl.jpg
2025-05-19T06:37:13.988Z [LOG] 缩略图路径: D:\code\cursor\looklook\userdata\thumbnails\1747636572037-RDpcVXNl.jpg
2025-05-19T06:37:13.988Z [LOG] 处理自定义协议请求: app://thumbnail/1747636565441-RDpcVXNl.jpg
2025-05-19T06:37:13.988Z [LOG] 缩略图路径: D:\code\cursor\looklook\userdata\thumbnails\1747636565441-RDpcVXNl.jpg
2025-05-19T06:37:13.989Z [LOG] 处理自定义协议请求: app://thumbnail/1747636576140-RDpcVXNl.jpg
2025-05-19T06:37:13.989Z [LOG] 缩略图路径: D:\code\cursor\looklook\userdata\thumbnails\1747636576140-RDpcVXNl.jpg
2025-05-19T06:37:13.990Z [LOG] 处理自定义协议请求: app://thumbnail/1747636567930-RDpcVXNl.jpg
2025-05-19T06:37:13.990Z [LOG] 缩略图路径: D:\code\cursor\looklook\userdata\thumbnails\1747636567930-RDpcVXNl.jpg
2025-05-19T06:37:13.991Z [LOG] 处理自定义协议请求: app://thumbnail/1747636569441-RDpcVXNl.jpg
2025-05-19T06:37:13.992Z [LOG] 缩略图路径: D:\code\cursor\looklook\userdata\thumbnails\1747636569441-RDpcVXNl.jpg
2025-05-19T06:37:13.993Z [LOG] 处理自定义协议请求: app://thumbnail/1747636578476-RDpcVXNl.jpg
2025-05-19T06:37:13.994Z [LOG] 缩略图路径: D:\code\cursor\looklook\userdata\thumbnails\1747636578476-RDpcVXNl.jpg
2025-05-19T06:37:13.994Z [LOG] 处理自定义协议请求: app://thumbnail/1747636568322-RDpcVXNl.jpg
2025-05-19T06:37:13.995Z [LOG] 缩略图路径: D:\code\cursor\looklook\userdata\thumbnails\1747636568322-RDpcVXNl.jpg
2025-05-19T07:29:47.998Z 日志开始 - 2025-05-19T07:29:47.998Z - 应用版本: 1.0.0 - 运行环境: 开发环境
2025-05-19T07:29:47.998Z 系统信息: win32 x64 - Node.js 18.18.2
2025-05-19T07:29:47.998Z App路径: D:\code\cursor\looklook
2025-05-19T07:29:47.999Z 可执行文件路径: D:\code\cursor\looklook\node_modules\electron\dist\electron.exe
2025-05-19T07:29:47.999Z [LOG] 日志文件已创建: D:\code\cursor\looklook\userdata\logs\app-2025-05-19.log
2025-05-19T07:29:47.999Z [ERROR] 设置控制台编码失败: process.stdout.setEncoding is not a function
2025-05-19T07:29:48.000Z [LOG] 应用准备就绪
2025-05-19T07:29:48.000Z [ENV] 运行模式: 开发环境
2025-05-19T07:29:48.000Z [ENV] 应用路径: D:\code\cursor\looklook
2025-05-19T07:29:48.000Z [ENV] 可执行文件路径: D:\code\cursor\looklook\node_modules\electron\dist\electron.exe
2025-05-19T07:29:48.000Z [ENV] 用户数据路径: D:\code\cursor\looklook\userdata
2025-05-19T07:29:48.000Z [FFMPEG_COPY] 开发环境中无需复制FFmpeg和FFprobe
2025-05-19T07:29:48.001Z [LOG] 用户数据目录: D:\code\cursor\looklook\userdata
2025-05-19T07:29:48.001Z [LOG] 缩略图目录: D:\code\cursor\looklook\userdata\thumbnails
2025-05-19T07:29:48.001Z [LOG] 设置文件已存在，无需创建默认设置
2025-05-19T07:29:48.004Z [LOG] 打包状态: 开发环境
2025-05-19T07:29:48.005Z [LOG] App Path: D:\code\cursor\looklook
2025-05-19T07:29:48.005Z [LOG] Exe Path: D:\code\cursor\looklook\node_modules\electron\dist\electron.exe
2025-05-19T07:29:48.005Z [LOG] 应用目录: D:\code\cursor\looklook\node_modules\electron\dist
2025-05-19T07:29:48.006Z [LOG] 资源目录: D:\code\cursor\looklook\node_modules\electron\dist\resources
2025-05-19T07:29:48.006Z [TEST] 开始测试FFmpeg和FFprobe可执行性
2025-05-19T07:29:48.006Z [TEST] 打包状态: 开发环境
2025-05-19T07:29:48.006Z [TEST] App路径: D:\code\cursor\looklook
2025-05-19T07:29:48.006Z [TEST] 可执行文件路径: D:\code\cursor\looklook\node_modules\electron\dist\electron.exe
2025-05-19T07:29:48.006Z [TEST] 应用目录: D:\code\cursor\looklook\node_modules\electron\dist
2025-05-19T07:29:48.007Z [TEST] 资源目录: D:\code\cursor\looklook\node_modules\electron\dist\resources
2025-05-19T07:29:48.007Z [LOG] 检查node_modules路径: D:\code\cursor\looklook\node_modules\electron\dist\resources\node_modules, 存在: false
2025-05-19T07:29:48.007Z [TEST] 检查node_modules路径: D:\code\cursor\looklook\node_modules\electron\dist\resources\node_modules, 存在: false
2025-05-19T07:29:48.007Z [LOG] 检查node_modules路径: D:\code\cursor\looklook\node_modules\electron\dist\node_modules, 存在: false
2025-05-19T07:29:48.008Z [TEST] 检查node_modules路径: D:\code\cursor\looklook\node_modules\electron\dist\node_modules, 存在: false
2025-05-19T07:29:48.008Z [LOG] 检查node_modules路径: D:\code\cursor\looklook\node_modules, 存在: true
2025-05-19T07:29:48.008Z [TEST] 检查node_modules路径: D:\code\cursor\looklook\node_modules, 存在: true
2025-05-19T07:29:48.009Z [TEST] D:\code\cursor\looklook\node_modules 中内容: .bin, .package-lock.json, 7zip-bin, @derhuerst, @develar, @electron, @isaacs, @malept, @pkgjs, @sindresorhus, @szmarczak, @tootallnate, @types, @xmldom, agent-base, ajv, ajv-formats, ajv-keywords, ansi-regex, ansi-styles, app-builder-bin, app-builder-lib, archiver, archiver-utils, argparse, async, async-exit-hook, asynckit, at-least-node, atomically, balanced-match, base64-js, binary-search-tree, bl, bluebird, bluebird-lst, boolean, brace-expansion, buffer, buffer-crc32, buffer-equal, buffer-from, builder-util, builder-util-runtime, cacheable-lookup, cacheable-request, call-bind-apply-helpers, caseless, chalk, chownr, chromium-pickle-js, ci-info, cliui, clone-response, color-convert, color-name, combined-stream, commander, compare-version, compress-commons, concat-map, concat-stream, conf, config-file-ts, core-util-is, crc-32, crc32-stream, cross-spawn, debounce-fn, debug, decompress-response, defer-to-connect, define-data-property, define-properties, delayed-stream, detect-node, dir-compare, dmg-builder, dot-prop, dotenv, dotenv-expand, dunder-proto, eastasianwidth, ejs, electron, electron-builder, electron-builder-squirrel-windows, electron-publish, electron-store, emoji-regex, end-of-stream, env-paths, err-code, es-define-property, es-errors, es-object-atoms, es-set-tostringtag, es6-error, escalade, escape-string-regexp, extract-zip, fast-deep-equal, fast-json-stable-stringify, fast-uri, fd-slicer, ffmpeg-static, ffprobe-static, filelist, fluent-ffmpeg, foreground-child, form-data, fs-constants, fs-extra, fs-minipass, fs.realpath, function-bind, get-caller-file, get-intrinsic, get-proto, get-stream, glob, global-agent, globalthis, gopd, got, graceful-fs, has-flag, has-property-descriptors, has-symbols, has-tostringtag, hasown, hosted-git-info, http-cache-semantics, http-proxy-agent, http-response-object, http2-wrapper, https-proxy-agent, iconv-lite, ieee754, immediate, inflight, inherits, is-ci, is-fullwidth-code-point, isarray, isbinaryfile, isexe, jackspeak, jake, js-yaml, json-buffer, json-schema-traverse, json-schema-typed, json-stringify-safe, json5, jsonfile, keyv, lazy-val, lazystream, lie, localforage, lodash, lodash.defaults, lodash.difference, lodash.flatten, lodash.isplainobject, lodash.union, lowercase-keys, lru-cache, matcher, math-intrinsics, mime, mime-db, mime-types, mimic-function, mimic-response, minimatch, minimist, minipass, minizlib, mkdirp, ms, nedb, normalize-path, normalize-url, object-keys, once, p-cancelable, package-json-from-dist, parse-cache-control, path-is-absolute, path-key, path-scurry, pend, plist, process-nextick-args, progress, promise-retry, pump, punycode, quick-lru, read-config-file, readable-stream, readdir-glob, require-directory, require-from-string, resolve-alpn, responselike, retry, rimraf, roarr, safe-buffer, safer-buffer, sanitize-filename, sax, semver, semver-compare, serialize-error, shebang-command, shebang-regex, signal-exit, simple-update-notifier, source-map, source-map-support, sprintf-js, stat-mode, string-width, string-width-cjs, string_decoder, strip-ansi, strip-ansi-cjs, stubborn-fs, sumchecker, supports-color, tar, tar-stream, temp-file, tmp, tmp-promise, truncate-utf8-bytes, type-fest, typedarray, typescript, uint8array-extras, underscore, undici-types, universalify, uri-js, utf8-byte-length, util-deprecate, when-exit, which, wrap-ansi, wrap-ansi-cjs, wrappy, xmlbuilder, y18n, yallist, yargs, yargs-parser, yauzl, zip-stream
2025-05-19T07:29:48.009Z [TEST] ffmpeg-static存在于 D:\code\cursor\looklook\node_modules\ffmpeg-static
2025-05-19T07:29:48.010Z [TEST] ffmpeg-static内容: example.js, ffmpeg.exe, index.js, install.js, LICENSE, package.json, README.md, types
2025-05-19T07:29:48.010Z [TEST] ffprobe-static存在于 D:\code\cursor\looklook\node_modules\ffprobe-static
2025-05-19T07:29:48.010Z [TEST] ffprobe-static内容: bin, index.js, LICENSE, package.json, README.md, tests
2025-05-19T07:29:48.011Z [TEST] ffprobe-static/bin内容: darwin, linux, win32
2025-05-19T07:29:48.012Z [TEST] ffprobe-static/bin/win32内容: ia32, x64
2025-05-19T07:29:48.012Z [TEST] ffprobe-static/bin/win32/x64内容: ffprobe.exe
2025-05-19T07:29:48.012Z [LOG] 测试FFmpeg可执行性...
2025-05-19T07:29:48.012Z [TEST] 开始测试FFmpeg可执行性
2025-05-19T07:29:48.013Z [LOG] FFmpeg文件存在: D:\code\cursor\looklook\node_modules\ffmpeg-static\ffmpeg.exe
2025-05-19T07:29:48.013Z [TEST] FFmpeg文件存在: D:\code\cursor\looklook\node_modules\ffmpeg-static\ffmpeg.exe
2025-05-19T07:29:48.013Z [LOG] FFmpeg有执行权限
2025-05-19T07:29:48.014Z [TEST] FFmpeg有执行权限
2025-05-19T07:29:48.043Z [LOG] 测试FFprobe可执行性...
2025-05-19T07:29:48.043Z [LOG] FFprobe文件存在: D:\code\cursor\looklook\node_modules\ffprobe-static\bin\win32\x64\ffprobe.exe
2025-05-19T07:29:48.043Z [LOG] FFprobe有执行权限
2025-05-19T07:29:48.104Z [LOG] 注册IPC事件处理程序...
2025-05-19T07:29:48.104Z [LOG] IPC事件处理程序注册完成
2025-05-19T07:29:48.109Z [LOG] FFprobe执行测试成功: ffprobe version 4.0.2 Copyright (c) 2007-2018 the FFmpeg developers
2025-05-19T07:29:48.110Z [LOG] FFmpeg执行测试成功: ffmpeg version 7.1.1-essentials_build-www.gyan.dev Copyright (c) 2000-2025 the FFmpeg developers
2025-05-19T07:29:48.110Z [TEST] FFmpeg执行测试成功: ffmpeg version 7.1.1-essentials_build-www.gyan.dev Copyright (c) 2000-2025 the FFmpeg developers
2025-05-19T07:29:48.111Z [LOG] FFprobe执行测试成功: ffprobe version 4.0.2 Copyright (c) 2007-2018 the FFmpeg developers
2025-05-19T07:29:48.111Z [LOG] FFmpeg执行测试成功: ffmpeg version 7.1.1-essentials_build-www.gyan.dev Copyright (c) 2000-2025 the FFmpeg developers
2025-05-19T07:29:48.111Z [TEST] FFmpeg执行测试成功: ffmpeg version 7.1.1-essentials_build-www.gyan.dev Copyright (c) 2000-2025 the FFmpeg developers
2025-05-19T07:29:48.140Z [LOG] 已加载 34 个视频记录
2025-05-19T07:29:48.141Z [LOG] 开始检查是否存在重复视频记录...
2025-05-19T07:29:48.141Z [LOG] 没有发现重复视频记录
2025-05-19T07:29:48.144Z [LOG] 已加载枚举值[collection]: 16个
2025-05-19T07:29:48.144Z [LOG] 已加载枚举值[actors]: 3个
2025-05-19T07:29:48.144Z [LOG] 数据库模块初始化完成
2025-05-19T07:29:48.262Z [LOG] 处理get-videos请求
2025-05-19T07:29:48.265Z [LOG] 处理get-enum-values请求: collection
2025-05-19T07:29:48.266Z [LOG] 处理get-enum-values请求: actors
2025-05-19T07:29:48.285Z [LOG] 处理自定义协议请求: app://thumbnail/1747625929418-RDpcVXNl.jpg
2025-05-19T07:29:48.286Z [LOG] 缩略图路径: D:\code\cursor\looklook\userdata\thumbnails\1747625929418-RDpcVXNl.jpg
2025-05-19T07:29:48.286Z [LOG] 处理自定义协议请求: app://thumbnail/1747625522459-RDpcVXNl.jpg
2025-05-19T07:29:48.287Z [LOG] 缩略图路径: D:\code\cursor\looklook\userdata\thumbnails\1747625522459-RDpcVXNl.jpg
2025-05-19T07:29:48.287Z [LOG] 处理get-enum-values请求: collection
2025-05-19T07:29:48.288Z [LOG] 处理自定义协议请求: app://thumbnail/1747636575725-RDpcVXNl.jpg
2025-05-19T07:29:48.288Z [LOG] 缩略图路径: D:\code\cursor\looklook\userdata\thumbnails\1747636575725-RDpcVXNl.jpg
2025-05-19T07:29:48.289Z [LOG] 处理get-enum-values请求: actors
2025-05-19T07:29:48.290Z [LOG] 处理自定义协议请求: app://thumbnail/1747626468736-RDpcVXNl.jpg
2025-05-19T07:29:48.290Z [LOG] 缩略图路径: D:\code\cursor\looklook\userdata\thumbnails\1747626468736-RDpcVXNl.jpg
2025-05-19T07:29:48.290Z [LOG] 处理自定义协议请求: app://thumbnail/1747636580194-RDpcVXNl.jpg
2025-05-19T07:29:48.291Z [LOG] 缩略图路径: D:\code\cursor\looklook\userdata\thumbnails\1747636580194-RDpcVXNl.jpg
2025-05-19T07:29:48.291Z [LOG] 处理自定义协议请求: app://thumbnail/1747636573654-RDpcVXNl.jpg
2025-05-19T07:29:48.291Z [LOG] 缩略图路径: D:\code\cursor\looklook\userdata\thumbnails\1747636573654-RDpcVXNl.jpg
2025-05-19T07:29:48.292Z [LOG] 处理自定义协议请求: app://thumbnail/1747636578939-RDpcVXNl.jpg
2025-05-19T07:29:48.292Z [LOG] 缩略图路径: D:\code\cursor\looklook\userdata\thumbnails\1747636578939-RDpcVXNl.jpg
2025-05-19T07:29:48.293Z [LOG] 处理自定义协议请求: app://thumbnail/1747636576050-RDpcVXNl.jpg
2025-05-19T07:29:48.293Z [LOG] 缩略图路径: D:\code\cursor\looklook\userdata\thumbnails\1747636576050-RDpcVXNl.jpg
2025-05-19T07:29:48.293Z [LOG] 处理自定义协议请求: app://thumbnail/1747636564765-RDpcVXNl.jpg
2025-05-19T07:29:48.294Z [LOG] 缩略图路径: D:\code\cursor\looklook\userdata\thumbnails\1747636564765-RDpcVXNl.jpg
2025-05-19T07:29:48.294Z [LOG] 处理自定义协议请求: app://thumbnail/1747636570430-RDpcVXNl.jpg
2025-05-19T07:29:48.295Z [LOG] 缩略图路径: D:\code\cursor\looklook\userdata\thumbnails\1747636570430-RDpcVXNl.jpg
2025-05-19T07:29:48.295Z [LOG] 处理自定义协议请求: app://thumbnail/1747636570932-RDpcVXNl.jpg
2025-05-19T07:29:48.295Z [LOG] 缩略图路径: D:\code\cursor\looklook\userdata\thumbnails\1747636570932-RDpcVXNl.jpg
2025-05-19T07:29:48.296Z [LOG] 处理自定义协议请求: app://thumbnail/1747636570586-RDpcVXNl.jpg
2025-05-19T07:29:48.296Z [LOG] 缩略图路径: D:\code\cursor\looklook\userdata\thumbnails\1747636570586-RDpcVXNl.jpg
2025-05-19T07:29:48.296Z [LOG] 处理自定义协议请求: app://thumbnail/1747636578083-RDpcVXNl.jpg
2025-05-19T07:29:48.297Z [LOG] 缩略图路径: D:\code\cursor\looklook\userdata\thumbnails\1747636578083-RDpcVXNl.jpg
2025-05-19T07:29:48.297Z [LOG] 处理自定义协议请求: app://thumbnail/1747636576305-RDpcVXNl.jpg
2025-05-19T07:29:48.298Z [LOG] 缩略图路径: D:\code\cursor\looklook\userdata\thumbnails\1747636576305-RDpcVXNl.jpg
2025-05-19T07:29:48.298Z [LOG] 处理自定义协议请求: app://thumbnail/1747636565192-RDpcVXNl.jpg
2025-05-19T07:29:48.298Z [LOG] 缩略图路径: D:\code\cursor\looklook\userdata\thumbnails\1747636565192-RDpcVXNl.jpg
2025-05-19T07:29:48.299Z [LOG] 处理自定义协议请求: app://thumbnail/1747636626323-RDpcVXNl.jpg
2025-05-19T07:29:48.299Z [LOG] 缩略图路径: D:\code\cursor\looklook\userdata\thumbnails\1747636626323-RDpcVXNl.jpg
2025-05-19T07:29:48.300Z [LOG] 处理自定义协议请求: app://thumbnail/1747636625528-RDpcVXNl.jpg
2025-05-19T07:29:48.300Z [LOG] 缩略图路径: D:\code\cursor\looklook\userdata\thumbnails\1747636625528-RDpcVXNl.jpg
2025-05-19T07:29:48.300Z [LOG] 处理自定义协议请求: app://thumbnail/1747636625816-RDpcVXNl.jpg
2025-05-19T07:29:48.301Z [LOG] 缩略图路径: D:\code\cursor\looklook\userdata\thumbnails\1747636625816-RDpcVXNl.jpg
2025-05-19T07:29:48.301Z [LOG] 处理自定义协议请求: app://thumbnail/1747636625471-RDpcVXNl.jpg
2025-05-19T07:29:48.301Z [LOG] 缩略图路径: D:\code\cursor\looklook\userdata\thumbnails\1747636625471-RDpcVXNl.jpg
2025-05-19T07:29:48.302Z [LOG] 处理自定义协议请求: app://thumbnail/1747636626750-RDpcVXNl.jpg
2025-05-19T07:29:48.302Z [LOG] 缩略图路径: D:\code\cursor\looklook\userdata\thumbnails\1747636626750-RDpcVXNl.jpg
2025-05-19T07:29:51.307Z [LOG] 打开视频: D:\Users\Videos\第二次选择\8888F897_1745215698544.mp4
2025-05-19T07:29:51.321Z [LOG] 处理自定义协议请求: app://thumbnail/1747625929418-RDpcVXNl.jpg
2025-05-19T07:29:51.321Z [LOG] 缩略图路径: D:\code\cursor\looklook\userdata\thumbnails\1747625929418-RDpcVXNl.jpg
2025-05-19T07:29:51.322Z [LOG] 处理自定义协议请求: app://thumbnail/1747625522459-RDpcVXNl.jpg
2025-05-19T07:29:51.323Z [LOG] 缩略图路径: D:\code\cursor\looklook\userdata\thumbnails\1747625522459-RDpcVXNl.jpg
2025-05-19T07:29:51.326Z [LOG] 处理自定义协议请求: app://thumbnail/1747636575725-RDpcVXNl.jpg
2025-05-19T07:29:51.326Z [LOG] 缩略图路径: D:\code\cursor\looklook\userdata\thumbnails\1747636575725-RDpcVXNl.jpg
2025-05-19T07:29:51.327Z [LOG] 处理自定义协议请求: app://thumbnail/1747626468736-RDpcVXNl.jpg
2025-05-19T07:29:51.328Z [LOG] 缩略图路径: D:\code\cursor\looklook\userdata\thumbnails\1747626468736-RDpcVXNl.jpg
2025-05-19T07:29:51.329Z [LOG] 处理自定义协议请求: app://thumbnail/1747636580194-RDpcVXNl.jpg
2025-05-19T07:29:51.329Z [LOG] 缩略图路径: D:\code\cursor\looklook\userdata\thumbnails\1747636580194-RDpcVXNl.jpg
2025-05-19T07:29:51.330Z [LOG] 处理自定义协议请求: app://thumbnail/1747636573654-RDpcVXNl.jpg
2025-05-19T07:29:51.331Z [LOG] 缩略图路径: D:\code\cursor\looklook\userdata\thumbnails\1747636573654-RDpcVXNl.jpg
2025-05-19T07:29:51.332Z [LOG] 处理自定义协议请求: app://thumbnail/1747636578939-RDpcVXNl.jpg
2025-05-19T07:29:51.332Z [LOG] 缩略图路径: D:\code\cursor\looklook\userdata\thumbnails\1747636578939-RDpcVXNl.jpg
2025-05-19T07:29:51.333Z [LOG] 处理自定义协议请求: app://thumbnail/1747636576050-RDpcVXNl.jpg
2025-05-19T07:29:51.334Z [LOG] 缩略图路径: D:\code\cursor\looklook\userdata\thumbnails\1747636576050-RDpcVXNl.jpg
2025-05-19T07:29:51.334Z [LOG] 处理自定义协议请求: app://thumbnail/1747636564765-RDpcVXNl.jpg
2025-05-19T07:29:51.335Z [LOG] 缩略图路径: D:\code\cursor\looklook\userdata\thumbnails\1747636564765-RDpcVXNl.jpg
2025-05-19T07:29:51.335Z [LOG] 处理自定义协议请求: app://thumbnail/1747636570430-RDpcVXNl.jpg
2025-05-19T07:29:51.336Z [LOG] 缩略图路径: D:\code\cursor\looklook\userdata\thumbnails\1747636570430-RDpcVXNl.jpg
2025-05-19T07:29:51.337Z [LOG] 处理自定义协议请求: app://thumbnail/1747636570932-RDpcVXNl.jpg
2025-05-19T07:29:51.337Z [LOG] 缩略图路径: D:\code\cursor\looklook\userdata\thumbnails\1747636570932-RDpcVXNl.jpg
2025-05-19T07:29:51.338Z [LOG] 处理自定义协议请求: app://thumbnail/1747636570586-RDpcVXNl.jpg
2025-05-19T07:29:51.338Z [LOG] 缩略图路径: D:\code\cursor\looklook\userdata\thumbnails\1747636570586-RDpcVXNl.jpg
2025-05-19T07:29:51.339Z [LOG] 处理自定义协议请求: app://thumbnail/1747636578083-RDpcVXNl.jpg
2025-05-19T07:29:51.339Z [LOG] 缩略图路径: D:\code\cursor\looklook\userdata\thumbnails\1747636578083-RDpcVXNl.jpg
2025-05-19T07:29:51.339Z [LOG] 处理自定义协议请求: app://thumbnail/1747636576305-RDpcVXNl.jpg
2025-05-19T07:29:51.340Z [LOG] 缩略图路径: D:\code\cursor\looklook\userdata\thumbnails\1747636576305-RDpcVXNl.jpg
2025-05-19T07:29:51.340Z [LOG] 处理自定义协议请求: app://thumbnail/1747636565192-RDpcVXNl.jpg
2025-05-19T07:29:51.340Z [LOG] 缩略图路径: D:\code\cursor\looklook\userdata\thumbnails\1747636565192-RDpcVXNl.jpg
2025-05-19T07:29:51.341Z [LOG] 处理自定义协议请求: app://thumbnail/1747636626323-RDpcVXNl.jpg
2025-05-19T07:29:51.341Z [LOG] 缩略图路径: D:\code\cursor\looklook\userdata\thumbnails\1747636626323-RDpcVXNl.jpg
2025-05-19T07:29:51.342Z [LOG] 处理自定义协议请求: app://thumbnail/1747636625528-RDpcVXNl.jpg
2025-05-19T07:29:51.342Z [LOG] 缩略图路径: D:\code\cursor\looklook\userdata\thumbnails\1747636625528-RDpcVXNl.jpg
2025-05-19T07:29:51.343Z [LOG] 处理自定义协议请求: app://thumbnail/1747636625816-RDpcVXNl.jpg
2025-05-19T07:29:51.343Z [LOG] 缩略图路径: D:\code\cursor\looklook\userdata\thumbnails\1747636625816-RDpcVXNl.jpg
2025-05-19T07:29:51.343Z [LOG] 处理自定义协议请求: app://thumbnail/1747636625471-RDpcVXNl.jpg
2025-05-19T07:29:51.344Z [LOG] 缩略图路径: D:\code\cursor\looklook\userdata\thumbnails\1747636625471-RDpcVXNl.jpg
2025-05-19T07:29:51.344Z [LOG] 处理自定义协议请求: app://thumbnail/1747636626750-RDpcVXNl.jpg
2025-05-19T07:29:51.344Z [LOG] 缩略图路径: D:\code\cursor\looklook\userdata\thumbnails\1747636626750-RDpcVXNl.jpg
2025-05-19T07:35:33.859Z 日志开始 - 2025-05-19T07:35:33.858Z - 应用版本: 1.0.0 - 运行环境: 开发环境
2025-05-19T07:35:33.859Z 系统信息: win32 x64 - Node.js 18.18.2
2025-05-19T07:35:33.859Z App路径: D:\code\cursor\looklook
2025-05-19T07:35:33.859Z 可执行文件路径: D:\code\cursor\looklook\node_modules\electron\dist\electron.exe
2025-05-19T07:35:33.859Z [LOG] 日志文件已创建: D:\code\cursor\looklook\userdata\logs\app-2025-05-19.log
2025-05-19T07:35:33.860Z [ERROR] 设置控制台编码失败: process.stdout.setEncoding is not a function
2025-05-19T07:35:33.860Z [LOG] 应用准备就绪
2025-05-19T07:35:33.860Z [ENV] 运行模式: 开发环境
2025-05-19T07:35:33.860Z [ENV] 应用路径: D:\code\cursor\looklook
2025-05-19T07:35:33.860Z [ENV] 可执行文件路径: D:\code\cursor\looklook\node_modules\electron\dist\electron.exe
2025-05-19T07:35:33.861Z [ENV] 用户数据路径: D:\code\cursor\looklook\userdata
2025-05-19T07:35:33.861Z [FFMPEG_COPY] 开发环境中无需复制FFmpeg和FFprobe
2025-05-19T07:35:33.861Z [LOG] 用户数据目录: D:\code\cursor\looklook\userdata
2025-05-19T07:35:33.861Z [LOG] 缩略图目录: D:\code\cursor\looklook\userdata\thumbnails
2025-05-19T07:35:33.862Z [LOG] 设置文件已存在，无需创建默认设置
2025-05-19T07:35:33.865Z [LOG] 打包状态: 开发环境
2025-05-19T07:35:33.865Z [LOG] App Path: D:\code\cursor\looklook
2025-05-19T07:35:33.865Z [LOG] Exe Path: D:\code\cursor\looklook\node_modules\electron\dist\electron.exe
2025-05-19T07:35:33.866Z [LOG] 应用目录: D:\code\cursor\looklook\node_modules\electron\dist
2025-05-19T07:35:33.866Z [LOG] 资源目录: D:\code\cursor\looklook\node_modules\electron\dist\resources
2025-05-19T07:35:33.866Z [TEST] 开始测试FFmpeg和FFprobe可执行性
2025-05-19T07:35:33.866Z [TEST] 打包状态: 开发环境
2025-05-19T07:35:33.866Z [TEST] App路径: D:\code\cursor\looklook
2025-05-19T07:35:33.867Z [TEST] 可执行文件路径: D:\code\cursor\looklook\node_modules\electron\dist\electron.exe
2025-05-19T07:35:33.867Z [TEST] 应用目录: D:\code\cursor\looklook\node_modules\electron\dist
2025-05-19T07:35:33.867Z [TEST] 资源目录: D:\code\cursor\looklook\node_modules\electron\dist\resources
2025-05-19T07:35:33.867Z [LOG] 检查node_modules路径: D:\code\cursor\looklook\node_modules\electron\dist\resources\node_modules, 存在: false
2025-05-19T07:35:33.867Z [TEST] 检查node_modules路径: D:\code\cursor\looklook\node_modules\electron\dist\resources\node_modules, 存在: false
2025-05-19T07:35:33.867Z [LOG] 检查node_modules路径: D:\code\cursor\looklook\node_modules\electron\dist\node_modules, 存在: false
2025-05-19T07:35:33.868Z [TEST] 检查node_modules路径: D:\code\cursor\looklook\node_modules\electron\dist\node_modules, 存在: false
2025-05-19T07:35:33.868Z [LOG] 检查node_modules路径: D:\code\cursor\looklook\node_modules, 存在: true
2025-05-19T07:35:33.868Z [TEST] 检查node_modules路径: D:\code\cursor\looklook\node_modules, 存在: true
2025-05-19T07:35:33.868Z [TEST] D:\code\cursor\looklook\node_modules 中内容: .bin, .package-lock.json, 7zip-bin, @derhuerst, @develar, @electron, @isaacs, @malept, @pkgjs, @sindresorhus, @szmarczak, @tootallnate, @types, @xmldom, agent-base, ajv, ajv-formats, ajv-keywords, ansi-regex, ansi-styles, app-builder-bin, app-builder-lib, archiver, archiver-utils, argparse, async, async-exit-hook, asynckit, at-least-node, atomically, balanced-match, base64-js, binary-search-tree, bl, bluebird, bluebird-lst, boolean, brace-expansion, buffer, buffer-crc32, buffer-equal, buffer-from, builder-util, builder-util-runtime, cacheable-lookup, cacheable-request, call-bind-apply-helpers, caseless, chalk, chownr, chromium-pickle-js, ci-info, cliui, clone-response, color-convert, color-name, combined-stream, commander, compare-version, compress-commons, concat-map, concat-stream, conf, config-file-ts, core-util-is, crc-32, crc32-stream, cross-spawn, debounce-fn, debug, decompress-response, defer-to-connect, define-data-property, define-properties, delayed-stream, detect-node, dir-compare, dmg-builder, dot-prop, dotenv, dotenv-expand, dunder-proto, eastasianwidth, ejs, electron, electron-builder, electron-builder-squirrel-windows, electron-publish, electron-store, emoji-regex, end-of-stream, env-paths, err-code, es-define-property, es-errors, es-object-atoms, es-set-tostringtag, es6-error, escalade, escape-string-regexp, extract-zip, fast-deep-equal, fast-json-stable-stringify, fast-uri, fd-slicer, ffmpeg-static, ffprobe-static, filelist, fluent-ffmpeg, foreground-child, form-data, fs-constants, fs-extra, fs-minipass, fs.realpath, function-bind, get-caller-file, get-intrinsic, get-proto, get-stream, glob, global-agent, globalthis, gopd, got, graceful-fs, has-flag, has-property-descriptors, has-symbols, has-tostringtag, hasown, hosted-git-info, http-cache-semantics, http-proxy-agent, http-response-object, http2-wrapper, https-proxy-agent, iconv-lite, ieee754, immediate, inflight, inherits, is-ci, is-fullwidth-code-point, isarray, isbinaryfile, isexe, jackspeak, jake, js-yaml, json-buffer, json-schema-traverse, json-schema-typed, json-stringify-safe, json5, jsonfile, keyv, lazy-val, lazystream, lie, localforage, lodash, lodash.defaults, lodash.difference, lodash.flatten, lodash.isplainobject, lodash.union, lowercase-keys, lru-cache, matcher, math-intrinsics, mime, mime-db, mime-types, mimic-function, mimic-response, minimatch, minimist, minipass, minizlib, mkdirp, ms, nedb, normalize-path, normalize-url, object-keys, once, p-cancelable, package-json-from-dist, parse-cache-control, path-is-absolute, path-key, path-scurry, pend, plist, process-nextick-args, progress, promise-retry, pump, punycode, quick-lru, read-config-file, readable-stream, readdir-glob, require-directory, require-from-string, resolve-alpn, responselike, retry, rimraf, roarr, safe-buffer, safer-buffer, sanitize-filename, sax, semver, semver-compare, serialize-error, shebang-command, shebang-regex, signal-exit, simple-update-notifier, source-map, source-map-support, sprintf-js, stat-mode, string-width, string-width-cjs, string_decoder, strip-ansi, strip-ansi-cjs, stubborn-fs, sumchecker, supports-color, tar, tar-stream, temp-file, tmp, tmp-promise, truncate-utf8-bytes, type-fest, typedarray, typescript, uint8array-extras, underscore, undici-types, universalify, uri-js, utf8-byte-length, util-deprecate, when-exit, which, wrap-ansi, wrap-ansi-cjs, wrappy, xmlbuilder, y18n, yallist, yargs, yargs-parser, yauzl, zip-stream
2025-05-19T07:35:33.868Z [TEST] ffmpeg-static存在于 D:\code\cursor\looklook\node_modules\ffmpeg-static
2025-05-19T07:35:33.868Z [TEST] ffmpeg-static内容: example.js, ffmpeg.exe, index.js, install.js, LICENSE, package.json, README.md, types
2025-05-19T07:35:33.869Z [TEST] ffprobe-static存在于 D:\code\cursor\looklook\node_modules\ffprobe-static
2025-05-19T07:35:33.869Z [TEST] ffprobe-static内容: bin, index.js, LICENSE, package.json, README.md, tests
2025-05-19T07:35:33.869Z [TEST] ffprobe-static/bin内容: darwin, linux, win32
2025-05-19T07:35:33.869Z [TEST] ffprobe-static/bin/win32内容: ia32, x64
2025-05-19T07:35:33.869Z [TEST] ffprobe-static/bin/win32/x64内容: ffprobe.exe
2025-05-19T07:35:33.869Z [LOG] 测试FFmpeg可执行性...
2025-05-19T07:35:33.870Z [TEST] 开始测试FFmpeg可执行性
2025-05-19T07:35:33.870Z [LOG] FFmpeg文件存在: D:\code\cursor\looklook\node_modules\ffmpeg-static\ffmpeg.exe
2025-05-19T07:35:33.871Z [TEST] FFmpeg文件存在: D:\code\cursor\looklook\node_modules\ffmpeg-static\ffmpeg.exe
2025-05-19T07:35:33.871Z [LOG] FFmpeg有执行权限
2025-05-19T07:35:33.871Z [TEST] FFmpeg有执行权限
2025-05-19T07:35:33.901Z [LOG] 测试FFprobe可执行性...
2025-05-19T07:35:33.901Z [LOG] FFprobe文件存在: D:\code\cursor\looklook\node_modules\ffprobe-static\bin\win32\x64\ffprobe.exe
2025-05-19T07:35:33.901Z [LOG] FFprobe有执行权限
2025-05-19T07:35:33.971Z [LOG] 注册IPC事件处理程序...
2025-05-19T07:35:33.972Z [LOG] IPC事件处理程序注册完成
2025-05-19T07:35:33.977Z [LOG] FFprobe执行测试成功: ffprobe version 4.0.2 Copyright (c) 2007-2018 the FFmpeg developers
2025-05-19T07:35:33.977Z [LOG] FFmpeg执行测试成功: ffmpeg version 7.1.1-essentials_build-www.gyan.dev Copyright (c) 2000-2025 the FFmpeg developers
2025-05-19T07:35:33.977Z [TEST] FFmpeg执行测试成功: ffmpeg version 7.1.1-essentials_build-www.gyan.dev Copyright (c) 2000-2025 the FFmpeg developers
2025-05-19T07:35:33.978Z [LOG] FFprobe执行测试成功: ffprobe version 4.0.2 Copyright (c) 2007-2018 the FFmpeg developers
2025-05-19T07:35:33.978Z [LOG] FFmpeg执行测试成功: ffmpeg version 7.1.1-essentials_build-www.gyan.dev Copyright (c) 2000-2025 the FFmpeg developers
2025-05-19T07:35:33.978Z [TEST] FFmpeg执行测试成功: ffmpeg version 7.1.1-essentials_build-www.gyan.dev Copyright (c) 2000-2025 the FFmpeg developers
2025-05-19T07:35:34.012Z [LOG] 已加载 34 个视频记录
2025-05-19T07:35:34.012Z [LOG] 开始检查是否存在重复视频记录...
2025-05-19T07:35:34.012Z [LOG] 没有发现重复视频记录
2025-05-19T07:35:34.014Z [LOG] 已加载枚举值[collection]: 16个
2025-05-19T07:35:34.014Z [LOG] 已加载枚举值[actors]: 3个
2025-05-19T07:35:34.014Z [LOG] 数据库模块初始化完成
2025-05-19T07:35:34.124Z [LOG] 处理get-videos请求
2025-05-19T07:35:34.127Z [LOG] 处理get-enum-values请求: collection
2025-05-19T07:35:34.128Z [LOG] 处理get-enum-values请求: actors
2025-05-19T07:35:34.144Z [LOG] 处理自定义协议请求: app://thumbnail/1747625929418-RDpcVXNl.jpg
2025-05-19T07:35:34.144Z [LOG] 缩略图路径: D:\code\cursor\looklook\userdata\thumbnails\1747625929418-RDpcVXNl.jpg
2025-05-19T07:35:34.145Z [LOG] 处理自定义协议请求: app://thumbnail/1747625522459-RDpcVXNl.jpg
2025-05-19T07:35:34.146Z [LOG] 缩略图路径: D:\code\cursor\looklook\userdata\thumbnails\1747625522459-RDpcVXNl.jpg
2025-05-19T07:35:34.147Z [LOG] 处理get-enum-values请求: collection
2025-05-19T07:35:34.147Z [LOG] 处理自定义协议请求: app://thumbnail/1747636575725-RDpcVXNl.jpg
2025-05-19T07:35:34.148Z [LOG] 缩略图路径: D:\code\cursor\looklook\userdata\thumbnails\1747636575725-RDpcVXNl.jpg
2025-05-19T07:35:34.148Z [LOG] 处理自定义协议请求: app://thumbnail/1747626468736-RDpcVXNl.jpg
2025-05-19T07:35:34.149Z [LOG] 缩略图路径: D:\code\cursor\looklook\userdata\thumbnails\1747626468736-RDpcVXNl.jpg
2025-05-19T07:35:34.149Z [LOG] 处理自定义协议请求: app://thumbnail/1747636580194-RDpcVXNl.jpg
2025-05-19T07:35:34.150Z [LOG] 缩略图路径: D:\code\cursor\looklook\userdata\thumbnails\1747636580194-RDpcVXNl.jpg
2025-05-19T07:35:34.151Z [LOG] 处理自定义协议请求: app://thumbnail/1747636573654-RDpcVXNl.jpg
2025-05-19T07:35:34.151Z [LOG] 缩略图路径: D:\code\cursor\looklook\userdata\thumbnails\1747636573654-RDpcVXNl.jpg
2025-05-19T07:35:34.152Z [LOG] 处理自定义协议请求: app://thumbnail/1747636578939-RDpcVXNl.jpg
2025-05-19T07:35:34.152Z [LOG] 缩略图路径: D:\code\cursor\looklook\userdata\thumbnails\1747636578939-RDpcVXNl.jpg
2025-05-19T07:35:34.152Z [LOG] 处理自定义协议请求: app://thumbnail/1747636576050-RDpcVXNl.jpg
2025-05-19T07:35:34.153Z [LOG] 缩略图路径: D:\code\cursor\looklook\userdata\thumbnails\1747636576050-RDpcVXNl.jpg
2025-05-19T07:35:34.154Z [LOG] 处理自定义协议请求: app://thumbnail/1747636564765-RDpcVXNl.jpg
2025-05-19T07:35:34.154Z [LOG] 缩略图路径: D:\code\cursor\looklook\userdata\thumbnails\1747636564765-RDpcVXNl.jpg
2025-05-19T07:35:34.155Z [LOG] 处理自定义协议请求: app://thumbnail/1747636570430-RDpcVXNl.jpg
2025-05-19T07:35:34.155Z [LOG] 缩略图路径: D:\code\cursor\looklook\userdata\thumbnails\1747636570430-RDpcVXNl.jpg
2025-05-19T07:35:34.155Z [LOG] 处理自定义协议请求: app://thumbnail/1747636570932-RDpcVXNl.jpg
2025-05-19T07:35:34.156Z [LOG] 缩略图路径: D:\code\cursor\looklook\userdata\thumbnails\1747636570932-RDpcVXNl.jpg
2025-05-19T07:35:34.156Z [LOG] 处理自定义协议请求: app://thumbnail/1747636570586-RDpcVXNl.jpg
2025-05-19T07:35:34.156Z [LOG] 缩略图路径: D:\code\cursor\looklook\userdata\thumbnails\1747636570586-RDpcVXNl.jpg
2025-05-19T07:35:34.157Z [LOG] 处理自定义协议请求: app://thumbnail/1747636578083-RDpcVXNl.jpg
2025-05-19T07:35:34.157Z [LOG] 缩略图路径: D:\code\cursor\looklook\userdata\thumbnails\1747636578083-RDpcVXNl.jpg
2025-05-19T07:35:34.158Z [LOG] 处理自定义协议请求: app://thumbnail/1747636576305-RDpcVXNl.jpg
2025-05-19T07:35:34.158Z [LOG] 缩略图路径: D:\code\cursor\looklook\userdata\thumbnails\1747636576305-RDpcVXNl.jpg
2025-05-19T07:35:34.158Z [LOG] 处理自定义协议请求: app://thumbnail/1747636565192-RDpcVXNl.jpg
2025-05-19T07:35:34.159Z [LOG] 缩略图路径: D:\code\cursor\looklook\userdata\thumbnails\1747636565192-RDpcVXNl.jpg
2025-05-19T07:35:34.159Z [LOG] 处理自定义协议请求: app://thumbnail/1747636626323-RDpcVXNl.jpg
2025-05-19T07:35:34.160Z [LOG] 缩略图路径: D:\code\cursor\looklook\userdata\thumbnails\1747636626323-RDpcVXNl.jpg
2025-05-19T07:35:34.160Z [LOG] 处理自定义协议请求: app://thumbnail/1747636625528-RDpcVXNl.jpg
2025-05-19T07:35:34.160Z [LOG] 缩略图路径: D:\code\cursor\looklook\userdata\thumbnails\1747636625528-RDpcVXNl.jpg
2025-05-19T07:35:34.161Z [LOG] 处理自定义协议请求: app://thumbnail/1747636625816-RDpcVXNl.jpg
2025-05-19T07:35:34.161Z [LOG] 缩略图路径: D:\code\cursor\looklook\userdata\thumbnails\1747636625816-RDpcVXNl.jpg
2025-05-19T07:35:34.162Z [LOG] 处理自定义协议请求: app://thumbnail/1747636625471-RDpcVXNl.jpg
2025-05-19T07:35:34.162Z [LOG] 缩略图路径: D:\code\cursor\looklook\userdata\thumbnails\1747636625471-RDpcVXNl.jpg
2025-05-19T07:35:34.162Z [LOG] 处理自定义协议请求: app://thumbnail/1747636626750-RDpcVXNl.jpg
2025-05-19T07:35:34.163Z [LOG] 缩略图路径: D:\code\cursor\looklook\userdata\thumbnails\1747636626750-RDpcVXNl.jpg
2025-05-19T07:35:34.163Z [LOG] 处理get-enum-values请求: actors
2025-05-19T07:35:37.787Z [LOG] 处理get-settings请求
2025-05-19T07:35:37.788Z [LOG] 设置已加载
2025-05-19T07:35:40.491Z [LOG] 处理get-settings请求
2025-05-19T07:35:40.492Z [LOG] 设置已加载
2025-05-19T07:36:22.528Z 日志开始 - 2025-05-19T07:36:22.527Z - 应用版本: 1.0.0 - 运行环境: 开发环境
2025-05-19T07:36:22.528Z 系统信息: win32 x64 - Node.js 18.18.2
2025-05-19T07:36:22.528Z App路径: D:\code\cursor\looklook
2025-05-19T07:36:22.528Z 可执行文件路径: D:\code\cursor\looklook\node_modules\electron\dist\electron.exe
2025-05-19T07:36:22.528Z [LOG] 日志文件已创建: D:\code\cursor\looklook\userdata\logs\app-2025-05-19.log
2025-05-19T07:36:22.529Z [ERROR] 设置控制台编码失败: process.stdout.setEncoding is not a function
2025-05-19T07:36:22.529Z [LOG] 应用准备就绪
2025-05-19T07:36:22.530Z [ENV] 运行模式: 开发环境
2025-05-19T07:36:22.530Z [ENV] 应用路径: D:\code\cursor\looklook
2025-05-19T07:36:22.530Z [ENV] 可执行文件路径: D:\code\cursor\looklook\node_modules\electron\dist\electron.exe
2025-05-19T07:36:22.530Z [ENV] 用户数据路径: D:\code\cursor\looklook\userdata
2025-05-19T07:36:22.530Z [FFMPEG_COPY] 开发环境中无需复制FFmpeg和FFprobe
2025-05-19T07:36:22.531Z [LOG] 用户数据目录: D:\code\cursor\looklook\userdata
2025-05-19T07:36:22.531Z [LOG] 缩略图目录: D:\code\cursor\looklook\userdata\thumbnails
2025-05-19T07:36:22.531Z [LOG] 设置文件已存在，无需创建默认设置
2025-05-19T07:36:22.534Z [LOG] 打包状态: 开发环境
2025-05-19T07:36:22.534Z [LOG] App Path: D:\code\cursor\looklook
2025-05-19T07:36:22.535Z [LOG] Exe Path: D:\code\cursor\looklook\node_modules\electron\dist\electron.exe
2025-05-19T07:36:22.535Z [LOG] 应用目录: D:\code\cursor\looklook\node_modules\electron\dist
2025-05-19T07:36:22.535Z [LOG] 资源目录: D:\code\cursor\looklook\node_modules\electron\dist\resources
2025-05-19T07:36:22.536Z [TEST] 开始测试FFmpeg和FFprobe可执行性
2025-05-19T07:36:22.536Z [TEST] 打包状态: 开发环境
2025-05-19T07:36:22.536Z [TEST] App路径: D:\code\cursor\looklook
2025-05-19T07:36:22.536Z [TEST] 可执行文件路径: D:\code\cursor\looklook\node_modules\electron\dist\electron.exe
2025-05-19T07:36:22.536Z [TEST] 应用目录: D:\code\cursor\looklook\node_modules\electron\dist
2025-05-19T07:36:22.536Z [TEST] 资源目录: D:\code\cursor\looklook\node_modules\electron\dist\resources
2025-05-19T07:36:22.537Z [LOG] 检查node_modules路径: D:\code\cursor\looklook\node_modules\electron\dist\resources\node_modules, 存在: false
2025-05-19T07:36:22.537Z [TEST] 检查node_modules路径: D:\code\cursor\looklook\node_modules\electron\dist\resources\node_modules, 存在: false
2025-05-19T07:36:22.537Z [LOG] 检查node_modules路径: D:\code\cursor\looklook\node_modules\electron\dist\node_modules, 存在: false
2025-05-19T07:36:22.537Z [TEST] 检查node_modules路径: D:\code\cursor\looklook\node_modules\electron\dist\node_modules, 存在: false
2025-05-19T07:36:22.537Z [LOG] 检查node_modules路径: D:\code\cursor\looklook\node_modules, 存在: true
2025-05-19T07:36:22.538Z [TEST] 检查node_modules路径: D:\code\cursor\looklook\node_modules, 存在: true
2025-05-19T07:36:22.538Z [TEST] D:\code\cursor\looklook\node_modules 中内容: .bin, .package-lock.json, 7zip-bin, @derhuerst, @develar, @electron, @isaacs, @malept, @pkgjs, @sindresorhus, @szmarczak, @tootallnate, @types, @xmldom, agent-base, ajv, ajv-formats, ajv-keywords, ansi-regex, ansi-styles, app-builder-bin, app-builder-lib, archiver, archiver-utils, argparse, async, async-exit-hook, asynckit, at-least-node, atomically, balanced-match, base64-js, binary-search-tree, bl, bluebird, bluebird-lst, boolean, brace-expansion, buffer, buffer-crc32, buffer-equal, buffer-from, builder-util, builder-util-runtime, cacheable-lookup, cacheable-request, call-bind-apply-helpers, caseless, chalk, chownr, chromium-pickle-js, ci-info, cliui, clone-response, color-convert, color-name, combined-stream, commander, compare-version, compress-commons, concat-map, concat-stream, conf, config-file-ts, core-util-is, crc-32, crc32-stream, cross-spawn, debounce-fn, debug, decompress-response, defer-to-connect, define-data-property, define-properties, delayed-stream, detect-node, dir-compare, dmg-builder, dot-prop, dotenv, dotenv-expand, dunder-proto, eastasianwidth, ejs, electron, electron-builder, electron-builder-squirrel-windows, electron-publish, electron-store, emoji-regex, end-of-stream, env-paths, err-code, es-define-property, es-errors, es-object-atoms, es-set-tostringtag, es6-error, escalade, escape-string-regexp, extract-zip, fast-deep-equal, fast-json-stable-stringify, fast-uri, fd-slicer, ffmpeg-static, ffprobe-static, filelist, fluent-ffmpeg, foreground-child, form-data, fs-constants, fs-extra, fs-minipass, fs.realpath, function-bind, get-caller-file, get-intrinsic, get-proto, get-stream, glob, global-agent, globalthis, gopd, got, graceful-fs, has-flag, has-property-descriptors, has-symbols, has-tostringtag, hasown, hosted-git-info, http-cache-semantics, http-proxy-agent, http-response-object, http2-wrapper, https-proxy-agent, iconv-lite, ieee754, immediate, inflight, inherits, is-ci, is-fullwidth-code-point, isarray, isbinaryfile, isexe, jackspeak, jake, js-yaml, json-buffer, json-schema-traverse, json-schema-typed, json-stringify-safe, json5, jsonfile, keyv, lazy-val, lazystream, lie, localforage, lodash, lodash.defaults, lodash.difference, lodash.flatten, lodash.isplainobject, lodash.union, lowercase-keys, lru-cache, matcher, math-intrinsics, mime, mime-db, mime-types, mimic-function, mimic-response, minimatch, minimist, minipass, minizlib, mkdirp, ms, nedb, normalize-path, normalize-url, object-keys, once, p-cancelable, package-json-from-dist, parse-cache-control, path-is-absolute, path-key, path-scurry, pend, plist, process-nextick-args, progress, promise-retry, pump, punycode, quick-lru, read-config-file, readable-stream, readdir-glob, require-directory, require-from-string, resolve-alpn, responselike, retry, rimraf, roarr, safe-buffer, safer-buffer, sanitize-filename, sax, semver, semver-compare, serialize-error, shebang-command, shebang-regex, signal-exit, simple-update-notifier, source-map, source-map-support, sprintf-js, stat-mode, string-width, string-width-cjs, string_decoder, strip-ansi, strip-ansi-cjs, stubborn-fs, sumchecker, supports-color, tar, tar-stream, temp-file, tmp, tmp-promise, truncate-utf8-bytes, type-fest, typedarray, typescript, uint8array-extras, underscore, undici-types, universalify, uri-js, utf8-byte-length, util-deprecate, when-exit, which, wrap-ansi, wrap-ansi-cjs, wrappy, xmlbuilder, y18n, yallist, yargs, yargs-parser, yauzl, zip-stream
2025-05-19T07:36:22.538Z [TEST] ffmpeg-static存在于 D:\code\cursor\looklook\node_modules\ffmpeg-static
2025-05-19T07:36:22.539Z [TEST] ffmpeg-static内容: example.js, ffmpeg.exe, index.js, install.js, LICENSE, package.json, README.md, types
2025-05-19T07:36:22.539Z [TEST] ffprobe-static存在于 D:\code\cursor\looklook\node_modules\ffprobe-static
2025-05-19T07:36:22.539Z [TEST] ffprobe-static内容: bin, index.js, LICENSE, package.json, README.md, tests
2025-05-19T07:36:22.539Z [TEST] ffprobe-static/bin内容: darwin, linux, win32
2025-05-19T07:36:22.539Z [TEST] ffprobe-static/bin/win32内容: ia32, x64
2025-05-19T07:36:22.539Z [TEST] ffprobe-static/bin/win32/x64内容: ffprobe.exe
2025-05-19T07:36:22.540Z [LOG] 测试FFmpeg可执行性...
2025-05-19T07:36:22.540Z [TEST] 开始测试FFmpeg可执行性
2025-05-19T07:36:22.541Z [LOG] FFmpeg文件存在: D:\code\cursor\looklook\node_modules\ffmpeg-static\ffmpeg.exe
2025-05-19T07:36:22.541Z [TEST] FFmpeg文件存在: D:\code\cursor\looklook\node_modules\ffmpeg-static\ffmpeg.exe
2025-05-19T07:36:22.541Z [LOG] FFmpeg有执行权限
2025-05-19T07:36:22.541Z [TEST] FFmpeg有执行权限
2025-05-19T07:36:22.570Z [LOG] 测试FFprobe可执行性...
2025-05-19T07:36:22.571Z [LOG] FFprobe文件存在: D:\code\cursor\looklook\node_modules\ffprobe-static\bin\win32\x64\ffprobe.exe
2025-05-19T07:36:22.571Z [LOG] FFprobe有执行权限
2025-05-19T07:36:22.634Z [LOG] 注册IPC事件处理程序...
2025-05-19T07:36:22.635Z [LOG] IPC事件处理程序注册完成
2025-05-19T07:36:22.639Z [LOG] FFprobe执行测试成功: ffprobe version 4.0.2 Copyright (c) 2007-2018 the FFmpeg developers
2025-05-19T07:36:22.639Z [LOG] FFmpeg执行测试成功: ffmpeg version 7.1.1-essentials_build-www.gyan.dev Copyright (c) 2000-2025 the FFmpeg developers
2025-05-19T07:36:22.640Z [TEST] FFmpeg执行测试成功: ffmpeg version 7.1.1-essentials_build-www.gyan.dev Copyright (c) 2000-2025 the FFmpeg developers
2025-05-19T07:36:22.640Z [LOG] FFprobe执行测试成功: ffprobe version 4.0.2 Copyright (c) 2007-2018 the FFmpeg developers
2025-05-19T07:36:22.641Z [LOG] FFmpeg执行测试成功: ffmpeg version 7.1.1-essentials_build-www.gyan.dev Copyright (c) 2000-2025 the FFmpeg developers
2025-05-19T07:36:22.641Z [TEST] FFmpeg执行测试成功: ffmpeg version 7.1.1-essentials_build-www.gyan.dev Copyright (c) 2000-2025 the FFmpeg developers
2025-05-19T07:36:22.666Z [LOG] 已加载 34 个视频记录
2025-05-19T07:36:22.667Z [LOG] 开始检查是否存在重复视频记录...
2025-05-19T07:36:22.667Z [LOG] 没有发现重复视频记录
2025-05-19T07:36:22.668Z [LOG] 已加载枚举值[collection]: 16个
2025-05-19T07:36:22.671Z [LOG] 已加载枚举值[actors]: 3个
2025-05-19T07:36:22.672Z [LOG] 数据库模块初始化完成
2025-05-19T07:36:22.789Z [LOG] 处理get-videos请求
2025-05-19T07:36:22.792Z [LOG] 处理get-enum-values请求: collection
2025-05-19T07:36:22.793Z [LOG] 处理get-enum-values请求: actors
2025-05-19T07:36:22.811Z [LOG] 处理自定义协议请求: app://thumbnail/1747625929418-RDpcVXNl.jpg
2025-05-19T07:36:22.812Z [LOG] 缩略图路径: D:\code\cursor\looklook\userdata\thumbnails\1747625929418-RDpcVXNl.jpg
2025-05-19T07:36:22.812Z [LOG] 处理get-enum-values请求: collection
2025-05-19T07:36:22.813Z [LOG] 处理自定义协议请求: app://thumbnail/1747625522459-RDpcVXNl.jpg
2025-05-19T07:36:22.813Z [LOG] 缩略图路径: D:\code\cursor\looklook\userdata\thumbnails\1747625522459-RDpcVXNl.jpg
2025-05-19T07:36:22.814Z [LOG] 处理get-enum-values请求: actors
2025-05-19T07:36:22.815Z [LOG] 处理自定义协议请求: app://thumbnail/1747636575725-RDpcVXNl.jpg
2025-05-19T07:36:22.815Z [LOG] 缩略图路径: D:\code\cursor\looklook\userdata\thumbnails\1747636575725-RDpcVXNl.jpg
2025-05-19T07:36:22.816Z [LOG] 处理自定义协议请求: app://thumbnail/1747626468736-RDpcVXNl.jpg
2025-05-19T07:36:22.816Z [LOG] 缩略图路径: D:\code\cursor\looklook\userdata\thumbnails\1747626468736-RDpcVXNl.jpg
2025-05-19T07:36:22.817Z [LOG] 处理自定义协议请求: app://thumbnail/1747636580194-RDpcVXNl.jpg
2025-05-19T07:36:22.817Z [LOG] 缩略图路径: D:\code\cursor\looklook\userdata\thumbnails\1747636580194-RDpcVXNl.jpg
2025-05-19T07:36:22.818Z [LOG] 处理自定义协议请求: app://thumbnail/1747636573654-RDpcVXNl.jpg
2025-05-19T07:36:22.818Z [LOG] 缩略图路径: D:\code\cursor\looklook\userdata\thumbnails\1747636573654-RDpcVXNl.jpg
2025-05-19T07:36:22.819Z [LOG] 处理自定义协议请求: app://thumbnail/1747636578939-RDpcVXNl.jpg
2025-05-19T07:36:22.819Z [LOG] 缩略图路径: D:\code\cursor\looklook\userdata\thumbnails\1747636578939-RDpcVXNl.jpg
2025-05-19T07:36:22.820Z [LOG] 处理自定义协议请求: app://thumbnail/1747636576050-RDpcVXNl.jpg
2025-05-19T07:36:22.820Z [LOG] 缩略图路径: D:\code\cursor\looklook\userdata\thumbnails\1747636576050-RDpcVXNl.jpg
2025-05-19T07:36:22.821Z [LOG] 处理自定义协议请求: app://thumbnail/1747636564765-RDpcVXNl.jpg
2025-05-19T07:36:22.821Z [LOG] 缩略图路径: D:\code\cursor\looklook\userdata\thumbnails\1747636564765-RDpcVXNl.jpg
2025-05-19T07:36:22.822Z [LOG] 处理自定义协议请求: app://thumbnail/1747636570430-RDpcVXNl.jpg
2025-05-19T07:36:22.823Z [LOG] 缩略图路径: D:\code\cursor\looklook\userdata\thumbnails\1747636570430-RDpcVXNl.jpg
2025-05-19T07:36:22.823Z [LOG] 处理自定义协议请求: app://thumbnail/1747636570932-RDpcVXNl.jpg
2025-05-19T07:36:22.824Z [LOG] 缩略图路径: D:\code\cursor\looklook\userdata\thumbnails\1747636570932-RDpcVXNl.jpg
2025-05-19T07:36:22.824Z [LOG] 处理自定义协议请求: app://thumbnail/1747636570586-RDpcVXNl.jpg
2025-05-19T07:36:22.824Z [LOG] 缩略图路径: D:\code\cursor\looklook\userdata\thumbnails\1747636570586-RDpcVXNl.jpg
2025-05-19T07:36:22.825Z [LOG] 处理自定义协议请求: app://thumbnail/1747636578083-RDpcVXNl.jpg
2025-05-19T07:36:22.825Z [LOG] 缩略图路径: D:\code\cursor\looklook\userdata\thumbnails\1747636578083-RDpcVXNl.jpg
2025-05-19T07:36:22.826Z [LOG] 处理自定义协议请求: app://thumbnail/1747636576305-RDpcVXNl.jpg
2025-05-19T07:36:22.826Z [LOG] 缩略图路径: D:\code\cursor\looklook\userdata\thumbnails\1747636576305-RDpcVXNl.jpg
2025-05-19T07:36:22.827Z [LOG] 处理自定义协议请求: app://thumbnail/1747636565192-RDpcVXNl.jpg
2025-05-19T07:36:22.827Z [LOG] 缩略图路径: D:\code\cursor\looklook\userdata\thumbnails\1747636565192-RDpcVXNl.jpg
2025-05-19T07:36:22.828Z [LOG] 处理自定义协议请求: app://thumbnail/1747636626323-RDpcVXNl.jpg
2025-05-19T07:36:22.828Z [LOG] 缩略图路径: D:\code\cursor\looklook\userdata\thumbnails\1747636626323-RDpcVXNl.jpg
2025-05-19T07:36:22.829Z [LOG] 处理自定义协议请求: app://thumbnail/1747636625528-RDpcVXNl.jpg
2025-05-19T07:36:22.829Z [LOG] 缩略图路径: D:\code\cursor\looklook\userdata\thumbnails\1747636625528-RDpcVXNl.jpg
2025-05-19T07:36:22.830Z [LOG] 处理自定义协议请求: app://thumbnail/1747636625816-RDpcVXNl.jpg
2025-05-19T07:36:22.831Z [LOG] 缩略图路径: D:\code\cursor\looklook\userdata\thumbnails\1747636625816-RDpcVXNl.jpg
2025-05-19T07:36:22.831Z [LOG] 处理自定义协议请求: app://thumbnail/1747636625471-RDpcVXNl.jpg
2025-05-19T07:36:22.831Z [LOG] 缩略图路径: D:\code\cursor\looklook\userdata\thumbnails\1747636625471-RDpcVXNl.jpg
2025-05-19T07:36:22.832Z [LOG] 处理自定义协议请求: app://thumbnail/1747636626750-RDpcVXNl.jpg
2025-05-19T07:36:22.832Z [LOG] 缩略图路径: D:\code\cursor\looklook\userdata\thumbnails\1747636626750-RDpcVXNl.jpg
2025-05-19T07:36:23.469Z [LOG] 处理get-settings请求
2025-05-19T07:36:23.470Z [LOG] 设置已加载
2025-05-19T07:36:24.077Z [LOG] 打开视频: D:\Users\Videos\第二次选择\PRED-777 dsfafsdfs.mp4
2025-05-19T07:36:24.091Z [LOG] 处理自定义协议请求: app://thumbnail/1747625929418-RDpcVXNl.jpg
2025-05-19T07:36:24.092Z [LOG] 缩略图路径: D:\code\cursor\looklook\userdata\thumbnails\1747625929418-RDpcVXNl.jpg
2025-05-19T07:36:24.092Z [LOG] 处理自定义协议请求: app://thumbnail/1747625522459-RDpcVXNl.jpg
2025-05-19T07:36:24.093Z [LOG] 缩略图路径: D:\code\cursor\looklook\userdata\thumbnails\1747625522459-RDpcVXNl.jpg
2025-05-19T07:36:24.094Z [LOG] 处理自定义协议请求: app://thumbnail/1747636575725-RDpcVXNl.jpg
2025-05-19T07:36:24.094Z [LOG] 缩略图路径: D:\code\cursor\looklook\userdata\thumbnails\1747636575725-RDpcVXNl.jpg
2025-05-19T07:36:24.095Z [LOG] 处理自定义协议请求: app://thumbnail/1747626468736-RDpcVXNl.jpg
2025-05-19T07:36:24.095Z [LOG] 缩略图路径: D:\code\cursor\looklook\userdata\thumbnails\1747626468736-RDpcVXNl.jpg
2025-05-19T07:36:24.096Z [LOG] 处理自定义协议请求: app://thumbnail/1747636580194-RDpcVXNl.jpg
2025-05-19T07:36:24.096Z [LOG] 缩略图路径: D:\code\cursor\looklook\userdata\thumbnails\1747636580194-RDpcVXNl.jpg
2025-05-19T07:36:24.097Z [LOG] 处理自定义协议请求: app://thumbnail/1747636573654-RDpcVXNl.jpg
2025-05-19T07:36:24.097Z [LOG] 缩略图路径: D:\code\cursor\looklook\userdata\thumbnails\1747636573654-RDpcVXNl.jpg
2025-05-19T07:36:24.098Z [LOG] 处理自定义协议请求: app://thumbnail/1747636578939-RDpcVXNl.jpg
2025-05-19T07:36:24.098Z [LOG] 缩略图路径: D:\code\cursor\looklook\userdata\thumbnails\1747636578939-RDpcVXNl.jpg
2025-05-19T07:36:24.099Z [LOG] 处理自定义协议请求: app://thumbnail/1747636576050-RDpcVXNl.jpg
2025-05-19T07:36:24.099Z [LOG] 缩略图路径: D:\code\cursor\looklook\userdata\thumbnails\1747636576050-RDpcVXNl.jpg
2025-05-19T07:36:24.100Z [LOG] 处理自定义协议请求: app://thumbnail/1747636564765-RDpcVXNl.jpg
2025-05-19T07:36:24.100Z [LOG] 缩略图路径: D:\code\cursor\looklook\userdata\thumbnails\1747636564765-RDpcVXNl.jpg
2025-05-19T07:36:24.101Z [LOG] 处理自定义协议请求: app://thumbnail/1747636570430-RDpcVXNl.jpg
2025-05-19T07:36:24.101Z [LOG] 缩略图路径: D:\code\cursor\looklook\userdata\thumbnails\1747636570430-RDpcVXNl.jpg
2025-05-19T07:36:24.102Z [LOG] 处理自定义协议请求: app://thumbnail/1747636570932-RDpcVXNl.jpg
2025-05-19T07:36:24.102Z [LOG] 缩略图路径: D:\code\cursor\looklook\userdata\thumbnails\1747636570932-RDpcVXNl.jpg
2025-05-19T07:36:24.102Z [LOG] 处理自定义协议请求: app://thumbnail/1747636570586-RDpcVXNl.jpg
2025-05-19T07:36:24.103Z [LOG] 缩略图路径: D:\code\cursor\looklook\userdata\thumbnails\1747636570586-RDpcVXNl.jpg
2025-05-19T07:36:24.103Z [LOG] 处理自定义协议请求: app://thumbnail/1747636578083-RDpcVXNl.jpg
2025-05-19T07:36:24.104Z [LOG] 缩略图路径: D:\code\cursor\looklook\userdata\thumbnails\1747636578083-RDpcVXNl.jpg
2025-05-19T07:36:24.104Z [LOG] 处理自定义协议请求: app://thumbnail/1747636576305-RDpcVXNl.jpg
2025-05-19T07:36:24.104Z [LOG] 缩略图路径: D:\code\cursor\looklook\userdata\thumbnails\1747636576305-RDpcVXNl.jpg
2025-05-19T07:36:24.105Z [LOG] 处理自定义协议请求: app://thumbnail/1747636565192-RDpcVXNl.jpg
2025-05-19T07:36:24.105Z [LOG] 缩略图路径: D:\code\cursor\looklook\userdata\thumbnails\1747636565192-RDpcVXNl.jpg
2025-05-19T07:36:24.106Z [LOG] 处理自定义协议请求: app://thumbnail/1747636626323-RDpcVXNl.jpg
2025-05-19T07:36:24.106Z [LOG] 缩略图路径: D:\code\cursor\looklook\userdata\thumbnails\1747636626323-RDpcVXNl.jpg
2025-05-19T07:36:24.107Z [LOG] 处理自定义协议请求: app://thumbnail/1747636625528-RDpcVXNl.jpg
2025-05-19T07:36:24.107Z [LOG] 缩略图路径: D:\code\cursor\looklook\userdata\thumbnails\1747636625528-RDpcVXNl.jpg
2025-05-19T07:36:24.108Z [LOG] 处理自定义协议请求: app://thumbnail/1747636625816-RDpcVXNl.jpg
2025-05-19T07:36:24.108Z [LOG] 缩略图路径: D:\code\cursor\looklook\userdata\thumbnails\1747636625816-RDpcVXNl.jpg
2025-05-19T07:36:24.109Z [LOG] 处理自定义协议请求: app://thumbnail/1747636625471-RDpcVXNl.jpg
2025-05-19T07:36:24.109Z [LOG] 缩略图路径: D:\code\cursor\looklook\userdata\thumbnails\1747636625471-RDpcVXNl.jpg
2025-05-19T07:36:24.110Z [LOG] 处理自定义协议请求: app://thumbnail/1747636626750-RDpcVXNl.jpg
2025-05-19T07:36:24.110Z [LOG] 缩略图路径: D:\code\cursor\looklook\userdata\thumbnails\1747636626750-RDpcVXNl.jpg
2025-05-19T07:36:29.016Z [LOG] 打开视频: D:\Users\Videos\第二次选择\8888F897_1745215698544.mp4
2025-05-19T07:36:30.596Z [LOG] 打开视频: D:\Users\Videos\第二次选择\SampleVideo_360x240_5mb.mp4
2025-05-19T07:46:02.165Z 日志开始 - 2025-05-19T07:46:02.164Z - 应用版本: 1.0.0 - 运行环境: 开发环境
2025-05-19T07:46:02.166Z 系统信息: win32 x64 - Node.js 18.18.2
2025-05-19T07:46:02.166Z App路径: D:\code\cursor\looklook
2025-05-19T07:46:02.166Z 可执行文件路径: D:\code\cursor\looklook\node_modules\electron\dist\electron.exe
2025-05-19T07:46:02.166Z [LOG] 日志文件已创建: D:\code\cursor\looklook\userdata\logs\app-2025-05-19.log
2025-05-19T07:46:02.167Z [ERROR] 设置控制台编码失败: process.stdout.setEncoding is not a function
2025-05-19T07:46:02.167Z [LOG] 应用准备就绪
2025-05-19T07:46:02.167Z [ENV] 运行模式: 开发环境
2025-05-19T07:46:02.167Z [ENV] 应用路径: D:\code\cursor\looklook
2025-05-19T07:46:02.167Z [ENV] 可执行文件路径: D:\code\cursor\looklook\node_modules\electron\dist\electron.exe
2025-05-19T07:46:02.167Z [ENV] 用户数据路径: D:\code\cursor\looklook\userdata
2025-05-19T07:46:02.168Z [FFMPEG_COPY] 开发环境中无需复制FFmpeg和FFprobe
2025-05-19T07:46:02.168Z [LOG] 用户数据目录: D:\code\cursor\looklook\userdata
2025-05-19T07:46:02.168Z [LOG] 缩略图目录: D:\code\cursor\looklook\userdata\thumbnails
2025-05-19T07:46:02.169Z [LOG] 设置文件已存在，无需创建默认设置
2025-05-19T07:46:02.172Z [LOG] 打包状态: 开发环境
2025-05-19T07:46:02.173Z [LOG] App Path: D:\code\cursor\looklook
2025-05-19T07:46:02.173Z [LOG] Exe Path: D:\code\cursor\looklook\node_modules\electron\dist\electron.exe
2025-05-19T07:46:02.173Z [LOG] 应用目录: D:\code\cursor\looklook\node_modules\electron\dist
2025-05-19T07:46:02.174Z [LOG] 资源目录: D:\code\cursor\looklook\node_modules\electron\dist\resources
2025-05-19T07:46:02.174Z [TEST] 开始测试FFmpeg和FFprobe可执行性
2025-05-19T07:46:02.174Z [TEST] 打包状态: 开发环境
2025-05-19T07:46:02.174Z [TEST] App路径: D:\code\cursor\looklook
2025-05-19T07:46:02.174Z [TEST] 可执行文件路径: D:\code\cursor\looklook\node_modules\electron\dist\electron.exe
2025-05-19T07:46:02.175Z [TEST] 应用目录: D:\code\cursor\looklook\node_modules\electron\dist
2025-05-19T07:46:02.175Z [TEST] 资源目录: D:\code\cursor\looklook\node_modules\electron\dist\resources
2025-05-19T07:46:02.176Z [LOG] 检查node_modules路径: D:\code\cursor\looklook\node_modules\electron\dist\resources\node_modules, 存在: false
2025-05-19T07:46:02.176Z [TEST] 检查node_modules路径: D:\code\cursor\looklook\node_modules\electron\dist\resources\node_modules, 存在: false
2025-05-19T07:46:02.177Z [LOG] 检查node_modules路径: D:\code\cursor\looklook\node_modules\electron\dist\node_modules, 存在: false
2025-05-19T07:46:02.177Z [TEST] 检查node_modules路径: D:\code\cursor\looklook\node_modules\electron\dist\node_modules, 存在: false
2025-05-19T07:46:02.178Z [LOG] 检查node_modules路径: D:\code\cursor\looklook\node_modules, 存在: true
2025-05-19T07:46:02.178Z [TEST] 检查node_modules路径: D:\code\cursor\looklook\node_modules, 存在: true
2025-05-19T07:46:02.178Z [TEST] D:\code\cursor\looklook\node_modules 中内容: .bin, .package-lock.json, 7zip-bin, @derhuerst, @develar, @electron, @isaacs, @malept, @pkgjs, @sindresorhus, @szmarczak, @tootallnate, @types, @xmldom, agent-base, ajv, ajv-formats, ajv-keywords, ansi-regex, ansi-styles, app-builder-bin, app-builder-lib, archiver, archiver-utils, argparse, async, async-exit-hook, asynckit, at-least-node, atomically, balanced-match, base64-js, binary-search-tree, bl, bluebird, bluebird-lst, boolean, brace-expansion, buffer, buffer-crc32, buffer-equal, buffer-from, builder-util, builder-util-runtime, cacheable-lookup, cacheable-request, call-bind-apply-helpers, caseless, chalk, chownr, chromium-pickle-js, ci-info, cliui, clone-response, color-convert, color-name, combined-stream, commander, compare-version, compress-commons, concat-map, concat-stream, conf, config-file-ts, core-util-is, crc-32, crc32-stream, cross-spawn, debounce-fn, debug, decompress-response, defer-to-connect, define-data-property, define-properties, delayed-stream, detect-node, dir-compare, dmg-builder, dot-prop, dotenv, dotenv-expand, dunder-proto, eastasianwidth, ejs, electron, electron-builder, electron-builder-squirrel-windows, electron-publish, electron-store, emoji-regex, end-of-stream, env-paths, err-code, es-define-property, es-errors, es-object-atoms, es-set-tostringtag, es6-error, escalade, escape-string-regexp, extract-zip, fast-deep-equal, fast-json-stable-stringify, fast-uri, fd-slicer, ffmpeg-static, ffprobe-static, filelist, fluent-ffmpeg, foreground-child, form-data, fs-constants, fs-extra, fs-minipass, fs.realpath, function-bind, get-caller-file, get-intrinsic, get-proto, get-stream, glob, global-agent, globalthis, gopd, got, graceful-fs, has-flag, has-property-descriptors, has-symbols, has-tostringtag, hasown, hosted-git-info, http-cache-semantics, http-proxy-agent, http-response-object, http2-wrapper, https-proxy-agent, iconv-lite, ieee754, immediate, inflight, inherits, is-ci, is-fullwidth-code-point, isarray, isbinaryfile, isexe, jackspeak, jake, js-yaml, json-buffer, json-schema-traverse, json-schema-typed, json-stringify-safe, json5, jsonfile, keyv, lazy-val, lazystream, lie, localforage, lodash, lodash.defaults, lodash.difference, lodash.flatten, lodash.isplainobject, lodash.union, lowercase-keys, lru-cache, matcher, math-intrinsics, mime, mime-db, mime-types, mimic-function, mimic-response, minimatch, minimist, minipass, minizlib, mkdirp, ms, nedb, normalize-path, normalize-url, object-keys, once, p-cancelable, package-json-from-dist, parse-cache-control, path-is-absolute, path-key, path-scurry, pend, plist, process-nextick-args, progress, promise-retry, pump, punycode, quick-lru, read-config-file, readable-stream, readdir-glob, require-directory, require-from-string, resolve-alpn, responselike, retry, rimraf, roarr, safe-buffer, safer-buffer, sanitize-filename, sax, semver, semver-compare, serialize-error, shebang-command, shebang-regex, signal-exit, simple-update-notifier, source-map, source-map-support, sprintf-js, stat-mode, string-width, string-width-cjs, string_decoder, strip-ansi, strip-ansi-cjs, stubborn-fs, sumchecker, supports-color, tar, tar-stream, temp-file, tmp, tmp-promise, truncate-utf8-bytes, type-fest, typedarray, typescript, uint8array-extras, underscore, undici-types, universalify, uri-js, utf8-byte-length, util-deprecate, when-exit, which, wrap-ansi, wrap-ansi-cjs, wrappy, xmlbuilder, y18n, yallist, yargs, yargs-parser, yauzl, zip-stream
2025-05-19T07:46:02.179Z [TEST] ffmpeg-static存在于 D:\code\cursor\looklook\node_modules\ffmpeg-static
2025-05-19T07:46:02.179Z [TEST] ffmpeg-static内容: example.js, ffmpeg.exe, index.js, install.js, LICENSE, package.json, README.md, types
2025-05-19T07:46:02.179Z [TEST] ffprobe-static存在于 D:\code\cursor\looklook\node_modules\ffprobe-static
2025-05-19T07:46:02.179Z [TEST] ffprobe-static内容: bin, index.js, LICENSE, package.json, README.md, tests
2025-05-19T07:46:02.179Z [TEST] ffprobe-static/bin内容: darwin, linux, win32
2025-05-19T07:46:02.179Z [TEST] ffprobe-static/bin/win32内容: ia32, x64
2025-05-19T07:46:02.180Z [TEST] ffprobe-static/bin/win32/x64内容: ffprobe.exe
2025-05-19T07:46:02.180Z [LOG] 测试FFmpeg可执行性...
2025-05-19T07:46:02.180Z [TEST] 开始测试FFmpeg可执行性
2025-05-19T07:46:02.181Z [LOG] FFmpeg文件存在: D:\code\cursor\looklook\node_modules\ffmpeg-static\ffmpeg.exe
2025-05-19T07:46:02.181Z [TEST] FFmpeg文件存在: D:\code\cursor\looklook\node_modules\ffmpeg-static\ffmpeg.exe
2025-05-19T07:46:02.181Z [LOG] FFmpeg有执行权限
2025-05-19T07:46:02.181Z [TEST] FFmpeg有执行权限
2025-05-19T07:46:02.212Z [LOG] 测试FFprobe可执行性...
2025-05-19T07:46:02.212Z [LOG] FFprobe文件存在: D:\code\cursor\looklook\node_modules\ffprobe-static\bin\win32\x64\ffprobe.exe
2025-05-19T07:46:02.212Z [LOG] FFprobe有执行权限
2025-05-19T07:46:02.273Z [LOG] 注册IPC事件处理程序...
2025-05-19T07:46:02.273Z [LOG] IPC事件处理程序注册完成
2025-05-19T07:46:02.280Z [LOG] FFprobe执行测试成功: ffprobe version 4.0.2 Copyright (c) 2007-2018 the FFmpeg developers
2025-05-19T07:46:02.281Z [LOG] FFmpeg执行测试成功: ffmpeg version 7.1.1-essentials_build-www.gyan.dev Copyright (c) 2000-2025 the FFmpeg developers
2025-05-19T07:46:02.281Z [TEST] FFmpeg执行测试成功: ffmpeg version 7.1.1-essentials_build-www.gyan.dev Copyright (c) 2000-2025 the FFmpeg developers
2025-05-19T07:46:02.281Z [LOG] FFprobe执行测试成功: ffprobe version 4.0.2 Copyright (c) 2007-2018 the FFmpeg developers
2025-05-19T07:46:02.281Z [LOG] FFmpeg执行测试成功: ffmpeg version 7.1.1-essentials_build-www.gyan.dev Copyright (c) 2000-2025 the FFmpeg developers
2025-05-19T07:46:02.282Z [TEST] FFmpeg执行测试成功: ffmpeg version 7.1.1-essentials_build-www.gyan.dev Copyright (c) 2000-2025 the FFmpeg developers
2025-05-19T07:46:02.312Z [LOG] 已加载 34 个视频记录
2025-05-19T07:46:02.312Z [LOG] 开始检查是否存在重复视频记录...
2025-05-19T07:46:02.313Z [LOG] 没有发现重复视频记录
2025-05-19T07:46:02.313Z [LOG] 已加载枚举值[collection]: 16个
2025-05-19T07:46:02.314Z [LOG] 已加载枚举值[actors]: 3个
2025-05-19T07:46:02.315Z [LOG] 添加默认标签: 路径异常
2025-05-19T07:46:02.317Z [LOG] 数据库模块初始化完成
2025-05-19T07:46:02.434Z [LOG] 处理get-videos请求
2025-05-19T07:46:02.438Z [LOG] 处理get-enum-values请求: collection
2025-05-19T07:46:02.438Z [LOG] 处理get-enum-values请求: actors
2025-05-19T07:46:02.457Z [LOG] 处理自定义协议请求: app://thumbnail/1747625929418-RDpcVXNl.jpg
2025-05-19T07:46:02.458Z [LOG] 缩略图路径: D:\code\cursor\looklook\userdata\thumbnails\1747625929418-RDpcVXNl.jpg
2025-05-19T07:46:02.458Z [LOG] 处理get-enum-values请求: collection
2025-05-19T07:46:02.459Z [LOG] 处理自定义协议请求: app://thumbnail/1747625522459-RDpcVXNl.jpg
2025-05-19T07:46:02.460Z [LOG] 缩略图路径: D:\code\cursor\looklook\userdata\thumbnails\1747625522459-RDpcVXNl.jpg
2025-05-19T07:46:02.460Z [LOG] 处理get-enum-values请求: actors
2025-05-19T07:46:02.461Z [LOG] 处理自定义协议请求: app://thumbnail/1747626468736-RDpcVXNl.jpg
2025-05-19T07:46:02.462Z [LOG] 缩略图路径: D:\code\cursor\looklook\userdata\thumbnails\1747626468736-RDpcVXNl.jpg
2025-05-19T07:46:02.463Z [LOG] 处理自定义协议请求: app://thumbnail/1747636575725-RDpcVXNl.jpg
2025-05-19T07:46:02.463Z [LOG] 缩略图路径: D:\code\cursor\looklook\userdata\thumbnails\1747636575725-RDpcVXNl.jpg
2025-05-19T07:46:02.463Z [LOG] 处理自定义协议请求: app://thumbnail/1747636580194-RDpcVXNl.jpg
2025-05-19T07:46:02.464Z [LOG] 缩略图路径: D:\code\cursor\looklook\userdata\thumbnails\1747636580194-RDpcVXNl.jpg
2025-05-19T07:46:02.464Z [LOG] 处理自定义协议请求: app://thumbnail/1747636573654-RDpcVXNl.jpg
2025-05-19T07:46:02.464Z [LOG] 缩略图路径: D:\code\cursor\looklook\userdata\thumbnails\1747636573654-RDpcVXNl.jpg
2025-05-19T07:46:02.465Z [LOG] 处理自定义协议请求: app://thumbnail/1747636578939-RDpcVXNl.jpg
2025-05-19T07:46:02.465Z [LOG] 缩略图路径: D:\code\cursor\looklook\userdata\thumbnails\1747636578939-RDpcVXNl.jpg
2025-05-19T07:46:02.466Z [LOG] 处理自定义协议请求: app://thumbnail/1747636576050-RDpcVXNl.jpg
2025-05-19T07:46:02.466Z [LOG] 缩略图路径: D:\code\cursor\looklook\userdata\thumbnails\1747636576050-RDpcVXNl.jpg
2025-05-19T07:46:02.467Z [LOG] 处理自定义协议请求: app://thumbnail/1747636564765-RDpcVXNl.jpg
2025-05-19T07:46:02.467Z [LOG] 缩略图路径: D:\code\cursor\looklook\userdata\thumbnails\1747636564765-RDpcVXNl.jpg
2025-05-19T07:46:02.468Z [LOG] 处理自定义协议请求: app://thumbnail/1747636570430-RDpcVXNl.jpg
2025-05-19T07:46:02.468Z [LOG] 缩略图路径: D:\code\cursor\looklook\userdata\thumbnails\1747636570430-RDpcVXNl.jpg
2025-05-19T07:46:02.469Z [LOG] 处理自定义协议请求: app://thumbnail/1747636570932-RDpcVXNl.jpg
2025-05-19T07:46:02.470Z [LOG] 缩略图路径: D:\code\cursor\looklook\userdata\thumbnails\1747636570932-RDpcVXNl.jpg
2025-05-19T07:46:02.471Z [LOG] 处理自定义协议请求: app://thumbnail/1747636570586-RDpcVXNl.jpg
2025-05-19T07:46:02.471Z [LOG] 缩略图路径: D:\code\cursor\looklook\userdata\thumbnails\1747636570586-RDpcVXNl.jpg
2025-05-19T07:46:02.472Z [LOG] 处理自定义协议请求: app://thumbnail/1747636578083-RDpcVXNl.jpg
2025-05-19T07:46:02.472Z [LOG] 缩略图路径: D:\code\cursor\looklook\userdata\thumbnails\1747636578083-RDpcVXNl.jpg
2025-05-19T07:46:02.472Z [LOG] 处理自定义协议请求: app://thumbnail/1747636576305-RDpcVXNl.jpg
2025-05-19T07:46:02.473Z [LOG] 缩略图路径: D:\code\cursor\looklook\userdata\thumbnails\1747636576305-RDpcVXNl.jpg
2025-05-19T07:46:02.474Z [LOG] 处理自定义协议请求: app://thumbnail/1747636565192-RDpcVXNl.jpg
2025-05-19T07:46:02.474Z [LOG] 缩略图路径: D:\code\cursor\looklook\userdata\thumbnails\1747636565192-RDpcVXNl.jpg
2025-05-19T07:46:02.475Z [LOG] 处理自定义协议请求: app://thumbnail/1747636626323-RDpcVXNl.jpg
2025-05-19T07:46:02.475Z [LOG] 缩略图路径: D:\code\cursor\looklook\userdata\thumbnails\1747636626323-RDpcVXNl.jpg
2025-05-19T07:46:02.476Z [LOG] 处理自定义协议请求: app://thumbnail/1747636625528-RDpcVXNl.jpg
2025-05-19T07:46:02.476Z [LOG] 缩略图路径: D:\code\cursor\looklook\userdata\thumbnails\1747636625528-RDpcVXNl.jpg
2025-05-19T07:46:02.477Z [LOG] 处理自定义协议请求: app://thumbnail/1747636625816-RDpcVXNl.jpg
2025-05-19T07:46:02.477Z [LOG] 缩略图路径: D:\code\cursor\looklook\userdata\thumbnails\1747636625816-RDpcVXNl.jpg
2025-05-19T07:46:02.478Z [LOG] 处理自定义协议请求: app://thumbnail/1747636625471-RDpcVXNl.jpg
2025-05-19T07:46:02.478Z [LOG] 缩略图路径: D:\code\cursor\looklook\userdata\thumbnails\1747636625471-RDpcVXNl.jpg
2025-05-19T07:46:02.479Z [LOG] 处理自定义协议请求: app://thumbnail/1747636626750-RDpcVXNl.jpg
2025-05-19T07:46:02.479Z [LOG] 缩略图路径: D:\code\cursor\looklook\userdata\thumbnails\1747636626750-RDpcVXNl.jpg
2025-05-19T07:46:04.318Z [LOG] 更新视频: 8888F897_1745215698544.mp4
2025-05-19T07:46:04.343Z [LOG] 更新视频: 8888F897_1745215698544.mp4
2025-05-19T07:46:24.512Z [LOG] 处理get-settings请求
2025-05-19T07:46:24.513Z [LOG] 设置已加载
2025-05-19T07:46:25.609Z [LOG] 打开视频: D:\Users\Videos\第二次选择\SampleVideo_1280x720_10mb.mkv
2025-05-19T07:46:25.614Z [LOG] 处理自定义协议请求: app://thumbnail/1747625929418-RDpcVXNl.jpg
2025-05-19T07:46:25.615Z [LOG] 缩略图路径: D:\code\cursor\looklook\userdata\thumbnails\1747625929418-RDpcVXNl.jpg
2025-05-19T07:46:25.615Z [LOG] 处理自定义协议请求: app://thumbnail/1747625522459-RDpcVXNl.jpg
2025-05-19T07:46:25.616Z [LOG] 缩略图路径: D:\code\cursor\looklook\userdata\thumbnails\1747625522459-RDpcVXNl.jpg
2025-05-19T07:46:25.617Z [LOG] 处理自定义协议请求: app://thumbnail/1747626468736-RDpcVXNl.jpg
2025-05-19T07:46:25.617Z [LOG] 缩略图路径: D:\code\cursor\looklook\userdata\thumbnails\1747626468736-RDpcVXNl.jpg
2025-05-19T07:46:25.618Z [LOG] 处理自定义协议请求: app://thumbnail/1747636575725-RDpcVXNl.jpg
2025-05-19T07:46:25.618Z [LOG] 缩略图路径: D:\code\cursor\looklook\userdata\thumbnails\1747636575725-RDpcVXNl.jpg
2025-05-19T07:46:25.619Z [LOG] 处理自定义协议请求: app://thumbnail/1747636580194-RDpcVXNl.jpg
2025-05-19T07:46:25.619Z [LOG] 缩略图路径: D:\code\cursor\looklook\userdata\thumbnails\1747636580194-RDpcVXNl.jpg
2025-05-19T07:46:25.620Z [LOG] 处理自定义协议请求: app://thumbnail/1747636573654-RDpcVXNl.jpg
2025-05-19T07:46:25.620Z [LOG] 缩略图路径: D:\code\cursor\looklook\userdata\thumbnails\1747636573654-RDpcVXNl.jpg
2025-05-19T07:46:25.620Z [LOG] 处理自定义协议请求: app://thumbnail/1747636578939-RDpcVXNl.jpg
2025-05-19T07:46:25.621Z [LOG] 缩略图路径: D:\code\cursor\looklook\userdata\thumbnails\1747636578939-RDpcVXNl.jpg
2025-05-19T07:46:25.621Z [LOG] 处理自定义协议请求: app://thumbnail/1747636576050-RDpcVXNl.jpg
2025-05-19T07:46:25.622Z [LOG] 缩略图路径: D:\code\cursor\looklook\userdata\thumbnails\1747636576050-RDpcVXNl.jpg
2025-05-19T07:46:25.622Z [LOG] 处理自定义协议请求: app://thumbnail/1747636564765-RDpcVXNl.jpg
2025-05-19T07:46:25.623Z [LOG] 缩略图路径: D:\code\cursor\looklook\userdata\thumbnails\1747636564765-RDpcVXNl.jpg
2025-05-19T07:46:25.623Z [LOG] 处理自定义协议请求: app://thumbnail/1747636570430-RDpcVXNl.jpg
2025-05-19T07:46:25.624Z [LOG] 缩略图路径: D:\code\cursor\looklook\userdata\thumbnails\1747636570430-RDpcVXNl.jpg
2025-05-19T07:46:25.624Z [LOG] 处理自定义协议请求: app://thumbnail/1747636570932-RDpcVXNl.jpg
2025-05-19T07:46:25.624Z [LOG] 缩略图路径: D:\code\cursor\looklook\userdata\thumbnails\1747636570932-RDpcVXNl.jpg
2025-05-19T07:46:25.625Z [LOG] 处理自定义协议请求: app://thumbnail/1747636570586-RDpcVXNl.jpg
2025-05-19T07:46:25.625Z [LOG] 缩略图路径: D:\code\cursor\looklook\userdata\thumbnails\1747636570586-RDpcVXNl.jpg
2025-05-19T07:46:25.626Z [LOG] 处理自定义协议请求: app://thumbnail/1747636578083-RDpcVXNl.jpg
2025-05-19T07:46:25.626Z [LOG] 缩略图路径: D:\code\cursor\looklook\userdata\thumbnails\1747636578083-RDpcVXNl.jpg
2025-05-19T07:46:25.627Z [LOG] 处理自定义协议请求: app://thumbnail/1747636576305-RDpcVXNl.jpg
2025-05-19T07:46:25.627Z [LOG] 缩略图路径: D:\code\cursor\looklook\userdata\thumbnails\1747636576305-RDpcVXNl.jpg
2025-05-19T07:46:25.627Z [LOG] 处理自定义协议请求: app://thumbnail/1747636565192-RDpcVXNl.jpg
2025-05-19T07:46:25.628Z [LOG] 缩略图路径: D:\code\cursor\looklook\userdata\thumbnails\1747636565192-RDpcVXNl.jpg
2025-05-19T07:46:25.628Z [LOG] 处理自定义协议请求: app://thumbnail/1747636626323-RDpcVXNl.jpg
2025-05-19T07:46:25.629Z [LOG] 缩略图路径: D:\code\cursor\looklook\userdata\thumbnails\1747636626323-RDpcVXNl.jpg
2025-05-19T07:46:25.629Z [LOG] 处理自定义协议请求: app://thumbnail/1747636625528-RDpcVXNl.jpg
2025-05-19T07:46:25.630Z [LOG] 缩略图路径: D:\code\cursor\looklook\userdata\thumbnails\1747636625528-RDpcVXNl.jpg
2025-05-19T07:46:25.630Z [LOG] 处理自定义协议请求: app://thumbnail/1747636625816-RDpcVXNl.jpg
2025-05-19T07:46:25.630Z [LOG] 缩略图路径: D:\code\cursor\looklook\userdata\thumbnails\1747636625816-RDpcVXNl.jpg
2025-05-19T07:46:25.631Z [LOG] 处理自定义协议请求: app://thumbnail/1747636625471-RDpcVXNl.jpg
2025-05-19T07:46:25.631Z [LOG] 缩略图路径: D:\code\cursor\looklook\userdata\thumbnails\1747636625471-RDpcVXNl.jpg
2025-05-19T07:46:25.632Z [LOG] 处理自定义协议请求: app://thumbnail/1747636626750-RDpcVXNl.jpg
2025-05-19T07:46:25.633Z [LOG] 缩略图路径: D:\code\cursor\looklook\userdata\thumbnails\1747636626750-RDpcVXNl.jpg
2025-05-19T07:46:29.117Z [LOG] 处理get-settings请求
2025-05-19T07:46:29.119Z [LOG] 设置已加载
2025-05-19T07:46:29.903Z [LOG] 打开源文件夹: D:\Users\Videos\第二次选择\8888F897_1745215698544.mp4
2025-05-19T07:46:37.530Z [LOG] 更新视频: 8888F897_1745215698544.mp4
2025-05-19T07:46:37.540Z [LOG] 打开视频: D:\Users\Videos\第二次选择\8888F897_1745215698544.mp4
2025-05-19T07:46:37.551Z [LOG] 处理自定义协议请求: app://thumbnail/1747625929418-RDpcVXNl.jpg
2025-05-19T07:46:37.551Z [LOG] 缩略图路径: D:\code\cursor\looklook\userdata\thumbnails\1747625929418-RDpcVXNl.jpg
2025-05-19T07:46:37.552Z [LOG] 处理自定义协议请求: app://thumbnail/1747625522459-RDpcVXNl.jpg
2025-05-19T07:46:37.553Z [LOG] 缩略图路径: D:\code\cursor\looklook\userdata\thumbnails\1747625522459-RDpcVXNl.jpg
2025-05-19T07:46:37.554Z [LOG] 处理自定义协议请求: app://thumbnail/1747626468736-RDpcVXNl.jpg
2025-05-19T07:46:37.554Z [LOG] 缩略图路径: D:\code\cursor\looklook\userdata\thumbnails\1747626468736-RDpcVXNl.jpg
2025-05-19T07:46:37.555Z [LOG] 处理自定义协议请求: app://thumbnail/1747636575725-RDpcVXNl.jpg
2025-05-19T07:46:37.555Z [LOG] 缩略图路径: D:\code\cursor\looklook\userdata\thumbnails\1747636575725-RDpcVXNl.jpg
2025-05-19T07:46:37.556Z [LOG] 处理自定义协议请求: app://thumbnail/1747636580194-RDpcVXNl.jpg
2025-05-19T07:46:37.556Z [LOG] 缩略图路径: D:\code\cursor\looklook\userdata\thumbnails\1747636580194-RDpcVXNl.jpg
2025-05-19T07:46:37.557Z [LOG] 处理自定义协议请求: app://thumbnail/1747636573654-RDpcVXNl.jpg
2025-05-19T07:46:37.558Z [LOG] 缩略图路径: D:\code\cursor\looklook\userdata\thumbnails\1747636573654-RDpcVXNl.jpg
2025-05-19T07:46:37.559Z [LOG] 处理自定义协议请求: app://thumbnail/1747636578939-RDpcVXNl.jpg
2025-05-19T07:46:37.560Z [LOG] 缩略图路径: D:\code\cursor\looklook\userdata\thumbnails\1747636578939-RDpcVXNl.jpg
2025-05-19T07:46:37.560Z [LOG] 处理自定义协议请求: app://thumbnail/1747636576050-RDpcVXNl.jpg
2025-05-19T07:46:37.561Z [LOG] 缩略图路径: D:\code\cursor\looklook\userdata\thumbnails\1747636576050-RDpcVXNl.jpg
2025-05-19T07:46:37.561Z [LOG] 处理自定义协议请求: app://thumbnail/1747636564765-RDpcVXNl.jpg
2025-05-19T07:46:37.562Z [LOG] 缩略图路径: D:\code\cursor\looklook\userdata\thumbnails\1747636564765-RDpcVXNl.jpg
2025-05-19T07:46:37.562Z [LOG] 处理自定义协议请求: app://thumbnail/1747636570430-RDpcVXNl.jpg
2025-05-19T07:46:37.563Z [LOG] 缩略图路径: D:\code\cursor\looklook\userdata\thumbnails\1747636570430-RDpcVXNl.jpg
2025-05-19T07:46:37.564Z [LOG] 处理自定义协议请求: app://thumbnail/1747636570932-RDpcVXNl.jpg
2025-05-19T07:46:37.564Z [LOG] 缩略图路径: D:\code\cursor\looklook\userdata\thumbnails\1747636570932-RDpcVXNl.jpg
2025-05-19T07:46:37.566Z [LOG] 处理自定义协议请求: app://thumbnail/1747636570586-RDpcVXNl.jpg
2025-05-19T07:46:37.566Z [LOG] 缩略图路径: D:\code\cursor\looklook\userdata\thumbnails\1747636570586-RDpcVXNl.jpg
2025-05-19T07:46:37.567Z [LOG] 处理自定义协议请求: app://thumbnail/1747636578083-RDpcVXNl.jpg
2025-05-19T07:46:37.567Z [LOG] 缩略图路径: D:\code\cursor\looklook\userdata\thumbnails\1747636578083-RDpcVXNl.jpg
2025-05-19T07:46:37.568Z [LOG] 处理自定义协议请求: app://thumbnail/1747636576305-RDpcVXNl.jpg
2025-05-19T07:46:37.568Z [LOG] 缩略图路径: D:\code\cursor\looklook\userdata\thumbnails\1747636576305-RDpcVXNl.jpg
2025-05-19T07:46:37.569Z [LOG] 处理自定义协议请求: app://thumbnail/1747636565192-RDpcVXNl.jpg
2025-05-19T07:46:37.569Z [LOG] 缩略图路径: D:\code\cursor\looklook\userdata\thumbnails\1747636565192-RDpcVXNl.jpg
2025-05-19T07:46:37.570Z [LOG] 处理自定义协议请求: app://thumbnail/1747636626323-RDpcVXNl.jpg
2025-05-19T07:46:37.570Z [LOG] 缩略图路径: D:\code\cursor\looklook\userdata\thumbnails\1747636626323-RDpcVXNl.jpg
2025-05-19T07:46:37.571Z [LOG] 处理自定义协议请求: app://thumbnail/1747636625528-RDpcVXNl.jpg
2025-05-19T07:46:37.571Z [LOG] 缩略图路径: D:\code\cursor\looklook\userdata\thumbnails\1747636625528-RDpcVXNl.jpg
2025-05-19T07:46:37.571Z [LOG] 处理自定义协议请求: app://thumbnail/1747636625816-RDpcVXNl.jpg
2025-05-19T07:46:37.572Z [LOG] 缩略图路径: D:\code\cursor\looklook\userdata\thumbnails\1747636625816-RDpcVXNl.jpg
2025-05-19T07:46:37.572Z [LOG] 处理自定义协议请求: app://thumbnail/1747636625471-RDpcVXNl.jpg
2025-05-19T07:46:37.572Z [LOG] 缩略图路径: D:\code\cursor\looklook\userdata\thumbnails\1747636625471-RDpcVXNl.jpg
2025-05-19T07:46:37.573Z [LOG] 处理自定义协议请求: app://thumbnail/1747636626750-RDpcVXNl.jpg
2025-05-19T07:46:37.573Z [LOG] 缩略图路径: D:\code\cursor\looklook\userdata\thumbnails\1747636626750-RDpcVXNl.jpg
2025-05-19T07:47:35.061Z 日志开始 - 2025-05-19T07:47:35.061Z - 应用版本: 1.0.0 - 运行环境: 开发环境
2025-05-19T07:47:35.062Z 系统信息: win32 x64 - Node.js 18.18.2
2025-05-19T07:47:35.062Z App路径: D:\code\cursor\looklook
2025-05-19T07:47:35.062Z 可执行文件路径: D:\code\cursor\looklook\node_modules\electron\dist\electron.exe
2025-05-19T07:47:35.063Z [LOG] 日志文件已创建: D:\code\cursor\looklook\userdata\logs\app-2025-05-19.log
2025-05-19T07:47:35.063Z [ERROR] 设置控制台编码失败: process.stdout.setEncoding is not a function
2025-05-19T07:47:35.064Z [LOG] 应用准备就绪
2025-05-19T07:47:35.064Z [ENV] 运行模式: 开发环境
2025-05-19T07:47:35.064Z [ENV] 应用路径: D:\code\cursor\looklook
2025-05-19T07:47:35.064Z [ENV] 可执行文件路径: D:\code\cursor\looklook\node_modules\electron\dist\electron.exe
2025-05-19T07:47:35.064Z [ENV] 用户数据路径: D:\code\cursor\looklook\userdata
2025-05-19T07:47:35.065Z [FFMPEG_COPY] 开发环境中无需复制FFmpeg和FFprobe
2025-05-19T07:47:35.065Z [LOG] 用户数据目录: D:\code\cursor\looklook\userdata
2025-05-19T07:47:35.065Z [LOG] 缩略图目录: D:\code\cursor\looklook\userdata\thumbnails
2025-05-19T07:47:35.066Z [LOG] 设置文件已存在，无需创建默认设置
2025-05-19T07:47:35.069Z [LOG] 打包状态: 开发环境
2025-05-19T07:47:35.069Z [LOG] App Path: D:\code\cursor\looklook
2025-05-19T07:47:35.069Z [LOG] Exe Path: D:\code\cursor\looklook\node_modules\electron\dist\electron.exe
2025-05-19T07:47:35.070Z [LOG] 应用目录: D:\code\cursor\looklook\node_modules\electron\dist
2025-05-19T07:47:35.070Z [LOG] 资源目录: D:\code\cursor\looklook\node_modules\electron\dist\resources
2025-05-19T07:47:35.070Z [TEST] 开始测试FFmpeg和FFprobe可执行性
2025-05-19T07:47:35.070Z [TEST] 打包状态: 开发环境
2025-05-19T07:47:35.070Z [TEST] App路径: D:\code\cursor\looklook
2025-05-19T07:47:35.071Z [TEST] 可执行文件路径: D:\code\cursor\looklook\node_modules\electron\dist\electron.exe
2025-05-19T07:47:35.071Z [TEST] 应用目录: D:\code\cursor\looklook\node_modules\electron\dist
2025-05-19T07:47:35.071Z [TEST] 资源目录: D:\code\cursor\looklook\node_modules\electron\dist\resources
2025-05-19T07:47:35.071Z [LOG] 检查node_modules路径: D:\code\cursor\looklook\node_modules\electron\dist\resources\node_modules, 存在: false
2025-05-19T07:47:35.071Z [TEST] 检查node_modules路径: D:\code\cursor\looklook\node_modules\electron\dist\resources\node_modules, 存在: false
2025-05-19T07:47:35.072Z [LOG] 检查node_modules路径: D:\code\cursor\looklook\node_modules\electron\dist\node_modules, 存在: false
2025-05-19T07:47:35.072Z [TEST] 检查node_modules路径: D:\code\cursor\looklook\node_modules\electron\dist\node_modules, 存在: false
2025-05-19T07:47:35.072Z [LOG] 检查node_modules路径: D:\code\cursor\looklook\node_modules, 存在: true
2025-05-19T07:47:35.072Z [TEST] 检查node_modules路径: D:\code\cursor\looklook\node_modules, 存在: true
2025-05-19T07:47:35.073Z [TEST] D:\code\cursor\looklook\node_modules 中内容: .bin, .package-lock.json, 7zip-bin, @derhuerst, @develar, @electron, @isaacs, @malept, @pkgjs, @sindresorhus, @szmarczak, @tootallnate, @types, @xmldom, agent-base, ajv, ajv-formats, ajv-keywords, ansi-regex, ansi-styles, app-builder-bin, app-builder-lib, archiver, archiver-utils, argparse, async, async-exit-hook, asynckit, at-least-node, atomically, balanced-match, base64-js, binary-search-tree, bl, bluebird, bluebird-lst, boolean, brace-expansion, buffer, buffer-crc32, buffer-equal, buffer-from, builder-util, builder-util-runtime, cacheable-lookup, cacheable-request, call-bind-apply-helpers, caseless, chalk, chownr, chromium-pickle-js, ci-info, cliui, clone-response, color-convert, color-name, combined-stream, commander, compare-version, compress-commons, concat-map, concat-stream, conf, config-file-ts, core-util-is, crc-32, crc32-stream, cross-spawn, debounce-fn, debug, decompress-response, defer-to-connect, define-data-property, define-properties, delayed-stream, detect-node, dir-compare, dmg-builder, dot-prop, dotenv, dotenv-expand, dunder-proto, eastasianwidth, ejs, electron, electron-builder, electron-builder-squirrel-windows, electron-publish, electron-store, emoji-regex, end-of-stream, env-paths, err-code, es-define-property, es-errors, es-object-atoms, es-set-tostringtag, es6-error, escalade, escape-string-regexp, extract-zip, fast-deep-equal, fast-json-stable-stringify, fast-uri, fd-slicer, ffmpeg-static, ffprobe-static, filelist, fluent-ffmpeg, foreground-child, form-data, fs-constants, fs-extra, fs-minipass, fs.realpath, function-bind, get-caller-file, get-intrinsic, get-proto, get-stream, glob, global-agent, globalthis, gopd, got, graceful-fs, has-flag, has-property-descriptors, has-symbols, has-tostringtag, hasown, hosted-git-info, http-cache-semantics, http-proxy-agent, http-response-object, http2-wrapper, https-proxy-agent, iconv-lite, ieee754, immediate, inflight, inherits, is-ci, is-fullwidth-code-point, isarray, isbinaryfile, isexe, jackspeak, jake, js-yaml, json-buffer, json-schema-traverse, json-schema-typed, json-stringify-safe, json5, jsonfile, keyv, lazy-val, lazystream, lie, localforage, lodash, lodash.defaults, lodash.difference, lodash.flatten, lodash.isplainobject, lodash.union, lowercase-keys, lru-cache, matcher, math-intrinsics, mime, mime-db, mime-types, mimic-function, mimic-response, minimatch, minimist, minipass, minizlib, mkdirp, ms, nedb, normalize-path, normalize-url, object-keys, once, p-cancelable, package-json-from-dist, parse-cache-control, path-is-absolute, path-key, path-scurry, pend, plist, process-nextick-args, progress, promise-retry, pump, punycode, quick-lru, read-config-file, readable-stream, readdir-glob, require-directory, require-from-string, resolve-alpn, responselike, retry, rimraf, roarr, safe-buffer, safer-buffer, sanitize-filename, sax, semver, semver-compare, serialize-error, shebang-command, shebang-regex, signal-exit, simple-update-notifier, source-map, source-map-support, sprintf-js, stat-mode, string-width, string-width-cjs, string_decoder, strip-ansi, strip-ansi-cjs, stubborn-fs, sumchecker, supports-color, tar, tar-stream, temp-file, tmp, tmp-promise, truncate-utf8-bytes, type-fest, typedarray, typescript, uint8array-extras, underscore, undici-types, universalify, uri-js, utf8-byte-length, util-deprecate, when-exit, which, wrap-ansi, wrap-ansi-cjs, wrappy, xmlbuilder, y18n, yallist, yargs, yargs-parser, yauzl, zip-stream
2025-05-19T07:47:35.073Z [TEST] ffmpeg-static存在于 D:\code\cursor\looklook\node_modules\ffmpeg-static
2025-05-19T07:47:35.073Z [TEST] ffmpeg-static内容: example.js, ffmpeg.exe, index.js, install.js, LICENSE, package.json, README.md, types
2025-05-19T07:47:35.073Z [TEST] ffprobe-static存在于 D:\code\cursor\looklook\node_modules\ffprobe-static
2025-05-19T07:47:35.073Z [TEST] ffprobe-static内容: bin, index.js, LICENSE, package.json, README.md, tests
2025-05-19T07:47:35.074Z [TEST] ffprobe-static/bin内容: darwin, linux, win32
2025-05-19T07:47:35.074Z [TEST] ffprobe-static/bin/win32内容: ia32, x64
2025-05-19T07:47:35.074Z [TEST] ffprobe-static/bin/win32/x64内容: ffprobe.exe
2025-05-19T07:47:35.074Z [LOG] 测试FFmpeg可执行性...
2025-05-19T07:47:35.074Z [TEST] 开始测试FFmpeg可执行性
2025-05-19T07:47:35.075Z [LOG] FFmpeg文件存在: D:\code\cursor\looklook\node_modules\ffmpeg-static\ffmpeg.exe
2025-05-19T07:47:35.075Z [TEST] FFmpeg文件存在: D:\code\cursor\looklook\node_modules\ffmpeg-static\ffmpeg.exe
2025-05-19T07:47:35.075Z [LOG] FFmpeg有执行权限
2025-05-19T07:47:35.075Z [TEST] FFmpeg有执行权限
2025-05-19T07:47:35.106Z [LOG] 测试FFprobe可执行性...
2025-05-19T07:47:35.106Z [LOG] FFprobe文件存在: D:\code\cursor\looklook\node_modules\ffprobe-static\bin\win32\x64\ffprobe.exe
2025-05-19T07:47:35.107Z [LOG] FFprobe有执行权限
2025-05-19T07:47:35.165Z [LOG] 注册IPC事件处理程序...
2025-05-19T07:47:35.166Z [LOG] IPC事件处理程序注册完成
2025-05-19T07:47:35.171Z [LOG] FFprobe执行测试成功: ffprobe version 4.0.2 Copyright (c) 2007-2018 the FFmpeg developers
2025-05-19T07:47:35.172Z [LOG] FFmpeg执行测试成功: ffmpeg version 7.1.1-essentials_build-www.gyan.dev Copyright (c) 2000-2025 the FFmpeg developers
2025-05-19T07:47:35.172Z [TEST] FFmpeg执行测试成功: ffmpeg version 7.1.1-essentials_build-www.gyan.dev Copyright (c) 2000-2025 the FFmpeg developers
2025-05-19T07:47:35.172Z [LOG] FFprobe执行测试成功: ffprobe version 4.0.2 Copyright (c) 2007-2018 the FFmpeg developers
2025-05-19T07:47:35.173Z [LOG] FFmpeg执行测试成功: ffmpeg version 7.1.1-essentials_build-www.gyan.dev Copyright (c) 2000-2025 the FFmpeg developers
2025-05-19T07:47:35.173Z [TEST] FFmpeg执行测试成功: ffmpeg version 7.1.1-essentials_build-www.gyan.dev Copyright (c) 2000-2025 the FFmpeg developers
2025-05-19T07:47:35.196Z [LOG] 已加载 34 个视频记录
2025-05-19T07:47:35.197Z [LOG] 开始检查是否存在重复视频记录...
2025-05-19T07:47:35.198Z [LOG] 没有发现重复视频记录
2025-05-19T07:47:35.201Z [LOG] 已加载枚举值[collection]: 17个
2025-05-19T07:47:35.201Z [LOG] 已加载枚举值[actors]: 3个
2025-05-19T07:47:35.202Z [LOG] 数据库模块初始化完成
2025-05-19T07:47:35.324Z [LOG] 处理get-videos请求
2025-05-19T07:47:35.327Z [LOG] 处理get-enum-values请求: collection
2025-05-19T07:47:35.328Z [LOG] 处理get-enum-values请求: actors
2025-05-19T07:47:35.345Z [LOG] 处理自定义协议请求: app://thumbnail/1747625929418-RDpcVXNl.jpg
2025-05-19T07:47:35.346Z [LOG] 缩略图路径: D:\code\cursor\looklook\userdata\thumbnails\1747625929418-RDpcVXNl.jpg
2025-05-19T07:47:35.347Z [LOG] 处理自定义协议请求: app://thumbnail/1747625522459-RDpcVXNl.jpg
2025-05-19T07:47:35.347Z [LOG] 缩略图路径: D:\code\cursor\looklook\userdata\thumbnails\1747625522459-RDpcVXNl.jpg
2025-05-19T07:47:35.348Z [LOG] 处理get-enum-values请求: collection
2025-05-19T07:47:35.348Z [LOG] 处理自定义协议请求: app://thumbnail/1747626468736-RDpcVXNl.jpg
2025-05-19T07:47:35.348Z [LOG] 缩略图路径: D:\code\cursor\looklook\userdata\thumbnails\1747626468736-RDpcVXNl.jpg
2025-05-19T07:47:35.349Z [LOG] 处理自定义协议请求: app://thumbnail/1747636575725-RDpcVXNl.jpg
2025-05-19T07:47:35.349Z [LOG] 缩略图路径: D:\code\cursor\looklook\userdata\thumbnails\1747636575725-RDpcVXNl.jpg
2025-05-19T07:47:35.350Z [LOG] 处理get-enum-values请求: actors
2025-05-19T07:47:35.351Z [LOG] 处理自定义协议请求: app://thumbnail/1747636580194-RDpcVXNl.jpg
2025-05-19T07:47:35.352Z [LOG] 缩略图路径: D:\code\cursor\looklook\userdata\thumbnails\1747636580194-RDpcVXNl.jpg
2025-05-19T07:47:35.352Z [LOG] 处理自定义协议请求: app://thumbnail/1747636573654-RDpcVXNl.jpg
2025-05-19T07:47:35.353Z [LOG] 缩略图路径: D:\code\cursor\looklook\userdata\thumbnails\1747636573654-RDpcVXNl.jpg
2025-05-19T07:47:35.353Z [LOG] 处理自定义协议请求: app://thumbnail/1747636578939-RDpcVXNl.jpg
2025-05-19T07:47:35.353Z [LOG] 缩略图路径: D:\code\cursor\looklook\userdata\thumbnails\1747636578939-RDpcVXNl.jpg
2025-05-19T07:47:35.354Z [LOG] 处理自定义协议请求: app://thumbnail/1747636576050-RDpcVXNl.jpg
2025-05-19T07:47:35.354Z [LOG] 缩略图路径: D:\code\cursor\looklook\userdata\thumbnails\1747636576050-RDpcVXNl.jpg
2025-05-19T07:47:35.355Z [LOG] 处理自定义协议请求: app://thumbnail/1747636564765-RDpcVXNl.jpg
2025-05-19T07:47:35.355Z [LOG] 缩略图路径: D:\code\cursor\looklook\userdata\thumbnails\1747636564765-RDpcVXNl.jpg
2025-05-19T07:47:35.356Z [LOG] 处理自定义协议请求: app://thumbnail/1747636570430-RDpcVXNl.jpg
2025-05-19T07:47:35.356Z [LOG] 缩略图路径: D:\code\cursor\looklook\userdata\thumbnails\1747636570430-RDpcVXNl.jpg
2025-05-19T07:47:35.356Z [LOG] 处理自定义协议请求: app://thumbnail/1747636570932-RDpcVXNl.jpg
2025-05-19T07:47:35.357Z [LOG] 缩略图路径: D:\code\cursor\looklook\userdata\thumbnails\1747636570932-RDpcVXNl.jpg
2025-05-19T07:47:35.357Z [LOG] 处理自定义协议请求: app://thumbnail/1747636570586-RDpcVXNl.jpg
2025-05-19T07:47:35.358Z [LOG] 缩略图路径: D:\code\cursor\looklook\userdata\thumbnails\1747636570586-RDpcVXNl.jpg
2025-05-19T07:47:35.358Z [LOG] 处理自定义协议请求: app://thumbnail/1747636578083-RDpcVXNl.jpg
2025-05-19T07:47:35.359Z [LOG] 缩略图路径: D:\code\cursor\looklook\userdata\thumbnails\1747636578083-RDpcVXNl.jpg
2025-05-19T07:47:35.359Z [LOG] 处理自定义协议请求: app://thumbnail/1747636576305-RDpcVXNl.jpg
2025-05-19T07:47:35.360Z [LOG] 缩略图路径: D:\code\cursor\looklook\userdata\thumbnails\1747636576305-RDpcVXNl.jpg
2025-05-19T07:47:35.360Z [LOG] 处理自定义协议请求: app://thumbnail/1747636565192-RDpcVXNl.jpg
2025-05-19T07:47:35.360Z [LOG] 缩略图路径: D:\code\cursor\looklook\userdata\thumbnails\1747636565192-RDpcVXNl.jpg
2025-05-19T07:47:35.361Z [LOG] 处理自定义协议请求: app://thumbnail/1747636626323-RDpcVXNl.jpg
2025-05-19T07:47:35.361Z [LOG] 缩略图路径: D:\code\cursor\looklook\userdata\thumbnails\1747636626323-RDpcVXNl.jpg
2025-05-19T07:47:35.362Z [LOG] 处理自定义协议请求: app://thumbnail/1747636625528-RDpcVXNl.jpg
2025-05-19T07:47:35.363Z [LOG] 缩略图路径: D:\code\cursor\looklook\userdata\thumbnails\1747636625528-RDpcVXNl.jpg
2025-05-19T07:47:35.363Z [LOG] 处理自定义协议请求: app://thumbnail/1747636625816-RDpcVXNl.jpg
2025-05-19T07:47:35.363Z [LOG] 缩略图路径: D:\code\cursor\looklook\userdata\thumbnails\1747636625816-RDpcVXNl.jpg
2025-05-19T07:47:35.364Z [LOG] 处理自定义协议请求: app://thumbnail/1747636625471-RDpcVXNl.jpg
2025-05-19T07:47:35.364Z [LOG] 缩略图路径: D:\code\cursor\looklook\userdata\thumbnails\1747636625471-RDpcVXNl.jpg
2025-05-19T07:47:35.365Z [LOG] 处理自定义协议请求: app://thumbnail/1747636626750-RDpcVXNl.jpg
2025-05-19T07:47:35.365Z [LOG] 缩略图路径: D:\code\cursor\looklook\userdata\thumbnails\1747636626750-RDpcVXNl.jpg
2025-05-19T07:47:36.764Z [LOG] 处理get-settings请求
2025-05-19T07:47:36.765Z [LOG] 设置已加载
2025-05-19T07:47:37.435Z [LOG] 更新视频: 8888F897_1745215698544.mp4
2025-05-19T07:47:37.458Z [LOG] 更新视频: 8888F897_1745215698544.mp4
2025-05-19T07:47:40.645Z [LOG] 处理get-settings请求
2025-05-19T07:47:40.646Z [LOG] 设置已加载
2025-05-19T07:47:41.337Z [LOG] 处理get-enum-values请求: collection
2025-05-19T07:47:41.338Z [LOG] 处理get-enum-values请求: actors
2025-05-19T07:47:41.340Z [LOG] 处理get-enum-values请求: collection
2025-05-19T07:47:41.341Z [LOG] 处理自定义协议请求: app://thumbnail/1747636625471-RDpcVXNl.jpg
2025-05-19T07:47:41.342Z [LOG] 缩略图路径: D:\code\cursor\looklook\userdata\thumbnails\1747636625471-RDpcVXNl.jpg
2025-05-19T07:47:41.353Z [LOG] 处理get-enum-values请求: actors
2025-05-19T07:47:48.197Z [LOG] 更新视频: 8888F897_1745215698544.mp4
2025-05-19T07:47:48.427Z [LOG] 处理get-enum-values请求: collection
2025-05-19T07:47:48.428Z [LOG] 处理get-enum-values请求: actors
2025-05-19T07:47:48.859Z [LOG] 更新视频: 8888F897_1745215698544.mp4
2025-05-19T07:47:48.874Z [LOG] 更新视频: 8888F897_1745215698544.mp4
2025-05-19T07:47:51.988Z [LOG] 处理get-enum-values请求: collection
2025-05-19T07:47:51.989Z [LOG] 处理get-enum-values请求: actors
2025-05-19T07:47:52.610Z [LOG] 处理get-settings请求
2025-05-19T07:47:52.611Z [LOG] 设置已加载
2025-05-19T07:47:53.485Z [LOG] 处理get-enum-values请求: collection
2025-05-19T07:47:53.486Z [LOG] 处理get-enum-values请求: actors
2025-05-19T07:47:53.487Z [LOG] 处理get-enum-values请求: collection
2025-05-19T07:47:53.488Z [LOG] 处理get-enum-values请求: actors
2025-05-19T07:48:10.415Z [LOG] 处理save-enum-values请求: collection, 值数量: 16
2025-05-19T07:48:10.423Z [LOG] 处理get-enum-values请求: collection
2025-05-19T07:48:10.424Z [LOG] 处理get-enum-values请求: actors
2025-05-19T07:48:11.070Z [LOG] 更新视频: 8888F897_1745215698544.mp4
2025-05-19T07:48:11.286Z [LOG] 处理get-enum-values请求: collection
2025-05-19T07:48:11.286Z [LOG] 处理get-enum-values请求: actors
2025-05-19T07:48:11.780Z [LOG] 处理get-enum-values请求: collection
2025-05-19T07:48:11.781Z [LOG] 处理get-enum-values请求: actors
