2025-05-24T05:54:23.660Z 日志开始 - 2025-05-24T05:54:23.659Z - 应用版本: 2.1.2 - 运行环境: 开发环境
2025-05-24T05:54:23.661Z 系统信息: win32 x64 - Node.js 18.18.2
2025-05-24T05:54:23.661Z App路径: D:\code\cursor\looklook
2025-05-24T05:54:23.661Z 可执行文件路径: D:\code\cursor\looklook\node_modules\electron\dist\electron.exe
2025-05-24T05:54:23.662Z [LOG] 日志文件已创建: D:\code\cursor\looklook\userdata\logs\app-2025-05-24.log
2025-05-24T05:54:23.662Z [ERROR] 设置控制台编码失败: process.stdout.setEncoding is not a function
2025-05-24T05:54:23.663Z [LOG] 应用准备就绪
2025-05-24T05:54:23.663Z [ENV] 运行模式: 开发环境
2025-05-24T05:54:23.663Z [ENV] 应用路径: D:\code\cursor\looklook
2025-05-24T05:54:23.663Z [ENV] 可执行文件路径: D:\code\cursor\looklook\node_modules\electron\dist\electron.exe
2025-05-24T05:54:23.664Z [ENV] 用户数据路径: D:\code\cursor\looklook\userdata
2025-05-24T05:54:23.664Z [FFMPEG_COPY] 开发环境中无需复制FFmpeg和FFprobe
2025-05-24T05:54:23.665Z [LOG] 用户数据目录: D:\code\cursor\looklook\userdata
2025-05-24T05:54:23.665Z [LOG] 缩略图目录: D:\code\cursor\looklook\userdata\thumbnails
2025-05-24T05:54:23.665Z [LOG] 设置文件不存在，创建默认设置文件
2025-05-24T05:54:23.666Z [LOG] 已创建默认设置文件: D:\code\cursor\looklook\userdata\settings.json
2025-05-24T05:54:23.672Z [LOG] 打包状态: 开发环境
2025-05-24T05:54:23.673Z [LOG] App Path: D:\code\cursor\looklook
2025-05-24T05:54:23.673Z [LOG] Exe Path: D:\code\cursor\looklook\node_modules\electron\dist\electron.exe
2025-05-24T05:54:23.674Z [LOG] 应用目录: D:\code\cursor\looklook\node_modules\electron\dist
2025-05-24T05:54:23.674Z [LOG] 资源目录: D:\code\cursor\looklook\node_modules\electron\dist\resources
2025-05-24T05:54:23.674Z [TEST] 开始测试FFmpeg和FFprobe可执行性
2025-05-24T05:54:23.675Z [TEST] 打包状态: 开发环境
2025-05-24T05:54:23.675Z [TEST] App路径: D:\code\cursor\looklook
2025-05-24T05:54:23.675Z [TEST] 可执行文件路径: D:\code\cursor\looklook\node_modules\electron\dist\electron.exe
2025-05-24T05:54:23.675Z [TEST] 应用目录: D:\code\cursor\looklook\node_modules\electron\dist
2025-05-24T05:54:23.675Z [TEST] 资源目录: D:\code\cursor\looklook\node_modules\electron\dist\resources
2025-05-24T05:54:23.675Z [LOG] 检查node_modules路径: D:\code\cursor\looklook\node_modules\electron\dist\resources\node_modules, 存在: false
2025-05-24T05:54:23.676Z [TEST] 检查node_modules路径: D:\code\cursor\looklook\node_modules\electron\dist\resources\node_modules, 存在: false
2025-05-24T05:54:23.676Z [LOG] 检查node_modules路径: D:\code\cursor\looklook\node_modules\electron\dist\node_modules, 存在: false
2025-05-24T05:54:23.676Z [TEST] 检查node_modules路径: D:\code\cursor\looklook\node_modules\electron\dist\node_modules, 存在: false
2025-05-24T05:54:23.677Z [LOG] 检查node_modules路径: D:\code\cursor\looklook\node_modules, 存在: true
2025-05-24T05:54:23.677Z [TEST] 检查node_modules路径: D:\code\cursor\looklook\node_modules, 存在: true
2025-05-24T05:54:23.677Z [TEST] D:\code\cursor\looklook\node_modules 中内容: .bin, .package-lock.json, 7zip-bin, @derhuerst, @develar, @electron, @isaacs, @malept, @pkgjs, @sindresorhus, @szmarczak, @tootallnate, @types, @xmldom, agent-base, ajv, ajv-formats, ajv-keywords, ansi-regex, ansi-styles, app-builder-bin, app-builder-lib, archiver, archiver-utils, argparse, async, async-exit-hook, asynckit, at-least-node, atomically, balanced-match, base64-js, binary-search-tree, bl, bluebird, bluebird-lst, boolean, brace-expansion, buffer, buffer-crc32, buffer-equal, buffer-from, builder-util, builder-util-runtime, cacheable-lookup, cacheable-request, call-bind-apply-helpers, caseless, chalk, chownr, chromium-pickle-js, ci-info, cliui, clone-response, color-convert, color-name, combined-stream, commander, compare-version, compress-commons, concat-map, concat-stream, conf, config-file-ts, core-util-is, crc-32, crc32-stream, cross-spawn, debounce-fn, debug, decompress-response, defer-to-connect, define-data-property, define-properties, delayed-stream, detect-node, dir-compare, dmg-builder, dot-prop, dotenv, dotenv-expand, dunder-proto, eastasianwidth, ejs, electron, electron-builder, electron-builder-squirrel-windows, electron-publish, electron-store, emoji-regex, end-of-stream, env-paths, err-code, es-define-property, es-errors, es-object-atoms, es-set-tostringtag, es6-error, escalade, escape-string-regexp, extract-zip, fast-deep-equal, fast-json-stable-stringify, fast-uri, fd-slicer, ffmpeg-static, ffprobe-static, filelist, fluent-ffmpeg, foreground-child, form-data, fs-constants, fs-extra, fs-minipass, fs.realpath, function-bind, get-caller-file, get-intrinsic, get-proto, get-stream, glob, global-agent, globalthis, gopd, got, graceful-fs, has-flag, has-property-descriptors, has-symbols, has-tostringtag, hasown, hosted-git-info, http-cache-semantics, http-proxy-agent, http-response-object, http2-wrapper, https-proxy-agent, iconv-lite, ieee754, immediate, inflight, inherits, is-ci, is-fullwidth-code-point, isarray, isbinaryfile, isexe, jackspeak, jake, js-yaml, json-buffer, json-schema-traverse, json-schema-typed, json-stringify-safe, json5, jsonfile, keyv, lazy-val, lazystream, lie, localforage, lodash, lodash.defaults, lodash.difference, lodash.flatten, lodash.isplainobject, lodash.union, lowercase-keys, lru-cache, matcher, math-intrinsics, mime, mime-db, mime-types, mimic-function, mimic-response, minimatch, minimist, minipass, minizlib, mkdirp, ms, nedb, normalize-path, normalize-url, object-keys, once, p-cancelable, package-json-from-dist, parse-cache-control, path-is-absolute, path-key, path-scurry, pend, plist, process-nextick-args, progress, promise-retry, pump, punycode, quick-lru, read-config-file, readable-stream, readdir-glob, require-directory, require-from-string, resolve-alpn, responselike, retry, rimraf, roarr, safe-buffer, safer-buffer, sanitize-filename, sax, semver, semver-compare, serialize-error, shebang-command, shebang-regex, signal-exit, simple-update-notifier, source-map, source-map-support, sprintf-js, stat-mode, string-width, string-width-cjs, string_decoder, strip-ansi, strip-ansi-cjs, stubborn-fs, sumchecker, supports-color, tar, tar-stream, temp-file, tmp, tmp-promise, truncate-utf8-bytes, type-fest, typedarray, typescript, uint8array-extras, underscore, undici-types, universalify, uri-js, utf8-byte-length, util-deprecate, when-exit, which, wrap-ansi, wrap-ansi-cjs, wrappy, xmlbuilder, y18n, yallist, yargs, yargs-parser, yauzl, zip-stream
2025-05-24T05:54:23.677Z [TEST] ffmpeg-static存在于 D:\code\cursor\looklook\node_modules\ffmpeg-static
2025-05-24T05:54:23.677Z [TEST] ffmpeg-static内容: example.js, ffmpeg.exe, index.js, install.js, LICENSE, package.json, README.md, types
2025-05-24T05:54:23.677Z [TEST] ffprobe-static存在于 D:\code\cursor\looklook\node_modules\ffprobe-static
2025-05-24T05:54:23.677Z [TEST] ffprobe-static内容: bin, index.js, LICENSE, package.json, README.md, tests
2025-05-24T05:54:23.678Z [TEST] ffprobe-static/bin内容: darwin, linux, win32
2025-05-24T05:54:23.678Z [TEST] ffprobe-static/bin/win32内容: ia32, x64
2025-05-24T05:54:23.678Z [TEST] ffprobe-static/bin/win32/x64内容: ffprobe.exe
2025-05-24T05:54:23.678Z [LOG] 测试FFmpeg可执行性...
2025-05-24T05:54:23.678Z [TEST] 开始测试FFmpeg可执行性
2025-05-24T05:54:23.679Z [LOG] FFmpeg文件存在: D:\code\cursor\looklook\node_modules\ffmpeg-static\ffmpeg.exe
2025-05-24T05:54:23.679Z [TEST] FFmpeg文件存在: D:\code\cursor\looklook\node_modules\ffmpeg-static\ffmpeg.exe
2025-05-24T05:54:23.679Z [LOG] FFmpeg有执行权限
2025-05-24T05:54:23.679Z [TEST] FFmpeg有执行权限
2025-05-24T05:54:23.711Z [LOG] 测试FFprobe可执行性...
2025-05-24T05:54:23.712Z [LOG] FFprobe文件存在: D:\code\cursor\looklook\node_modules\ffprobe-static\bin\win32\x64\ffprobe.exe
2025-05-24T05:54:23.712Z [LOG] FFprobe有执行权限
2025-05-24T05:54:25.391Z [LOG] 注册IPC事件处理程序...
2025-05-24T05:54:25.391Z [LOG] IPC事件处理程序注册完成
2025-05-24T05:54:25.399Z [LOG] FFmpeg执行测试成功: ffmpeg version 7.1.1-essentials_build-www.gyan.dev Copyright (c) 2000-2025 the FFmpeg developers
2025-05-24T05:54:25.400Z [TEST] FFmpeg执行测试成功: ffmpeg version 7.1.1-essentials_build-www.gyan.dev Copyright (c) 2000-2025 the FFmpeg developers
2025-05-24T05:54:25.400Z [LOG] FFprobe执行测试成功: ffprobe version 4.0.2 Copyright (c) 2007-2018 the FFmpeg developers
2025-05-24T05:54:25.401Z [LOG] FFprobe执行测试成功: ffprobe version 4.0.2 Copyright (c) 2007-2018 the FFmpeg developers
2025-05-24T05:54:25.401Z [LOG] FFmpeg执行测试成功: ffmpeg version 7.1.1-essentials_build-www.gyan.dev Copyright (c) 2000-2025 the FFmpeg developers
2025-05-24T05:54:25.401Z [TEST] FFmpeg执行测试成功: ffmpeg version 7.1.1-essentials_build-www.gyan.dev Copyright (c) 2000-2025 the FFmpeg developers
2025-05-24T05:54:25.431Z [LOG] 已加载 0 个视频记录
2025-05-24T05:54:25.431Z [LOG] 没有视频数据，无需清理重复
2025-05-24T05:54:25.432Z [LOG] 已加载枚举值[collection]: 0个
2025-05-24T05:54:25.433Z [LOG] 已加载枚举值[actors]: 0个
2025-05-24T05:54:25.433Z [LOG] 添加默认标签: 路径异常
2025-05-24T05:54:25.434Z [LOG] 添加默认标签: 压缩前
2025-05-24T05:54:25.436Z [LOG] 添加默认标签: 已压缩_高效感知无损
2025-05-24T05:54:25.437Z [LOG] 添加默认标签: 已压缩_完全无损
2025-05-24T05:54:25.439Z [LOG] 没有视频数据，无需检查文件存在性
2025-05-24T05:54:25.439Z [LOG] 数据库模块初始化完成
2025-05-24T05:54:25.689Z [LOG] 处理get-videos请求
2025-05-24T05:54:25.695Z [LOG] 处理get-enum-values请求: collection
2025-05-24T05:54:25.696Z [LOG] 处理get-enum-values请求: actors
2025-05-24T05:54:25.705Z [LOG] 处理get-enum-values请求: collection
2025-05-24T05:54:25.706Z [LOG] 处理get-enum-values请求: actors
2025-05-24T05:54:28.132Z [LOG] 处理import-folder请求
2025-05-24T05:54:35.552Z [LOG] 用户选择了文件夹: D:\Users\Videos\第一次选择
2025-05-24T05:54:35.553Z [LOG] 开始搜索文件夹 D:\Users\Videos\第一次选择 中的视频文件
2025-05-24T05:54:35.553Z [LOG] 搜索文件夹: D:\Users\Videos\第一次选择
2025-05-24T05:54:35.554Z [LOG] 搜索文件夹: D:\Users\Videos\第一次选择\新建文件夹
2025-05-24T05:54:35.554Z [LOG] 搜索文件夹: D:\Users\Videos\第一次选择\新建文件夹 (2)
2025-05-24T05:54:35.554Z [LOG] 在文件夹中找到 10 个视频文件
2025-05-24T05:54:35.555Z [LOG] 当前数据库中有 0 个视频记录
2025-05-24T05:54:35.555Z [LOG] 其中新增视频 10 个，重复视频 0 个
2025-05-24T05:54:35.555Z [LOG] 设置已加载
2025-05-24T05:54:35.556Z [LOG] 获取视频分辨率: D:\Users\Videos\第一次选择\新建文件夹\test-001.AVI
2025-05-24T05:54:35.556Z [MAIN] 开始获取视频分辨率: D:\Users\Videos\第一次选择\新建文件夹\test-001.AVI
2025-05-24T05:54:35.556Z [LOG] 直接获取视频分辨率
2025-05-24T05:54:35.556Z [RESOLUTION] 开始获取视频分辨率: D:\Users\Videos\第一次选择\新建文件夹\test-001.AVI
2025-05-24T05:54:35.557Z [PATH] 尝试获取FFprobe路径
2025-05-24T05:54:35.557Z [LOG] 使用配置的FFprobe路径: D:\code\cursor\looklook\node_modules\ffprobe-static\bin\win32\x64\ffprobe.exe
2025-05-24T05:54:35.557Z [PATH] 使用配置的FFprobe路径: D:\code\cursor\looklook\node_modules\ffprobe-static\bin\win32\x64\ffprobe.exe
2025-05-24T05:54:35.557Z [RESOLUTION] 在开发环境中使用ffprobe路径: D:\code\cursor\looklook\node_modules\ffprobe-static\bin\win32\x64\ffprobe.exe
2025-05-24T05:54:35.557Z [RESOLUTION] 检查ffprobe可执行文件是否存在: true
2025-05-24T05:54:35.557Z [LOG] 执行命令: "D:\code\cursor\looklook\node_modules\ffprobe-static\bin\win32\x64\ffprobe.exe" -v error -select_streams v:0 -show_entries stream=width,height -of csv=s=x:p=0 "D:\Users\Videos\第一次选择\新建文件夹\test-001.AVI"
2025-05-24T05:54:35.557Z [RESOLUTION] 开始执行命令获取分辨率: "D:\code\cursor\looklook\node_modules\ffprobe-static\bin\win32\x64\ffprobe.exe" -v error -select_streams v:0 -show_entries stream=width,height -of csv=s=x:p=0 "D:\Users\Videos\第一次选择\新建文件夹\test-001.AVI"
2025-05-24T05:54:35.627Z [RESOLUTION] 命令输出: "320x240"
2025-05-24T05:54:35.627Z [LOG] 成功解析分辨率: 320×240
2025-05-24T05:54:35.628Z [RESOLUTION] 成功解析分辨率: 320×240
2025-05-24T05:54:35.628Z [LOG] 获取视频时长: D:\Users\Videos\第一次选择\新建文件夹\test-001.AVI
2025-05-24T05:54:35.628Z [MAIN] 开始获取视频时长: D:\Users\Videos\第一次选择\新建文件夹\test-001.AVI
2025-05-24T05:54:35.629Z [LOG] 直接获取视频时长
2025-05-24T05:54:35.629Z [DURATION] 开始获取视频时长: D:\Users\Videos\第一次选择\新建文件夹\test-001.AVI
2025-05-24T05:54:35.629Z [PATH] 尝试获取FFprobe路径
2025-05-24T05:54:35.629Z [LOG] 使用配置的FFprobe路径: D:\code\cursor\looklook\node_modules\ffprobe-static\bin\win32\x64\ffprobe.exe
2025-05-24T05:54:35.630Z [PATH] 使用配置的FFprobe路径: D:\code\cursor\looklook\node_modules\ffprobe-static\bin\win32\x64\ffprobe.exe
2025-05-24T05:54:35.630Z [DURATION] 在开发环境中使用ffprobe路径: D:\code\cursor\looklook\node_modules\ffprobe-static\bin\win32\x64\ffprobe.exe
2025-05-24T05:54:35.630Z [DURATION] 检查ffprobe可执行文件是否存在: true
2025-05-24T05:54:35.630Z [LOG] 执行命令: "D:\code\cursor\looklook\node_modules\ffprobe-static\bin\win32\x64\ffprobe.exe" -v error -show_entries format=duration -of default=noprint_wrappers=1:nokey=1 "D:\Users\Videos\第一次选择\新建文件夹\test-001.AVI"
2025-05-24T05:54:35.630Z [DURATION] 开始执行命令获取时长: "D:\code\cursor\looklook\node_modules\ffprobe-static\bin\win32\x64\ffprobe.exe" -v error -show_entries format=duration -of default=noprint_wrappers=1:nokey=1 "D:\Users\Videos\第一次选择\新建文件夹\test-001.AVI"
2025-05-24T05:54:35.701Z [DURATION] 命令输出: "125.952000"
2025-05-24T05:54:35.702Z [LOG] 成功解析时长: 00:02:05
2025-05-24T05:54:35.702Z [DURATION] 成功解析时长: 00:02:05
2025-05-24T05:54:35.703Z [LOG] 开始生成缩略图，视频路径: D:\Users\Videos\第一次选择\新建文件夹\test-001.AVI
2025-05-24T05:54:35.704Z [LOG] 缩略图输出路径: D:\code\cursor\looklook\userdata\thumbnails\1748066076015-RDpcVXNl.jpg
2025-05-24T05:54:35.704Z [LOG] 生成随机时间点: 00:00:33
2025-05-24T05:54:35.704Z [LOG] 使用直接命令行ffmpeg生成缩略图
2025-05-24T05:54:35.705Z [PATH] 尝试获取FFmpeg路径
2025-05-24T05:54:35.705Z [LOG] 使用配置的FFmpeg路径: D:\code\cursor\looklook\node_modules\ffmpeg-static\ffmpeg.exe
2025-05-24T05:54:35.705Z [PATH] 使用配置的FFmpeg路径: D:\code\cursor\looklook\node_modules\ffmpeg-static\ffmpeg.exe
2025-05-24T05:54:35.705Z [LOG] 将使用时间点 00:00:33 生成缩略图
2025-05-24T05:54:35.706Z [LOG] 执行命令: D:\code\cursor\looklook\node_modules\ffmpeg-static\ffmpeg.exe -ss 00:00:33 -i D:\Users\Videos\第一次选择\新建文件夹\test-001.AVI -vframes 1 -s 320x180 -y D:\code\cursor\looklook\userdata\thumbnails\1748066076015-RDpcVXNl.jpg
2025-05-24T05:54:35.796Z [LOG] 直接ffmpeg成功生成缩略图: D:\code\cursor\looklook\userdata\thumbnails\1748066076015-RDpcVXNl.jpg
2025-05-24T05:54:35.796Z [LOG] 通过直接ffmpeg命令生成缩略图成功
2025-05-24T05:54:35.796Z [LOG] 设置已加载
2025-05-24T05:54:35.797Z [LOG] 获取视频分辨率: D:\Users\Videos\第一次选择\新建文件夹\test-002.AVI
2025-05-24T05:54:35.797Z [MAIN] 开始获取视频分辨率: D:\Users\Videos\第一次选择\新建文件夹\test-002.AVI
2025-05-24T05:54:35.798Z [LOG] 直接获取视频分辨率
2025-05-24T05:54:35.798Z [RESOLUTION] 开始获取视频分辨率: D:\Users\Videos\第一次选择\新建文件夹\test-002.AVI
2025-05-24T05:54:35.798Z [PATH] 尝试获取FFprobe路径
2025-05-24T05:54:35.798Z [LOG] 使用配置的FFprobe路径: D:\code\cursor\looklook\node_modules\ffprobe-static\bin\win32\x64\ffprobe.exe
2025-05-24T05:54:35.798Z [PATH] 使用配置的FFprobe路径: D:\code\cursor\looklook\node_modules\ffprobe-static\bin\win32\x64\ffprobe.exe
2025-05-24T05:54:35.798Z [RESOLUTION] 在开发环境中使用ffprobe路径: D:\code\cursor\looklook\node_modules\ffprobe-static\bin\win32\x64\ffprobe.exe
2025-05-24T05:54:35.798Z [RESOLUTION] 检查ffprobe可执行文件是否存在: true
2025-05-24T05:54:35.798Z [LOG] 执行命令: "D:\code\cursor\looklook\node_modules\ffprobe-static\bin\win32\x64\ffprobe.exe" -v error -select_streams v:0 -show_entries stream=width,height -of csv=s=x:p=0 "D:\Users\Videos\第一次选择\新建文件夹\test-002.AVI"
2025-05-24T05:54:35.799Z [RESOLUTION] 开始执行命令获取分辨率: "D:\code\cursor\looklook\node_modules\ffprobe-static\bin\win32\x64\ffprobe.exe" -v error -select_streams v:0 -show_entries stream=width,height -of csv=s=x:p=0 "D:\Users\Videos\第一次选择\新建文件夹\test-002.AVI"
2025-05-24T05:54:35.869Z [RESOLUTION] 命令输出: "320x240"
2025-05-24T05:54:35.870Z [LOG] 成功解析分辨率: 320×240
2025-05-24T05:54:35.870Z [RESOLUTION] 成功解析分辨率: 320×240
2025-05-24T05:54:35.870Z [LOG] 获取视频时长: D:\Users\Videos\第一次选择\新建文件夹\test-002.AVI
2025-05-24T05:54:35.871Z [MAIN] 开始获取视频时长: D:\Users\Videos\第一次选择\新建文件夹\test-002.AVI
2025-05-24T05:54:35.871Z [LOG] 直接获取视频时长
2025-05-24T05:54:35.871Z [DURATION] 开始获取视频时长: D:\Users\Videos\第一次选择\新建文件夹\test-002.AVI
2025-05-24T05:54:35.872Z [PATH] 尝试获取FFprobe路径
2025-05-24T05:54:35.872Z [LOG] 使用配置的FFprobe路径: D:\code\cursor\looklook\node_modules\ffprobe-static\bin\win32\x64\ffprobe.exe
2025-05-24T05:54:35.872Z [PATH] 使用配置的FFprobe路径: D:\code\cursor\looklook\node_modules\ffprobe-static\bin\win32\x64\ffprobe.exe
2025-05-24T05:54:35.872Z [DURATION] 在开发环境中使用ffprobe路径: D:\code\cursor\looklook\node_modules\ffprobe-static\bin\win32\x64\ffprobe.exe
2025-05-24T05:54:35.873Z [DURATION] 检查ffprobe可执行文件是否存在: true
2025-05-24T05:54:35.873Z [LOG] 执行命令: "D:\code\cursor\looklook\node_modules\ffprobe-static\bin\win32\x64\ffprobe.exe" -v error -show_entries format=duration -of default=noprint_wrappers=1:nokey=1 "D:\Users\Videos\第一次选择\新建文件夹\test-002.AVI"
2025-05-24T05:54:35.873Z [DURATION] 开始执行命令获取时长: "D:\code\cursor\looklook\node_modules\ffprobe-static\bin\win32\x64\ffprobe.exe" -v error -show_entries format=duration -of default=noprint_wrappers=1:nokey=1 "D:\Users\Videos\第一次选择\新建文件夹\test-002.AVI"
2025-05-24T05:54:35.937Z [DURATION] 命令输出: "125.952000"
2025-05-24T05:54:35.938Z [LOG] 成功解析时长: 00:02:05
2025-05-24T05:54:35.938Z [DURATION] 成功解析时长: 00:02:05
2025-05-24T05:54:35.938Z [LOG] 开始生成缩略图，视频路径: D:\Users\Videos\第一次选择\新建文件夹\test-002.AVI
2025-05-24T05:54:35.939Z [LOG] 缩略图输出路径: D:\code\cursor\looklook\userdata\thumbnails\1748066076374-RDpcVXNl.jpg
2025-05-24T05:54:35.939Z [LOG] 生成随机时间点: 00:00:54
2025-05-24T05:54:35.939Z [LOG] 使用直接命令行ffmpeg生成缩略图
2025-05-24T05:54:35.939Z [PATH] 尝试获取FFmpeg路径
2025-05-24T05:54:35.940Z [LOG] 使用配置的FFmpeg路径: D:\code\cursor\looklook\node_modules\ffmpeg-static\ffmpeg.exe
2025-05-24T05:54:35.940Z [PATH] 使用配置的FFmpeg路径: D:\code\cursor\looklook\node_modules\ffmpeg-static\ffmpeg.exe
2025-05-24T05:54:35.940Z [LOG] 将使用时间点 00:00:54 生成缩略图
2025-05-24T05:54:35.940Z [LOG] 执行命令: D:\code\cursor\looklook\node_modules\ffmpeg-static\ffmpeg.exe -ss 00:00:54 -i D:\Users\Videos\第一次选择\新建文件夹\test-002.AVI -vframes 1 -s 320x180 -y D:\code\cursor\looklook\userdata\thumbnails\1748066076374-RDpcVXNl.jpg
2025-05-24T05:54:36.014Z [LOG] 直接ffmpeg成功生成缩略图: D:\code\cursor\looklook\userdata\thumbnails\1748066076374-RDpcVXNl.jpg
2025-05-24T05:54:36.014Z [LOG] 通过直接ffmpeg命令生成缩略图成功
2025-05-24T05:54:36.015Z [LOG] 设置已加载
2025-05-24T05:54:36.015Z [LOG] 获取视频分辨率: D:\Users\Videos\第一次选择\新建文件夹\test-003.AVI
2025-05-24T05:54:36.015Z [MAIN] 开始获取视频分辨率: D:\Users\Videos\第一次选择\新建文件夹\test-003.AVI
2025-05-24T05:54:36.016Z [LOG] 直接获取视频分辨率
2025-05-24T05:54:36.016Z [RESOLUTION] 开始获取视频分辨率: D:\Users\Videos\第一次选择\新建文件夹\test-003.AVI
2025-05-24T05:54:36.016Z [PATH] 尝试获取FFprobe路径
2025-05-24T05:54:36.016Z [LOG] 使用配置的FFprobe路径: D:\code\cursor\looklook\node_modules\ffprobe-static\bin\win32\x64\ffprobe.exe
2025-05-24T05:54:36.016Z [PATH] 使用配置的FFprobe路径: D:\code\cursor\looklook\node_modules\ffprobe-static\bin\win32\x64\ffprobe.exe
2025-05-24T05:54:36.016Z [RESOLUTION] 在开发环境中使用ffprobe路径: D:\code\cursor\looklook\node_modules\ffprobe-static\bin\win32\x64\ffprobe.exe
2025-05-24T05:54:36.016Z [RESOLUTION] 检查ffprobe可执行文件是否存在: true
2025-05-24T05:54:36.017Z [LOG] 执行命令: "D:\code\cursor\looklook\node_modules\ffprobe-static\bin\win32\x64\ffprobe.exe" -v error -select_streams v:0 -show_entries stream=width,height -of csv=s=x:p=0 "D:\Users\Videos\第一次选择\新建文件夹\test-003.AVI"
2025-05-24T05:54:36.017Z [RESOLUTION] 开始执行命令获取分辨率: "D:\code\cursor\looklook\node_modules\ffprobe-static\bin\win32\x64\ffprobe.exe" -v error -select_streams v:0 -show_entries stream=width,height -of csv=s=x:p=0 "D:\Users\Videos\第一次选择\新建文件夹\test-003.AVI"
2025-05-24T05:54:36.081Z [RESOLUTION] 命令输出: "320x240"
2025-05-24T05:54:36.082Z [LOG] 成功解析分辨率: 320×240
2025-05-24T05:54:36.082Z [RESOLUTION] 成功解析分辨率: 320×240
2025-05-24T05:54:36.082Z [LOG] 获取视频时长: D:\Users\Videos\第一次选择\新建文件夹\test-003.AVI
2025-05-24T05:54:36.083Z [MAIN] 开始获取视频时长: D:\Users\Videos\第一次选择\新建文件夹\test-003.AVI
2025-05-24T05:54:36.083Z [LOG] 直接获取视频时长
2025-05-24T05:54:36.083Z [DURATION] 开始获取视频时长: D:\Users\Videos\第一次选择\新建文件夹\test-003.AVI
2025-05-24T05:54:36.083Z [PATH] 尝试获取FFprobe路径
2025-05-24T05:54:36.084Z [LOG] 使用配置的FFprobe路径: D:\code\cursor\looklook\node_modules\ffprobe-static\bin\win32\x64\ffprobe.exe
2025-05-24T05:54:36.084Z [PATH] 使用配置的FFprobe路径: D:\code\cursor\looklook\node_modules\ffprobe-static\bin\win32\x64\ffprobe.exe
2025-05-24T05:54:36.084Z [DURATION] 在开发环境中使用ffprobe路径: D:\code\cursor\looklook\node_modules\ffprobe-static\bin\win32\x64\ffprobe.exe
2025-05-24T05:54:36.084Z [DURATION] 检查ffprobe可执行文件是否存在: true
2025-05-24T05:54:36.084Z [LOG] 执行命令: "D:\code\cursor\looklook\node_modules\ffprobe-static\bin\win32\x64\ffprobe.exe" -v error -show_entries format=duration -of default=noprint_wrappers=1:nokey=1 "D:\Users\Videos\第一次选择\新建文件夹\test-003.AVI"
2025-05-24T05:54:36.085Z [DURATION] 开始执行命令获取时长: "D:\code\cursor\looklook\node_modules\ffprobe-static\bin\win32\x64\ffprobe.exe" -v error -show_entries format=duration -of default=noprint_wrappers=1:nokey=1 "D:\Users\Videos\第一次选择\新建文件夹\test-003.AVI"
2025-05-24T05:54:36.148Z [DURATION] 命令输出: "125.952000"
2025-05-24T05:54:36.149Z [LOG] 成功解析时长: 00:02:05
2025-05-24T05:54:36.149Z [DURATION] 成功解析时长: 00:02:05
2025-05-24T05:54:36.149Z [LOG] 开始生成缩略图，视频路径: D:\Users\Videos\第一次选择\新建文件夹\test-003.AVI
2025-05-24T05:54:36.150Z [LOG] 缩略图输出路径: D:\code\cursor\looklook\userdata\thumbnails\1748066076612-RDpcVXNl.jpg
2025-05-24T05:54:36.150Z [LOG] 生成随机时间点: 00:00:47
2025-05-24T05:54:36.150Z [LOG] 使用直接命令行ffmpeg生成缩略图
2025-05-24T05:54:36.150Z [PATH] 尝试获取FFmpeg路径
2025-05-24T05:54:36.151Z [LOG] 使用配置的FFmpeg路径: D:\code\cursor\looklook\node_modules\ffmpeg-static\ffmpeg.exe
2025-05-24T05:54:36.151Z [PATH] 使用配置的FFmpeg路径: D:\code\cursor\looklook\node_modules\ffmpeg-static\ffmpeg.exe
2025-05-24T05:54:36.151Z [LOG] 将使用时间点 00:00:47 生成缩略图
2025-05-24T05:54:36.151Z [LOG] 执行命令: D:\code\cursor\looklook\node_modules\ffmpeg-static\ffmpeg.exe -ss 00:00:47 -i D:\Users\Videos\第一次选择\新建文件夹\test-003.AVI -vframes 1 -s 320x180 -y D:\code\cursor\looklook\userdata\thumbnails\1748066076612-RDpcVXNl.jpg
2025-05-24T05:54:36.230Z [LOG] 直接ffmpeg成功生成缩略图: D:\code\cursor\looklook\userdata\thumbnails\1748066076612-RDpcVXNl.jpg
2025-05-24T05:54:36.230Z [LOG] 通过直接ffmpeg命令生成缩略图成功
2025-05-24T05:54:36.231Z [LOG] 设置已加载
2025-05-24T05:54:36.231Z [LOG] 获取视频分辨率: D:\Users\Videos\第一次选择\新建文件夹\test-004.AVI
2025-05-24T05:54:36.231Z [MAIN] 开始获取视频分辨率: D:\Users\Videos\第一次选择\新建文件夹\test-004.AVI
2025-05-24T05:54:36.231Z [LOG] 直接获取视频分辨率
2025-05-24T05:54:36.231Z [RESOLUTION] 开始获取视频分辨率: D:\Users\Videos\第一次选择\新建文件夹\test-004.AVI
2025-05-24T05:54:36.231Z [PATH] 尝试获取FFprobe路径
2025-05-24T05:54:36.232Z [LOG] 使用配置的FFprobe路径: D:\code\cursor\looklook\node_modules\ffprobe-static\bin\win32\x64\ffprobe.exe
2025-05-24T05:54:36.232Z [PATH] 使用配置的FFprobe路径: D:\code\cursor\looklook\node_modules\ffprobe-static\bin\win32\x64\ffprobe.exe
2025-05-24T05:54:36.232Z [RESOLUTION] 在开发环境中使用ffprobe路径: D:\code\cursor\looklook\node_modules\ffprobe-static\bin\win32\x64\ffprobe.exe
2025-05-24T05:54:36.232Z [RESOLUTION] 检查ffprobe可执行文件是否存在: true
2025-05-24T05:54:36.232Z [LOG] 执行命令: "D:\code\cursor\looklook\node_modules\ffprobe-static\bin\win32\x64\ffprobe.exe" -v error -select_streams v:0 -show_entries stream=width,height -of csv=s=x:p=0 "D:\Users\Videos\第一次选择\新建文件夹\test-004.AVI"
2025-05-24T05:54:36.232Z [RESOLUTION] 开始执行命令获取分辨率: "D:\code\cursor\looklook\node_modules\ffprobe-static\bin\win32\x64\ffprobe.exe" -v error -select_streams v:0 -show_entries stream=width,height -of csv=s=x:p=0 "D:\Users\Videos\第一次选择\新建文件夹\test-004.AVI"
2025-05-24T05:54:36.298Z [RESOLUTION] 命令输出: "320x240"
2025-05-24T05:54:36.298Z [LOG] 成功解析分辨率: 320×240
2025-05-24T05:54:36.299Z [RESOLUTION] 成功解析分辨率: 320×240
2025-05-24T05:54:36.299Z [LOG] 获取视频时长: D:\Users\Videos\第一次选择\新建文件夹\test-004.AVI
2025-05-24T05:54:36.299Z [MAIN] 开始获取视频时长: D:\Users\Videos\第一次选择\新建文件夹\test-004.AVI
2025-05-24T05:54:36.300Z [LOG] 直接获取视频时长
2025-05-24T05:54:36.300Z [DURATION] 开始获取视频时长: D:\Users\Videos\第一次选择\新建文件夹\test-004.AVI
2025-05-24T05:54:36.300Z [PATH] 尝试获取FFprobe路径
2025-05-24T05:54:36.300Z [LOG] 使用配置的FFprobe路径: D:\code\cursor\looklook\node_modules\ffprobe-static\bin\win32\x64\ffprobe.exe
2025-05-24T05:54:36.300Z [PATH] 使用配置的FFprobe路径: D:\code\cursor\looklook\node_modules\ffprobe-static\bin\win32\x64\ffprobe.exe
2025-05-24T05:54:36.300Z [DURATION] 在开发环境中使用ffprobe路径: D:\code\cursor\looklook\node_modules\ffprobe-static\bin\win32\x64\ffprobe.exe
2025-05-24T05:54:36.300Z [DURATION] 检查ffprobe可执行文件是否存在: true
2025-05-24T05:54:36.301Z [LOG] 执行命令: "D:\code\cursor\looklook\node_modules\ffprobe-static\bin\win32\x64\ffprobe.exe" -v error -show_entries format=duration -of default=noprint_wrappers=1:nokey=1 "D:\Users\Videos\第一次选择\新建文件夹\test-004.AVI"
2025-05-24T05:54:36.301Z [DURATION] 开始执行命令获取时长: "D:\code\cursor\looklook\node_modules\ffprobe-static\bin\win32\x64\ffprobe.exe" -v error -show_entries format=duration -of default=noprint_wrappers=1:nokey=1 "D:\Users\Videos\第一次选择\新建文件夹\test-004.AVI"
2025-05-24T05:54:36.366Z [DURATION] 命令输出: "125.952000"
2025-05-24T05:54:36.366Z [LOG] 成功解析时长: 00:02:05
2025-05-24T05:54:36.367Z [DURATION] 成功解析时长: 00:02:05
2025-05-24T05:54:36.367Z [LOG] 开始生成缩略图，视频路径: D:\Users\Videos\第一次选择\新建文件夹\test-004.AVI
2025-05-24T05:54:36.367Z [LOG] 缩略图输出路径: D:\code\cursor\looklook\userdata\thumbnails\1748066076280-RDpcVXNl.jpg
2025-05-24T05:54:36.368Z [LOG] 生成随机时间点: 00:00:37
2025-05-24T05:54:36.368Z [LOG] 使用直接命令行ffmpeg生成缩略图
2025-05-24T05:54:36.368Z [PATH] 尝试获取FFmpeg路径
2025-05-24T05:54:36.368Z [LOG] 使用配置的FFmpeg路径: D:\code\cursor\looklook\node_modules\ffmpeg-static\ffmpeg.exe
2025-05-24T05:54:36.368Z [PATH] 使用配置的FFmpeg路径: D:\code\cursor\looklook\node_modules\ffmpeg-static\ffmpeg.exe
2025-05-24T05:54:36.369Z [LOG] 将使用时间点 00:00:37 生成缩略图
2025-05-24T05:54:36.369Z [LOG] 执行命令: D:\code\cursor\looklook\node_modules\ffmpeg-static\ffmpeg.exe -ss 00:00:37 -i D:\Users\Videos\第一次选择\新建文件夹\test-004.AVI -vframes 1 -s 320x180 -y D:\code\cursor\looklook\userdata\thumbnails\1748066076280-RDpcVXNl.jpg
2025-05-24T05:54:36.450Z [LOG] 直接ffmpeg成功生成缩略图: D:\code\cursor\looklook\userdata\thumbnails\1748066076280-RDpcVXNl.jpg
2025-05-24T05:54:36.450Z [LOG] 通过直接ffmpeg命令生成缩略图成功
2025-05-24T05:54:36.451Z [LOG] 设置已加载
2025-05-24T05:54:36.451Z [LOG] 获取视频分辨率: D:\Users\Videos\第一次选择\新建文件夹\test-005.AVI
2025-05-24T05:54:36.451Z [MAIN] 开始获取视频分辨率: D:\Users\Videos\第一次选择\新建文件夹\test-005.AVI
2025-05-24T05:54:36.451Z [LOG] 直接获取视频分辨率
2025-05-24T05:54:36.452Z [RESOLUTION] 开始获取视频分辨率: D:\Users\Videos\第一次选择\新建文件夹\test-005.AVI
2025-05-24T05:54:36.452Z [PATH] 尝试获取FFprobe路径
2025-05-24T05:54:36.452Z [LOG] 使用配置的FFprobe路径: D:\code\cursor\looklook\node_modules\ffprobe-static\bin\win32\x64\ffprobe.exe
2025-05-24T05:54:36.452Z [PATH] 使用配置的FFprobe路径: D:\code\cursor\looklook\node_modules\ffprobe-static\bin\win32\x64\ffprobe.exe
2025-05-24T05:54:36.452Z [RESOLUTION] 在开发环境中使用ffprobe路径: D:\code\cursor\looklook\node_modules\ffprobe-static\bin\win32\x64\ffprobe.exe
2025-05-24T05:54:36.452Z [RESOLUTION] 检查ffprobe可执行文件是否存在: true
2025-05-24T05:54:36.452Z [LOG] 执行命令: "D:\code\cursor\looklook\node_modules\ffprobe-static\bin\win32\x64\ffprobe.exe" -v error -select_streams v:0 -show_entries stream=width,height -of csv=s=x:p=0 "D:\Users\Videos\第一次选择\新建文件夹\test-005.AVI"
2025-05-24T05:54:36.452Z [RESOLUTION] 开始执行命令获取分辨率: "D:\code\cursor\looklook\node_modules\ffprobe-static\bin\win32\x64\ffprobe.exe" -v error -select_streams v:0 -show_entries stream=width,height -of csv=s=x:p=0 "D:\Users\Videos\第一次选择\新建文件夹\test-005.AVI"
2025-05-24T05:54:36.519Z [RESOLUTION] 命令输出: "320x240"
2025-05-24T05:54:36.519Z [LOG] 成功解析分辨率: 320×240
2025-05-24T05:54:36.520Z [RESOLUTION] 成功解析分辨率: 320×240
2025-05-24T05:54:36.520Z [LOG] 获取视频时长: D:\Users\Videos\第一次选择\新建文件夹\test-005.AVI
2025-05-24T05:54:36.520Z [MAIN] 开始获取视频时长: D:\Users\Videos\第一次选择\新建文件夹\test-005.AVI
2025-05-24T05:54:36.520Z [LOG] 直接获取视频时长
2025-05-24T05:54:36.521Z [DURATION] 开始获取视频时长: D:\Users\Videos\第一次选择\新建文件夹\test-005.AVI
2025-05-24T05:54:36.521Z [PATH] 尝试获取FFprobe路径
2025-05-24T05:54:36.521Z [LOG] 使用配置的FFprobe路径: D:\code\cursor\looklook\node_modules\ffprobe-static\bin\win32\x64\ffprobe.exe
2025-05-24T05:54:36.521Z [PATH] 使用配置的FFprobe路径: D:\code\cursor\looklook\node_modules\ffprobe-static\bin\win32\x64\ffprobe.exe
2025-05-24T05:54:36.521Z [DURATION] 在开发环境中使用ffprobe路径: D:\code\cursor\looklook\node_modules\ffprobe-static\bin\win32\x64\ffprobe.exe
2025-05-24T05:54:36.521Z [DURATION] 检查ffprobe可执行文件是否存在: true
2025-05-24T05:54:36.521Z [LOG] 执行命令: "D:\code\cursor\looklook\node_modules\ffprobe-static\bin\win32\x64\ffprobe.exe" -v error -show_entries format=duration -of default=noprint_wrappers=1:nokey=1 "D:\Users\Videos\第一次选择\新建文件夹\test-005.AVI"
2025-05-24T05:54:36.522Z [DURATION] 开始执行命令获取时长: "D:\code\cursor\looklook\node_modules\ffprobe-static\bin\win32\x64\ffprobe.exe" -v error -show_entries format=duration -of default=noprint_wrappers=1:nokey=1 "D:\Users\Videos\第一次选择\新建文件夹\test-005.AVI"
2025-05-24T05:54:36.587Z [DURATION] 命令输出: "125.952000"
2025-05-24T05:54:36.587Z [LOG] 成功解析时长: 00:02:05
2025-05-24T05:54:36.587Z [DURATION] 成功解析时长: 00:02:05
2025-05-24T05:54:36.588Z [LOG] 开始生成缩略图，视频路径: D:\Users\Videos\第一次选择\新建文件夹\test-005.AVI
2025-05-24T05:54:36.588Z [LOG] 缩略图输出路径: D:\code\cursor\looklook\userdata\thumbnails\1748066076652-RDpcVXNl.jpg
2025-05-24T05:54:36.588Z [LOG] 生成随机时间点: 00:00:15
2025-05-24T05:54:36.588Z [LOG] 使用直接命令行ffmpeg生成缩略图
2025-05-24T05:54:36.589Z [PATH] 尝试获取FFmpeg路径
2025-05-24T05:54:36.589Z [LOG] 使用配置的FFmpeg路径: D:\code\cursor\looklook\node_modules\ffmpeg-static\ffmpeg.exe
2025-05-24T05:54:36.589Z [PATH] 使用配置的FFmpeg路径: D:\code\cursor\looklook\node_modules\ffmpeg-static\ffmpeg.exe
2025-05-24T05:54:36.589Z [LOG] 将使用时间点 00:00:15 生成缩略图
2025-05-24T05:54:36.589Z [LOG] 执行命令: D:\code\cursor\looklook\node_modules\ffmpeg-static\ffmpeg.exe -ss 00:00:15 -i D:\Users\Videos\第一次选择\新建文件夹\test-005.AVI -vframes 1 -s 320x180 -y D:\code\cursor\looklook\userdata\thumbnails\1748066076652-RDpcVXNl.jpg
2025-05-24T05:54:36.676Z [LOG] 直接ffmpeg成功生成缩略图: D:\code\cursor\looklook\userdata\thumbnails\1748066076652-RDpcVXNl.jpg
2025-05-24T05:54:36.677Z [LOG] 通过直接ffmpeg命令生成缩略图成功
2025-05-24T05:54:36.677Z [LOG] 设置已加载
2025-05-24T05:54:36.677Z [LOG] 获取视频分辨率: D:\Users\Videos\第一次选择\新建文件夹 (2)\test-001.AVI
2025-05-24T05:54:36.678Z [MAIN] 开始获取视频分辨率: D:\Users\Videos\第一次选择\新建文件夹 (2)\test-001.AVI
2025-05-24T05:54:36.678Z [LOG] 直接获取视频分辨率
2025-05-24T05:54:36.678Z [RESOLUTION] 开始获取视频分辨率: D:\Users\Videos\第一次选择\新建文件夹 (2)\test-001.AVI
2025-05-24T05:54:36.678Z [PATH] 尝试获取FFprobe路径
2025-05-24T05:54:36.678Z [LOG] 使用配置的FFprobe路径: D:\code\cursor\looklook\node_modules\ffprobe-static\bin\win32\x64\ffprobe.exe
2025-05-24T05:54:36.678Z [PATH] 使用配置的FFprobe路径: D:\code\cursor\looklook\node_modules\ffprobe-static\bin\win32\x64\ffprobe.exe
2025-05-24T05:54:36.678Z [RESOLUTION] 在开发环境中使用ffprobe路径: D:\code\cursor\looklook\node_modules\ffprobe-static\bin\win32\x64\ffprobe.exe
2025-05-24T05:54:36.678Z [RESOLUTION] 检查ffprobe可执行文件是否存在: true
2025-05-24T05:54:36.678Z [LOG] 执行命令: "D:\code\cursor\looklook\node_modules\ffprobe-static\bin\win32\x64\ffprobe.exe" -v error -select_streams v:0 -show_entries stream=width,height -of csv=s=x:p=0 "D:\Users\Videos\第一次选择\新建文件夹 (2)\test-001.AVI"
2025-05-24T05:54:36.679Z [RESOLUTION] 开始执行命令获取分辨率: "D:\code\cursor\looklook\node_modules\ffprobe-static\bin\win32\x64\ffprobe.exe" -v error -select_streams v:0 -show_entries stream=width,height -of csv=s=x:p=0 "D:\Users\Videos\第一次选择\新建文件夹 (2)\test-001.AVI"
2025-05-24T05:54:36.742Z [RESOLUTION] 命令输出: "320x240"
2025-05-24T05:54:36.743Z [LOG] 成功解析分辨率: 320×240
2025-05-24T05:54:36.743Z [RESOLUTION] 成功解析分辨率: 320×240
2025-05-24T05:54:36.743Z [LOG] 获取视频时长: D:\Users\Videos\第一次选择\新建文件夹 (2)\test-001.AVI
2025-05-24T05:54:36.743Z [MAIN] 开始获取视频时长: D:\Users\Videos\第一次选择\新建文件夹 (2)\test-001.AVI
2025-05-24T05:54:36.744Z [LOG] 直接获取视频时长
2025-05-24T05:54:36.744Z [DURATION] 开始获取视频时长: D:\Users\Videos\第一次选择\新建文件夹 (2)\test-001.AVI
2025-05-24T05:54:36.744Z [PATH] 尝试获取FFprobe路径
2025-05-24T05:54:36.745Z [LOG] 使用配置的FFprobe路径: D:\code\cursor\looklook\node_modules\ffprobe-static\bin\win32\x64\ffprobe.exe
2025-05-24T05:54:36.745Z [PATH] 使用配置的FFprobe路径: D:\code\cursor\looklook\node_modules\ffprobe-static\bin\win32\x64\ffprobe.exe
2025-05-24T05:54:36.745Z [DURATION] 在开发环境中使用ffprobe路径: D:\code\cursor\looklook\node_modules\ffprobe-static\bin\win32\x64\ffprobe.exe
2025-05-24T05:54:36.745Z [DURATION] 检查ffprobe可执行文件是否存在: true
2025-05-24T05:54:36.745Z [LOG] 执行命令: "D:\code\cursor\looklook\node_modules\ffprobe-static\bin\win32\x64\ffprobe.exe" -v error -show_entries format=duration -of default=noprint_wrappers=1:nokey=1 "D:\Users\Videos\第一次选择\新建文件夹 (2)\test-001.AVI"
2025-05-24T05:54:36.745Z [DURATION] 开始执行命令获取时长: "D:\code\cursor\looklook\node_modules\ffprobe-static\bin\win32\x64\ffprobe.exe" -v error -show_entries format=duration -of default=noprint_wrappers=1:nokey=1 "D:\Users\Videos\第一次选择\新建文件夹 (2)\test-001.AVI"
2025-05-24T05:54:36.811Z [DURATION] 命令输出: "125.952000"
2025-05-24T05:54:36.811Z [LOG] 成功解析时长: 00:02:05
2025-05-24T05:54:36.812Z [DURATION] 成功解析时长: 00:02:05
2025-05-24T05:54:36.812Z [LOG] 开始生成缩略图，视频路径: D:\Users\Videos\第一次选择\新建文件夹 (2)\test-001.AVI
2025-05-24T05:54:36.812Z [LOG] 缩略图输出路径: D:\code\cursor\looklook\userdata\thumbnails\1748066077098-RDpcVXNl.jpg
2025-05-24T05:54:36.812Z [LOG] 生成随机时间点: 00:00:20
2025-05-24T05:54:36.813Z [LOG] 使用直接命令行ffmpeg生成缩略图
2025-05-24T05:54:36.813Z [PATH] 尝试获取FFmpeg路径
2025-05-24T05:54:36.813Z [LOG] 使用配置的FFmpeg路径: D:\code\cursor\looklook\node_modules\ffmpeg-static\ffmpeg.exe
2025-05-24T05:54:36.813Z [PATH] 使用配置的FFmpeg路径: D:\code\cursor\looklook\node_modules\ffmpeg-static\ffmpeg.exe
2025-05-24T05:54:36.815Z [LOG] 将使用时间点 00:00:20 生成缩略图
2025-05-24T05:54:36.815Z [LOG] 执行命令: D:\code\cursor\looklook\node_modules\ffmpeg-static\ffmpeg.exe -ss 00:00:20 -i D:\Users\Videos\第一次选择\新建文件夹 (2)\test-001.AVI -vframes 1 -s 320x180 -y D:\code\cursor\looklook\userdata\thumbnails\1748066077098-RDpcVXNl.jpg
2025-05-24T05:54:36.896Z [LOG] 直接ffmpeg成功生成缩略图: D:\code\cursor\looklook\userdata\thumbnails\1748066077098-RDpcVXNl.jpg
2025-05-24T05:54:36.896Z [LOG] 通过直接ffmpeg命令生成缩略图成功
2025-05-24T05:54:36.897Z [LOG] 设置已加载
2025-05-24T05:54:36.897Z [LOG] 获取视频分辨率: D:\Users\Videos\第一次选择\新建文件夹 (2)\test-002.AVI
2025-05-24T05:54:36.897Z [MAIN] 开始获取视频分辨率: D:\Users\Videos\第一次选择\新建文件夹 (2)\test-002.AVI
2025-05-24T05:54:36.897Z [LOG] 直接获取视频分辨率
2025-05-24T05:54:36.897Z [RESOLUTION] 开始获取视频分辨率: D:\Users\Videos\第一次选择\新建文件夹 (2)\test-002.AVI
2025-05-24T05:54:36.897Z [PATH] 尝试获取FFprobe路径
2025-05-24T05:54:36.898Z [LOG] 使用配置的FFprobe路径: D:\code\cursor\looklook\node_modules\ffprobe-static\bin\win32\x64\ffprobe.exe
2025-05-24T05:54:36.898Z [PATH] 使用配置的FFprobe路径: D:\code\cursor\looklook\node_modules\ffprobe-static\bin\win32\x64\ffprobe.exe
2025-05-24T05:54:36.898Z [RESOLUTION] 在开发环境中使用ffprobe路径: D:\code\cursor\looklook\node_modules\ffprobe-static\bin\win32\x64\ffprobe.exe
2025-05-24T05:54:36.898Z [RESOLUTION] 检查ffprobe可执行文件是否存在: true
2025-05-24T05:54:36.898Z [LOG] 执行命令: "D:\code\cursor\looklook\node_modules\ffprobe-static\bin\win32\x64\ffprobe.exe" -v error -select_streams v:0 -show_entries stream=width,height -of csv=s=x:p=0 "D:\Users\Videos\第一次选择\新建文件夹 (2)\test-002.AVI"
2025-05-24T05:54:36.898Z [RESOLUTION] 开始执行命令获取分辨率: "D:\code\cursor\looklook\node_modules\ffprobe-static\bin\win32\x64\ffprobe.exe" -v error -select_streams v:0 -show_entries stream=width,height -of csv=s=x:p=0 "D:\Users\Videos\第一次选择\新建文件夹 (2)\test-002.AVI"
2025-05-24T05:54:36.965Z [RESOLUTION] 命令输出: "320x240"
2025-05-24T05:54:36.965Z [LOG] 成功解析分辨率: 320×240
2025-05-24T05:54:36.966Z [RESOLUTION] 成功解析分辨率: 320×240
2025-05-24T05:54:36.966Z [LOG] 获取视频时长: D:\Users\Videos\第一次选择\新建文件夹 (2)\test-002.AVI
2025-05-24T05:54:36.966Z [MAIN] 开始获取视频时长: D:\Users\Videos\第一次选择\新建文件夹 (2)\test-002.AVI
2025-05-24T05:54:36.966Z [LOG] 直接获取视频时长
2025-05-24T05:54:36.966Z [DURATION] 开始获取视频时长: D:\Users\Videos\第一次选择\新建文件夹 (2)\test-002.AVI
2025-05-24T05:54:36.966Z [PATH] 尝试获取FFprobe路径
2025-05-24T05:54:36.967Z [LOG] 使用配置的FFprobe路径: D:\code\cursor\looklook\node_modules\ffprobe-static\bin\win32\x64\ffprobe.exe
2025-05-24T05:54:36.967Z [PATH] 使用配置的FFprobe路径: D:\code\cursor\looklook\node_modules\ffprobe-static\bin\win32\x64\ffprobe.exe
2025-05-24T05:54:36.967Z [DURATION] 在开发环境中使用ffprobe路径: D:\code\cursor\looklook\node_modules\ffprobe-static\bin\win32\x64\ffprobe.exe
2025-05-24T05:54:36.967Z [DURATION] 检查ffprobe可执行文件是否存在: true
2025-05-24T05:54:36.967Z [LOG] 执行命令: "D:\code\cursor\looklook\node_modules\ffprobe-static\bin\win32\x64\ffprobe.exe" -v error -show_entries format=duration -of default=noprint_wrappers=1:nokey=1 "D:\Users\Videos\第一次选择\新建文件夹 (2)\test-002.AVI"
2025-05-24T05:54:36.967Z [DURATION] 开始执行命令获取时长: "D:\code\cursor\looklook\node_modules\ffprobe-static\bin\win32\x64\ffprobe.exe" -v error -show_entries format=duration -of default=noprint_wrappers=1:nokey=1 "D:\Users\Videos\第一次选择\新建文件夹 (2)\test-002.AVI"
2025-05-24T05:54:37.032Z [DURATION] 命令输出: "125.952000"
2025-05-24T05:54:37.032Z [LOG] 成功解析时长: 00:02:05
2025-05-24T05:54:37.032Z [DURATION] 成功解析时长: 00:02:05
2025-05-24T05:54:37.033Z [LOG] 开始生成缩略图，视频路径: D:\Users\Videos\第一次选择\新建文件夹 (2)\test-002.AVI
2025-05-24T05:54:37.033Z [LOG] 缩略图输出路径: D:\code\cursor\looklook\userdata\thumbnails\1748066077198-RDpcVXNl.jpg
2025-05-24T05:54:37.033Z [LOG] 生成随机时间点: 00:00:19
2025-05-24T05:54:37.033Z [LOG] 使用直接命令行ffmpeg生成缩略图
2025-05-24T05:54:37.034Z [PATH] 尝试获取FFmpeg路径
2025-05-24T05:54:37.034Z [LOG] 使用配置的FFmpeg路径: D:\code\cursor\looklook\node_modules\ffmpeg-static\ffmpeg.exe
2025-05-24T05:54:37.034Z [PATH] 使用配置的FFmpeg路径: D:\code\cursor\looklook\node_modules\ffmpeg-static\ffmpeg.exe
2025-05-24T05:54:37.034Z [LOG] 将使用时间点 00:00:19 生成缩略图
2025-05-24T05:54:37.035Z [LOG] 执行命令: D:\code\cursor\looklook\node_modules\ffmpeg-static\ffmpeg.exe -ss 00:00:19 -i D:\Users\Videos\第一次选择\新建文件夹 (2)\test-002.AVI -vframes 1 -s 320x180 -y D:\code\cursor\looklook\userdata\thumbnails\1748066077198-RDpcVXNl.jpg
2025-05-24T05:54:37.113Z [LOG] 直接ffmpeg成功生成缩略图: D:\code\cursor\looklook\userdata\thumbnails\1748066077198-RDpcVXNl.jpg
2025-05-24T05:54:37.114Z [LOG] 通过直接ffmpeg命令生成缩略图成功
2025-05-24T05:54:37.114Z [LOG] 设置已加载
2025-05-24T05:54:37.114Z [LOG] 获取视频分辨率: D:\Users\Videos\第一次选择\新建文件夹 (2)\test-003.AVI
2025-05-24T05:54:37.114Z [MAIN] 开始获取视频分辨率: D:\Users\Videos\第一次选择\新建文件夹 (2)\test-003.AVI
2025-05-24T05:54:37.115Z [LOG] 直接获取视频分辨率
2025-05-24T05:54:37.115Z [RESOLUTION] 开始获取视频分辨率: D:\Users\Videos\第一次选择\新建文件夹 (2)\test-003.AVI
2025-05-24T05:54:37.115Z [PATH] 尝试获取FFprobe路径
2025-05-24T05:54:37.115Z [LOG] 使用配置的FFprobe路径: D:\code\cursor\looklook\node_modules\ffprobe-static\bin\win32\x64\ffprobe.exe
2025-05-24T05:54:37.115Z [PATH] 使用配置的FFprobe路径: D:\code\cursor\looklook\node_modules\ffprobe-static\bin\win32\x64\ffprobe.exe
2025-05-24T05:54:37.115Z [RESOLUTION] 在开发环境中使用ffprobe路径: D:\code\cursor\looklook\node_modules\ffprobe-static\bin\win32\x64\ffprobe.exe
2025-05-24T05:54:37.115Z [RESOLUTION] 检查ffprobe可执行文件是否存在: true
2025-05-24T05:54:37.116Z [LOG] 执行命令: "D:\code\cursor\looklook\node_modules\ffprobe-static\bin\win32\x64\ffprobe.exe" -v error -select_streams v:0 -show_entries stream=width,height -of csv=s=x:p=0 "D:\Users\Videos\第一次选择\新建文件夹 (2)\test-003.AVI"
2025-05-24T05:54:37.116Z [RESOLUTION] 开始执行命令获取分辨率: "D:\code\cursor\looklook\node_modules\ffprobe-static\bin\win32\x64\ffprobe.exe" -v error -select_streams v:0 -show_entries stream=width,height -of csv=s=x:p=0 "D:\Users\Videos\第一次选择\新建文件夹 (2)\test-003.AVI"
2025-05-24T05:54:37.181Z [RESOLUTION] 命令输出: "320x240"
2025-05-24T05:54:37.181Z [LOG] 成功解析分辨率: 320×240
2025-05-24T05:54:37.182Z [RESOLUTION] 成功解析分辨率: 320×240
2025-05-24T05:54:37.182Z [LOG] 获取视频时长: D:\Users\Videos\第一次选择\新建文件夹 (2)\test-003.AVI
2025-05-24T05:54:37.182Z [MAIN] 开始获取视频时长: D:\Users\Videos\第一次选择\新建文件夹 (2)\test-003.AVI
2025-05-24T05:54:37.182Z [LOG] 直接获取视频时长
2025-05-24T05:54:37.183Z [DURATION] 开始获取视频时长: D:\Users\Videos\第一次选择\新建文件夹 (2)\test-003.AVI
2025-05-24T05:54:37.183Z [PATH] 尝试获取FFprobe路径
2025-05-24T05:54:37.183Z [LOG] 使用配置的FFprobe路径: D:\code\cursor\looklook\node_modules\ffprobe-static\bin\win32\x64\ffprobe.exe
2025-05-24T05:54:37.183Z [PATH] 使用配置的FFprobe路径: D:\code\cursor\looklook\node_modules\ffprobe-static\bin\win32\x64\ffprobe.exe
2025-05-24T05:54:37.184Z [DURATION] 在开发环境中使用ffprobe路径: D:\code\cursor\looklook\node_modules\ffprobe-static\bin\win32\x64\ffprobe.exe
2025-05-24T05:54:37.184Z [DURATION] 检查ffprobe可执行文件是否存在: true
2025-05-24T05:54:37.184Z [LOG] 执行命令: "D:\code\cursor\looklook\node_modules\ffprobe-static\bin\win32\x64\ffprobe.exe" -v error -show_entries format=duration -of default=noprint_wrappers=1:nokey=1 "D:\Users\Videos\第一次选择\新建文件夹 (2)\test-003.AVI"
2025-05-24T05:54:37.184Z [DURATION] 开始执行命令获取时长: "D:\code\cursor\looklook\node_modules\ffprobe-static\bin\win32\x64\ffprobe.exe" -v error -show_entries format=duration -of default=noprint_wrappers=1:nokey=1 "D:\Users\Videos\第一次选择\新建文件夹 (2)\test-003.AVI"
2025-05-24T05:54:37.251Z [DURATION] 命令输出: "125.952000"
2025-05-24T05:54:37.251Z [LOG] 成功解析时长: 00:02:05
2025-05-24T05:54:37.251Z [DURATION] 成功解析时长: 00:02:05
2025-05-24T05:54:37.252Z [LOG] 开始生成缩略图，视频路径: D:\Users\Videos\第一次选择\新建文件夹 (2)\test-003.AVI
2025-05-24T05:54:37.252Z [LOG] 缩略图输出路径: D:\code\cursor\looklook\userdata\thumbnails\1748066077560-RDpcVXNl.jpg
2025-05-24T05:54:37.253Z [LOG] 生成随机时间点: 00:00:19
2025-05-24T05:54:37.253Z [LOG] 使用直接命令行ffmpeg生成缩略图
2025-05-24T05:54:37.253Z [PATH] 尝试获取FFmpeg路径
2025-05-24T05:54:37.253Z [LOG] 使用配置的FFmpeg路径: D:\code\cursor\looklook\node_modules\ffmpeg-static\ffmpeg.exe
2025-05-24T05:54:37.253Z [PATH] 使用配置的FFmpeg路径: D:\code\cursor\looklook\node_modules\ffmpeg-static\ffmpeg.exe
2025-05-24T05:54:37.253Z [LOG] 将使用时间点 00:00:19 生成缩略图
2025-05-24T05:54:37.254Z [LOG] 执行命令: D:\code\cursor\looklook\node_modules\ffmpeg-static\ffmpeg.exe -ss 00:00:19 -i D:\Users\Videos\第一次选择\新建文件夹 (2)\test-003.AVI -vframes 1 -s 320x180 -y D:\code\cursor\looklook\userdata\thumbnails\1748066077560-RDpcVXNl.jpg
2025-05-24T05:54:37.334Z [LOG] 直接ffmpeg成功生成缩略图: D:\code\cursor\looklook\userdata\thumbnails\1748066077560-RDpcVXNl.jpg
2025-05-24T05:54:37.334Z [LOG] 通过直接ffmpeg命令生成缩略图成功
2025-05-24T05:54:37.335Z [LOG] 设置已加载
2025-05-24T05:54:37.335Z [LOG] 获取视频分辨率: D:\Users\Videos\第一次选择\新建文件夹 (2)\test-004.AVI
2025-05-24T05:54:37.335Z [MAIN] 开始获取视频分辨率: D:\Users\Videos\第一次选择\新建文件夹 (2)\test-004.AVI
2025-05-24T05:54:37.335Z [LOG] 直接获取视频分辨率
2025-05-24T05:54:37.335Z [RESOLUTION] 开始获取视频分辨率: D:\Users\Videos\第一次选择\新建文件夹 (2)\test-004.AVI
2025-05-24T05:54:37.335Z [PATH] 尝试获取FFprobe路径
2025-05-24T05:54:37.336Z [LOG] 使用配置的FFprobe路径: D:\code\cursor\looklook\node_modules\ffprobe-static\bin\win32\x64\ffprobe.exe
2025-05-24T05:54:37.336Z [PATH] 使用配置的FFprobe路径: D:\code\cursor\looklook\node_modules\ffprobe-static\bin\win32\x64\ffprobe.exe
2025-05-24T05:54:37.336Z [RESOLUTION] 在开发环境中使用ffprobe路径: D:\code\cursor\looklook\node_modules\ffprobe-static\bin\win32\x64\ffprobe.exe
2025-05-24T05:54:37.336Z [RESOLUTION] 检查ffprobe可执行文件是否存在: true
2025-05-24T05:54:37.336Z [LOG] 执行命令: "D:\code\cursor\looklook\node_modules\ffprobe-static\bin\win32\x64\ffprobe.exe" -v error -select_streams v:0 -show_entries stream=width,height -of csv=s=x:p=0 "D:\Users\Videos\第一次选择\新建文件夹 (2)\test-004.AVI"
2025-05-24T05:54:37.336Z [RESOLUTION] 开始执行命令获取分辨率: "D:\code\cursor\looklook\node_modules\ffprobe-static\bin\win32\x64\ffprobe.exe" -v error -select_streams v:0 -show_entries stream=width,height -of csv=s=x:p=0 "D:\Users\Videos\第一次选择\新建文件夹 (2)\test-004.AVI"
2025-05-24T05:54:37.400Z [RESOLUTION] 命令输出: "320x240"
2025-05-24T05:54:37.400Z [LOG] 成功解析分辨率: 320×240
2025-05-24T05:54:37.401Z [RESOLUTION] 成功解析分辨率: 320×240
2025-05-24T05:54:37.401Z [LOG] 获取视频时长: D:\Users\Videos\第一次选择\新建文件夹 (2)\test-004.AVI
2025-05-24T05:54:37.401Z [MAIN] 开始获取视频时长: D:\Users\Videos\第一次选择\新建文件夹 (2)\test-004.AVI
2025-05-24T05:54:37.401Z [LOG] 直接获取视频时长
2025-05-24T05:54:37.401Z [DURATION] 开始获取视频时长: D:\Users\Videos\第一次选择\新建文件夹 (2)\test-004.AVI
2025-05-24T05:54:37.401Z [PATH] 尝试获取FFprobe路径
2025-05-24T05:54:37.402Z [LOG] 使用配置的FFprobe路径: D:\code\cursor\looklook\node_modules\ffprobe-static\bin\win32\x64\ffprobe.exe
2025-05-24T05:54:37.402Z [PATH] 使用配置的FFprobe路径: D:\code\cursor\looklook\node_modules\ffprobe-static\bin\win32\x64\ffprobe.exe
2025-05-24T05:54:37.402Z [DURATION] 在开发环境中使用ffprobe路径: D:\code\cursor\looklook\node_modules\ffprobe-static\bin\win32\x64\ffprobe.exe
2025-05-24T05:54:37.402Z [DURATION] 检查ffprobe可执行文件是否存在: true
2025-05-24T05:54:37.402Z [LOG] 执行命令: "D:\code\cursor\looklook\node_modules\ffprobe-static\bin\win32\x64\ffprobe.exe" -v error -show_entries format=duration -of default=noprint_wrappers=1:nokey=1 "D:\Users\Videos\第一次选择\新建文件夹 (2)\test-004.AVI"
2025-05-24T05:54:37.402Z [DURATION] 开始执行命令获取时长: "D:\code\cursor\looklook\node_modules\ffprobe-static\bin\win32\x64\ffprobe.exe" -v error -show_entries format=duration -of default=noprint_wrappers=1:nokey=1 "D:\Users\Videos\第一次选择\新建文件夹 (2)\test-004.AVI"
2025-05-24T05:54:37.466Z [DURATION] 命令输出: "125.952000"
2025-05-24T05:54:37.467Z [LOG] 成功解析时长: 00:02:05
2025-05-24T05:54:37.467Z [DURATION] 成功解析时长: 00:02:05
2025-05-24T05:54:37.467Z [LOG] 开始生成缩略图，视频路径: D:\Users\Videos\第一次选择\新建文件夹 (2)\test-004.AVI
2025-05-24T05:54:37.467Z [LOG] 缩略图输出路径: D:\code\cursor\looklook\userdata\thumbnails\1748066077996-RDpcVXNl.jpg
2025-05-24T05:54:37.468Z [LOG] 生成随机时间点: 00:00:49
2025-05-24T05:54:37.468Z [LOG] 使用直接命令行ffmpeg生成缩略图
2025-05-24T05:54:37.468Z [PATH] 尝试获取FFmpeg路径
2025-05-24T05:54:37.468Z [LOG] 使用配置的FFmpeg路径: D:\code\cursor\looklook\node_modules\ffmpeg-static\ffmpeg.exe
2025-05-24T05:54:37.468Z [PATH] 使用配置的FFmpeg路径: D:\code\cursor\looklook\node_modules\ffmpeg-static\ffmpeg.exe
2025-05-24T05:54:37.469Z [LOG] 将使用时间点 00:00:49 生成缩略图
2025-05-24T05:54:37.469Z [LOG] 执行命令: D:\code\cursor\looklook\node_modules\ffmpeg-static\ffmpeg.exe -ss 00:00:49 -i D:\Users\Videos\第一次选择\新建文件夹 (2)\test-004.AVI -vframes 1 -s 320x180 -y D:\code\cursor\looklook\userdata\thumbnails\1748066077996-RDpcVXNl.jpg
2025-05-24T05:54:37.548Z [LOG] 直接ffmpeg成功生成缩略图: D:\code\cursor\looklook\userdata\thumbnails\1748066077996-RDpcVXNl.jpg
2025-05-24T05:54:37.549Z [LOG] 通过直接ffmpeg命令生成缩略图成功
2025-05-24T05:54:37.549Z [LOG] 设置已加载
2025-05-24T05:54:37.550Z [LOG] 获取视频分辨率: D:\Users\Videos\第一次选择\新建文件夹 (2)\test-005.AVI
2025-05-24T05:54:37.550Z [MAIN] 开始获取视频分辨率: D:\Users\Videos\第一次选择\新建文件夹 (2)\test-005.AVI
2025-05-24T05:54:37.550Z [LOG] 直接获取视频分辨率
2025-05-24T05:54:37.550Z [RESOLUTION] 开始获取视频分辨率: D:\Users\Videos\第一次选择\新建文件夹 (2)\test-005.AVI
2025-05-24T05:54:37.550Z [PATH] 尝试获取FFprobe路径
2025-05-24T05:54:37.550Z [LOG] 使用配置的FFprobe路径: D:\code\cursor\looklook\node_modules\ffprobe-static\bin\win32\x64\ffprobe.exe
2025-05-24T05:54:37.550Z [PATH] 使用配置的FFprobe路径: D:\code\cursor\looklook\node_modules\ffprobe-static\bin\win32\x64\ffprobe.exe
2025-05-24T05:54:37.550Z [RESOLUTION] 在开发环境中使用ffprobe路径: D:\code\cursor\looklook\node_modules\ffprobe-static\bin\win32\x64\ffprobe.exe
2025-05-24T05:54:37.551Z [RESOLUTION] 检查ffprobe可执行文件是否存在: true
2025-05-24T05:54:37.551Z [LOG] 执行命令: "D:\code\cursor\looklook\node_modules\ffprobe-static\bin\win32\x64\ffprobe.exe" -v error -select_streams v:0 -show_entries stream=width,height -of csv=s=x:p=0 "D:\Users\Videos\第一次选择\新建文件夹 (2)\test-005.AVI"
2025-05-24T05:54:37.551Z [RESOLUTION] 开始执行命令获取分辨率: "D:\code\cursor\looklook\node_modules\ffprobe-static\bin\win32\x64\ffprobe.exe" -v error -select_streams v:0 -show_entries stream=width,height -of csv=s=x:p=0 "D:\Users\Videos\第一次选择\新建文件夹 (2)\test-005.AVI"
2025-05-24T05:54:37.616Z [RESOLUTION] 命令输出: "320x240"
2025-05-24T05:54:37.617Z [LOG] 成功解析分辨率: 320×240
2025-05-24T05:54:37.617Z [RESOLUTION] 成功解析分辨率: 320×240
2025-05-24T05:54:37.617Z [LOG] 获取视频时长: D:\Users\Videos\第一次选择\新建文件夹 (2)\test-005.AVI
2025-05-24T05:54:37.617Z [MAIN] 开始获取视频时长: D:\Users\Videos\第一次选择\新建文件夹 (2)\test-005.AVI
2025-05-24T05:54:37.618Z [LOG] 直接获取视频时长
2025-05-24T05:54:37.618Z [DURATION] 开始获取视频时长: D:\Users\Videos\第一次选择\新建文件夹 (2)\test-005.AVI
2025-05-24T05:54:37.618Z [PATH] 尝试获取FFprobe路径
2025-05-24T05:54:37.618Z [LOG] 使用配置的FFprobe路径: D:\code\cursor\looklook\node_modules\ffprobe-static\bin\win32\x64\ffprobe.exe
2025-05-24T05:54:37.618Z [PATH] 使用配置的FFprobe路径: D:\code\cursor\looklook\node_modules\ffprobe-static\bin\win32\x64\ffprobe.exe
2025-05-24T05:54:37.618Z [DURATION] 在开发环境中使用ffprobe路径: D:\code\cursor\looklook\node_modules\ffprobe-static\bin\win32\x64\ffprobe.exe
2025-05-24T05:54:37.619Z [DURATION] 检查ffprobe可执行文件是否存在: true
2025-05-24T05:54:37.619Z [LOG] 执行命令: "D:\code\cursor\looklook\node_modules\ffprobe-static\bin\win32\x64\ffprobe.exe" -v error -show_entries format=duration -of default=noprint_wrappers=1:nokey=1 "D:\Users\Videos\第一次选择\新建文件夹 (2)\test-005.AVI"
2025-05-24T05:54:37.619Z [DURATION] 开始执行命令获取时长: "D:\code\cursor\looklook\node_modules\ffprobe-static\bin\win32\x64\ffprobe.exe" -v error -show_entries format=duration -of default=noprint_wrappers=1:nokey=1 "D:\Users\Videos\第一次选择\新建文件夹 (2)\test-005.AVI"
2025-05-24T05:54:37.685Z [DURATION] 命令输出: "125.952000"
2025-05-24T05:54:37.686Z [LOG] 成功解析时长: 00:02:05
2025-05-24T05:54:37.686Z [DURATION] 成功解析时长: 00:02:05
2025-05-24T05:54:37.686Z [LOG] 开始生成缩略图，视频路径: D:\Users\Videos\第一次选择\新建文件夹 (2)\test-005.AVI
2025-05-24T05:54:37.686Z [LOG] 缩略图输出路径: D:\code\cursor\looklook\userdata\thumbnails\1748066078473-RDpcVXNl.jpg
2025-05-24T05:54:37.687Z [LOG] 生成随机时间点: 00:00:58
2025-05-24T05:54:37.687Z [LOG] 使用直接命令行ffmpeg生成缩略图
2025-05-24T05:54:37.687Z [PATH] 尝试获取FFmpeg路径
2025-05-24T05:54:37.687Z [LOG] 使用配置的FFmpeg路径: D:\code\cursor\looklook\node_modules\ffmpeg-static\ffmpeg.exe
2025-05-24T05:54:37.687Z [PATH] 使用配置的FFmpeg路径: D:\code\cursor\looklook\node_modules\ffmpeg-static\ffmpeg.exe
2025-05-24T05:54:37.687Z [LOG] 将使用时间点 00:00:58 生成缩略图
2025-05-24T05:54:37.688Z [LOG] 执行命令: D:\code\cursor\looklook\node_modules\ffmpeg-static\ffmpeg.exe -ss 00:00:58 -i D:\Users\Videos\第一次选择\新建文件夹 (2)\test-005.AVI -vframes 1 -s 320x180 -y D:\code\cursor\looklook\userdata\thumbnails\1748066078473-RDpcVXNl.jpg
2025-05-24T05:54:37.770Z [LOG] 直接ffmpeg成功生成缩略图: D:\code\cursor\looklook\userdata\thumbnails\1748066078473-RDpcVXNl.jpg
2025-05-24T05:54:37.771Z [LOG] 通过直接ffmpeg命令生成缩略图成功
2025-05-24T05:54:37.771Z [LOG] 保存当前批次的 10 个视频到数据库
2025-05-24T05:54:37.772Z [LOG] 通知渲染进程数据已更新
2025-05-24T05:54:37.773Z [LOG] 处理get-videos请求
2025-05-24T05:54:37.774Z [LOG] 通知渲染进程数据已更新
2025-05-24T05:54:37.774Z [LOG] 处理get-videos请求
2025-05-24T05:54:37.775Z [LOG] 通知渲染进程数据已更新
2025-05-24T05:54:37.776Z [LOG] 通知渲染进程数据已更新
2025-05-24T05:54:37.776Z [LOG] 通知渲染进程数据已更新
2025-05-24T05:54:37.777Z [LOG] 通知渲染进程数据已更新
2025-05-24T05:54:37.777Z [LOG] 通知渲染进程数据已更新
2025-05-24T05:54:37.778Z [LOG] 通知渲染进程数据已更新
2025-05-24T05:54:37.779Z [LOG] 通知渲染进程数据已更新
2025-05-24T05:54:37.779Z [LOG] 通知渲染进程数据已更新
2025-05-24T05:54:37.780Z [LOG] 成功保存批次中的 10 个视频到数据库
2025-05-24T05:54:37.786Z [LOG] 处理get-videos请求
2025-05-24T05:54:37.787Z [LOG] 处理get-videos请求
2025-05-24T05:54:37.793Z [LOG] 处理get-videos请求
2025-05-24T05:54:37.794Z [LOG] 处理get-videos请求
2025-05-24T05:54:37.794Z [LOG] 处理get-videos请求
2025-05-24T05:54:37.794Z [LOG] 处理get-videos请求
2025-05-24T05:54:37.795Z [LOG] 处理get-videos请求
2025-05-24T05:54:37.795Z [LOG] 处理get-videos请求
2025-05-24T05:54:37.795Z [LOG] 处理get-videos请求
2025-05-24T05:54:51.395Z [LOG] 处理自定义协议请求: app://thumbnail/1748066076015-RDpcVXNl.jpg
2025-05-24T05:54:51.395Z [LOG] 缩略图路径: D:\code\cursor\looklook\userdata\thumbnails\1748066076015-RDpcVXNl.jpg
2025-05-24T05:54:51.396Z [LOG] 处理自定义协议请求: app://thumbnail/1748066077098-RDpcVXNl.jpg
2025-05-24T05:54:51.396Z [LOG] 缩略图路径: D:\code\cursor\looklook\userdata\thumbnails\1748066077098-RDpcVXNl.jpg
2025-05-24T05:54:51.397Z [LOG] 处理自定义协议请求: app://thumbnail/1748066076374-RDpcVXNl.jpg
2025-05-24T05:54:51.397Z [LOG] 缩略图路径: D:\code\cursor\looklook\userdata\thumbnails\1748066076374-RDpcVXNl.jpg
2025-05-24T05:54:51.398Z [LOG] 处理自定义协议请求: app://thumbnail/1748066077198-RDpcVXNl.jpg
2025-05-24T05:54:51.398Z [LOG] 缩略图路径: D:\code\cursor\looklook\userdata\thumbnails\1748066077198-RDpcVXNl.jpg
2025-05-24T05:54:51.399Z [LOG] 处理自定义协议请求: app://thumbnail/1748066076612-RDpcVXNl.jpg
2025-05-24T05:54:51.399Z [LOG] 缩略图路径: D:\code\cursor\looklook\userdata\thumbnails\1748066076612-RDpcVXNl.jpg
2025-05-24T05:54:51.399Z [LOG] 处理自定义协议请求: app://thumbnail/1748066077560-RDpcVXNl.jpg
2025-05-24T05:54:51.400Z [LOG] 缩略图路径: D:\code\cursor\looklook\userdata\thumbnails\1748066077560-RDpcVXNl.jpg
2025-05-24T05:54:51.400Z [LOG] 处理自定义协议请求: app://thumbnail/1748066076280-RDpcVXNl.jpg
2025-05-24T05:54:51.400Z [LOG] 缩略图路径: D:\code\cursor\looklook\userdata\thumbnails\1748066076280-RDpcVXNl.jpg
2025-05-24T05:54:51.401Z [LOG] 处理自定义协议请求: app://thumbnail/1748066077996-RDpcVXNl.jpg
2025-05-24T05:54:51.401Z [LOG] 缩略图路径: D:\code\cursor\looklook\userdata\thumbnails\1748066077996-RDpcVXNl.jpg
2025-05-24T05:54:51.402Z [LOG] 处理自定义协议请求: app://thumbnail/1748066076652-RDpcVXNl.jpg
2025-05-24T05:54:51.402Z [LOG] 缩略图路径: D:\code\cursor\looklook\userdata\thumbnails\1748066076652-RDpcVXNl.jpg
2025-05-24T05:54:51.403Z [LOG] 处理自定义协议请求: app://thumbnail/1748066078473-RDpcVXNl.jpg
2025-05-24T05:54:51.403Z [LOG] 缩略图路径: D:\code\cursor\looklook\userdata\thumbnails\1748066078473-RDpcVXNl.jpg
2025-05-24T05:54:52.236Z [LOG] 打开文件选择对话框: {"title":"选择目标文件夹","properties":["openDirectory"]}
2025-05-24T05:54:56.309Z [LOG] 文件选择结果: {"canceled":false,"filePaths":["D:\\Users\\Videos\\第一次选择"]}
2025-05-24T05:54:56.312Z [LOG] 准备移动 10 个视频到 D:\Users\Videos\第一次选择
2025-05-24T05:54:56.313Z [LOG] 使用快速移动: test-001.AVI -> test-001.AVI
2025-05-24T05:54:56.313Z [LOG] 更新视频ID: 1748066076015-RDpcVXNl 的文件路径为: D:\Users\Videos\第一次选择\test-001.AVI
2025-05-24T05:54:56.314Z [LOG] 成功更新 1 条视频记录的文件路径
2025-05-24T05:54:56.377Z [LOG] 使用快速移动: test-002.AVI -> test-002.AVI
2025-05-24T05:54:56.377Z [LOG] 更新视频ID: 1748066076374-RDpcVXNl 的文件路径为: D:\Users\Videos\第一次选择\test-002.AVI
2025-05-24T05:54:56.378Z [LOG] 成功更新 1 条视频记录的文件路径
2025-05-24T05:54:56.438Z [LOG] 使用快速移动: test-003.AVI -> test-003.AVI
2025-05-24T05:54:56.438Z [LOG] 更新视频ID: 1748066076612-RDpcVXNl 的文件路径为: D:\Users\Videos\第一次选择\test-003.AVI
2025-05-24T05:54:56.439Z [LOG] 成功更新 1 条视频记录的文件路径
2025-05-24T05:54:56.499Z [LOG] 使用快速移动: test-004.AVI -> test-004.AVI
2025-05-24T05:54:56.500Z [LOG] 更新视频ID: 1748066076280-RDpcVXNl 的文件路径为: D:\Users\Videos\第一次选择\test-004.AVI
2025-05-24T05:54:56.501Z [LOG] 成功更新 1 条视频记录的文件路径
2025-05-24T05:54:56.560Z [LOG] 使用快速移动: test-005.AVI -> test-005.AVI
2025-05-24T05:54:56.561Z [LOG] 更新视频ID: 1748066076652-RDpcVXNl 的文件路径为: D:\Users\Videos\第一次选择\test-005.AVI
2025-05-24T05:54:56.562Z [LOG] 成功更新 1 条视频记录的文件路径
2025-05-24T05:54:56.620Z [LOG] 使用快速移动: test-001.AVI -> test-001(1).AVI
2025-05-24T05:54:56.621Z [LOG] 更新视频ID: 1748066077098-RDpcVXNl 的文件路径为: D:\Users\Videos\第一次选择\test-001(1).AVI
2025-05-24T05:54:56.622Z [LOG] 成功更新 1 条视频记录的文件路径
2025-05-24T05:54:56.685Z [LOG] 使用快速移动: test-002.AVI -> test-002(1).AVI
2025-05-24T05:54:56.686Z [LOG] 更新视频ID: 1748066077198-RDpcVXNl 的文件路径为: D:\Users\Videos\第一次选择\test-002(1).AVI
2025-05-24T05:54:56.687Z [LOG] 成功更新 1 条视频记录的文件路径
2025-05-24T05:54:56.747Z [LOG] 使用快速移动: test-003.AVI -> test-003(1).AVI
2025-05-24T05:54:56.748Z [LOG] 更新视频ID: 1748066077560-RDpcVXNl 的文件路径为: D:\Users\Videos\第一次选择\test-003(1).AVI
2025-05-24T05:54:56.748Z [LOG] 成功更新 1 条视频记录的文件路径
2025-05-24T05:54:56.809Z [LOG] 使用快速移动: test-004.AVI -> test-004(1).AVI
2025-05-24T05:54:56.809Z [LOG] 更新视频ID: 1748066077996-RDpcVXNl 的文件路径为: D:\Users\Videos\第一次选择\test-004(1).AVI
2025-05-24T05:54:56.810Z [LOG] 成功更新 1 条视频记录的文件路径
2025-05-24T05:54:56.871Z [LOG] 使用快速移动: test-005.AVI -> test-005(1).AVI
2025-05-24T05:54:56.871Z [LOG] 更新视频ID: 1748066078473-RDpcVXNl 的文件路径为: D:\Users\Videos\第一次选择\test-005(1).AVI
2025-05-24T05:54:56.872Z [LOG] 成功更新 1 条视频记录的文件路径
2025-05-24T05:54:56.930Z [LOG] 移动完成: 总共 10 个视频，成功 10 个，失败 0 个
2025-05-24T05:54:56.932Z [LOG] 处理get-videos请求
2025-05-24T05:55:25.720Z [LOG] 处理get-enum-values请求: collection
2025-05-24T05:55:25.721Z [LOG] 处理get-enum-values请求: actors
2025-05-24T05:56:06.339Z [LOG] 处理自定义协议请求: app://thumbnail/1748066076015-RDpcVXNl.jpg
2025-05-24T05:56:06.339Z [LOG] 缩略图路径: D:\code\cursor\looklook\userdata\thumbnails\1748066076015-RDpcVXNl.jpg
2025-05-24T05:56:06.340Z [LOG] 处理自定义协议请求: app://thumbnail/1748066077098-RDpcVXNl.jpg
2025-05-24T05:56:06.341Z [LOG] 缩略图路径: D:\code\cursor\looklook\userdata\thumbnails\1748066077098-RDpcVXNl.jpg
2025-05-24T05:56:06.341Z [LOG] 处理自定义协议请求: app://thumbnail/1748066076374-RDpcVXNl.jpg
2025-05-24T05:56:06.342Z [LOG] 缩略图路径: D:\code\cursor\looklook\userdata\thumbnails\1748066076374-RDpcVXNl.jpg
2025-05-24T05:56:06.343Z [LOG] 处理自定义协议请求: app://thumbnail/1748066077198-RDpcVXNl.jpg
2025-05-24T05:56:06.343Z [LOG] 缩略图路径: D:\code\cursor\looklook\userdata\thumbnails\1748066077198-RDpcVXNl.jpg
2025-05-24T05:56:06.344Z [LOG] 处理自定义协议请求: app://thumbnail/1748066076612-RDpcVXNl.jpg
2025-05-24T05:56:06.344Z [LOG] 缩略图路径: D:\code\cursor\looklook\userdata\thumbnails\1748066076612-RDpcVXNl.jpg
2025-05-24T05:56:06.345Z [LOG] 处理自定义协议请求: app://thumbnail/1748066077560-RDpcVXNl.jpg
2025-05-24T05:56:06.345Z [LOG] 缩略图路径: D:\code\cursor\looklook\userdata\thumbnails\1748066077560-RDpcVXNl.jpg
2025-05-24T05:56:06.346Z [LOG] 处理自定义协议请求: app://thumbnail/1748066076280-RDpcVXNl.jpg
2025-05-24T05:56:06.346Z [LOG] 缩略图路径: D:\code\cursor\looklook\userdata\thumbnails\1748066076280-RDpcVXNl.jpg
2025-05-24T05:56:06.347Z [LOG] 处理自定义协议请求: app://thumbnail/1748066077996-RDpcVXNl.jpg
2025-05-24T05:56:06.347Z [LOG] 缩略图路径: D:\code\cursor\looklook\userdata\thumbnails\1748066077996-RDpcVXNl.jpg
2025-05-24T05:56:06.348Z [LOG] 处理自定义协议请求: app://thumbnail/1748066076652-RDpcVXNl.jpg
2025-05-24T05:56:06.349Z [LOG] 缩略图路径: D:\code\cursor\looklook\userdata\thumbnails\1748066076652-RDpcVXNl.jpg
2025-05-24T05:56:06.351Z [LOG] 处理自定义协议请求: app://thumbnail/1748066078473-RDpcVXNl.jpg
2025-05-24T05:56:06.351Z [LOG] 缩略图路径: D:\code\cursor\looklook\userdata\thumbnails\1748066078473-RDpcVXNl.jpg
2025-05-24T05:56:08.038Z [LOG] 删除视频ID: 1748066076015-RDpcVXNl
2025-05-24T05:56:08.039Z [LOG] 通知渲染进程数据已更新
2025-05-24T05:56:08.041Z [LOG] 处理get-videos请求
2025-05-24T05:56:08.041Z [LOG] 删除缩略图: app://thumbnail/1748066076015-RDpcVXNl.jpg
2025-05-24T05:56:08.042Z [LOG] 缩略图已成功删除: D:\code\cursor\looklook\userdata\thumbnails\1748066076015-RDpcVXNl.jpg
2025-05-24T05:56:08.043Z [LOG] 删除视频ID: 1748066076374-RDpcVXNl
2025-05-24T05:56:08.044Z [LOG] 通知渲染进程数据已更新
2025-05-24T05:56:08.045Z [LOG] 处理get-videos请求
2025-05-24T05:56:08.045Z [LOG] 删除缩略图: app://thumbnail/1748066076374-RDpcVXNl.jpg
2025-05-24T05:56:08.046Z [LOG] 缩略图已成功删除: D:\code\cursor\looklook\userdata\thumbnails\1748066076374-RDpcVXNl.jpg
2025-05-24T05:56:08.048Z [LOG] 删除视频ID: 1748066076612-RDpcVXNl
2025-05-24T05:56:08.049Z [LOG] 通知渲染进程数据已更新
2025-05-24T05:56:08.057Z [LOG] 处理get-videos请求
2025-05-24T05:56:08.058Z [LOG] 删除缩略图: app://thumbnail/1748066076612-RDpcVXNl.jpg
2025-05-24T05:56:08.059Z [LOG] 缩略图已成功删除: D:\code\cursor\looklook\userdata\thumbnails\1748066076612-RDpcVXNl.jpg
2025-05-24T05:56:08.062Z [LOG] 删除视频ID: 1748066076280-RDpcVXNl
2025-05-24T05:56:08.063Z [LOG] 通知渲染进程数据已更新
2025-05-24T05:56:08.064Z [LOG] 处理get-videos请求
2025-05-24T05:56:08.065Z [LOG] 删除缩略图: app://thumbnail/1748066076280-RDpcVXNl.jpg
2025-05-24T05:56:08.065Z [LOG] 缩略图已成功删除: D:\code\cursor\looklook\userdata\thumbnails\1748066076280-RDpcVXNl.jpg
2025-05-24T05:56:08.079Z [LOG] 删除视频ID: 1748066076652-RDpcVXNl
2025-05-24T05:56:08.080Z [LOG] 通知渲染进程数据已更新
2025-05-24T05:56:08.081Z [LOG] 处理get-videos请求
2025-05-24T05:56:08.081Z [LOG] 删除缩略图: app://thumbnail/1748066076652-RDpcVXNl.jpg
2025-05-24T05:56:08.082Z [LOG] 缩略图已成功删除: D:\code\cursor\looklook\userdata\thumbnails\1748066076652-RDpcVXNl.jpg
2025-05-24T05:56:08.083Z [LOG] 删除视频ID: 1748066077098-RDpcVXNl
2025-05-24T05:56:08.083Z [LOG] 通知渲染进程数据已更新
2025-05-24T05:56:08.084Z [LOG] 处理get-videos请求
2025-05-24T05:56:08.084Z [LOG] 删除缩略图: app://thumbnail/1748066077098-RDpcVXNl.jpg
2025-05-24T05:56:08.085Z [LOG] 缩略图已成功删除: D:\code\cursor\looklook\userdata\thumbnails\1748066077098-RDpcVXNl.jpg
2025-05-24T05:56:08.085Z [LOG] 删除视频ID: 1748066077198-RDpcVXNl
2025-05-24T05:56:08.086Z [LOG] 通知渲染进程数据已更新
2025-05-24T05:56:08.087Z [LOG] 处理get-videos请求
2025-05-24T05:56:08.088Z [LOG] 删除缩略图: app://thumbnail/1748066077198-RDpcVXNl.jpg
2025-05-24T05:56:08.089Z [LOG] 缩略图已成功删除: D:\code\cursor\looklook\userdata\thumbnails\1748066077198-RDpcVXNl.jpg
2025-05-24T05:56:08.094Z [LOG] 删除视频ID: 1748066077560-RDpcVXNl
2025-05-24T05:56:08.095Z [LOG] 通知渲染进程数据已更新
2025-05-24T05:56:08.095Z [LOG] 处理get-videos请求
2025-05-24T05:56:08.096Z [LOG] 删除缩略图: app://thumbnail/1748066077560-RDpcVXNl.jpg
2025-05-24T05:56:08.096Z [LOG] 缩略图已成功删除: D:\code\cursor\looklook\userdata\thumbnails\1748066077560-RDpcVXNl.jpg
2025-05-24T05:56:08.097Z [LOG] 删除视频ID: 1748066077996-RDpcVXNl
2025-05-24T05:56:08.098Z [LOG] 通知渲染进程数据已更新
2025-05-24T05:56:08.098Z [LOG] 处理get-videos请求
2025-05-24T05:56:08.098Z [LOG] 删除缩略图: app://thumbnail/1748066077996-RDpcVXNl.jpg
2025-05-24T05:56:08.099Z [LOG] 缩略图已成功删除: D:\code\cursor\looklook\userdata\thumbnails\1748066077996-RDpcVXNl.jpg
2025-05-24T05:56:08.099Z [LOG] 删除视频ID: 1748066078473-RDpcVXNl
2025-05-24T05:56:08.100Z [LOG] 通知渲染进程数据已更新
2025-05-24T05:56:08.100Z [LOG] 处理get-videos请求
2025-05-24T05:56:08.100Z [LOG] 删除缩略图: app://thumbnail/1748066078473-RDpcVXNl.jpg
2025-05-24T05:56:08.101Z [LOG] 缩略图已成功删除: D:\code\cursor\looklook\userdata\thumbnails\1748066078473-RDpcVXNl.jpg
2025-05-24T05:56:09.132Z [LOG] 处理import-folder请求
2025-05-24T05:56:10.270Z [LOG] 用户选择了文件夹: D:\Users\Videos\第一次选择
2025-05-24T05:56:10.270Z [LOG] 开始搜索文件夹 D:\Users\Videos\第一次选择 中的视频文件
2025-05-24T05:56:10.271Z [LOG] 搜索文件夹: D:\Users\Videos\第一次选择
2025-05-24T05:56:10.271Z [LOG] 搜索文件夹: D:\Users\Videos\第一次选择\新建文件夹
2025-05-24T05:56:10.271Z [LOG] 搜索文件夹: D:\Users\Videos\第一次选择\新建文件夹 (2)
2025-05-24T05:56:10.271Z [LOG] 在文件夹中找到 10 个视频文件
2025-05-24T05:56:10.272Z [LOG] 当前数据库中有 0 个视频记录
2025-05-24T05:56:10.272Z [LOG] 其中新增视频 10 个，重复视频 0 个
2025-05-24T05:56:10.272Z [LOG] 设置已加载
2025-05-24T05:56:10.273Z [LOG] 获取视频分辨率: D:\Users\Videos\第一次选择\新建文件夹\test-001.AVI
2025-05-24T05:56:10.273Z [MAIN] 开始获取视频分辨率: D:\Users\Videos\第一次选择\新建文件夹\test-001.AVI
2025-05-24T05:56:10.273Z [LOG] 直接获取视频分辨率
2025-05-24T05:56:10.273Z [RESOLUTION] 开始获取视频分辨率: D:\Users\Videos\第一次选择\新建文件夹\test-001.AVI
2025-05-24T05:56:10.273Z [PATH] 尝试获取FFprobe路径
2025-05-24T05:56:10.273Z [LOG] 使用配置的FFprobe路径: D:\code\cursor\looklook\node_modules\ffprobe-static\bin\win32\x64\ffprobe.exe
2025-05-24T05:56:10.273Z [PATH] 使用配置的FFprobe路径: D:\code\cursor\looklook\node_modules\ffprobe-static\bin\win32\x64\ffprobe.exe
2025-05-24T05:56:10.273Z [RESOLUTION] 在开发环境中使用ffprobe路径: D:\code\cursor\looklook\node_modules\ffprobe-static\bin\win32\x64\ffprobe.exe
2025-05-24T05:56:10.273Z [RESOLUTION] 检查ffprobe可执行文件是否存在: true
2025-05-24T05:56:10.274Z [LOG] 执行命令: "D:\code\cursor\looklook\node_modules\ffprobe-static\bin\win32\x64\ffprobe.exe" -v error -select_streams v:0 -show_entries stream=width,height -of csv=s=x:p=0 "D:\Users\Videos\第一次选择\新建文件夹\test-001.AVI"
2025-05-24T05:56:10.274Z [RESOLUTION] 开始执行命令获取分辨率: "D:\code\cursor\looklook\node_modules\ffprobe-static\bin\win32\x64\ffprobe.exe" -v error -select_streams v:0 -show_entries stream=width,height -of csv=s=x:p=0 "D:\Users\Videos\第一次选择\新建文件夹\test-001.AVI"
2025-05-24T05:56:10.339Z [RESOLUTION] 命令输出: "320x240"
2025-05-24T05:56:10.340Z [LOG] 成功解析分辨率: 320×240
2025-05-24T05:56:10.340Z [RESOLUTION] 成功解析分辨率: 320×240
2025-05-24T05:56:10.340Z [LOG] 获取视频时长: D:\Users\Videos\第一次选择\新建文件夹\test-001.AVI
2025-05-24T05:56:10.341Z [MAIN] 开始获取视频时长: D:\Users\Videos\第一次选择\新建文件夹\test-001.AVI
2025-05-24T05:56:10.341Z [LOG] 直接获取视频时长
2025-05-24T05:56:10.341Z [DURATION] 开始获取视频时长: D:\Users\Videos\第一次选择\新建文件夹\test-001.AVI
2025-05-24T05:56:10.341Z [PATH] 尝试获取FFprobe路径
2025-05-24T05:56:10.341Z [LOG] 使用配置的FFprobe路径: D:\code\cursor\looklook\node_modules\ffprobe-static\bin\win32\x64\ffprobe.exe
2025-05-24T05:56:10.342Z [PATH] 使用配置的FFprobe路径: D:\code\cursor\looklook\node_modules\ffprobe-static\bin\win32\x64\ffprobe.exe
2025-05-24T05:56:10.342Z [DURATION] 在开发环境中使用ffprobe路径: D:\code\cursor\looklook\node_modules\ffprobe-static\bin\win32\x64\ffprobe.exe
2025-05-24T05:56:10.342Z [DURATION] 检查ffprobe可执行文件是否存在: true
2025-05-24T05:56:10.342Z [LOG] 执行命令: "D:\code\cursor\looklook\node_modules\ffprobe-static\bin\win32\x64\ffprobe.exe" -v error -show_entries format=duration -of default=noprint_wrappers=1:nokey=1 "D:\Users\Videos\第一次选择\新建文件夹\test-001.AVI"
2025-05-24T05:56:10.342Z [DURATION] 开始执行命令获取时长: "D:\code\cursor\looklook\node_modules\ffprobe-static\bin\win32\x64\ffprobe.exe" -v error -show_entries format=duration -of default=noprint_wrappers=1:nokey=1 "D:\Users\Videos\第一次选择\新建文件夹\test-001.AVI"
2025-05-24T05:56:10.405Z [DURATION] 命令输出: "125.952000"
2025-05-24T05:56:10.406Z [LOG] 成功解析时长: 00:02:05
2025-05-24T05:56:10.406Z [DURATION] 成功解析时长: 00:02:05
2025-05-24T05:56:10.406Z [LOG] 开始生成缩略图，视频路径: D:\Users\Videos\第一次选择\新建文件夹\test-001.AVI
2025-05-24T05:56:10.407Z [LOG] 缩略图输出路径: D:\code\cursor\looklook\userdata\thumbnails\1748066171251-RDpcVXNl.jpg
2025-05-24T05:56:10.407Z [LOG] 生成随机时间点: 00:00:43
2025-05-24T05:56:10.407Z [LOG] 使用直接命令行ffmpeg生成缩略图
2025-05-24T05:56:10.407Z [PATH] 尝试获取FFmpeg路径
2025-05-24T05:56:10.408Z [LOG] 使用配置的FFmpeg路径: D:\code\cursor\looklook\node_modules\ffmpeg-static\ffmpeg.exe
2025-05-24T05:56:10.408Z [PATH] 使用配置的FFmpeg路径: D:\code\cursor\looklook\node_modules\ffmpeg-static\ffmpeg.exe
2025-05-24T05:56:10.408Z [LOG] 将使用时间点 00:00:43 生成缩略图
2025-05-24T05:56:10.408Z [LOG] 执行命令: D:\code\cursor\looklook\node_modules\ffmpeg-static\ffmpeg.exe -ss 00:00:43 -i D:\Users\Videos\第一次选择\新建文件夹\test-001.AVI -vframes 1 -s 320x180 -y D:\code\cursor\looklook\userdata\thumbnails\1748066171251-RDpcVXNl.jpg
2025-05-24T05:56:10.481Z [LOG] 直接ffmpeg成功生成缩略图: D:\code\cursor\looklook\userdata\thumbnails\1748066171251-RDpcVXNl.jpg
2025-05-24T05:56:10.481Z [LOG] 通过直接ffmpeg命令生成缩略图成功
2025-05-24T05:56:10.482Z [LOG] 设置已加载
2025-05-24T05:56:10.482Z [LOG] 获取视频分辨率: D:\Users\Videos\第一次选择\新建文件夹\test-002.AVI
2025-05-24T05:56:10.482Z [MAIN] 开始获取视频分辨率: D:\Users\Videos\第一次选择\新建文件夹\test-002.AVI
2025-05-24T05:56:10.482Z [LOG] 直接获取视频分辨率
2025-05-24T05:56:10.482Z [RESOLUTION] 开始获取视频分辨率: D:\Users\Videos\第一次选择\新建文件夹\test-002.AVI
2025-05-24T05:56:10.483Z [PATH] 尝试获取FFprobe路径
2025-05-24T05:56:10.483Z [LOG] 使用配置的FFprobe路径: D:\code\cursor\looklook\node_modules\ffprobe-static\bin\win32\x64\ffprobe.exe
2025-05-24T05:56:10.483Z [PATH] 使用配置的FFprobe路径: D:\code\cursor\looklook\node_modules\ffprobe-static\bin\win32\x64\ffprobe.exe
2025-05-24T05:56:10.483Z [RESOLUTION] 在开发环境中使用ffprobe路径: D:\code\cursor\looklook\node_modules\ffprobe-static\bin\win32\x64\ffprobe.exe
2025-05-24T05:56:10.483Z [RESOLUTION] 检查ffprobe可执行文件是否存在: true
2025-05-24T05:56:10.484Z [LOG] 执行命令: "D:\code\cursor\looklook\node_modules\ffprobe-static\bin\win32\x64\ffprobe.exe" -v error -select_streams v:0 -show_entries stream=width,height -of csv=s=x:p=0 "D:\Users\Videos\第一次选择\新建文件夹\test-002.AVI"
2025-05-24T05:56:10.484Z [RESOLUTION] 开始执行命令获取分辨率: "D:\code\cursor\looklook\node_modules\ffprobe-static\bin\win32\x64\ffprobe.exe" -v error -select_streams v:0 -show_entries stream=width,height -of csv=s=x:p=0 "D:\Users\Videos\第一次选择\新建文件夹\test-002.AVI"
2025-05-24T05:56:10.547Z [RESOLUTION] 命令输出: "320x240"
2025-05-24T05:56:10.548Z [LOG] 成功解析分辨率: 320×240
2025-05-24T05:56:10.548Z [RESOLUTION] 成功解析分辨率: 320×240
2025-05-24T05:56:10.548Z [LOG] 获取视频时长: D:\Users\Videos\第一次选择\新建文件夹\test-002.AVI
2025-05-24T05:56:10.549Z [MAIN] 开始获取视频时长: D:\Users\Videos\第一次选择\新建文件夹\test-002.AVI
2025-05-24T05:56:10.549Z [LOG] 直接获取视频时长
2025-05-24T05:56:10.549Z [DURATION] 开始获取视频时长: D:\Users\Videos\第一次选择\新建文件夹\test-002.AVI
2025-05-24T05:56:10.549Z [PATH] 尝试获取FFprobe路径
2025-05-24T05:56:10.550Z [LOG] 使用配置的FFprobe路径: D:\code\cursor\looklook\node_modules\ffprobe-static\bin\win32\x64\ffprobe.exe
2025-05-24T05:56:10.550Z [PATH] 使用配置的FFprobe路径: D:\code\cursor\looklook\node_modules\ffprobe-static\bin\win32\x64\ffprobe.exe
2025-05-24T05:56:10.550Z [DURATION] 在开发环境中使用ffprobe路径: D:\code\cursor\looklook\node_modules\ffprobe-static\bin\win32\x64\ffprobe.exe
2025-05-24T05:56:10.550Z [DURATION] 检查ffprobe可执行文件是否存在: true
2025-05-24T05:56:10.550Z [LOG] 执行命令: "D:\code\cursor\looklook\node_modules\ffprobe-static\bin\win32\x64\ffprobe.exe" -v error -show_entries format=duration -of default=noprint_wrappers=1:nokey=1 "D:\Users\Videos\第一次选择\新建文件夹\test-002.AVI"
2025-05-24T05:56:10.550Z [DURATION] 开始执行命令获取时长: "D:\code\cursor\looklook\node_modules\ffprobe-static\bin\win32\x64\ffprobe.exe" -v error -show_entries format=duration -of default=noprint_wrappers=1:nokey=1 "D:\Users\Videos\第一次选择\新建文件夹\test-002.AVI"
2025-05-24T05:56:10.613Z [DURATION] 命令输出: "125.952000"
2025-05-24T05:56:10.614Z [LOG] 成功解析时长: 00:02:05
2025-05-24T05:56:10.614Z [DURATION] 成功解析时长: 00:02:05
2025-05-24T05:56:10.614Z [LOG] 开始生成缩略图，视频路径: D:\Users\Videos\第一次选择\新建文件夹\test-002.AVI
2025-05-24T05:56:10.615Z [LOG] 缩略图输出路径: D:\code\cursor\looklook\userdata\thumbnails\1748066170729-RDpcVXNl.jpg
2025-05-24T05:56:10.615Z [LOG] 生成随机时间点: 00:00:38
2025-05-24T05:56:10.615Z [LOG] 使用直接命令行ffmpeg生成缩略图
2025-05-24T05:56:10.615Z [PATH] 尝试获取FFmpeg路径
2025-05-24T05:56:10.616Z [LOG] 使用配置的FFmpeg路径: D:\code\cursor\looklook\node_modules\ffmpeg-static\ffmpeg.exe
2025-05-24T05:56:10.616Z [PATH] 使用配置的FFmpeg路径: D:\code\cursor\looklook\node_modules\ffmpeg-static\ffmpeg.exe
2025-05-24T05:56:10.616Z [LOG] 将使用时间点 00:00:38 生成缩略图
2025-05-24T05:56:10.616Z [LOG] 执行命令: D:\code\cursor\looklook\node_modules\ffmpeg-static\ffmpeg.exe -ss 00:00:38 -i D:\Users\Videos\第一次选择\新建文件夹\test-002.AVI -vframes 1 -s 320x180 -y D:\code\cursor\looklook\userdata\thumbnails\1748066170729-RDpcVXNl.jpg
2025-05-24T05:56:10.695Z [LOG] 直接ffmpeg成功生成缩略图: D:\code\cursor\looklook\userdata\thumbnails\1748066170729-RDpcVXNl.jpg
2025-05-24T05:56:10.696Z [LOG] 通过直接ffmpeg命令生成缩略图成功
2025-05-24T05:56:10.696Z [LOG] 设置已加载
2025-05-24T05:56:10.696Z [LOG] 获取视频分辨率: D:\Users\Videos\第一次选择\新建文件夹\test-003.AVI
2025-05-24T05:56:10.696Z [MAIN] 开始获取视频分辨率: D:\Users\Videos\第一次选择\新建文件夹\test-003.AVI
2025-05-24T05:56:10.697Z [LOG] 直接获取视频分辨率
2025-05-24T05:56:10.697Z [RESOLUTION] 开始获取视频分辨率: D:\Users\Videos\第一次选择\新建文件夹\test-003.AVI
2025-05-24T05:56:10.697Z [PATH] 尝试获取FFprobe路径
2025-05-24T05:56:10.697Z [LOG] 使用配置的FFprobe路径: D:\code\cursor\looklook\node_modules\ffprobe-static\bin\win32\x64\ffprobe.exe
2025-05-24T05:56:10.697Z [PATH] 使用配置的FFprobe路径: D:\code\cursor\looklook\node_modules\ffprobe-static\bin\win32\x64\ffprobe.exe
2025-05-24T05:56:10.697Z [RESOLUTION] 在开发环境中使用ffprobe路径: D:\code\cursor\looklook\node_modules\ffprobe-static\bin\win32\x64\ffprobe.exe
2025-05-24T05:56:10.697Z [RESOLUTION] 检查ffprobe可执行文件是否存在: true
2025-05-24T05:56:10.697Z [LOG] 执行命令: "D:\code\cursor\looklook\node_modules\ffprobe-static\bin\win32\x64\ffprobe.exe" -v error -select_streams v:0 -show_entries stream=width,height -of csv=s=x:p=0 "D:\Users\Videos\第一次选择\新建文件夹\test-003.AVI"
2025-05-24T05:56:10.698Z [RESOLUTION] 开始执行命令获取分辨率: "D:\code\cursor\looklook\node_modules\ffprobe-static\bin\win32\x64\ffprobe.exe" -v error -select_streams v:0 -show_entries stream=width,height -of csv=s=x:p=0 "D:\Users\Videos\第一次选择\新建文件夹\test-003.AVI"
2025-05-24T05:56:10.762Z [RESOLUTION] 命令输出: "320x240"
2025-05-24T05:56:10.762Z [LOG] 成功解析分辨率: 320×240
2025-05-24T05:56:10.762Z [RESOLUTION] 成功解析分辨率: 320×240
2025-05-24T05:56:10.763Z [LOG] 获取视频时长: D:\Users\Videos\第一次选择\新建文件夹\test-003.AVI
2025-05-24T05:56:10.763Z [MAIN] 开始获取视频时长: D:\Users\Videos\第一次选择\新建文件夹\test-003.AVI
2025-05-24T05:56:10.763Z [LOG] 直接获取视频时长
2025-05-24T05:56:10.764Z [DURATION] 开始获取视频时长: D:\Users\Videos\第一次选择\新建文件夹\test-003.AVI
2025-05-24T05:56:10.764Z [PATH] 尝试获取FFprobe路径
2025-05-24T05:56:10.764Z [LOG] 使用配置的FFprobe路径: D:\code\cursor\looklook\node_modules\ffprobe-static\bin\win32\x64\ffprobe.exe
2025-05-24T05:56:10.764Z [PATH] 使用配置的FFprobe路径: D:\code\cursor\looklook\node_modules\ffprobe-static\bin\win32\x64\ffprobe.exe
2025-05-24T05:56:10.764Z [DURATION] 在开发环境中使用ffprobe路径: D:\code\cursor\looklook\node_modules\ffprobe-static\bin\win32\x64\ffprobe.exe
2025-05-24T05:56:10.764Z [DURATION] 检查ffprobe可执行文件是否存在: true
2025-05-24T05:56:10.764Z [LOG] 执行命令: "D:\code\cursor\looklook\node_modules\ffprobe-static\bin\win32\x64\ffprobe.exe" -v error -show_entries format=duration -of default=noprint_wrappers=1:nokey=1 "D:\Users\Videos\第一次选择\新建文件夹\test-003.AVI"
2025-05-24T05:56:10.764Z [DURATION] 开始执行命令获取时长: "D:\code\cursor\looklook\node_modules\ffprobe-static\bin\win32\x64\ffprobe.exe" -v error -show_entries format=duration -of default=noprint_wrappers=1:nokey=1 "D:\Users\Videos\第一次选择\新建文件夹\test-003.AVI"
2025-05-24T05:56:10.829Z [DURATION] 命令输出: "125.952000"
2025-05-24T05:56:10.829Z [LOG] 成功解析时长: 00:02:05
2025-05-24T05:56:10.829Z [DURATION] 成功解析时长: 00:02:05
2025-05-24T05:56:10.830Z [LOG] 开始生成缩略图，视频路径: D:\Users\Videos\第一次选择\新建文件夹\test-003.AVI
2025-05-24T05:56:10.830Z [LOG] 缩略图输出路径: D:\code\cursor\looklook\userdata\thumbnails\1748066171667-RDpcVXNl.jpg
2025-05-24T05:56:10.831Z [LOG] 生成随机时间点: 00:00:46
2025-05-24T05:56:10.831Z [LOG] 使用直接命令行ffmpeg生成缩略图
2025-05-24T05:56:10.831Z [PATH] 尝试获取FFmpeg路径
2025-05-24T05:56:10.831Z [LOG] 使用配置的FFmpeg路径: D:\code\cursor\looklook\node_modules\ffmpeg-static\ffmpeg.exe
2025-05-24T05:56:10.831Z [PATH] 使用配置的FFmpeg路径: D:\code\cursor\looklook\node_modules\ffmpeg-static\ffmpeg.exe
2025-05-24T05:56:10.832Z [LOG] 将使用时间点 00:00:46 生成缩略图
2025-05-24T05:56:10.832Z [LOG] 执行命令: D:\code\cursor\looklook\node_modules\ffmpeg-static\ffmpeg.exe -ss 00:00:46 -i D:\Users\Videos\第一次选择\新建文件夹\test-003.AVI -vframes 1 -s 320x180 -y D:\code\cursor\looklook\userdata\thumbnails\1748066171667-RDpcVXNl.jpg
2025-05-24T05:56:10.907Z [LOG] 直接ffmpeg成功生成缩略图: D:\code\cursor\looklook\userdata\thumbnails\1748066171667-RDpcVXNl.jpg
2025-05-24T05:56:10.908Z [LOG] 通过直接ffmpeg命令生成缩略图成功
2025-05-24T05:56:10.908Z [LOG] 设置已加载
2025-05-24T05:56:10.909Z [LOG] 获取视频分辨率: D:\Users\Videos\第一次选择\新建文件夹\test-004.AVI
2025-05-24T05:56:10.909Z [MAIN] 开始获取视频分辨率: D:\Users\Videos\第一次选择\新建文件夹\test-004.AVI
2025-05-24T05:56:10.909Z [LOG] 直接获取视频分辨率
2025-05-24T05:56:10.909Z [RESOLUTION] 开始获取视频分辨率: D:\Users\Videos\第一次选择\新建文件夹\test-004.AVI
2025-05-24T05:56:10.909Z [PATH] 尝试获取FFprobe路径
2025-05-24T05:56:10.909Z [LOG] 使用配置的FFprobe路径: D:\code\cursor\looklook\node_modules\ffprobe-static\bin\win32\x64\ffprobe.exe
2025-05-24T05:56:10.910Z [PATH] 使用配置的FFprobe路径: D:\code\cursor\looklook\node_modules\ffprobe-static\bin\win32\x64\ffprobe.exe
2025-05-24T05:56:10.910Z [RESOLUTION] 在开发环境中使用ffprobe路径: D:\code\cursor\looklook\node_modules\ffprobe-static\bin\win32\x64\ffprobe.exe
2025-05-24T05:56:10.910Z [RESOLUTION] 检查ffprobe可执行文件是否存在: true
2025-05-24T05:56:10.910Z [LOG] 执行命令: "D:\code\cursor\looklook\node_modules\ffprobe-static\bin\win32\x64\ffprobe.exe" -v error -select_streams v:0 -show_entries stream=width,height -of csv=s=x:p=0 "D:\Users\Videos\第一次选择\新建文件夹\test-004.AVI"
2025-05-24T05:56:10.910Z [RESOLUTION] 开始执行命令获取分辨率: "D:\code\cursor\looklook\node_modules\ffprobe-static\bin\win32\x64\ffprobe.exe" -v error -select_streams v:0 -show_entries stream=width,height -of csv=s=x:p=0 "D:\Users\Videos\第一次选择\新建文件夹\test-004.AVI"
2025-05-24T05:56:10.973Z [RESOLUTION] 命令输出: "320x240"
2025-05-24T05:56:10.973Z [LOG] 成功解析分辨率: 320×240
2025-05-24T05:56:10.974Z [RESOLUTION] 成功解析分辨率: 320×240
2025-05-24T05:56:10.974Z [LOG] 获取视频时长: D:\Users\Videos\第一次选择\新建文件夹\test-004.AVI
2025-05-24T05:56:10.974Z [MAIN] 开始获取视频时长: D:\Users\Videos\第一次选择\新建文件夹\test-004.AVI
2025-05-24T05:56:10.975Z [LOG] 直接获取视频时长
2025-05-24T05:56:10.975Z [DURATION] 开始获取视频时长: D:\Users\Videos\第一次选择\新建文件夹\test-004.AVI
2025-05-24T05:56:10.975Z [PATH] 尝试获取FFprobe路径
2025-05-24T05:56:10.975Z [LOG] 使用配置的FFprobe路径: D:\code\cursor\looklook\node_modules\ffprobe-static\bin\win32\x64\ffprobe.exe
2025-05-24T05:56:10.976Z [PATH] 使用配置的FFprobe路径: D:\code\cursor\looklook\node_modules\ffprobe-static\bin\win32\x64\ffprobe.exe
2025-05-24T05:56:10.976Z [DURATION] 在开发环境中使用ffprobe路径: D:\code\cursor\looklook\node_modules\ffprobe-static\bin\win32\x64\ffprobe.exe
2025-05-24T05:56:10.976Z [DURATION] 检查ffprobe可执行文件是否存在: true
2025-05-24T05:56:10.976Z [LOG] 执行命令: "D:\code\cursor\looklook\node_modules\ffprobe-static\bin\win32\x64\ffprobe.exe" -v error -show_entries format=duration -of default=noprint_wrappers=1:nokey=1 "D:\Users\Videos\第一次选择\新建文件夹\test-004.AVI"
2025-05-24T05:56:10.976Z [DURATION] 开始执行命令获取时长: "D:\code\cursor\looklook\node_modules\ffprobe-static\bin\win32\x64\ffprobe.exe" -v error -show_entries format=duration -of default=noprint_wrappers=1:nokey=1 "D:\Users\Videos\第一次选择\新建文件夹\test-004.AVI"
2025-05-24T05:56:11.040Z [DURATION] 命令输出: "125.952000"
2025-05-24T05:56:11.041Z [LOG] 成功解析时长: 00:02:05
2025-05-24T05:56:11.041Z [DURATION] 成功解析时长: 00:02:05
2025-05-24T05:56:11.041Z [LOG] 开始生成缩略图，视频路径: D:\Users\Videos\第一次选择\新建文件夹\test-004.AVI
2025-05-24T05:56:11.042Z [LOG] 缩略图输出路径: D:\code\cursor\looklook\userdata\thumbnails\1748066171306-RDpcVXNl.jpg
2025-05-24T05:56:11.042Z [LOG] 生成随机时间点: 00:00:13
2025-05-24T05:56:11.042Z [LOG] 使用直接命令行ffmpeg生成缩略图
2025-05-24T05:56:11.042Z [PATH] 尝试获取FFmpeg路径
2025-05-24T05:56:11.043Z [LOG] 使用配置的FFmpeg路径: D:\code\cursor\looklook\node_modules\ffmpeg-static\ffmpeg.exe
2025-05-24T05:56:11.043Z [PATH] 使用配置的FFmpeg路径: D:\code\cursor\looklook\node_modules\ffmpeg-static\ffmpeg.exe
2025-05-24T05:56:11.043Z [LOG] 将使用时间点 00:00:13 生成缩略图
2025-05-24T05:56:11.044Z [LOG] 执行命令: D:\code\cursor\looklook\node_modules\ffmpeg-static\ffmpeg.exe -ss 00:00:13 -i D:\Users\Videos\第一次选择\新建文件夹\test-004.AVI -vframes 1 -s 320x180 -y D:\code\cursor\looklook\userdata\thumbnails\1748066171306-RDpcVXNl.jpg
2025-05-24T05:56:11.119Z [LOG] 直接ffmpeg成功生成缩略图: D:\code\cursor\looklook\userdata\thumbnails\1748066171306-RDpcVXNl.jpg
2025-05-24T05:56:11.119Z [LOG] 通过直接ffmpeg命令生成缩略图成功
2025-05-24T05:56:11.120Z [LOG] 设置已加载
2025-05-24T05:56:11.120Z [LOG] 获取视频分辨率: D:\Users\Videos\第一次选择\新建文件夹\test-005.AVI
2025-05-24T05:56:11.120Z [MAIN] 开始获取视频分辨率: D:\Users\Videos\第一次选择\新建文件夹\test-005.AVI
2025-05-24T05:56:11.120Z [LOG] 直接获取视频分辨率
2025-05-24T05:56:11.120Z [RESOLUTION] 开始获取视频分辨率: D:\Users\Videos\第一次选择\新建文件夹\test-005.AVI
2025-05-24T05:56:11.121Z [PATH] 尝试获取FFprobe路径
2025-05-24T05:56:11.121Z [LOG] 使用配置的FFprobe路径: D:\code\cursor\looklook\node_modules\ffprobe-static\bin\win32\x64\ffprobe.exe
2025-05-24T05:56:11.121Z [PATH] 使用配置的FFprobe路径: D:\code\cursor\looklook\node_modules\ffprobe-static\bin\win32\x64\ffprobe.exe
2025-05-24T05:56:11.121Z [RESOLUTION] 在开发环境中使用ffprobe路径: D:\code\cursor\looklook\node_modules\ffprobe-static\bin\win32\x64\ffprobe.exe
2025-05-24T05:56:11.121Z [RESOLUTION] 检查ffprobe可执行文件是否存在: true
2025-05-24T05:56:11.121Z [LOG] 执行命令: "D:\code\cursor\looklook\node_modules\ffprobe-static\bin\win32\x64\ffprobe.exe" -v error -select_streams v:0 -show_entries stream=width,height -of csv=s=x:p=0 "D:\Users\Videos\第一次选择\新建文件夹\test-005.AVI"
2025-05-24T05:56:11.121Z [RESOLUTION] 开始执行命令获取分辨率: "D:\code\cursor\looklook\node_modules\ffprobe-static\bin\win32\x64\ffprobe.exe" -v error -select_streams v:0 -show_entries stream=width,height -of csv=s=x:p=0 "D:\Users\Videos\第一次选择\新建文件夹\test-005.AVI"
2025-05-24T05:56:11.185Z [RESOLUTION] 命令输出: "320x240"
2025-05-24T05:56:11.186Z [LOG] 成功解析分辨率: 320×240
2025-05-24T05:56:11.186Z [RESOLUTION] 成功解析分辨率: 320×240
2025-05-24T05:56:11.186Z [LOG] 获取视频时长: D:\Users\Videos\第一次选择\新建文件夹\test-005.AVI
2025-05-24T05:56:11.186Z [MAIN] 开始获取视频时长: D:\Users\Videos\第一次选择\新建文件夹\test-005.AVI
2025-05-24T05:56:11.187Z [LOG] 直接获取视频时长
2025-05-24T05:56:11.187Z [DURATION] 开始获取视频时长: D:\Users\Videos\第一次选择\新建文件夹\test-005.AVI
2025-05-24T05:56:11.187Z [PATH] 尝试获取FFprobe路径
2025-05-24T05:56:11.187Z [LOG] 使用配置的FFprobe路径: D:\code\cursor\looklook\node_modules\ffprobe-static\bin\win32\x64\ffprobe.exe
2025-05-24T05:56:11.187Z [PATH] 使用配置的FFprobe路径: D:\code\cursor\looklook\node_modules\ffprobe-static\bin\win32\x64\ffprobe.exe
2025-05-24T05:56:11.188Z [DURATION] 在开发环境中使用ffprobe路径: D:\code\cursor\looklook\node_modules\ffprobe-static\bin\win32\x64\ffprobe.exe
2025-05-24T05:56:11.188Z [DURATION] 检查ffprobe可执行文件是否存在: true
2025-05-24T05:56:11.188Z [LOG] 执行命令: "D:\code\cursor\looklook\node_modules\ffprobe-static\bin\win32\x64\ffprobe.exe" -v error -show_entries format=duration -of default=noprint_wrappers=1:nokey=1 "D:\Users\Videos\第一次选择\新建文件夹\test-005.AVI"
2025-05-24T05:56:11.188Z [DURATION] 开始执行命令获取时长: "D:\code\cursor\looklook\node_modules\ffprobe-static\bin\win32\x64\ffprobe.exe" -v error -show_entries format=duration -of default=noprint_wrappers=1:nokey=1 "D:\Users\Videos\第一次选择\新建文件夹\test-005.AVI"
2025-05-24T05:56:11.253Z [DURATION] 命令输出: "125.952000"
2025-05-24T05:56:11.253Z [LOG] 成功解析时长: 00:02:05
2025-05-24T05:56:11.253Z [DURATION] 成功解析时长: 00:02:05
2025-05-24T05:56:11.254Z [LOG] 开始生成缩略图，视频路径: D:\Users\Videos\第一次选择\新建文件夹\test-005.AVI
2025-05-24T05:56:11.254Z [LOG] 缩略图输出路径: D:\code\cursor\looklook\userdata\thumbnails\1748066171475-RDpcVXNl.jpg
2025-05-24T05:56:11.255Z [LOG] 生成随机时间点: 00:00:19
2025-05-24T05:56:11.255Z [LOG] 使用直接命令行ffmpeg生成缩略图
2025-05-24T05:56:11.255Z [PATH] 尝试获取FFmpeg路径
2025-05-24T05:56:11.255Z [LOG] 使用配置的FFmpeg路径: D:\code\cursor\looklook\node_modules\ffmpeg-static\ffmpeg.exe
2025-05-24T05:56:11.255Z [PATH] 使用配置的FFmpeg路径: D:\code\cursor\looklook\node_modules\ffmpeg-static\ffmpeg.exe
2025-05-24T05:56:11.256Z [LOG] 将使用时间点 00:00:19 生成缩略图
2025-05-24T05:56:11.256Z [LOG] 执行命令: D:\code\cursor\looklook\node_modules\ffmpeg-static\ffmpeg.exe -ss 00:00:19 -i D:\Users\Videos\第一次选择\新建文件夹\test-005.AVI -vframes 1 -s 320x180 -y D:\code\cursor\looklook\userdata\thumbnails\1748066171475-RDpcVXNl.jpg
2025-05-24T05:56:11.335Z [LOG] 直接ffmpeg成功生成缩略图: D:\code\cursor\looklook\userdata\thumbnails\1748066171475-RDpcVXNl.jpg
2025-05-24T05:56:11.335Z [LOG] 通过直接ffmpeg命令生成缩略图成功
2025-05-24T05:56:11.335Z [LOG] 设置已加载
2025-05-24T05:56:11.336Z [LOG] 获取视频分辨率: D:\Users\Videos\第一次选择\新建文件夹 (2)\test-001.AVI
2025-05-24T05:56:11.336Z [MAIN] 开始获取视频分辨率: D:\Users\Videos\第一次选择\新建文件夹 (2)\test-001.AVI
2025-05-24T05:56:11.336Z [LOG] 直接获取视频分辨率
2025-05-24T05:56:11.336Z [RESOLUTION] 开始获取视频分辨率: D:\Users\Videos\第一次选择\新建文件夹 (2)\test-001.AVI
2025-05-24T05:56:11.336Z [PATH] 尝试获取FFprobe路径
2025-05-24T05:56:11.336Z [LOG] 使用配置的FFprobe路径: D:\code\cursor\looklook\node_modules\ffprobe-static\bin\win32\x64\ffprobe.exe
2025-05-24T05:56:11.337Z [PATH] 使用配置的FFprobe路径: D:\code\cursor\looklook\node_modules\ffprobe-static\bin\win32\x64\ffprobe.exe
2025-05-24T05:56:11.337Z [RESOLUTION] 在开发环境中使用ffprobe路径: D:\code\cursor\looklook\node_modules\ffprobe-static\bin\win32\x64\ffprobe.exe
2025-05-24T05:56:11.337Z [RESOLUTION] 检查ffprobe可执行文件是否存在: true
2025-05-24T05:56:11.337Z [LOG] 执行命令: "D:\code\cursor\looklook\node_modules\ffprobe-static\bin\win32\x64\ffprobe.exe" -v error -select_streams v:0 -show_entries stream=width,height -of csv=s=x:p=0 "D:\Users\Videos\第一次选择\新建文件夹 (2)\test-001.AVI"
2025-05-24T05:56:11.337Z [RESOLUTION] 开始执行命令获取分辨率: "D:\code\cursor\looklook\node_modules\ffprobe-static\bin\win32\x64\ffprobe.exe" -v error -select_streams v:0 -show_entries stream=width,height -of csv=s=x:p=0 "D:\Users\Videos\第一次选择\新建文件夹 (2)\test-001.AVI"
2025-05-24T05:56:11.402Z [RESOLUTION] 命令输出: "320x240"
2025-05-24T05:56:11.402Z [LOG] 成功解析分辨率: 320×240
2025-05-24T05:56:11.402Z [RESOLUTION] 成功解析分辨率: 320×240
2025-05-24T05:56:11.403Z [LOG] 获取视频时长: D:\Users\Videos\第一次选择\新建文件夹 (2)\test-001.AVI
2025-05-24T05:56:11.403Z [MAIN] 开始获取视频时长: D:\Users\Videos\第一次选择\新建文件夹 (2)\test-001.AVI
2025-05-24T05:56:11.403Z [LOG] 直接获取视频时长
2025-05-24T05:56:11.403Z [DURATION] 开始获取视频时长: D:\Users\Videos\第一次选择\新建文件夹 (2)\test-001.AVI
2025-05-24T05:56:11.403Z [PATH] 尝试获取FFprobe路径
2025-05-24T05:56:11.404Z [LOG] 使用配置的FFprobe路径: D:\code\cursor\looklook\node_modules\ffprobe-static\bin\win32\x64\ffprobe.exe
2025-05-24T05:56:11.404Z [PATH] 使用配置的FFprobe路径: D:\code\cursor\looklook\node_modules\ffprobe-static\bin\win32\x64\ffprobe.exe
2025-05-24T05:56:11.404Z [DURATION] 在开发环境中使用ffprobe路径: D:\code\cursor\looklook\node_modules\ffprobe-static\bin\win32\x64\ffprobe.exe
2025-05-24T05:56:11.404Z [DURATION] 检查ffprobe可执行文件是否存在: true
2025-05-24T05:56:11.404Z [LOG] 执行命令: "D:\code\cursor\looklook\node_modules\ffprobe-static\bin\win32\x64\ffprobe.exe" -v error -show_entries format=duration -of default=noprint_wrappers=1:nokey=1 "D:\Users\Videos\第一次选择\新建文件夹 (2)\test-001.AVI"
2025-05-24T05:56:11.404Z [DURATION] 开始执行命令获取时长: "D:\code\cursor\looklook\node_modules\ffprobe-static\bin\win32\x64\ffprobe.exe" -v error -show_entries format=duration -of default=noprint_wrappers=1:nokey=1 "D:\Users\Videos\第一次选择\新建文件夹 (2)\test-001.AVI"
2025-05-24T05:56:11.469Z [DURATION] 命令输出: "125.952000"
2025-05-24T05:56:11.470Z [LOG] 成功解析时长: 00:02:05
2025-05-24T05:56:11.470Z [DURATION] 成功解析时长: 00:02:05
2025-05-24T05:56:11.470Z [LOG] 开始生成缩略图，视频路径: D:\Users\Videos\第一次选择\新建文件夹 (2)\test-001.AVI
2025-05-24T05:56:11.471Z [LOG] 缩略图输出路径: D:\code\cursor\looklook\userdata\thumbnails\1748066171627-RDpcVXNl.jpg
2025-05-24T05:56:11.471Z [LOG] 生成随机时间点: 00:00:10
2025-05-24T05:56:11.471Z [LOG] 使用直接命令行ffmpeg生成缩略图
2025-05-24T05:56:11.471Z [PATH] 尝试获取FFmpeg路径
2025-05-24T05:56:11.472Z [LOG] 使用配置的FFmpeg路径: D:\code\cursor\looklook\node_modules\ffmpeg-static\ffmpeg.exe
2025-05-24T05:56:11.472Z [PATH] 使用配置的FFmpeg路径: D:\code\cursor\looklook\node_modules\ffmpeg-static\ffmpeg.exe
2025-05-24T05:56:11.472Z [LOG] 将使用时间点 00:00:10 生成缩略图
2025-05-24T05:56:11.472Z [LOG] 执行命令: D:\code\cursor\looklook\node_modules\ffmpeg-static\ffmpeg.exe -ss 00:00:10 -i D:\Users\Videos\第一次选择\新建文件夹 (2)\test-001.AVI -vframes 1 -s 320x180 -y D:\code\cursor\looklook\userdata\thumbnails\1748066171627-RDpcVXNl.jpg
2025-05-24T05:56:11.548Z [LOG] 直接ffmpeg成功生成缩略图: D:\code\cursor\looklook\userdata\thumbnails\1748066171627-RDpcVXNl.jpg
2025-05-24T05:56:11.549Z [LOG] 通过直接ffmpeg命令生成缩略图成功
2025-05-24T05:56:11.549Z [LOG] 设置已加载
2025-05-24T05:56:11.549Z [LOG] 获取视频分辨率: D:\Users\Videos\第一次选择\新建文件夹 (2)\test-002.AVI
2025-05-24T05:56:11.550Z [MAIN] 开始获取视频分辨率: D:\Users\Videos\第一次选择\新建文件夹 (2)\test-002.AVI
2025-05-24T05:56:11.550Z [LOG] 直接获取视频分辨率
2025-05-24T05:56:11.550Z [RESOLUTION] 开始获取视频分辨率: D:\Users\Videos\第一次选择\新建文件夹 (2)\test-002.AVI
2025-05-24T05:56:11.550Z [PATH] 尝试获取FFprobe路径
2025-05-24T05:56:11.550Z [LOG] 使用配置的FFprobe路径: D:\code\cursor\looklook\node_modules\ffprobe-static\bin\win32\x64\ffprobe.exe
2025-05-24T05:56:11.550Z [PATH] 使用配置的FFprobe路径: D:\code\cursor\looklook\node_modules\ffprobe-static\bin\win32\x64\ffprobe.exe
2025-05-24T05:56:11.551Z [RESOLUTION] 在开发环境中使用ffprobe路径: D:\code\cursor\looklook\node_modules\ffprobe-static\bin\win32\x64\ffprobe.exe
2025-05-24T05:56:11.551Z [RESOLUTION] 检查ffprobe可执行文件是否存在: true
2025-05-24T05:56:11.551Z [LOG] 执行命令: "D:\code\cursor\looklook\node_modules\ffprobe-static\bin\win32\x64\ffprobe.exe" -v error -select_streams v:0 -show_entries stream=width,height -of csv=s=x:p=0 "D:\Users\Videos\第一次选择\新建文件夹 (2)\test-002.AVI"
2025-05-24T05:56:11.551Z [RESOLUTION] 开始执行命令获取分辨率: "D:\code\cursor\looklook\node_modules\ffprobe-static\bin\win32\x64\ffprobe.exe" -v error -select_streams v:0 -show_entries stream=width,height -of csv=s=x:p=0 "D:\Users\Videos\第一次选择\新建文件夹 (2)\test-002.AVI"
2025-05-24T05:56:11.615Z [RESOLUTION] 命令输出: "320x240"
2025-05-24T05:56:11.615Z [LOG] 成功解析分辨率: 320×240
2025-05-24T05:56:11.615Z [RESOLUTION] 成功解析分辨率: 320×240
2025-05-24T05:56:11.616Z [LOG] 获取视频时长: D:\Users\Videos\第一次选择\新建文件夹 (2)\test-002.AVI
2025-05-24T05:56:11.616Z [MAIN] 开始获取视频时长: D:\Users\Videos\第一次选择\新建文件夹 (2)\test-002.AVI
2025-05-24T05:56:11.616Z [LOG] 直接获取视频时长
2025-05-24T05:56:11.616Z [DURATION] 开始获取视频时长: D:\Users\Videos\第一次选择\新建文件夹 (2)\test-002.AVI
2025-05-24T05:56:11.616Z [PATH] 尝试获取FFprobe路径
2025-05-24T05:56:11.617Z [LOG] 使用配置的FFprobe路径: D:\code\cursor\looklook\node_modules\ffprobe-static\bin\win32\x64\ffprobe.exe
2025-05-24T05:56:11.617Z [PATH] 使用配置的FFprobe路径: D:\code\cursor\looklook\node_modules\ffprobe-static\bin\win32\x64\ffprobe.exe
2025-05-24T05:56:11.617Z [DURATION] 在开发环境中使用ffprobe路径: D:\code\cursor\looklook\node_modules\ffprobe-static\bin\win32\x64\ffprobe.exe
2025-05-24T05:56:11.617Z [DURATION] 检查ffprobe可执行文件是否存在: true
2025-05-24T05:56:11.617Z [LOG] 执行命令: "D:\code\cursor\looklook\node_modules\ffprobe-static\bin\win32\x64\ffprobe.exe" -v error -show_entries format=duration -of default=noprint_wrappers=1:nokey=1 "D:\Users\Videos\第一次选择\新建文件夹 (2)\test-002.AVI"
2025-05-24T05:56:11.617Z [DURATION] 开始执行命令获取时长: "D:\code\cursor\looklook\node_modules\ffprobe-static\bin\win32\x64\ffprobe.exe" -v error -show_entries format=duration -of default=noprint_wrappers=1:nokey=1 "D:\Users\Videos\第一次选择\新建文件夹 (2)\test-002.AVI"
2025-05-24T05:56:11.682Z [DURATION] 命令输出: "125.952000"
2025-05-24T05:56:11.682Z [LOG] 成功解析时长: 00:02:05
2025-05-24T05:56:11.683Z [DURATION] 成功解析时长: 00:02:05
2025-05-24T05:56:11.683Z [LOG] 开始生成缩略图，视频路径: D:\Users\Videos\第一次选择\新建文件夹 (2)\test-002.AVI
2025-05-24T05:56:11.683Z [LOG] 缩略图输出路径: D:\code\cursor\looklook\userdata\thumbnails\1748066172407-RDpcVXNl.jpg
2025-05-24T05:56:11.684Z [LOG] 生成随机时间点: 00:00:21
2025-05-24T05:56:11.684Z [LOG] 使用直接命令行ffmpeg生成缩略图
2025-05-24T05:56:11.684Z [PATH] 尝试获取FFmpeg路径
2025-05-24T05:56:11.684Z [LOG] 使用配置的FFmpeg路径: D:\code\cursor\looklook\node_modules\ffmpeg-static\ffmpeg.exe
2025-05-24T05:56:11.684Z [PATH] 使用配置的FFmpeg路径: D:\code\cursor\looklook\node_modules\ffmpeg-static\ffmpeg.exe
2025-05-24T05:56:11.684Z [LOG] 将使用时间点 00:00:21 生成缩略图
2025-05-24T05:56:11.685Z [LOG] 执行命令: D:\code\cursor\looklook\node_modules\ffmpeg-static\ffmpeg.exe -ss 00:00:21 -i D:\Users\Videos\第一次选择\新建文件夹 (2)\test-002.AVI -vframes 1 -s 320x180 -y D:\code\cursor\looklook\userdata\thumbnails\1748066172407-RDpcVXNl.jpg
2025-05-24T05:56:11.768Z [LOG] 直接ffmpeg成功生成缩略图: D:\code\cursor\looklook\userdata\thumbnails\1748066172407-RDpcVXNl.jpg
2025-05-24T05:56:11.769Z [LOG] 通过直接ffmpeg命令生成缩略图成功
2025-05-24T05:56:11.769Z [LOG] 设置已加载
2025-05-24T05:56:11.769Z [LOG] 获取视频分辨率: D:\Users\Videos\第一次选择\新建文件夹 (2)\test-003.AVI
2025-05-24T05:56:11.770Z [MAIN] 开始获取视频分辨率: D:\Users\Videos\第一次选择\新建文件夹 (2)\test-003.AVI
2025-05-24T05:56:11.770Z [LOG] 直接获取视频分辨率
2025-05-24T05:56:11.770Z [RESOLUTION] 开始获取视频分辨率: D:\Users\Videos\第一次选择\新建文件夹 (2)\test-003.AVI
2025-05-24T05:56:11.770Z [PATH] 尝试获取FFprobe路径
2025-05-24T05:56:11.770Z [LOG] 使用配置的FFprobe路径: D:\code\cursor\looklook\node_modules\ffprobe-static\bin\win32\x64\ffprobe.exe
2025-05-24T05:56:11.770Z [PATH] 使用配置的FFprobe路径: D:\code\cursor\looklook\node_modules\ffprobe-static\bin\win32\x64\ffprobe.exe
2025-05-24T05:56:11.770Z [RESOLUTION] 在开发环境中使用ffprobe路径: D:\code\cursor\looklook\node_modules\ffprobe-static\bin\win32\x64\ffprobe.exe
2025-05-24T05:56:11.771Z [RESOLUTION] 检查ffprobe可执行文件是否存在: true
2025-05-24T05:56:11.771Z [LOG] 执行命令: "D:\code\cursor\looklook\node_modules\ffprobe-static\bin\win32\x64\ffprobe.exe" -v error -select_streams v:0 -show_entries stream=width,height -of csv=s=x:p=0 "D:\Users\Videos\第一次选择\新建文件夹 (2)\test-003.AVI"
2025-05-24T05:56:11.771Z [RESOLUTION] 开始执行命令获取分辨率: "D:\code\cursor\looklook\node_modules\ffprobe-static\bin\win32\x64\ffprobe.exe" -v error -select_streams v:0 -show_entries stream=width,height -of csv=s=x:p=0 "D:\Users\Videos\第一次选择\新建文件夹 (2)\test-003.AVI"
2025-05-24T05:56:11.836Z [RESOLUTION] 命令输出: "320x240"
2025-05-24T05:56:11.836Z [LOG] 成功解析分辨率: 320×240
2025-05-24T05:56:11.837Z [RESOLUTION] 成功解析分辨率: 320×240
2025-05-24T05:56:11.837Z [LOG] 获取视频时长: D:\Users\Videos\第一次选择\新建文件夹 (2)\test-003.AVI
2025-05-24T05:56:11.837Z [MAIN] 开始获取视频时长: D:\Users\Videos\第一次选择\新建文件夹 (2)\test-003.AVI
2025-05-24T05:56:11.837Z [LOG] 直接获取视频时长
2025-05-24T05:56:11.837Z [DURATION] 开始获取视频时长: D:\Users\Videos\第一次选择\新建文件夹 (2)\test-003.AVI
2025-05-24T05:56:11.837Z [PATH] 尝试获取FFprobe路径
2025-05-24T05:56:11.838Z [LOG] 使用配置的FFprobe路径: D:\code\cursor\looklook\node_modules\ffprobe-static\bin\win32\x64\ffprobe.exe
2025-05-24T05:56:11.838Z [PATH] 使用配置的FFprobe路径: D:\code\cursor\looklook\node_modules\ffprobe-static\bin\win32\x64\ffprobe.exe
2025-05-24T05:56:11.838Z [DURATION] 在开发环境中使用ffprobe路径: D:\code\cursor\looklook\node_modules\ffprobe-static\bin\win32\x64\ffprobe.exe
2025-05-24T05:56:11.838Z [DURATION] 检查ffprobe可执行文件是否存在: true
2025-05-24T05:56:11.838Z [LOG] 执行命令: "D:\code\cursor\looklook\node_modules\ffprobe-static\bin\win32\x64\ffprobe.exe" -v error -show_entries format=duration -of default=noprint_wrappers=1:nokey=1 "D:\Users\Videos\第一次选择\新建文件夹 (2)\test-003.AVI"
2025-05-24T05:56:11.838Z [DURATION] 开始执行命令获取时长: "D:\code\cursor\looklook\node_modules\ffprobe-static\bin\win32\x64\ffprobe.exe" -v error -show_entries format=duration -of default=noprint_wrappers=1:nokey=1 "D:\Users\Videos\第一次选择\新建文件夹 (2)\test-003.AVI"
2025-05-24T05:56:11.902Z [DURATION] 命令输出: "125.952000"
2025-05-24T05:56:11.903Z [LOG] 成功解析时长: 00:02:05
2025-05-24T05:56:11.903Z [DURATION] 成功解析时长: 00:02:05
2025-05-24T05:56:11.903Z [LOG] 开始生成缩略图，视频路径: D:\Users\Videos\第一次选择\新建文件夹 (2)\test-003.AVI
2025-05-24T05:56:11.904Z [LOG] 缩略图输出路径: D:\code\cursor\looklook\userdata\thumbnails\1748066172423-RDpcVXNl.jpg
2025-05-24T05:56:11.904Z [LOG] 生成随机时间点: 00:00:59
2025-05-24T05:56:11.904Z [LOG] 使用直接命令行ffmpeg生成缩略图
2025-05-24T05:56:11.904Z [PATH] 尝试获取FFmpeg路径
2025-05-24T05:56:11.905Z [LOG] 使用配置的FFmpeg路径: D:\code\cursor\looklook\node_modules\ffmpeg-static\ffmpeg.exe
2025-05-24T05:56:11.905Z [PATH] 使用配置的FFmpeg路径: D:\code\cursor\looklook\node_modules\ffmpeg-static\ffmpeg.exe
2025-05-24T05:56:11.905Z [LOG] 将使用时间点 00:00:59 生成缩略图
2025-05-24T05:56:11.905Z [LOG] 执行命令: D:\code\cursor\looklook\node_modules\ffmpeg-static\ffmpeg.exe -ss 00:00:59 -i D:\Users\Videos\第一次选择\新建文件夹 (2)\test-003.AVI -vframes 1 -s 320x180 -y D:\code\cursor\looklook\userdata\thumbnails\1748066172423-RDpcVXNl.jpg
2025-05-24T05:56:11.987Z [LOG] 直接ffmpeg成功生成缩略图: D:\code\cursor\looklook\userdata\thumbnails\1748066172423-RDpcVXNl.jpg
2025-05-24T05:56:11.987Z [LOG] 通过直接ffmpeg命令生成缩略图成功
2025-05-24T05:56:11.988Z [LOG] 设置已加载
2025-05-24T05:56:11.988Z [LOG] 获取视频分辨率: D:\Users\Videos\第一次选择\新建文件夹 (2)\test-004.AVI
2025-05-24T05:56:11.988Z [MAIN] 开始获取视频分辨率: D:\Users\Videos\第一次选择\新建文件夹 (2)\test-004.AVI
2025-05-24T05:56:11.988Z [LOG] 直接获取视频分辨率
2025-05-24T05:56:11.989Z [RESOLUTION] 开始获取视频分辨率: D:\Users\Videos\第一次选择\新建文件夹 (2)\test-004.AVI
2025-05-24T05:56:11.989Z [PATH] 尝试获取FFprobe路径
2025-05-24T05:56:11.989Z [LOG] 使用配置的FFprobe路径: D:\code\cursor\looklook\node_modules\ffprobe-static\bin\win32\x64\ffprobe.exe
2025-05-24T05:56:11.989Z [PATH] 使用配置的FFprobe路径: D:\code\cursor\looklook\node_modules\ffprobe-static\bin\win32\x64\ffprobe.exe
2025-05-24T05:56:11.989Z [RESOLUTION] 在开发环境中使用ffprobe路径: D:\code\cursor\looklook\node_modules\ffprobe-static\bin\win32\x64\ffprobe.exe
2025-05-24T05:56:11.989Z [RESOLUTION] 检查ffprobe可执行文件是否存在: true
2025-05-24T05:56:11.989Z [LOG] 执行命令: "D:\code\cursor\looklook\node_modules\ffprobe-static\bin\win32\x64\ffprobe.exe" -v error -select_streams v:0 -show_entries stream=width,height -of csv=s=x:p=0 "D:\Users\Videos\第一次选择\新建文件夹 (2)\test-004.AVI"
2025-05-24T05:56:11.990Z [RESOLUTION] 开始执行命令获取分辨率: "D:\code\cursor\looklook\node_modules\ffprobe-static\bin\win32\x64\ffprobe.exe" -v error -select_streams v:0 -show_entries stream=width,height -of csv=s=x:p=0 "D:\Users\Videos\第一次选择\新建文件夹 (2)\test-004.AVI"
2025-05-24T05:56:12.055Z [RESOLUTION] 命令输出: "320x240"
2025-05-24T05:56:12.055Z [LOG] 成功解析分辨率: 320×240
2025-05-24T05:56:12.055Z [RESOLUTION] 成功解析分辨率: 320×240
2025-05-24T05:56:12.055Z [LOG] 获取视频时长: D:\Users\Videos\第一次选择\新建文件夹 (2)\test-004.AVI
2025-05-24T05:56:12.055Z [MAIN] 开始获取视频时长: D:\Users\Videos\第一次选择\新建文件夹 (2)\test-004.AVI
2025-05-24T05:56:12.056Z [LOG] 直接获取视频时长
2025-05-24T05:56:12.056Z [DURATION] 开始获取视频时长: D:\Users\Videos\第一次选择\新建文件夹 (2)\test-004.AVI
2025-05-24T05:56:12.056Z [PATH] 尝试获取FFprobe路径
2025-05-24T05:56:12.056Z [LOG] 使用配置的FFprobe路径: D:\code\cursor\looklook\node_modules\ffprobe-static\bin\win32\x64\ffprobe.exe
2025-05-24T05:56:12.056Z [PATH] 使用配置的FFprobe路径: D:\code\cursor\looklook\node_modules\ffprobe-static\bin\win32\x64\ffprobe.exe
2025-05-24T05:56:12.056Z [DURATION] 在开发环境中使用ffprobe路径: D:\code\cursor\looklook\node_modules\ffprobe-static\bin\win32\x64\ffprobe.exe
2025-05-24T05:56:12.056Z [DURATION] 检查ffprobe可执行文件是否存在: true
2025-05-24T05:56:12.057Z [LOG] 执行命令: "D:\code\cursor\looklook\node_modules\ffprobe-static\bin\win32\x64\ffprobe.exe" -v error -show_entries format=duration -of default=noprint_wrappers=1:nokey=1 "D:\Users\Videos\第一次选择\新建文件夹 (2)\test-004.AVI"
2025-05-24T05:56:12.057Z [DURATION] 开始执行命令获取时长: "D:\code\cursor\looklook\node_modules\ffprobe-static\bin\win32\x64\ffprobe.exe" -v error -show_entries format=duration -of default=noprint_wrappers=1:nokey=1 "D:\Users\Videos\第一次选择\新建文件夹 (2)\test-004.AVI"
2025-05-24T05:56:12.121Z [DURATION] 命令输出: "125.952000"
2025-05-24T05:56:12.121Z [LOG] 成功解析时长: 00:02:05
2025-05-24T05:56:12.121Z [DURATION] 成功解析时长: 00:02:05
2025-05-24T05:56:12.122Z [LOG] 开始生成缩略图，视频路径: D:\Users\Videos\第一次选择\新建文件夹 (2)\test-004.AVI
2025-05-24T05:56:12.122Z [LOG] 缩略图输出路径: D:\code\cursor\looklook\userdata\thumbnails\1748066172731-RDpcVXNl.jpg
2025-05-24T05:56:12.122Z [LOG] 生成随机时间点: 00:00:47
2025-05-24T05:56:12.122Z [LOG] 使用直接命令行ffmpeg生成缩略图
2025-05-24T05:56:12.123Z [PATH] 尝试获取FFmpeg路径
2025-05-24T05:56:12.123Z [LOG] 使用配置的FFmpeg路径: D:\code\cursor\looklook\node_modules\ffmpeg-static\ffmpeg.exe
2025-05-24T05:56:12.123Z [PATH] 使用配置的FFmpeg路径: D:\code\cursor\looklook\node_modules\ffmpeg-static\ffmpeg.exe
2025-05-24T05:56:12.123Z [LOG] 将使用时间点 00:00:47 生成缩略图
2025-05-24T05:56:12.123Z [LOG] 执行命令: D:\code\cursor\looklook\node_modules\ffmpeg-static\ffmpeg.exe -ss 00:00:47 -i D:\Users\Videos\第一次选择\新建文件夹 (2)\test-004.AVI -vframes 1 -s 320x180 -y D:\code\cursor\looklook\userdata\thumbnails\1748066172731-RDpcVXNl.jpg
2025-05-24T05:56:12.198Z [LOG] 直接ffmpeg成功生成缩略图: D:\code\cursor\looklook\userdata\thumbnails\1748066172731-RDpcVXNl.jpg
2025-05-24T05:56:12.198Z [LOG] 通过直接ffmpeg命令生成缩略图成功
2025-05-24T05:56:12.199Z [LOG] 设置已加载
2025-05-24T05:56:12.199Z [LOG] 获取视频分辨率: D:\Users\Videos\第一次选择\新建文件夹 (2)\test-005.AVI
2025-05-24T05:56:12.199Z [MAIN] 开始获取视频分辨率: D:\Users\Videos\第一次选择\新建文件夹 (2)\test-005.AVI
2025-05-24T05:56:12.199Z [LOG] 直接获取视频分辨率
2025-05-24T05:56:12.199Z [RESOLUTION] 开始获取视频分辨率: D:\Users\Videos\第一次选择\新建文件夹 (2)\test-005.AVI
2025-05-24T05:56:12.200Z [PATH] 尝试获取FFprobe路径
2025-05-24T05:56:12.200Z [LOG] 使用配置的FFprobe路径: D:\code\cursor\looklook\node_modules\ffprobe-static\bin\win32\x64\ffprobe.exe
2025-05-24T05:56:12.200Z [PATH] 使用配置的FFprobe路径: D:\code\cursor\looklook\node_modules\ffprobe-static\bin\win32\x64\ffprobe.exe
2025-05-24T05:56:12.200Z [RESOLUTION] 在开发环境中使用ffprobe路径: D:\code\cursor\looklook\node_modules\ffprobe-static\bin\win32\x64\ffprobe.exe
2025-05-24T05:56:12.200Z [RESOLUTION] 检查ffprobe可执行文件是否存在: true
2025-05-24T05:56:12.200Z [LOG] 执行命令: "D:\code\cursor\looklook\node_modules\ffprobe-static\bin\win32\x64\ffprobe.exe" -v error -select_streams v:0 -show_entries stream=width,height -of csv=s=x:p=0 "D:\Users\Videos\第一次选择\新建文件夹 (2)\test-005.AVI"
2025-05-24T05:56:12.200Z [RESOLUTION] 开始执行命令获取分辨率: "D:\code\cursor\looklook\node_modules\ffprobe-static\bin\win32\x64\ffprobe.exe" -v error -select_streams v:0 -show_entries stream=width,height -of csv=s=x:p=0 "D:\Users\Videos\第一次选择\新建文件夹 (2)\test-005.AVI"
2025-05-24T05:56:12.265Z [RESOLUTION] 命令输出: "320x240"
2025-05-24T05:56:12.266Z [LOG] 成功解析分辨率: 320×240
2025-05-24T05:56:12.266Z [RESOLUTION] 成功解析分辨率: 320×240
2025-05-24T05:56:12.266Z [LOG] 获取视频时长: D:\Users\Videos\第一次选择\新建文件夹 (2)\test-005.AVI
2025-05-24T05:56:12.266Z [MAIN] 开始获取视频时长: D:\Users\Videos\第一次选择\新建文件夹 (2)\test-005.AVI
2025-05-24T05:56:12.266Z [LOG] 直接获取视频时长
2025-05-24T05:56:12.267Z [DURATION] 开始获取视频时长: D:\Users\Videos\第一次选择\新建文件夹 (2)\test-005.AVI
2025-05-24T05:56:12.267Z [PATH] 尝试获取FFprobe路径
2025-05-24T05:56:12.267Z [LOG] 使用配置的FFprobe路径: D:\code\cursor\looklook\node_modules\ffprobe-static\bin\win32\x64\ffprobe.exe
2025-05-24T05:56:12.267Z [PATH] 使用配置的FFprobe路径: D:\code\cursor\looklook\node_modules\ffprobe-static\bin\win32\x64\ffprobe.exe
2025-05-24T05:56:12.267Z [DURATION] 在开发环境中使用ffprobe路径: D:\code\cursor\looklook\node_modules\ffprobe-static\bin\win32\x64\ffprobe.exe
2025-05-24T05:56:12.267Z [DURATION] 检查ffprobe可执行文件是否存在: true
2025-05-24T05:56:12.268Z [LOG] 执行命令: "D:\code\cursor\looklook\node_modules\ffprobe-static\bin\win32\x64\ffprobe.exe" -v error -show_entries format=duration -of default=noprint_wrappers=1:nokey=1 "D:\Users\Videos\第一次选择\新建文件夹 (2)\test-005.AVI"
2025-05-24T05:56:12.268Z [DURATION] 开始执行命令获取时长: "D:\code\cursor\looklook\node_modules\ffprobe-static\bin\win32\x64\ffprobe.exe" -v error -show_entries format=duration -of default=noprint_wrappers=1:nokey=1 "D:\Users\Videos\第一次选择\新建文件夹 (2)\test-005.AVI"
2025-05-24T05:56:12.333Z [DURATION] 命令输出: "125.952000"
2025-05-24T05:56:12.333Z [LOG] 成功解析时长: 00:02:05
2025-05-24T05:56:12.333Z [DURATION] 成功解析时长: 00:02:05
2025-05-24T05:56:12.334Z [LOG] 开始生成缩略图，视频路径: D:\Users\Videos\第一次选择\新建文件夹 (2)\test-005.AVI
2025-05-24T05:56:12.334Z [LOG] 缩略图输出路径: D:\code\cursor\looklook\userdata\thumbnails\1748066172725-RDpcVXNl.jpg
2025-05-24T05:56:12.334Z [LOG] 生成随机时间点: 00:00:57
2025-05-24T05:56:12.334Z [LOG] 使用直接命令行ffmpeg生成缩略图
2025-05-24T05:56:12.334Z [PATH] 尝试获取FFmpeg路径
2025-05-24T05:56:12.335Z [LOG] 使用配置的FFmpeg路径: D:\code\cursor\looklook\node_modules\ffmpeg-static\ffmpeg.exe
2025-05-24T05:56:12.335Z [PATH] 使用配置的FFmpeg路径: D:\code\cursor\looklook\node_modules\ffmpeg-static\ffmpeg.exe
2025-05-24T05:56:12.335Z [LOG] 将使用时间点 00:00:57 生成缩略图
2025-05-24T05:56:12.335Z [LOG] 执行命令: D:\code\cursor\looklook\node_modules\ffmpeg-static\ffmpeg.exe -ss 00:00:57 -i D:\Users\Videos\第一次选择\新建文件夹 (2)\test-005.AVI -vframes 1 -s 320x180 -y D:\code\cursor\looklook\userdata\thumbnails\1748066172725-RDpcVXNl.jpg
2025-05-24T05:56:12.413Z [LOG] 直接ffmpeg成功生成缩略图: D:\code\cursor\looklook\userdata\thumbnails\1748066172725-RDpcVXNl.jpg
2025-05-24T05:56:12.414Z [LOG] 通过直接ffmpeg命令生成缩略图成功
2025-05-24T05:56:12.414Z [LOG] 保存当前批次的 10 个视频到数据库
2025-05-24T05:56:12.415Z [LOG] 通知渲染进程数据已更新
2025-05-24T05:56:12.415Z [LOG] 处理get-videos请求
2025-05-24T05:56:12.416Z [LOG] 通知渲染进程数据已更新
2025-05-24T05:56:12.416Z [LOG] 通知渲染进程数据已更新
2025-05-24T05:56:12.417Z [LOG] 处理get-videos请求
2025-05-24T05:56:12.417Z [LOG] 处理get-videos请求
2025-05-24T05:56:12.417Z [LOG] 通知渲染进程数据已更新
2025-05-24T05:56:12.418Z [LOG] 通知渲染进程数据已更新
2025-05-24T05:56:12.418Z [LOG] 处理get-videos请求
2025-05-24T05:56:12.419Z [LOG] 处理get-videos请求
2025-05-24T05:56:12.419Z [LOG] 通知渲染进程数据已更新
2025-05-24T05:56:12.420Z [LOG] 通知渲染进程数据已更新
2025-05-24T05:56:12.420Z [LOG] 处理get-videos请求
2025-05-24T05:56:12.420Z [LOG] 处理get-videos请求
2025-05-24T05:56:12.421Z [LOG] 通知渲染进程数据已更新
2025-05-24T05:56:12.422Z [LOG] 通知渲染进程数据已更新
2025-05-24T05:56:12.423Z [LOG] 处理get-videos请求
2025-05-24T05:56:12.423Z [LOG] 处理get-videos请求
2025-05-24T05:56:12.424Z [LOG] 通知渲染进程数据已更新
2025-05-24T05:56:12.424Z [LOG] 成功保存批次中的 10 个视频到数据库
2025-05-24T05:56:12.426Z [LOG] 处理get-videos请求
2025-05-24T05:56:12.426Z [LOG] 处理get-videos请求
2025-05-24T05:56:17.374Z [LOG] 处理自定义协议请求: app://thumbnail/1748066171251-RDpcVXNl.jpg
2025-05-24T05:56:17.375Z [LOG] 缩略图路径: D:\code\cursor\looklook\userdata\thumbnails\1748066171251-RDpcVXNl.jpg
2025-05-24T05:56:17.375Z [LOG] 处理自定义协议请求: app://thumbnail/1748066171627-RDpcVXNl.jpg
2025-05-24T05:56:17.376Z [LOG] 缩略图路径: D:\code\cursor\looklook\userdata\thumbnails\1748066171627-RDpcVXNl.jpg
2025-05-24T05:56:17.376Z [LOG] 处理自定义协议请求: app://thumbnail/1748066170729-RDpcVXNl.jpg
2025-05-24T05:56:17.377Z [LOG] 缩略图路径: D:\code\cursor\looklook\userdata\thumbnails\1748066170729-RDpcVXNl.jpg
2025-05-24T05:56:17.377Z [LOG] 处理自定义协议请求: app://thumbnail/1748066172407-RDpcVXNl.jpg
2025-05-24T05:56:17.377Z [LOG] 缩略图路径: D:\code\cursor\looklook\userdata\thumbnails\1748066172407-RDpcVXNl.jpg
2025-05-24T05:56:17.378Z [LOG] 处理自定义协议请求: app://thumbnail/1748066171667-RDpcVXNl.jpg
2025-05-24T05:56:17.378Z [LOG] 缩略图路径: D:\code\cursor\looklook\userdata\thumbnails\1748066171667-RDpcVXNl.jpg
2025-05-24T05:56:17.378Z [LOG] 处理自定义协议请求: app://thumbnail/1748066172423-RDpcVXNl.jpg
2025-05-24T05:56:17.379Z [LOG] 缩略图路径: D:\code\cursor\looklook\userdata\thumbnails\1748066172423-RDpcVXNl.jpg
2025-05-24T05:56:17.380Z [LOG] 处理自定义协议请求: app://thumbnail/1748066171306-RDpcVXNl.jpg
2025-05-24T05:56:17.380Z [LOG] 缩略图路径: D:\code\cursor\looklook\userdata\thumbnails\1748066171306-RDpcVXNl.jpg
2025-05-24T05:56:17.380Z [LOG] 处理自定义协议请求: app://thumbnail/1748066172731-RDpcVXNl.jpg
2025-05-24T05:56:17.381Z [LOG] 缩略图路径: D:\code\cursor\looklook\userdata\thumbnails\1748066172731-RDpcVXNl.jpg
2025-05-24T05:56:17.381Z [LOG] 处理自定义协议请求: app://thumbnail/1748066171475-RDpcVXNl.jpg
2025-05-24T05:56:17.382Z [LOG] 缩略图路径: D:\code\cursor\looklook\userdata\thumbnails\1748066171475-RDpcVXNl.jpg
2025-05-24T05:56:17.382Z [LOG] 处理自定义协议请求: app://thumbnail/1748066172725-RDpcVXNl.jpg
2025-05-24T05:56:17.383Z [LOG] 缩略图路径: D:\code\cursor\looklook\userdata\thumbnails\1748066172725-RDpcVXNl.jpg
2025-05-24T05:56:18.679Z [LOG] 打开文件选择对话框: {"title":"选择目标文件夹","properties":["openDirectory"]}
2025-05-24T05:56:20.736Z [LOG] 文件选择结果: {"canceled":false,"filePaths":["D:\\Users\\Videos\\第一次选择"]}
2025-05-24T05:56:20.737Z [LOG] 准备移动 10 个视频到 D:\Users\Videos\第一次选择
2025-05-24T05:56:20.738Z [LOG] 使用快速移动: test-001.AVI -> test-001.AVI
2025-05-24T05:56:20.739Z [LOG] 更新视频ID: 1748066171251-RDpcVXNl 的文件路径为: D:\Users\Videos\第一次选择\test-001.AVI
2025-05-24T05:56:20.739Z [LOG] 成功更新 1 条视频记录的文件路径
2025-05-24T05:56:20.803Z [LOG] 使用快速移动: test-002.AVI -> test-002.AVI
2025-05-24T05:56:20.804Z [LOG] 更新视频ID: 1748066170729-RDpcVXNl 的文件路径为: D:\Users\Videos\第一次选择\test-002.AVI
2025-05-24T05:56:20.805Z [LOG] 成功更新 1 条视频记录的文件路径
2025-05-24T05:56:20.868Z [LOG] 使用快速移动: test-003.AVI -> test-003.AVI
2025-05-24T05:56:20.868Z [LOG] 更新视频ID: 1748066171667-RDpcVXNl 的文件路径为: D:\Users\Videos\第一次选择\test-003.AVI
2025-05-24T05:56:20.871Z [LOG] 成功更新 1 条视频记录的文件路径
2025-05-24T05:56:20.931Z [LOG] 使用快速移动: test-004.AVI -> test-004.AVI
2025-05-24T05:56:20.933Z [LOG] 更新视频ID: 1748066171306-RDpcVXNl 的文件路径为: D:\Users\Videos\第一次选择\test-004.AVI
2025-05-24T05:56:20.934Z [LOG] 成功更新 1 条视频记录的文件路径
2025-05-24T05:56:20.993Z [LOG] 使用快速移动: test-005.AVI -> test-005.AVI
2025-05-24T05:56:20.994Z [LOG] 更新视频ID: 1748066171475-RDpcVXNl 的文件路径为: D:\Users\Videos\第一次选择\test-005.AVI
2025-05-24T05:56:20.995Z [LOG] 成功更新 1 条视频记录的文件路径
2025-05-24T05:56:21.057Z [LOG] 使用快速移动: test-001.AVI -> test-001(1).AVI
2025-05-24T05:56:21.057Z [LOG] 更新视频ID: 1748066171627-RDpcVXNl 的文件路径为: D:\Users\Videos\第一次选择\test-001(1).AVI
2025-05-24T05:56:21.058Z [LOG] 成功更新 1 条视频记录的文件路径
2025-05-24T05:56:21.119Z [LOG] 使用快速移动: test-002.AVI -> test-002(1).AVI
2025-05-24T05:56:21.120Z [LOG] 更新视频ID: 1748066172407-RDpcVXNl 的文件路径为: D:\Users\Videos\第一次选择\test-002(1).AVI
2025-05-24T05:56:21.121Z [LOG] 成功更新 1 条视频记录的文件路径
2025-05-24T05:56:21.180Z [LOG] 使用快速移动: test-003.AVI -> test-003(1).AVI
2025-05-24T05:56:21.180Z [LOG] 更新视频ID: 1748066172423-RDpcVXNl 的文件路径为: D:\Users\Videos\第一次选择\test-003(1).AVI
2025-05-24T05:56:21.181Z [LOG] 成功更新 1 条视频记录的文件路径
2025-05-24T05:56:21.243Z [LOG] 使用快速移动: test-004.AVI -> test-004(1).AVI
2025-05-24T05:56:21.243Z [LOG] 更新视频ID: 1748066172731-RDpcVXNl 的文件路径为: D:\Users\Videos\第一次选择\test-004(1).AVI
2025-05-24T05:56:21.244Z [LOG] 成功更新 1 条视频记录的文件路径
2025-05-24T05:56:21.304Z [LOG] 使用快速移动: test-005.AVI -> test-005(1).AVI
2025-05-24T05:56:21.304Z [LOG] 更新视频ID: 1748066172725-RDpcVXNl 的文件路径为: D:\Users\Videos\第一次选择\test-005(1).AVI
2025-05-24T05:56:21.305Z [LOG] 成功更新 1 条视频记录的文件路径
2025-05-24T05:56:21.364Z [LOG] 移动完成: 总共 10 个视频，成功 10 个，失败 0 个
2025-05-24T05:56:21.365Z [LOG] 处理get-videos请求
2025-05-24T05:56:25.710Z [LOG] 处理get-enum-values请求: collection
2025-05-24T05:56:25.711Z [LOG] 处理get-enum-values请求: actors
2025-05-24T05:57:08.215Z 日志开始 - 2025-05-24T05:57:08.214Z - 应用版本: 2.1.2 - 运行环境: 开发环境
2025-05-24T05:57:08.215Z 系统信息: win32 x64 - Node.js 18.18.2
2025-05-24T05:57:08.215Z App路径: D:\code\cursor\looklook
2025-05-24T05:57:08.215Z 可执行文件路径: D:\code\cursor\looklook\node_modules\electron\dist\electron.exe
2025-05-24T05:57:08.215Z [LOG] 日志文件已创建: D:\code\cursor\looklook\userdata\logs\app-2025-05-24.log
2025-05-24T05:57:08.216Z [ERROR] 设置控制台编码失败: process.stdout.setEncoding is not a function
2025-05-24T05:57:08.216Z [LOG] 应用准备就绪
2025-05-24T05:57:08.217Z [ENV] 运行模式: 开发环境
2025-05-24T05:57:08.217Z [ENV] 应用路径: D:\code\cursor\looklook
2025-05-24T05:57:08.217Z [ENV] 可执行文件路径: D:\code\cursor\looklook\node_modules\electron\dist\electron.exe
2025-05-24T05:57:08.217Z [ENV] 用户数据路径: D:\code\cursor\looklook\userdata
2025-05-24T05:57:08.218Z [FFMPEG_COPY] 开发环境中无需复制FFmpeg和FFprobe
2025-05-24T05:57:08.218Z [LOG] 用户数据目录: D:\code\cursor\looklook\userdata
2025-05-24T05:57:08.218Z [LOG] 缩略图目录: D:\code\cursor\looklook\userdata\thumbnails
2025-05-24T05:57:08.219Z [LOG] 设置文件已存在，无需创建默认设置
2025-05-24T05:57:08.221Z [LOG] 打包状态: 开发环境
2025-05-24T05:57:08.222Z [LOG] App Path: D:\code\cursor\looklook
2025-05-24T05:57:08.222Z [LOG] Exe Path: D:\code\cursor\looklook\node_modules\electron\dist\electron.exe
2025-05-24T05:57:08.222Z [LOG] 应用目录: D:\code\cursor\looklook\node_modules\electron\dist
2025-05-24T05:57:08.223Z [LOG] 资源目录: D:\code\cursor\looklook\node_modules\electron\dist\resources
2025-05-24T05:57:08.223Z [TEST] 开始测试FFmpeg和FFprobe可执行性
2025-05-24T05:57:08.223Z [TEST] 打包状态: 开发环境
2025-05-24T05:57:08.223Z [TEST] App路径: D:\code\cursor\looklook
2025-05-24T05:57:08.223Z [TEST] 可执行文件路径: D:\code\cursor\looklook\node_modules\electron\dist\electron.exe
2025-05-24T05:57:08.223Z [TEST] 应用目录: D:\code\cursor\looklook\node_modules\electron\dist
2025-05-24T05:57:08.223Z [TEST] 资源目录: D:\code\cursor\looklook\node_modules\electron\dist\resources
2025-05-24T05:57:08.224Z [LOG] 检查node_modules路径: D:\code\cursor\looklook\node_modules\electron\dist\resources\node_modules, 存在: false
2025-05-24T05:57:08.224Z [TEST] 检查node_modules路径: D:\code\cursor\looklook\node_modules\electron\dist\resources\node_modules, 存在: false
2025-05-24T05:57:08.224Z [LOG] 检查node_modules路径: D:\code\cursor\looklook\node_modules\electron\dist\node_modules, 存在: false
2025-05-24T05:57:08.225Z [TEST] 检查node_modules路径: D:\code\cursor\looklook\node_modules\electron\dist\node_modules, 存在: false
2025-05-24T05:57:08.225Z [LOG] 检查node_modules路径: D:\code\cursor\looklook\node_modules, 存在: true
2025-05-24T05:57:08.225Z [TEST] 检查node_modules路径: D:\code\cursor\looklook\node_modules, 存在: true
2025-05-24T05:57:08.225Z [TEST] D:\code\cursor\looklook\node_modules 中内容: .bin, .package-lock.json, 7zip-bin, @derhuerst, @develar, @electron, @isaacs, @malept, @pkgjs, @sindresorhus, @szmarczak, @tootallnate, @types, @xmldom, agent-base, ajv, ajv-formats, ajv-keywords, ansi-regex, ansi-styles, app-builder-bin, app-builder-lib, archiver, archiver-utils, argparse, async, async-exit-hook, asynckit, at-least-node, atomically, balanced-match, base64-js, binary-search-tree, bl, bluebird, bluebird-lst, boolean, brace-expansion, buffer, buffer-crc32, buffer-equal, buffer-from, builder-util, builder-util-runtime, cacheable-lookup, cacheable-request, call-bind-apply-helpers, caseless, chalk, chownr, chromium-pickle-js, ci-info, cliui, clone-response, color-convert, color-name, combined-stream, commander, compare-version, compress-commons, concat-map, concat-stream, conf, config-file-ts, core-util-is, crc-32, crc32-stream, cross-spawn, debounce-fn, debug, decompress-response, defer-to-connect, define-data-property, define-properties, delayed-stream, detect-node, dir-compare, dmg-builder, dot-prop, dotenv, dotenv-expand, dunder-proto, eastasianwidth, ejs, electron, electron-builder, electron-builder-squirrel-windows, electron-publish, electron-store, emoji-regex, end-of-stream, env-paths, err-code, es-define-property, es-errors, es-object-atoms, es-set-tostringtag, es6-error, escalade, escape-string-regexp, extract-zip, fast-deep-equal, fast-json-stable-stringify, fast-uri, fd-slicer, ffmpeg-static, ffprobe-static, filelist, fluent-ffmpeg, foreground-child, form-data, fs-constants, fs-extra, fs-minipass, fs.realpath, function-bind, get-caller-file, get-intrinsic, get-proto, get-stream, glob, global-agent, globalthis, gopd, got, graceful-fs, has-flag, has-property-descriptors, has-symbols, has-tostringtag, hasown, hosted-git-info, http-cache-semantics, http-proxy-agent, http-response-object, http2-wrapper, https-proxy-agent, iconv-lite, ieee754, immediate, inflight, inherits, is-ci, is-fullwidth-code-point, isarray, isbinaryfile, isexe, jackspeak, jake, js-yaml, json-buffer, json-schema-traverse, json-schema-typed, json-stringify-safe, json5, jsonfile, keyv, lazy-val, lazystream, lie, localforage, lodash, lodash.defaults, lodash.difference, lodash.flatten, lodash.isplainobject, lodash.union, lowercase-keys, lru-cache, matcher, math-intrinsics, mime, mime-db, mime-types, mimic-function, mimic-response, minimatch, minimist, minipass, minizlib, mkdirp, ms, nedb, normalize-path, normalize-url, object-keys, once, p-cancelable, package-json-from-dist, parse-cache-control, path-is-absolute, path-key, path-scurry, pend, plist, process-nextick-args, progress, promise-retry, pump, punycode, quick-lru, read-config-file, readable-stream, readdir-glob, require-directory, require-from-string, resolve-alpn, responselike, retry, rimraf, roarr, safe-buffer, safer-buffer, sanitize-filename, sax, semver, semver-compare, serialize-error, shebang-command, shebang-regex, signal-exit, simple-update-notifier, source-map, source-map-support, sprintf-js, stat-mode, string-width, string-width-cjs, string_decoder, strip-ansi, strip-ansi-cjs, stubborn-fs, sumchecker, supports-color, tar, tar-stream, temp-file, tmp, tmp-promise, truncate-utf8-bytes, type-fest, typedarray, typescript, uint8array-extras, underscore, undici-types, universalify, uri-js, utf8-byte-length, util-deprecate, when-exit, which, wrap-ansi, wrap-ansi-cjs, wrappy, xmlbuilder, y18n, yallist, yargs, yargs-parser, yauzl, zip-stream
2025-05-24T05:57:08.226Z [TEST] ffmpeg-static存在于 D:\code\cursor\looklook\node_modules\ffmpeg-static
2025-05-24T05:57:08.226Z [TEST] ffmpeg-static内容: example.js, ffmpeg.exe, index.js, install.js, LICENSE, package.json, README.md, types
2025-05-24T05:57:08.226Z [TEST] ffprobe-static存在于 D:\code\cursor\looklook\node_modules\ffprobe-static
2025-05-24T05:57:08.226Z [TEST] ffprobe-static内容: bin, index.js, LICENSE, package.json, README.md, tests
2025-05-24T05:57:08.226Z [TEST] ffprobe-static/bin内容: darwin, linux, win32
2025-05-24T05:57:08.226Z [TEST] ffprobe-static/bin/win32内容: ia32, x64
2025-05-24T05:57:08.226Z [TEST] ffprobe-static/bin/win32/x64内容: ffprobe.exe
2025-05-24T05:57:08.227Z [LOG] 测试FFmpeg可执行性...
2025-05-24T05:57:08.227Z [TEST] 开始测试FFmpeg可执行性
2025-05-24T05:57:08.227Z [LOG] FFmpeg文件存在: D:\code\cursor\looklook\node_modules\ffmpeg-static\ffmpeg.exe
2025-05-24T05:57:08.227Z [TEST] FFmpeg文件存在: D:\code\cursor\looklook\node_modules\ffmpeg-static\ffmpeg.exe
2025-05-24T05:57:08.228Z [LOG] FFmpeg有执行权限
2025-05-24T05:57:08.228Z [TEST] FFmpeg有执行权限
2025-05-24T05:57:08.258Z [LOG] 测试FFprobe可执行性...
2025-05-24T05:57:08.259Z [LOG] FFprobe文件存在: D:\code\cursor\looklook\node_modules\ffprobe-static\bin\win32\x64\ffprobe.exe
2025-05-24T05:57:08.259Z [LOG] FFprobe有执行权限
2025-05-24T05:57:08.319Z [LOG] 注册IPC事件处理程序...
2025-05-24T05:57:08.319Z [LOG] IPC事件处理程序注册完成
2025-05-24T05:57:08.324Z [LOG] FFprobe执行测试成功: ffprobe version 4.0.2 Copyright (c) 2007-2018 the FFmpeg developers
2025-05-24T05:57:08.325Z [LOG] FFmpeg执行测试成功: ffmpeg version 7.1.1-essentials_build-www.gyan.dev Copyright (c) 2000-2025 the FFmpeg developers
2025-05-24T05:57:08.325Z [TEST] FFmpeg执行测试成功: ffmpeg version 7.1.1-essentials_build-www.gyan.dev Copyright (c) 2000-2025 the FFmpeg developers
2025-05-24T05:57:08.325Z [LOG] FFprobe执行测试成功: ffprobe version 4.0.2 Copyright (c) 2007-2018 the FFmpeg developers
2025-05-24T05:57:08.326Z [LOG] FFmpeg执行测试成功: ffmpeg version 7.1.1-essentials_build-www.gyan.dev Copyright (c) 2000-2025 the FFmpeg developers
2025-05-24T05:57:08.326Z [TEST] FFmpeg执行测试成功: ffmpeg version 7.1.1-essentials_build-www.gyan.dev Copyright (c) 2000-2025 the FFmpeg developers
2025-05-24T05:57:08.355Z [LOG] 已加载 10 个视频记录
2025-05-24T05:57:08.356Z [LOG] 开始检查是否存在重复视频记录...
2025-05-24T05:57:08.356Z [LOG] 没有发现重复视频记录
2025-05-24T05:57:08.357Z [LOG] 已加载枚举值[collection]: 4个
2025-05-24T05:57:08.358Z [LOG] 已加载枚举值[actors]: 0个
2025-05-24T05:57:08.358Z [LOG] 开始检查 10 个视频文件是否存在...
2025-05-24T05:57:08.371Z [LOG] 视频文件检查完成，共检查 10 个文件，发现 0 个问题
2025-05-24T05:57:08.371Z [LOG] 数据库模块初始化完成
2025-05-24T05:57:08.476Z [LOG] 处理get-videos请求
2025-05-24T05:57:08.479Z [LOG] 处理get-enum-values请求: collection
2025-05-24T05:57:08.479Z [LOG] 处理get-enum-values请求: actors
2025-05-24T05:57:08.514Z [LOG] 处理自定义协议请求: app://thumbnail/1748066171627-RDpcVXNl.jpg
2025-05-24T05:57:08.515Z [LOG] 缩略图路径: D:\code\cursor\looklook\userdata\thumbnails\1748066171627-RDpcVXNl.jpg
2025-05-24T05:57:08.516Z [LOG] 处理自定义协议请求: app://thumbnail/1748066171251-RDpcVXNl.jpg
2025-05-24T05:57:08.516Z [LOG] 缩略图路径: D:\code\cursor\looklook\userdata\thumbnails\1748066171251-RDpcVXNl.jpg
2025-05-24T05:57:08.517Z [LOG] 处理自定义协议请求: app://thumbnail/1748066172407-RDpcVXNl.jpg
2025-05-24T05:57:08.518Z [LOG] 缩略图路径: D:\code\cursor\looklook\userdata\thumbnails\1748066172407-RDpcVXNl.jpg
2025-05-24T05:57:08.518Z [LOG] 处理自定义协议请求: app://thumbnail/1748066170729-RDpcVXNl.jpg
2025-05-24T05:57:08.519Z [LOG] 缩略图路径: D:\code\cursor\looklook\userdata\thumbnails\1748066170729-RDpcVXNl.jpg
2025-05-24T05:57:08.519Z [LOG] 处理自定义协议请求: app://thumbnail/1748066172423-RDpcVXNl.jpg
2025-05-24T05:57:08.520Z [LOG] 缩略图路径: D:\code\cursor\looklook\userdata\thumbnails\1748066172423-RDpcVXNl.jpg
2025-05-24T05:57:08.521Z [LOG] 处理自定义协议请求: app://thumbnail/1748066171667-RDpcVXNl.jpg
2025-05-24T05:57:08.522Z [LOG] 缩略图路径: D:\code\cursor\looklook\userdata\thumbnails\1748066171667-RDpcVXNl.jpg
2025-05-24T05:57:08.522Z [LOG] 处理自定义协议请求: app://thumbnail/1748066172731-RDpcVXNl.jpg
2025-05-24T05:57:08.523Z [LOG] 缩略图路径: D:\code\cursor\looklook\userdata\thumbnails\1748066172731-RDpcVXNl.jpg
2025-05-24T05:57:08.523Z [LOG] 处理自定义协议请求: app://thumbnail/1748066171306-RDpcVXNl.jpg
2025-05-24T05:57:08.523Z [LOG] 缩略图路径: D:\code\cursor\looklook\userdata\thumbnails\1748066171306-RDpcVXNl.jpg
2025-05-24T05:57:08.524Z [LOG] 处理自定义协议请求: app://thumbnail/1748066172725-RDpcVXNl.jpg
2025-05-24T05:57:08.525Z [LOG] 缩略图路径: D:\code\cursor\looklook\userdata\thumbnails\1748066172725-RDpcVXNl.jpg
2025-05-24T05:57:08.526Z [LOG] 处理自定义协议请求: app://thumbnail/1748066171475-RDpcVXNl.jpg
2025-05-24T05:57:08.526Z [LOG] 缩略图路径: D:\code\cursor\looklook\userdata\thumbnails\1748066171475-RDpcVXNl.jpg
2025-05-24T05:57:08.527Z [LOG] 处理get-enum-values请求: collection
2025-05-24T05:57:08.528Z [LOG] 处理get-enum-values请求: actors
2025-05-24T05:57:11.606Z [LOG] 处理自定义协议请求: app://thumbnail/1748066171627-RDpcVXNl.jpg
2025-05-24T05:57:11.607Z [LOG] 缩略图路径: D:\code\cursor\looklook\userdata\thumbnails\1748066171627-RDpcVXNl.jpg
2025-05-24T05:57:11.607Z [LOG] 处理自定义协议请求: app://thumbnail/1748066171251-RDpcVXNl.jpg
2025-05-24T05:57:11.608Z [LOG] 缩略图路径: D:\code\cursor\looklook\userdata\thumbnails\1748066171251-RDpcVXNl.jpg
2025-05-24T05:57:11.609Z [LOG] 处理自定义协议请求: app://thumbnail/1748066172407-RDpcVXNl.jpg
2025-05-24T05:57:11.609Z [LOG] 缩略图路径: D:\code\cursor\looklook\userdata\thumbnails\1748066172407-RDpcVXNl.jpg
2025-05-24T05:57:11.610Z [LOG] 处理自定义协议请求: app://thumbnail/1748066170729-RDpcVXNl.jpg
2025-05-24T05:57:11.611Z [LOG] 缩略图路径: D:\code\cursor\looklook\userdata\thumbnails\1748066170729-RDpcVXNl.jpg
2025-05-24T05:57:11.611Z [LOG] 处理自定义协议请求: app://thumbnail/1748066172423-RDpcVXNl.jpg
2025-05-24T05:57:11.612Z [LOG] 缩略图路径: D:\code\cursor\looklook\userdata\thumbnails\1748066172423-RDpcVXNl.jpg
2025-05-24T05:57:11.613Z [LOG] 处理自定义协议请求: app://thumbnail/1748066171667-RDpcVXNl.jpg
2025-05-24T05:57:11.614Z [LOG] 缩略图路径: D:\code\cursor\looklook\userdata\thumbnails\1748066171667-RDpcVXNl.jpg
2025-05-24T05:57:11.614Z [LOG] 处理自定义协议请求: app://thumbnail/1748066172731-RDpcVXNl.jpg
2025-05-24T05:57:11.615Z [LOG] 缩略图路径: D:\code\cursor\looklook\userdata\thumbnails\1748066172731-RDpcVXNl.jpg
2025-05-24T05:57:11.615Z [LOG] 处理自定义协议请求: app://thumbnail/1748066171306-RDpcVXNl.jpg
2025-05-24T05:57:11.616Z [LOG] 缩略图路径: D:\code\cursor\looklook\userdata\thumbnails\1748066171306-RDpcVXNl.jpg
2025-05-24T05:57:11.617Z [LOG] 处理自定义协议请求: app://thumbnail/1748066172725-RDpcVXNl.jpg
2025-05-24T05:57:11.617Z [LOG] 缩略图路径: D:\code\cursor\looklook\userdata\thumbnails\1748066172725-RDpcVXNl.jpg
2025-05-24T05:57:11.618Z [LOG] 处理自定义协议请求: app://thumbnail/1748066171475-RDpcVXNl.jpg
2025-05-24T05:57:11.618Z [LOG] 缩略图路径: D:\code\cursor\looklook\userdata\thumbnails\1748066171475-RDpcVXNl.jpg
2025-05-24T05:57:24.111Z [LOG] 处理import-folder请求
2025-05-24T05:57:26.273Z [LOG] 用户选择了文件夹: D:\Users\Videos\第一次选择
2025-05-24T05:57:26.273Z [LOG] 开始搜索文件夹 D:\Users\Videos\第一次选择 中的视频文件
2025-05-24T05:57:26.274Z [LOG] 搜索文件夹: D:\Users\Videos\第一次选择
2025-05-24T05:57:26.274Z [LOG] 搜索文件夹: D:\Users\Videos\第一次选择\新建文件夹
2025-05-24T05:57:26.274Z [LOG] 搜索文件夹: D:\Users\Videos\第一次选择\新建文件夹 (2)
2025-05-24T05:57:26.275Z [LOG] 在文件夹中找到 15 个视频文件
2025-05-24T05:57:26.275Z [LOG] 当前数据库中有 10 个视频记录
2025-05-24T05:57:26.275Z [LOG] 其中新增视频 5 个，重复视频 10 个
2025-05-24T05:57:26.276Z [LOG] 设置已加载
2025-05-24T05:57:26.276Z [LOG] 获取视频分辨率: D:\Users\Videos\第一次选择\新建文件夹 (2)\test-001.AVI
2025-05-24T05:57:26.276Z [MAIN] 开始获取视频分辨率: D:\Users\Videos\第一次选择\新建文件夹 (2)\test-001.AVI
2025-05-24T05:57:26.277Z [LOG] 直接获取视频分辨率
2025-05-24T05:57:26.277Z [RESOLUTION] 开始获取视频分辨率: D:\Users\Videos\第一次选择\新建文件夹 (2)\test-001.AVI
2025-05-24T05:57:26.277Z [PATH] 尝试获取FFprobe路径
2025-05-24T05:57:26.277Z [LOG] 使用配置的FFprobe路径: D:\code\cursor\looklook\node_modules\ffprobe-static\bin\win32\x64\ffprobe.exe
2025-05-24T05:57:26.277Z [PATH] 使用配置的FFprobe路径: D:\code\cursor\looklook\node_modules\ffprobe-static\bin\win32\x64\ffprobe.exe
2025-05-24T05:57:26.277Z [RESOLUTION] 在开发环境中使用ffprobe路径: D:\code\cursor\looklook\node_modules\ffprobe-static\bin\win32\x64\ffprobe.exe
2025-05-24T05:57:26.278Z [RESOLUTION] 检查ffprobe可执行文件是否存在: true
2025-05-24T05:57:26.278Z [LOG] 执行命令: "D:\code\cursor\looklook\node_modules\ffprobe-static\bin\win32\x64\ffprobe.exe" -v error -select_streams v:0 -show_entries stream=width,height -of csv=s=x:p=0 "D:\Users\Videos\第一次选择\新建文件夹 (2)\test-001.AVI"
2025-05-24T05:57:26.278Z [RESOLUTION] 开始执行命令获取分辨率: "D:\code\cursor\looklook\node_modules\ffprobe-static\bin\win32\x64\ffprobe.exe" -v error -select_streams v:0 -show_entries stream=width,height -of csv=s=x:p=0 "D:\Users\Videos\第一次选择\新建文件夹 (2)\test-001.AVI"
2025-05-24T05:57:26.343Z [RESOLUTION] 命令输出: "320x240"
2025-05-24T05:57:26.343Z [LOG] 成功解析分辨率: 320×240
2025-05-24T05:57:26.343Z [RESOLUTION] 成功解析分辨率: 320×240
2025-05-24T05:57:26.344Z [LOG] 获取视频时长: D:\Users\Videos\第一次选择\新建文件夹 (2)\test-001.AVI
2025-05-24T05:57:26.344Z [MAIN] 开始获取视频时长: D:\Users\Videos\第一次选择\新建文件夹 (2)\test-001.AVI
2025-05-24T05:57:26.344Z [LOG] 直接获取视频时长
2025-05-24T05:57:26.344Z [DURATION] 开始获取视频时长: D:\Users\Videos\第一次选择\新建文件夹 (2)\test-001.AVI
2025-05-24T05:57:26.344Z [PATH] 尝试获取FFprobe路径
2025-05-24T05:57:26.345Z [LOG] 使用配置的FFprobe路径: D:\code\cursor\looklook\node_modules\ffprobe-static\bin\win32\x64\ffprobe.exe
2025-05-24T05:57:26.345Z [PATH] 使用配置的FFprobe路径: D:\code\cursor\looklook\node_modules\ffprobe-static\bin\win32\x64\ffprobe.exe
2025-05-24T05:57:26.345Z [DURATION] 在开发环境中使用ffprobe路径: D:\code\cursor\looklook\node_modules\ffprobe-static\bin\win32\x64\ffprobe.exe
2025-05-24T05:57:26.345Z [DURATION] 检查ffprobe可执行文件是否存在: true
2025-05-24T05:57:26.345Z [LOG] 执行命令: "D:\code\cursor\looklook\node_modules\ffprobe-static\bin\win32\x64\ffprobe.exe" -v error -show_entries format=duration -of default=noprint_wrappers=1:nokey=1 "D:\Users\Videos\第一次选择\新建文件夹 (2)\test-001.AVI"
2025-05-24T05:57:26.345Z [DURATION] 开始执行命令获取时长: "D:\code\cursor\looklook\node_modules\ffprobe-static\bin\win32\x64\ffprobe.exe" -v error -show_entries format=duration -of default=noprint_wrappers=1:nokey=1 "D:\Users\Videos\第一次选择\新建文件夹 (2)\test-001.AVI"
2025-05-24T05:57:26.408Z [DURATION] 命令输出: "125.952000"
2025-05-24T05:57:26.409Z [LOG] 成功解析时长: 00:02:05
2025-05-24T05:57:26.409Z [DURATION] 成功解析时长: 00:02:05
2025-05-24T05:57:26.409Z [LOG] 开始生成缩略图，视频路径: D:\Users\Videos\第一次选择\新建文件夹 (2)\test-001.AVI
2025-05-24T05:57:26.409Z [LOG] 缩略图输出路径: D:\code\cursor\looklook\userdata\thumbnails\1748066246819-RDpcVXNl.jpg
2025-05-24T05:57:26.410Z [LOG] 生成随机时间点: 00:00:49
2025-05-24T05:57:26.410Z [LOG] 使用直接命令行ffmpeg生成缩略图
2025-05-24T05:57:26.410Z [PATH] 尝试获取FFmpeg路径
2025-05-24T05:57:26.411Z [LOG] 使用配置的FFmpeg路径: D:\code\cursor\looklook\node_modules\ffmpeg-static\ffmpeg.exe
2025-05-24T05:57:26.411Z [PATH] 使用配置的FFmpeg路径: D:\code\cursor\looklook\node_modules\ffmpeg-static\ffmpeg.exe
2025-05-24T05:57:26.411Z [LOG] 将使用时间点 00:00:49 生成缩略图
2025-05-24T05:57:26.412Z [LOG] 执行命令: D:\code\cursor\looklook\node_modules\ffmpeg-static\ffmpeg.exe -ss 00:00:49 -i D:\Users\Videos\第一次选择\新建文件夹 (2)\test-001.AVI -vframes 1 -s 320x180 -y D:\code\cursor\looklook\userdata\thumbnails\1748066246819-RDpcVXNl.jpg
2025-05-24T05:57:26.489Z [LOG] 直接ffmpeg成功生成缩略图: D:\code\cursor\looklook\userdata\thumbnails\1748066246819-RDpcVXNl.jpg
2025-05-24T05:57:26.489Z [LOG] 通过直接ffmpeg命令生成缩略图成功
2025-05-24T05:57:26.490Z [LOG] 设置已加载
2025-05-24T05:57:26.490Z [LOG] 获取视频分辨率: D:\Users\Videos\第一次选择\新建文件夹 (2)\test-002.AVI
2025-05-24T05:57:26.490Z [MAIN] 开始获取视频分辨率: D:\Users\Videos\第一次选择\新建文件夹 (2)\test-002.AVI
2025-05-24T05:57:26.491Z [LOG] 直接获取视频分辨率
2025-05-24T05:57:26.491Z [RESOLUTION] 开始获取视频分辨率: D:\Users\Videos\第一次选择\新建文件夹 (2)\test-002.AVI
2025-05-24T05:57:26.491Z [PATH] 尝试获取FFprobe路径
2025-05-24T05:57:26.491Z [LOG] 使用配置的FFprobe路径: D:\code\cursor\looklook\node_modules\ffprobe-static\bin\win32\x64\ffprobe.exe
2025-05-24T05:57:26.492Z [PATH] 使用配置的FFprobe路径: D:\code\cursor\looklook\node_modules\ffprobe-static\bin\win32\x64\ffprobe.exe
2025-05-24T05:57:26.492Z [RESOLUTION] 在开发环境中使用ffprobe路径: D:\code\cursor\looklook\node_modules\ffprobe-static\bin\win32\x64\ffprobe.exe
2025-05-24T05:57:26.492Z [RESOLUTION] 检查ffprobe可执行文件是否存在: true
2025-05-24T05:57:26.493Z [LOG] 执行命令: "D:\code\cursor\looklook\node_modules\ffprobe-static\bin\win32\x64\ffprobe.exe" -v error -select_streams v:0 -show_entries stream=width,height -of csv=s=x:p=0 "D:\Users\Videos\第一次选择\新建文件夹 (2)\test-002.AVI"
2025-05-24T05:57:26.493Z [RESOLUTION] 开始执行命令获取分辨率: "D:\code\cursor\looklook\node_modules\ffprobe-static\bin\win32\x64\ffprobe.exe" -v error -select_streams v:0 -show_entries stream=width,height -of csv=s=x:p=0 "D:\Users\Videos\第一次选择\新建文件夹 (2)\test-002.AVI"
2025-05-24T05:57:26.556Z [RESOLUTION] 命令输出: "320x240"
2025-05-24T05:57:26.557Z [LOG] 成功解析分辨率: 320×240
2025-05-24T05:57:26.557Z [RESOLUTION] 成功解析分辨率: 320×240
2025-05-24T05:57:26.557Z [LOG] 获取视频时长: D:\Users\Videos\第一次选择\新建文件夹 (2)\test-002.AVI
2025-05-24T05:57:26.557Z [MAIN] 开始获取视频时长: D:\Users\Videos\第一次选择\新建文件夹 (2)\test-002.AVI
2025-05-24T05:57:26.558Z [LOG] 直接获取视频时长
2025-05-24T05:57:26.558Z [DURATION] 开始获取视频时长: D:\Users\Videos\第一次选择\新建文件夹 (2)\test-002.AVI
2025-05-24T05:57:26.558Z [PATH] 尝试获取FFprobe路径
2025-05-24T05:57:26.558Z [LOG] 使用配置的FFprobe路径: D:\code\cursor\looklook\node_modules\ffprobe-static\bin\win32\x64\ffprobe.exe
2025-05-24T05:57:26.558Z [PATH] 使用配置的FFprobe路径: D:\code\cursor\looklook\node_modules\ffprobe-static\bin\win32\x64\ffprobe.exe
2025-05-24T05:57:26.558Z [DURATION] 在开发环境中使用ffprobe路径: D:\code\cursor\looklook\node_modules\ffprobe-static\bin\win32\x64\ffprobe.exe
2025-05-24T05:57:26.558Z [DURATION] 检查ffprobe可执行文件是否存在: true
2025-05-24T05:57:26.558Z [LOG] 执行命令: "D:\code\cursor\looklook\node_modules\ffprobe-static\bin\win32\x64\ffprobe.exe" -v error -show_entries format=duration -of default=noprint_wrappers=1:nokey=1 "D:\Users\Videos\第一次选择\新建文件夹 (2)\test-002.AVI"
2025-05-24T05:57:26.559Z [DURATION] 开始执行命令获取时长: "D:\code\cursor\looklook\node_modules\ffprobe-static\bin\win32\x64\ffprobe.exe" -v error -show_entries format=duration -of default=noprint_wrappers=1:nokey=1 "D:\Users\Videos\第一次选择\新建文件夹 (2)\test-002.AVI"
2025-05-24T05:57:26.624Z [DURATION] 命令输出: "125.952000"
2025-05-24T05:57:26.625Z [LOG] 成功解析时长: 00:02:05
2025-05-24T05:57:26.625Z [DURATION] 成功解析时长: 00:02:05
2025-05-24T05:57:26.625Z [LOG] 开始生成缩略图，视频路径: D:\Users\Videos\第一次选择\新建文件夹 (2)\test-002.AVI
2025-05-24T05:57:26.625Z [LOG] 缩略图输出路径: D:\code\cursor\looklook\userdata\thumbnails\1748066247068-RDpcVXNl.jpg
2025-05-24T05:57:26.626Z [LOG] 生成随机时间点: 00:00:15
2025-05-24T05:57:26.626Z [LOG] 使用直接命令行ffmpeg生成缩略图
2025-05-24T05:57:26.626Z [PATH] 尝试获取FFmpeg路径
2025-05-24T05:57:26.626Z [LOG] 使用配置的FFmpeg路径: D:\code\cursor\looklook\node_modules\ffmpeg-static\ffmpeg.exe
2025-05-24T05:57:26.626Z [PATH] 使用配置的FFmpeg路径: D:\code\cursor\looklook\node_modules\ffmpeg-static\ffmpeg.exe
2025-05-24T05:57:26.627Z [LOG] 将使用时间点 00:00:15 生成缩略图
2025-05-24T05:57:26.627Z [LOG] 执行命令: D:\code\cursor\looklook\node_modules\ffmpeg-static\ffmpeg.exe -ss 00:00:15 -i D:\Users\Videos\第一次选择\新建文件夹 (2)\test-002.AVI -vframes 1 -s 320x180 -y D:\code\cursor\looklook\userdata\thumbnails\1748066247068-RDpcVXNl.jpg
2025-05-24T05:57:26.705Z [LOG] 直接ffmpeg成功生成缩略图: D:\code\cursor\looklook\userdata\thumbnails\1748066247068-RDpcVXNl.jpg
2025-05-24T05:57:26.705Z [LOG] 通过直接ffmpeg命令生成缩略图成功
2025-05-24T05:57:26.706Z [LOG] 设置已加载
2025-05-24T05:57:26.706Z [LOG] 获取视频分辨率: D:\Users\Videos\第一次选择\新建文件夹 (2)\test-003.AVI
2025-05-24T05:57:26.706Z [MAIN] 开始获取视频分辨率: D:\Users\Videos\第一次选择\新建文件夹 (2)\test-003.AVI
2025-05-24T05:57:26.706Z [LOG] 直接获取视频分辨率
2025-05-24T05:57:26.706Z [RESOLUTION] 开始获取视频分辨率: D:\Users\Videos\第一次选择\新建文件夹 (2)\test-003.AVI
2025-05-24T05:57:26.706Z [PATH] 尝试获取FFprobe路径
2025-05-24T05:57:26.707Z [LOG] 使用配置的FFprobe路径: D:\code\cursor\looklook\node_modules\ffprobe-static\bin\win32\x64\ffprobe.exe
2025-05-24T05:57:26.707Z [PATH] 使用配置的FFprobe路径: D:\code\cursor\looklook\node_modules\ffprobe-static\bin\win32\x64\ffprobe.exe
2025-05-24T05:57:26.707Z [RESOLUTION] 在开发环境中使用ffprobe路径: D:\code\cursor\looklook\node_modules\ffprobe-static\bin\win32\x64\ffprobe.exe
2025-05-24T05:57:26.707Z [RESOLUTION] 检查ffprobe可执行文件是否存在: true
2025-05-24T05:57:26.707Z [LOG] 执行命令: "D:\code\cursor\looklook\node_modules\ffprobe-static\bin\win32\x64\ffprobe.exe" -v error -select_streams v:0 -show_entries stream=width,height -of csv=s=x:p=0 "D:\Users\Videos\第一次选择\新建文件夹 (2)\test-003.AVI"
2025-05-24T05:57:26.707Z [RESOLUTION] 开始执行命令获取分辨率: "D:\code\cursor\looklook\node_modules\ffprobe-static\bin\win32\x64\ffprobe.exe" -v error -select_streams v:0 -show_entries stream=width,height -of csv=s=x:p=0 "D:\Users\Videos\第一次选择\新建文件夹 (2)\test-003.AVI"
2025-05-24T05:57:26.770Z [RESOLUTION] 命令输出: "320x240"
2025-05-24T05:57:26.771Z [LOG] 成功解析分辨率: 320×240
2025-05-24T05:57:26.771Z [RESOLUTION] 成功解析分辨率: 320×240
2025-05-24T05:57:26.771Z [LOG] 获取视频时长: D:\Users\Videos\第一次选择\新建文件夹 (2)\test-003.AVI
2025-05-24T05:57:26.771Z [MAIN] 开始获取视频时长: D:\Users\Videos\第一次选择\新建文件夹 (2)\test-003.AVI
2025-05-24T05:57:26.772Z [LOG] 直接获取视频时长
2025-05-24T05:57:26.772Z [DURATION] 开始获取视频时长: D:\Users\Videos\第一次选择\新建文件夹 (2)\test-003.AVI
2025-05-24T05:57:26.772Z [PATH] 尝试获取FFprobe路径
2025-05-24T05:57:26.772Z [LOG] 使用配置的FFprobe路径: D:\code\cursor\looklook\node_modules\ffprobe-static\bin\win32\x64\ffprobe.exe
2025-05-24T05:57:26.772Z [PATH] 使用配置的FFprobe路径: D:\code\cursor\looklook\node_modules\ffprobe-static\bin\win32\x64\ffprobe.exe
2025-05-24T05:57:26.773Z [DURATION] 在开发环境中使用ffprobe路径: D:\code\cursor\looklook\node_modules\ffprobe-static\bin\win32\x64\ffprobe.exe
2025-05-24T05:57:26.773Z [DURATION] 检查ffprobe可执行文件是否存在: true
2025-05-24T05:57:26.773Z [LOG] 执行命令: "D:\code\cursor\looklook\node_modules\ffprobe-static\bin\win32\x64\ffprobe.exe" -v error -show_entries format=duration -of default=noprint_wrappers=1:nokey=1 "D:\Users\Videos\第一次选择\新建文件夹 (2)\test-003.AVI"
2025-05-24T05:57:26.773Z [DURATION] 开始执行命令获取时长: "D:\code\cursor\looklook\node_modules\ffprobe-static\bin\win32\x64\ffprobe.exe" -v error -show_entries format=duration -of default=noprint_wrappers=1:nokey=1 "D:\Users\Videos\第一次选择\新建文件夹 (2)\test-003.AVI"
2025-05-24T05:57:26.837Z [DURATION] 命令输出: "125.952000"
2025-05-24T05:57:26.837Z [LOG] 成功解析时长: 00:02:05
2025-05-24T05:57:26.837Z [DURATION] 成功解析时长: 00:02:05
2025-05-24T05:57:26.838Z [LOG] 开始生成缩略图，视频路径: D:\Users\Videos\第一次选择\新建文件夹 (2)\test-003.AVI
2025-05-24T05:57:26.838Z [LOG] 缩略图输出路径: D:\code\cursor\looklook\userdata\thumbnails\1748066246801-RDpcVXNl.jpg
2025-05-24T05:57:26.838Z [LOG] 生成随机时间点: 00:00:38
2025-05-24T05:57:26.838Z [LOG] 使用直接命令行ffmpeg生成缩略图
2025-05-24T05:57:26.839Z [PATH] 尝试获取FFmpeg路径
2025-05-24T05:57:26.839Z [LOG] 使用配置的FFmpeg路径: D:\code\cursor\looklook\node_modules\ffmpeg-static\ffmpeg.exe
2025-05-24T05:57:26.839Z [PATH] 使用配置的FFmpeg路径: D:\code\cursor\looklook\node_modules\ffmpeg-static\ffmpeg.exe
2025-05-24T05:57:26.839Z [LOG] 将使用时间点 00:00:38 生成缩略图
2025-05-24T05:57:26.839Z [LOG] 执行命令: D:\code\cursor\looklook\node_modules\ffmpeg-static\ffmpeg.exe -ss 00:00:38 -i D:\Users\Videos\第一次选择\新建文件夹 (2)\test-003.AVI -vframes 1 -s 320x180 -y D:\code\cursor\looklook\userdata\thumbnails\1748066246801-RDpcVXNl.jpg
2025-05-24T05:57:26.918Z [LOG] 直接ffmpeg成功生成缩略图: D:\code\cursor\looklook\userdata\thumbnails\1748066246801-RDpcVXNl.jpg
2025-05-24T05:57:26.918Z [LOG] 通过直接ffmpeg命令生成缩略图成功
2025-05-24T05:57:26.919Z [LOG] 设置已加载
2025-05-24T05:57:26.919Z [LOG] 获取视频分辨率: D:\Users\Videos\第一次选择\新建文件夹 (2)\test-004.AVI
2025-05-24T05:57:26.919Z [MAIN] 开始获取视频分辨率: D:\Users\Videos\第一次选择\新建文件夹 (2)\test-004.AVI
2025-05-24T05:57:26.920Z [LOG] 直接获取视频分辨率
2025-05-24T05:57:26.920Z [RESOLUTION] 开始获取视频分辨率: D:\Users\Videos\第一次选择\新建文件夹 (2)\test-004.AVI
2025-05-24T05:57:26.920Z [PATH] 尝试获取FFprobe路径
2025-05-24T05:57:26.920Z [LOG] 使用配置的FFprobe路径: D:\code\cursor\looklook\node_modules\ffprobe-static\bin\win32\x64\ffprobe.exe
2025-05-24T05:57:26.920Z [PATH] 使用配置的FFprobe路径: D:\code\cursor\looklook\node_modules\ffprobe-static\bin\win32\x64\ffprobe.exe
2025-05-24T05:57:26.920Z [RESOLUTION] 在开发环境中使用ffprobe路径: D:\code\cursor\looklook\node_modules\ffprobe-static\bin\win32\x64\ffprobe.exe
2025-05-24T05:57:26.920Z [RESOLUTION] 检查ffprobe可执行文件是否存在: true
2025-05-24T05:57:26.921Z [LOG] 执行命令: "D:\code\cursor\looklook\node_modules\ffprobe-static\bin\win32\x64\ffprobe.exe" -v error -select_streams v:0 -show_entries stream=width,height -of csv=s=x:p=0 "D:\Users\Videos\第一次选择\新建文件夹 (2)\test-004.AVI"
2025-05-24T05:57:26.921Z [RESOLUTION] 开始执行命令获取分辨率: "D:\code\cursor\looklook\node_modules\ffprobe-static\bin\win32\x64\ffprobe.exe" -v error -select_streams v:0 -show_entries stream=width,height -of csv=s=x:p=0 "D:\Users\Videos\第一次选择\新建文件夹 (2)\test-004.AVI"
2025-05-24T05:57:26.985Z [RESOLUTION] 命令输出: "320x240"
2025-05-24T05:57:26.985Z [LOG] 成功解析分辨率: 320×240
2025-05-24T05:57:26.986Z [RESOLUTION] 成功解析分辨率: 320×240
2025-05-24T05:57:26.986Z [LOG] 获取视频时长: D:\Users\Videos\第一次选择\新建文件夹 (2)\test-004.AVI
2025-05-24T05:57:26.986Z [MAIN] 开始获取视频时长: D:\Users\Videos\第一次选择\新建文件夹 (2)\test-004.AVI
2025-05-24T05:57:26.986Z [LOG] 直接获取视频时长
2025-05-24T05:57:26.987Z [DURATION] 开始获取视频时长: D:\Users\Videos\第一次选择\新建文件夹 (2)\test-004.AVI
2025-05-24T05:57:26.987Z [PATH] 尝试获取FFprobe路径
2025-05-24T05:57:26.987Z [LOG] 使用配置的FFprobe路径: D:\code\cursor\looklook\node_modules\ffprobe-static\bin\win32\x64\ffprobe.exe
2025-05-24T05:57:26.987Z [PATH] 使用配置的FFprobe路径: D:\code\cursor\looklook\node_modules\ffprobe-static\bin\win32\x64\ffprobe.exe
2025-05-24T05:57:26.987Z [DURATION] 在开发环境中使用ffprobe路径: D:\code\cursor\looklook\node_modules\ffprobe-static\bin\win32\x64\ffprobe.exe
2025-05-24T05:57:26.987Z [DURATION] 检查ffprobe可执行文件是否存在: true
2025-05-24T05:57:26.987Z [LOG] 执行命令: "D:\code\cursor\looklook\node_modules\ffprobe-static\bin\win32\x64\ffprobe.exe" -v error -show_entries format=duration -of default=noprint_wrappers=1:nokey=1 "D:\Users\Videos\第一次选择\新建文件夹 (2)\test-004.AVI"
2025-05-24T05:57:26.987Z [DURATION] 开始执行命令获取时长: "D:\code\cursor\looklook\node_modules\ffprobe-static\bin\win32\x64\ffprobe.exe" -v error -show_entries format=duration -of default=noprint_wrappers=1:nokey=1 "D:\Users\Videos\第一次选择\新建文件夹 (2)\test-004.AVI"
2025-05-24T05:57:27.054Z [DURATION] 命令输出: "125.952000"
2025-05-24T05:57:27.054Z [LOG] 成功解析时长: 00:02:05
2025-05-24T05:57:27.054Z [DURATION] 成功解析时长: 00:02:05
2025-05-24T05:57:27.055Z [LOG] 开始生成缩略图，视频路径: D:\Users\Videos\第一次选择\新建文件夹 (2)\test-004.AVI
2025-05-24T05:57:27.055Z [LOG] 缩略图输出路径: D:\code\cursor\looklook\userdata\thumbnails\1748066247744-RDpcVXNl.jpg
2025-05-24T05:57:27.055Z [LOG] 生成随机时间点: 00:00:38
2025-05-24T05:57:27.055Z [LOG] 使用直接命令行ffmpeg生成缩略图
2025-05-24T05:57:27.055Z [PATH] 尝试获取FFmpeg路径
2025-05-24T05:57:27.056Z [LOG] 使用配置的FFmpeg路径: D:\code\cursor\looklook\node_modules\ffmpeg-static\ffmpeg.exe
2025-05-24T05:57:27.056Z [PATH] 使用配置的FFmpeg路径: D:\code\cursor\looklook\node_modules\ffmpeg-static\ffmpeg.exe
2025-05-24T05:57:27.056Z [LOG] 将使用时间点 00:00:38 生成缩略图
2025-05-24T05:57:27.056Z [LOG] 执行命令: D:\code\cursor\looklook\node_modules\ffmpeg-static\ffmpeg.exe -ss 00:00:38 -i D:\Users\Videos\第一次选择\新建文件夹 (2)\test-004.AVI -vframes 1 -s 320x180 -y D:\code\cursor\looklook\userdata\thumbnails\1748066247744-RDpcVXNl.jpg
2025-05-24T05:57:27.135Z [LOG] 直接ffmpeg成功生成缩略图: D:\code\cursor\looklook\userdata\thumbnails\1748066247744-RDpcVXNl.jpg
2025-05-24T05:57:27.136Z [LOG] 通过直接ffmpeg命令生成缩略图成功
2025-05-24T05:57:27.136Z [LOG] 设置已加载
2025-05-24T05:57:27.137Z [LOG] 获取视频分辨率: D:\Users\Videos\第一次选择\新建文件夹 (2)\test-005.AVI
2025-05-24T05:57:27.137Z [MAIN] 开始获取视频分辨率: D:\Users\Videos\第一次选择\新建文件夹 (2)\test-005.AVI
2025-05-24T05:57:27.137Z [LOG] 直接获取视频分辨率
2025-05-24T05:57:27.137Z [RESOLUTION] 开始获取视频分辨率: D:\Users\Videos\第一次选择\新建文件夹 (2)\test-005.AVI
2025-05-24T05:57:27.137Z [PATH] 尝试获取FFprobe路径
2025-05-24T05:57:27.137Z [LOG] 使用配置的FFprobe路径: D:\code\cursor\looklook\node_modules\ffprobe-static\bin\win32\x64\ffprobe.exe
2025-05-24T05:57:27.137Z [PATH] 使用配置的FFprobe路径: D:\code\cursor\looklook\node_modules\ffprobe-static\bin\win32\x64\ffprobe.exe
2025-05-24T05:57:27.137Z [RESOLUTION] 在开发环境中使用ffprobe路径: D:\code\cursor\looklook\node_modules\ffprobe-static\bin\win32\x64\ffprobe.exe
2025-05-24T05:57:27.138Z [RESOLUTION] 检查ffprobe可执行文件是否存在: true
2025-05-24T05:57:27.138Z [LOG] 执行命令: "D:\code\cursor\looklook\node_modules\ffprobe-static\bin\win32\x64\ffprobe.exe" -v error -select_streams v:0 -show_entries stream=width,height -of csv=s=x:p=0 "D:\Users\Videos\第一次选择\新建文件夹 (2)\test-005.AVI"
2025-05-24T05:57:27.138Z [RESOLUTION] 开始执行命令获取分辨率: "D:\code\cursor\looklook\node_modules\ffprobe-static\bin\win32\x64\ffprobe.exe" -v error -select_streams v:0 -show_entries stream=width,height -of csv=s=x:p=0 "D:\Users\Videos\第一次选择\新建文件夹 (2)\test-005.AVI"
2025-05-24T05:57:27.203Z [RESOLUTION] 命令输出: "320x240"
2025-05-24T05:57:27.203Z [LOG] 成功解析分辨率: 320×240
2025-05-24T05:57:27.203Z [RESOLUTION] 成功解析分辨率: 320×240
2025-05-24T05:57:27.203Z [LOG] 获取视频时长: D:\Users\Videos\第一次选择\新建文件夹 (2)\test-005.AVI
2025-05-24T05:57:27.204Z [MAIN] 开始获取视频时长: D:\Users\Videos\第一次选择\新建文件夹 (2)\test-005.AVI
2025-05-24T05:57:27.204Z [LOG] 直接获取视频时长
2025-05-24T05:57:27.204Z [DURATION] 开始获取视频时长: D:\Users\Videos\第一次选择\新建文件夹 (2)\test-005.AVI
2025-05-24T05:57:27.204Z [PATH] 尝试获取FFprobe路径
2025-05-24T05:57:27.204Z [LOG] 使用配置的FFprobe路径: D:\code\cursor\looklook\node_modules\ffprobe-static\bin\win32\x64\ffprobe.exe
2025-05-24T05:57:27.204Z [PATH] 使用配置的FFprobe路径: D:\code\cursor\looklook\node_modules\ffprobe-static\bin\win32\x64\ffprobe.exe
2025-05-24T05:57:27.204Z [DURATION] 在开发环境中使用ffprobe路径: D:\code\cursor\looklook\node_modules\ffprobe-static\bin\win32\x64\ffprobe.exe
2025-05-24T05:57:27.205Z [DURATION] 检查ffprobe可执行文件是否存在: true
2025-05-24T05:57:27.205Z [LOG] 执行命令: "D:\code\cursor\looklook\node_modules\ffprobe-static\bin\win32\x64\ffprobe.exe" -v error -show_entries format=duration -of default=noprint_wrappers=1:nokey=1 "D:\Users\Videos\第一次选择\新建文件夹 (2)\test-005.AVI"
2025-05-24T05:57:27.205Z [DURATION] 开始执行命令获取时长: "D:\code\cursor\looklook\node_modules\ffprobe-static\bin\win32\x64\ffprobe.exe" -v error -show_entries format=duration -of default=noprint_wrappers=1:nokey=1 "D:\Users\Videos\第一次选择\新建文件夹 (2)\test-005.AVI"
2025-05-24T05:57:27.270Z [DURATION] 命令输出: "125.952000"
2025-05-24T05:57:27.270Z [LOG] 成功解析时长: 00:02:05
2025-05-24T05:57:27.270Z [DURATION] 成功解析时长: 00:02:05
2025-05-24T05:57:27.271Z [LOG] 开始生成缩略图，视频路径: D:\Users\Videos\第一次选择\新建文件夹 (2)\test-005.AVI
2025-05-24T05:57:27.271Z [LOG] 缩略图输出路径: D:\code\cursor\looklook\userdata\thumbnails\1748066247685-RDpcVXNl.jpg
2025-05-24T05:57:27.272Z [LOG] 生成随机时间点: 00:00:54
2025-05-24T05:57:27.272Z [LOG] 使用直接命令行ffmpeg生成缩略图
2025-05-24T05:57:27.272Z [PATH] 尝试获取FFmpeg路径
2025-05-24T05:57:27.272Z [LOG] 使用配置的FFmpeg路径: D:\code\cursor\looklook\node_modules\ffmpeg-static\ffmpeg.exe
2025-05-24T05:57:27.273Z [PATH] 使用配置的FFmpeg路径: D:\code\cursor\looklook\node_modules\ffmpeg-static\ffmpeg.exe
2025-05-24T05:57:27.273Z [LOG] 将使用时间点 00:00:54 生成缩略图
2025-05-24T05:57:27.273Z [LOG] 执行命令: D:\code\cursor\looklook\node_modules\ffmpeg-static\ffmpeg.exe -ss 00:00:54 -i D:\Users\Videos\第一次选择\新建文件夹 (2)\test-005.AVI -vframes 1 -s 320x180 -y D:\code\cursor\looklook\userdata\thumbnails\1748066247685-RDpcVXNl.jpg
2025-05-24T05:57:27.350Z [LOG] 直接ffmpeg成功生成缩略图: D:\code\cursor\looklook\userdata\thumbnails\1748066247685-RDpcVXNl.jpg
2025-05-24T05:57:27.350Z [LOG] 通过直接ffmpeg命令生成缩略图成功
2025-05-24T05:57:27.350Z [LOG] 保存当前批次的 5 个视频到数据库
2025-05-24T05:57:27.352Z [LOG] 通知渲染进程数据已更新
2025-05-24T05:57:27.353Z [LOG] 处理get-videos请求
2025-05-24T05:57:27.353Z [LOG] 通知渲染进程数据已更新
2025-05-24T05:57:27.354Z [LOG] 通知渲染进程数据已更新
2025-05-24T05:57:27.355Z [LOG] 通知渲染进程数据已更新
2025-05-24T05:57:27.355Z [LOG] 处理get-videos请求
2025-05-24T05:57:27.356Z [LOG] 处理get-videos请求
2025-05-24T05:57:27.356Z [LOG] 处理get-videos请求
2025-05-24T05:57:27.357Z [LOG] 通知渲染进程数据已更新
2025-05-24T05:57:27.357Z [LOG] 成功保存批次中的 5 个视频到数据库
2025-05-24T05:57:27.360Z [LOG] 处理get-videos请求
2025-05-24T05:57:27.360Z [LOG] 处理get-videos请求
2025-05-24T05:57:29.009Z [LOG] 处理自定义协议请求: app://thumbnail/1748066171627-RDpcVXNl.jpg
2025-05-24T05:57:29.009Z [LOG] 缩略图路径: D:\code\cursor\looklook\userdata\thumbnails\1748066171627-RDpcVXNl.jpg
2025-05-24T05:57:29.010Z [LOG] 处理自定义协议请求: app://thumbnail/1748066171251-RDpcVXNl.jpg
2025-05-24T05:57:29.010Z [LOG] 缩略图路径: D:\code\cursor\looklook\userdata\thumbnails\1748066171251-RDpcVXNl.jpg
2025-05-24T05:57:29.011Z [LOG] 处理自定义协议请求: app://thumbnail/1748066246819-RDpcVXNl.jpg
2025-05-24T05:57:29.012Z [LOG] 缩略图路径: D:\code\cursor\looklook\userdata\thumbnails\1748066246819-RDpcVXNl.jpg
2025-05-24T05:57:29.012Z [LOG] 处理自定义协议请求: app://thumbnail/1748066172407-RDpcVXNl.jpg
2025-05-24T05:57:29.013Z [LOG] 缩略图路径: D:\code\cursor\looklook\userdata\thumbnails\1748066172407-RDpcVXNl.jpg
2025-05-24T05:57:29.013Z [LOG] 处理自定义协议请求: app://thumbnail/1748066170729-RDpcVXNl.jpg
2025-05-24T05:57:29.014Z [LOG] 缩略图路径: D:\code\cursor\looklook\userdata\thumbnails\1748066170729-RDpcVXNl.jpg
2025-05-24T05:57:29.014Z [LOG] 处理自定义协议请求: app://thumbnail/1748066247068-RDpcVXNl.jpg
2025-05-24T05:57:29.015Z [LOG] 缩略图路径: D:\code\cursor\looklook\userdata\thumbnails\1748066247068-RDpcVXNl.jpg
2025-05-24T05:57:29.015Z [LOG] 处理自定义协议请求: app://thumbnail/1748066172423-RDpcVXNl.jpg
2025-05-24T05:57:29.016Z [LOG] 缩略图路径: D:\code\cursor\looklook\userdata\thumbnails\1748066172423-RDpcVXNl.jpg
2025-05-24T05:57:29.016Z [LOG] 处理自定义协议请求: app://thumbnail/1748066171667-RDpcVXNl.jpg
2025-05-24T05:57:29.016Z [LOG] 缩略图路径: D:\code\cursor\looklook\userdata\thumbnails\1748066171667-RDpcVXNl.jpg
2025-05-24T05:57:29.017Z [LOG] 处理自定义协议请求: app://thumbnail/1748066246801-RDpcVXNl.jpg
2025-05-24T05:57:29.017Z [LOG] 缩略图路径: D:\code\cursor\looklook\userdata\thumbnails\1748066246801-RDpcVXNl.jpg
2025-05-24T05:57:29.018Z [LOG] 处理自定义协议请求: app://thumbnail/1748066172731-RDpcVXNl.jpg
2025-05-24T05:57:29.018Z [LOG] 缩略图路径: D:\code\cursor\looklook\userdata\thumbnails\1748066172731-RDpcVXNl.jpg
2025-05-24T05:57:29.019Z [LOG] 处理自定义协议请求: app://thumbnail/1748066171306-RDpcVXNl.jpg
2025-05-24T05:57:29.020Z [LOG] 缩略图路径: D:\code\cursor\looklook\userdata\thumbnails\1748066171306-RDpcVXNl.jpg
2025-05-24T05:57:29.020Z [LOG] 处理自定义协议请求: app://thumbnail/1748066247744-RDpcVXNl.jpg
2025-05-24T05:57:29.020Z [LOG] 缩略图路径: D:\code\cursor\looklook\userdata\thumbnails\1748066247744-RDpcVXNl.jpg
2025-05-24T05:57:29.021Z [LOG] 处理自定义协议请求: app://thumbnail/1748066172725-RDpcVXNl.jpg
2025-05-24T05:57:29.021Z [LOG] 缩略图路径: D:\code\cursor\looklook\userdata\thumbnails\1748066172725-RDpcVXNl.jpg
2025-05-24T05:57:29.022Z [LOG] 处理自定义协议请求: app://thumbnail/1748066171475-RDpcVXNl.jpg
2025-05-24T05:57:29.023Z [LOG] 缩略图路径: D:\code\cursor\looklook\userdata\thumbnails\1748066171475-RDpcVXNl.jpg
2025-05-24T05:57:29.024Z [LOG] 处理自定义协议请求: app://thumbnail/1748066247685-RDpcVXNl.jpg
2025-05-24T05:57:29.024Z [LOG] 缩略图路径: D:\code\cursor\looklook\userdata\thumbnails\1748066247685-RDpcVXNl.jpg
2025-05-24T05:57:29.916Z [LOG] 打开文件选择对话框: {"title":"选择目标文件夹","properties":["openDirectory"]}
2025-05-24T05:57:31.074Z [LOG] 文件选择结果: {"canceled":false,"filePaths":["D:\\Users\\Videos\\第一次选择"]}
2025-05-24T05:57:31.076Z [LOG] 准备移动 15 个视频到 D:\Users\Videos\第一次选择
2025-05-24T05:57:31.078Z [LOG] 使用快速移动: test-005(1).AVI -> test-005(1)(1).AVI
2025-05-24T05:57:31.078Z [LOG] 更新视频ID: 1748066172725-RDpcVXNl 的文件路径为: D:\Users\Videos\第一次选择\test-005(1)(1).AVI
2025-05-24T05:57:31.079Z [LOG] 成功更新 1 条视频记录的文件路径
2025-05-24T05:57:31.133Z [LOG] 使用快速移动: test-004(1).AVI -> test-004(1)(1).AVI
2025-05-24T05:57:31.134Z [LOG] 更新视频ID: 1748066172731-RDpcVXNl 的文件路径为: D:\Users\Videos\第一次选择\test-004(1)(1).AVI
2025-05-24T05:57:31.135Z [LOG] 成功更新 1 条视频记录的文件路径
2025-05-24T05:57:31.196Z [LOG] 使用快速移动: test-003(1).AVI -> test-003(1)(1).AVI
2025-05-24T05:57:31.196Z [LOG] 更新视频ID: 1748066172423-RDpcVXNl 的文件路径为: D:\Users\Videos\第一次选择\test-003(1)(1).AVI
2025-05-24T05:57:31.197Z [LOG] 成功更新 1 条视频记录的文件路径
2025-05-24T05:57:31.259Z [LOG] 使用快速移动: test-002(1).AVI -> test-002(1)(1).AVI
2025-05-24T05:57:31.259Z [LOG] 更新视频ID: 1748066172407-RDpcVXNl 的文件路径为: D:\Users\Videos\第一次选择\test-002(1)(1).AVI
2025-05-24T05:57:31.260Z [LOG] 成功更新 1 条视频记录的文件路径
2025-05-24T05:57:31.319Z [LOG] 使用快速移动: test-001(1).AVI -> test-001(1)(1).AVI
2025-05-24T05:57:31.319Z [LOG] 更新视频ID: 1748066171627-RDpcVXNl 的文件路径为: D:\Users\Videos\第一次选择\test-001(1)(1).AVI
2025-05-24T05:57:31.320Z [LOG] 成功更新 1 条视频记录的文件路径
2025-05-24T05:57:31.378Z [LOG] 使用快速移动: test-005.AVI -> test-005(1).AVI
2025-05-24T05:57:31.378Z [LOG] 更新视频ID: 1748066171475-RDpcVXNl 的文件路径为: D:\Users\Videos\第一次选择\test-005(1).AVI
2025-05-24T05:57:31.379Z [LOG] 成功更新 1 条视频记录的文件路径
2025-05-24T05:57:31.440Z [LOG] 使用快速移动: test-004.AVI -> test-004(1).AVI
2025-05-24T05:57:31.440Z [LOG] 更新视频ID: 1748066171306-RDpcVXNl 的文件路径为: D:\Users\Videos\第一次选择\test-004(1).AVI
2025-05-24T05:57:31.442Z [LOG] 成功更新 1 条视频记录的文件路径
2025-05-24T05:57:31.501Z [LOG] 使用快速移动: test-003.AVI -> test-003(1).AVI
2025-05-24T05:57:31.502Z [LOG] 更新视频ID: 1748066171667-RDpcVXNl 的文件路径为: D:\Users\Videos\第一次选择\test-003(1).AVI
2025-05-24T05:57:31.503Z [LOG] 成功更新 1 条视频记录的文件路径
2025-05-24T05:57:31.563Z [LOG] 使用快速移动: test-002.AVI -> test-002(1).AVI
2025-05-24T05:57:31.563Z [LOG] 更新视频ID: 1748066170729-RDpcVXNl 的文件路径为: D:\Users\Videos\第一次选择\test-002(1).AVI
2025-05-24T05:57:31.565Z [LOG] 成功更新 1 条视频记录的文件路径
2025-05-24T05:57:31.627Z [LOG] 使用快速移动: test-001.AVI -> test-001(1).AVI
2025-05-24T05:57:31.628Z [LOG] 更新视频ID: 1748066171251-RDpcVXNl 的文件路径为: D:\Users\Videos\第一次选择\test-001(1).AVI
2025-05-24T05:57:31.629Z [LOG] 成功更新 1 条视频记录的文件路径
2025-05-24T05:57:31.689Z [LOG] 使用快速移动: test-001.AVI -> test-001.AVI
2025-05-24T05:57:31.690Z [LOG] 更新视频ID: 1748066246819-RDpcVXNl 的文件路径为: D:\Users\Videos\第一次选择\test-001.AVI
2025-05-24T05:57:31.692Z [LOG] 成功更新 1 条视频记录的文件路径
2025-05-24T05:57:31.752Z [LOG] 使用快速移动: test-002.AVI -> test-002.AVI
2025-05-24T05:57:31.753Z [LOG] 更新视频ID: 1748066247068-RDpcVXNl 的文件路径为: D:\Users\Videos\第一次选择\test-002.AVI
2025-05-24T05:57:31.756Z [LOG] 成功更新 1 条视频记录的文件路径
2025-05-24T05:57:31.815Z [LOG] 使用快速移动: test-003.AVI -> test-003.AVI
2025-05-24T05:57:31.816Z [LOG] 更新视频ID: 1748066246801-RDpcVXNl 的文件路径为: D:\Users\Videos\第一次选择\test-003.AVI
2025-05-24T05:57:31.817Z [LOG] 成功更新 1 条视频记录的文件路径
2025-05-24T05:57:31.878Z [LOG] 使用快速移动: test-004.AVI -> test-004.AVI
2025-05-24T05:57:31.878Z [LOG] 更新视频ID: 1748066247744-RDpcVXNl 的文件路径为: D:\Users\Videos\第一次选择\test-004.AVI
2025-05-24T05:57:31.879Z [LOG] 成功更新 1 条视频记录的文件路径
2025-05-24T05:57:31.942Z [LOG] 使用快速移动: test-005.AVI -> test-005.AVI
2025-05-24T05:57:31.942Z [LOG] 更新视频ID: 1748066247685-RDpcVXNl 的文件路径为: D:\Users\Videos\第一次选择\test-005.AVI
2025-05-24T05:57:31.943Z [LOG] 成功更新 1 条视频记录的文件路径
2025-05-24T05:57:32.002Z [LOG] 移动完成: 总共 15 个视频，成功 15 个，失败 0 个
2025-05-24T05:57:32.003Z [LOG] 处理get-videos请求
2025-05-24T05:58:08.468Z [LOG] 处理自定义协议请求: app://thumbnail/1748066171627-RDpcVXNl.jpg
2025-05-24T05:58:08.469Z [LOG] 缩略图路径: D:\code\cursor\looklook\userdata\thumbnails\1748066171627-RDpcVXNl.jpg
2025-05-24T05:58:08.469Z [LOG] 处理自定义协议请求: app://thumbnail/1748066171251-RDpcVXNl.jpg
2025-05-24T05:58:08.470Z [LOG] 缩略图路径: D:\code\cursor\looklook\userdata\thumbnails\1748066171251-RDpcVXNl.jpg
2025-05-24T05:58:08.470Z [LOG] 处理自定义协议请求: app://thumbnail/1748066246819-RDpcVXNl.jpg
2025-05-24T05:58:08.470Z [LOG] 缩略图路径: D:\code\cursor\looklook\userdata\thumbnails\1748066246819-RDpcVXNl.jpg
2025-05-24T05:58:08.471Z [LOG] 处理自定义协议请求: app://thumbnail/1748066172407-RDpcVXNl.jpg
2025-05-24T05:58:08.471Z [LOG] 缩略图路径: D:\code\cursor\looklook\userdata\thumbnails\1748066172407-RDpcVXNl.jpg
2025-05-24T05:58:08.472Z [LOG] 处理自定义协议请求: app://thumbnail/1748066170729-RDpcVXNl.jpg
2025-05-24T05:58:08.472Z [LOG] 缩略图路径: D:\code\cursor\looklook\userdata\thumbnails\1748066170729-RDpcVXNl.jpg
2025-05-24T05:58:08.472Z [LOG] 处理自定义协议请求: app://thumbnail/1748066247068-RDpcVXNl.jpg
2025-05-24T05:58:08.473Z [LOG] 缩略图路径: D:\code\cursor\looklook\userdata\thumbnails\1748066247068-RDpcVXNl.jpg
2025-05-24T05:58:08.473Z [LOG] 处理自定义协议请求: app://thumbnail/1748066172423-RDpcVXNl.jpg
2025-05-24T05:58:08.474Z [LOG] 缩略图路径: D:\code\cursor\looklook\userdata\thumbnails\1748066172423-RDpcVXNl.jpg
2025-05-24T05:58:08.474Z [LOG] 处理自定义协议请求: app://thumbnail/1748066171667-RDpcVXNl.jpg
2025-05-24T05:58:08.475Z [LOG] 缩略图路径: D:\code\cursor\looklook\userdata\thumbnails\1748066171667-RDpcVXNl.jpg
2025-05-24T05:58:08.475Z [LOG] 处理自定义协议请求: app://thumbnail/1748066246801-RDpcVXNl.jpg
2025-05-24T05:58:08.475Z [LOG] 缩略图路径: D:\code\cursor\looklook\userdata\thumbnails\1748066246801-RDpcVXNl.jpg
2025-05-24T05:58:08.476Z [LOG] 处理自定义协议请求: app://thumbnail/1748066172731-RDpcVXNl.jpg
2025-05-24T05:58:08.476Z [LOG] 缩略图路径: D:\code\cursor\looklook\userdata\thumbnails\1748066172731-RDpcVXNl.jpg
2025-05-24T05:58:08.476Z [LOG] 处理自定义协议请求: app://thumbnail/1748066171306-RDpcVXNl.jpg
2025-05-24T05:58:08.477Z [LOG] 缩略图路径: D:\code\cursor\looklook\userdata\thumbnails\1748066171306-RDpcVXNl.jpg
2025-05-24T05:58:08.477Z [LOG] 处理自定义协议请求: app://thumbnail/1748066247744-RDpcVXNl.jpg
2025-05-24T05:58:08.477Z [LOG] 缩略图路径: D:\code\cursor\looklook\userdata\thumbnails\1748066247744-RDpcVXNl.jpg
2025-05-24T05:58:08.478Z [LOG] 处理自定义协议请求: app://thumbnail/1748066172725-RDpcVXNl.jpg
2025-05-24T05:58:08.478Z [LOG] 缩略图路径: D:\code\cursor\looklook\userdata\thumbnails\1748066172725-RDpcVXNl.jpg
2025-05-24T05:58:08.478Z [LOG] 处理自定义协议请求: app://thumbnail/1748066171475-RDpcVXNl.jpg
2025-05-24T05:58:08.479Z [LOG] 缩略图路径: D:\code\cursor\looklook\userdata\thumbnails\1748066171475-RDpcVXNl.jpg
2025-05-24T05:58:08.479Z [LOG] 处理自定义协议请求: app://thumbnail/1748066247685-RDpcVXNl.jpg
2025-05-24T05:58:08.480Z [LOG] 缩略图路径: D:\code\cursor\looklook\userdata\thumbnails\1748066247685-RDpcVXNl.jpg
2025-05-24T05:58:08.536Z [LOG] 处理get-enum-values请求: collection
2025-05-24T05:58:08.536Z [LOG] 处理get-enum-values请求: actors
2025-05-24T05:58:10.217Z [LOG] 删除视频ID: 1748066172725-RDpcVXNl
2025-05-24T05:58:10.219Z [LOG] 通知渲染进程数据已更新
2025-05-24T05:58:10.219Z [LOG] 处理get-videos请求
2025-05-24T05:58:10.220Z [LOG] 删除缩略图: app://thumbnail/1748066172725-RDpcVXNl.jpg
2025-05-24T05:58:10.221Z [LOG] 缩略图已成功删除: D:\code\cursor\looklook\userdata\thumbnails\1748066172725-RDpcVXNl.jpg
2025-05-24T05:58:10.222Z [LOG] 删除视频ID: 1748066172731-RDpcVXNl
2025-05-24T05:58:10.223Z [LOG] 通知渲染进程数据已更新
2025-05-24T05:58:10.224Z [LOG] 处理get-videos请求
2025-05-24T05:58:10.224Z [LOG] 删除缩略图: app://thumbnail/1748066172731-RDpcVXNl.jpg
2025-05-24T05:58:10.225Z [LOG] 缩略图已成功删除: D:\code\cursor\looklook\userdata\thumbnails\1748066172731-RDpcVXNl.jpg
2025-05-24T05:58:10.228Z [LOG] 删除视频ID: 1748066172423-RDpcVXNl
2025-05-24T05:58:10.230Z [LOG] 通知渲染进程数据已更新
2025-05-24T05:58:10.231Z [LOG] 处理get-videos请求
2025-05-24T05:58:10.231Z [LOG] 删除缩略图: app://thumbnail/1748066172423-RDpcVXNl.jpg
2025-05-24T05:58:10.232Z [LOG] 缩略图已成功删除: D:\code\cursor\looklook\userdata\thumbnails\1748066172423-RDpcVXNl.jpg
2025-05-24T05:58:10.243Z [LOG] 删除视频ID: 1748066172407-RDpcVXNl
2025-05-24T05:58:10.246Z [LOG] 通知渲染进程数据已更新
2025-05-24T05:58:10.247Z [LOG] 处理get-videos请求
2025-05-24T05:58:10.247Z [LOG] 删除缩略图: app://thumbnail/1748066172407-RDpcVXNl.jpg
2025-05-24T05:58:10.248Z [LOG] 缩略图已成功删除: D:\code\cursor\looklook\userdata\thumbnails\1748066172407-RDpcVXNl.jpg
2025-05-24T05:58:10.249Z [LOG] 删除视频ID: 1748066171627-RDpcVXNl
2025-05-24T05:58:10.250Z [LOG] 通知渲染进程数据已更新
2025-05-24T05:58:10.251Z [LOG] 处理get-videos请求
2025-05-24T05:58:10.251Z [LOG] 删除缩略图: app://thumbnail/1748066171627-RDpcVXNl.jpg
2025-05-24T05:58:10.252Z [LOG] 缩略图已成功删除: D:\code\cursor\looklook\userdata\thumbnails\1748066171627-RDpcVXNl.jpg
2025-05-24T05:58:10.253Z [LOG] 删除视频ID: 1748066171475-RDpcVXNl
2025-05-24T05:58:10.254Z [LOG] 通知渲染进程数据已更新
2025-05-24T05:58:10.261Z [LOG] 处理get-videos请求
2025-05-24T05:58:10.261Z [LOG] 删除缩略图: app://thumbnail/1748066171475-RDpcVXNl.jpg
2025-05-24T05:58:10.262Z [LOG] 缩略图已成功删除: D:\code\cursor\looklook\userdata\thumbnails\1748066171475-RDpcVXNl.jpg
2025-05-24T05:58:10.265Z [LOG] 删除视频ID: 1748066171306-RDpcVXNl
2025-05-24T05:58:10.266Z [LOG] 通知渲染进程数据已更新
2025-05-24T05:58:10.269Z [LOG] 处理get-videos请求
2025-05-24T05:58:10.270Z [LOG] 删除缩略图: app://thumbnail/1748066171306-RDpcVXNl.jpg
2025-05-24T05:58:10.270Z [LOG] 缩略图已成功删除: D:\code\cursor\looklook\userdata\thumbnails\1748066171306-RDpcVXNl.jpg
2025-05-24T05:58:10.271Z [LOG] 删除视频ID: 1748066171667-RDpcVXNl
2025-05-24T05:58:10.272Z [LOG] 通知渲染进程数据已更新
2025-05-24T05:58:10.272Z [LOG] 处理get-videos请求
2025-05-24T05:58:10.273Z [LOG] 删除缩略图: app://thumbnail/1748066171667-RDpcVXNl.jpg
2025-05-24T05:58:10.273Z [LOG] 缩略图已成功删除: D:\code\cursor\looklook\userdata\thumbnails\1748066171667-RDpcVXNl.jpg
2025-05-24T05:58:10.280Z [LOG] 删除视频ID: 1748066170729-RDpcVXNl
2025-05-24T05:58:10.281Z [LOG] 通知渲染进程数据已更新
2025-05-24T05:58:10.282Z [LOG] 处理get-videos请求
2025-05-24T05:58:10.282Z [LOG] 删除缩略图: app://thumbnail/1748066170729-RDpcVXNl.jpg
2025-05-24T05:58:10.283Z [LOG] 缩略图已成功删除: D:\code\cursor\looklook\userdata\thumbnails\1748066170729-RDpcVXNl.jpg
2025-05-24T05:58:10.284Z [LOG] 删除视频ID: 1748066171251-RDpcVXNl
2025-05-24T05:58:10.285Z [LOG] 通知渲染进程数据已更新
2025-05-24T05:58:10.285Z [LOG] 处理get-videos请求
2025-05-24T05:58:10.285Z [LOG] 删除缩略图: app://thumbnail/1748066171251-RDpcVXNl.jpg
2025-05-24T05:58:10.286Z [LOG] 缩略图已成功删除: D:\code\cursor\looklook\userdata\thumbnails\1748066171251-RDpcVXNl.jpg
2025-05-24T05:58:10.286Z [LOG] 删除视频ID: 1748066246819-RDpcVXNl
2025-05-24T05:58:10.287Z [LOG] 通知渲染进程数据已更新
2025-05-24T05:58:10.287Z [LOG] 处理get-videos请求
2025-05-24T05:58:10.288Z [LOG] 删除缩略图: app://thumbnail/1748066246819-RDpcVXNl.jpg
2025-05-24T05:58:10.288Z [LOG] 缩略图已成功删除: D:\code\cursor\looklook\userdata\thumbnails\1748066246819-RDpcVXNl.jpg
2025-05-24T05:58:10.289Z [LOG] 删除视频ID: 1748066247068-RDpcVXNl
2025-05-24T05:58:10.289Z [LOG] 通知渲染进程数据已更新
2025-05-24T05:58:10.290Z [LOG] 处理get-videos请求
2025-05-24T05:58:10.290Z [LOG] 删除缩略图: app://thumbnail/1748066247068-RDpcVXNl.jpg
2025-05-24T05:58:10.290Z [LOG] 缩略图已成功删除: D:\code\cursor\looklook\userdata\thumbnails\1748066247068-RDpcVXNl.jpg
2025-05-24T05:58:10.291Z [LOG] 删除视频ID: 1748066246801-RDpcVXNl
2025-05-24T05:58:10.291Z [LOG] 通知渲染进程数据已更新
2025-05-24T05:58:10.292Z [LOG] 处理get-videos请求
2025-05-24T05:58:10.293Z [LOG] 删除缩略图: app://thumbnail/1748066246801-RDpcVXNl.jpg
2025-05-24T05:58:10.293Z [LOG] 缩略图已成功删除: D:\code\cursor\looklook\userdata\thumbnails\1748066246801-RDpcVXNl.jpg
2025-05-24T05:58:10.298Z [LOG] 删除视频ID: 1748066247744-RDpcVXNl
2025-05-24T05:58:10.299Z [LOG] 通知渲染进程数据已更新
2025-05-24T05:58:10.300Z [LOG] 处理get-videos请求
2025-05-24T05:58:10.300Z [LOG] 删除缩略图: app://thumbnail/1748066247744-RDpcVXNl.jpg
2025-05-24T05:58:10.300Z [LOG] 缩略图已成功删除: D:\code\cursor\looklook\userdata\thumbnails\1748066247744-RDpcVXNl.jpg
2025-05-24T05:58:10.301Z [LOG] 删除视频ID: 1748066247685-RDpcVXNl
2025-05-24T05:58:10.302Z [LOG] 通知渲染进程数据已更新
2025-05-24T05:58:10.302Z [LOG] 处理get-videos请求
2025-05-24T05:58:10.302Z [LOG] 删除缩略图: app://thumbnail/1748066247685-RDpcVXNl.jpg
2025-05-24T05:58:10.303Z [LOG] 缩略图已成功删除: D:\code\cursor\looklook\userdata\thumbnails\1748066247685-RDpcVXNl.jpg
2025-05-24T05:59:08.538Z [LOG] 处理get-enum-values请求: collection
2025-05-24T05:59:08.538Z [LOG] 处理get-enum-values请求: actors
2025-05-24T06:00:08.539Z [LOG] 处理get-enum-values请求: collection
2025-05-24T06:00:08.540Z [LOG] 处理get-enum-values请求: actors
2025-05-24T06:00:19.716Z [LOG] 处理import-folder请求
2025-05-24T06:00:21.323Z [LOG] 用户选择了文件夹: D:\Users\Videos\第一次选择
2025-05-24T06:00:21.323Z [LOG] 开始搜索文件夹 D:\Users\Videos\第一次选择 中的视频文件
2025-05-24T06:00:21.324Z [LOG] 搜索文件夹: D:\Users\Videos\第一次选择
2025-05-24T06:00:21.324Z [LOG] 搜索文件夹: D:\Users\Videos\第一次选择\新建文件夹
2025-05-24T06:00:21.324Z [LOG] 搜索文件夹: D:\Users\Videos\第一次选择\新建文件夹 (2)
2025-05-24T06:00:21.325Z [LOG] 在文件夹中找到 10 个视频文件
2025-05-24T06:00:21.325Z [LOG] 当前数据库中有 0 个视频记录
2025-05-24T06:00:21.325Z [LOG] 其中新增视频 10 个，重复视频 0 个
2025-05-24T06:00:21.326Z [LOG] 设置已加载
2025-05-24T06:00:21.326Z [LOG] 获取视频分辨率: D:\Users\Videos\第一次选择\新建文件夹\test-001.AVI
2025-05-24T06:00:21.326Z [MAIN] 开始获取视频分辨率: D:\Users\Videos\第一次选择\新建文件夹\test-001.AVI
2025-05-24T06:00:21.326Z [LOG] 直接获取视频分辨率
2025-05-24T06:00:21.326Z [RESOLUTION] 开始获取视频分辨率: D:\Users\Videos\第一次选择\新建文件夹\test-001.AVI
2025-05-24T06:00:21.326Z [PATH] 尝试获取FFprobe路径
2025-05-24T06:00:21.327Z [LOG] 使用配置的FFprobe路径: D:\code\cursor\looklook\node_modules\ffprobe-static\bin\win32\x64\ffprobe.exe
2025-05-24T06:00:21.327Z [PATH] 使用配置的FFprobe路径: D:\code\cursor\looklook\node_modules\ffprobe-static\bin\win32\x64\ffprobe.exe
2025-05-24T06:00:21.327Z [RESOLUTION] 在开发环境中使用ffprobe路径: D:\code\cursor\looklook\node_modules\ffprobe-static\bin\win32\x64\ffprobe.exe
2025-05-24T06:00:21.327Z [RESOLUTION] 检查ffprobe可执行文件是否存在: true
2025-05-24T06:00:21.327Z [LOG] 执行命令: "D:\code\cursor\looklook\node_modules\ffprobe-static\bin\win32\x64\ffprobe.exe" -v error -select_streams v:0 -show_entries stream=width,height -of csv=s=x:p=0 "D:\Users\Videos\第一次选择\新建文件夹\test-001.AVI"
2025-05-24T06:00:21.327Z [RESOLUTION] 开始执行命令获取分辨率: "D:\code\cursor\looklook\node_modules\ffprobe-static\bin\win32\x64\ffprobe.exe" -v error -select_streams v:0 -show_entries stream=width,height -of csv=s=x:p=0 "D:\Users\Videos\第一次选择\新建文件夹\test-001.AVI"
2025-05-24T06:00:21.391Z [RESOLUTION] 命令输出: "320x240"
2025-05-24T06:00:21.391Z [LOG] 成功解析分辨率: 320×240
2025-05-24T06:00:21.392Z [RESOLUTION] 成功解析分辨率: 320×240
2025-05-24T06:00:21.392Z [LOG] 获取视频时长: D:\Users\Videos\第一次选择\新建文件夹\test-001.AVI
2025-05-24T06:00:21.392Z [MAIN] 开始获取视频时长: D:\Users\Videos\第一次选择\新建文件夹\test-001.AVI
2025-05-24T06:00:21.392Z [LOG] 直接获取视频时长
2025-05-24T06:00:21.392Z [DURATION] 开始获取视频时长: D:\Users\Videos\第一次选择\新建文件夹\test-001.AVI
2025-05-24T06:00:21.392Z [PATH] 尝试获取FFprobe路径
2025-05-24T06:00:21.393Z [LOG] 使用配置的FFprobe路径: D:\code\cursor\looklook\node_modules\ffprobe-static\bin\win32\x64\ffprobe.exe
2025-05-24T06:00:21.393Z [PATH] 使用配置的FFprobe路径: D:\code\cursor\looklook\node_modules\ffprobe-static\bin\win32\x64\ffprobe.exe
2025-05-24T06:00:21.393Z [DURATION] 在开发环境中使用ffprobe路径: D:\code\cursor\looklook\node_modules\ffprobe-static\bin\win32\x64\ffprobe.exe
2025-05-24T06:00:21.393Z [DURATION] 检查ffprobe可执行文件是否存在: true
2025-05-24T06:00:21.393Z [LOG] 执行命令: "D:\code\cursor\looklook\node_modules\ffprobe-static\bin\win32\x64\ffprobe.exe" -v error -show_entries format=duration -of default=noprint_wrappers=1:nokey=1 "D:\Users\Videos\第一次选择\新建文件夹\test-001.AVI"
2025-05-24T06:00:21.393Z [DURATION] 开始执行命令获取时长: "D:\code\cursor\looklook\node_modules\ffprobe-static\bin\win32\x64\ffprobe.exe" -v error -show_entries format=duration -of default=noprint_wrappers=1:nokey=1 "D:\Users\Videos\第一次选择\新建文件夹\test-001.AVI"
2025-05-24T06:00:21.455Z [DURATION] 命令输出: "125.952000"
2025-05-24T06:00:21.456Z [LOG] 成功解析时长: 00:02:05
2025-05-24T06:00:21.456Z [DURATION] 成功解析时长: 00:02:05
2025-05-24T06:00:21.456Z [LOG] 开始生成缩略图，视频路径: D:\Users\Videos\第一次选择\新建文件夹\test-001.AVI
2025-05-24T06:00:21.457Z [LOG] 缩略图输出路径: D:\code\cursor\looklook\userdata\thumbnails\1748066422078-RDpcVXNl.jpg
2025-05-24T06:00:21.457Z [LOG] 生成随机时间点: 00:00:27
2025-05-24T06:00:21.457Z [LOG] 使用直接命令行ffmpeg生成缩略图
2025-05-24T06:00:21.458Z [PATH] 尝试获取FFmpeg路径
2025-05-24T06:00:21.458Z [LOG] 使用配置的FFmpeg路径: D:\code\cursor\looklook\node_modules\ffmpeg-static\ffmpeg.exe
2025-05-24T06:00:21.458Z [PATH] 使用配置的FFmpeg路径: D:\code\cursor\looklook\node_modules\ffmpeg-static\ffmpeg.exe
2025-05-24T06:00:21.459Z [LOG] 将使用时间点 00:00:27 生成缩略图
2025-05-24T06:00:21.459Z [LOG] 执行命令: D:\code\cursor\looklook\node_modules\ffmpeg-static\ffmpeg.exe -ss 00:00:27 -i D:\Users\Videos\第一次选择\新建文件夹\test-001.AVI -vframes 1 -s 320x180 -y D:\code\cursor\looklook\userdata\thumbnails\1748066422078-RDpcVXNl.jpg
2025-05-24T06:00:21.602Z [LOG] 直接ffmpeg成功生成缩略图: D:\code\cursor\looklook\userdata\thumbnails\1748066422078-RDpcVXNl.jpg
2025-05-24T06:00:21.602Z [LOG] 通过直接ffmpeg命令生成缩略图成功
2025-05-24T06:00:21.603Z [LOG] 设置已加载
2025-05-24T06:00:21.604Z [LOG] 获取视频分辨率: D:\Users\Videos\第一次选择\新建文件夹\test-002.AVI
2025-05-24T06:00:21.604Z [MAIN] 开始获取视频分辨率: D:\Users\Videos\第一次选择\新建文件夹\test-002.AVI
2025-05-24T06:00:21.604Z [LOG] 直接获取视频分辨率
2025-05-24T06:00:21.604Z [RESOLUTION] 开始获取视频分辨率: D:\Users\Videos\第一次选择\新建文件夹\test-002.AVI
2025-05-24T06:00:21.604Z [PATH] 尝试获取FFprobe路径
2025-05-24T06:00:21.605Z [LOG] 使用配置的FFprobe路径: D:\code\cursor\looklook\node_modules\ffprobe-static\bin\win32\x64\ffprobe.exe
2025-05-24T06:00:21.605Z [PATH] 使用配置的FFprobe路径: D:\code\cursor\looklook\node_modules\ffprobe-static\bin\win32\x64\ffprobe.exe
2025-05-24T06:00:21.605Z [RESOLUTION] 在开发环境中使用ffprobe路径: D:\code\cursor\looklook\node_modules\ffprobe-static\bin\win32\x64\ffprobe.exe
2025-05-24T06:00:21.605Z [RESOLUTION] 检查ffprobe可执行文件是否存在: true
2025-05-24T06:00:21.605Z [LOG] 执行命令: "D:\code\cursor\looklook\node_modules\ffprobe-static\bin\win32\x64\ffprobe.exe" -v error -select_streams v:0 -show_entries stream=width,height -of csv=s=x:p=0 "D:\Users\Videos\第一次选择\新建文件夹\test-002.AVI"
2025-05-24T06:00:21.606Z [RESOLUTION] 开始执行命令获取分辨率: "D:\code\cursor\looklook\node_modules\ffprobe-static\bin\win32\x64\ffprobe.exe" -v error -select_streams v:0 -show_entries stream=width,height -of csv=s=x:p=0 "D:\Users\Videos\第一次选择\新建文件夹\test-002.AVI"
2025-05-24T06:00:21.733Z [RESOLUTION] 命令输出: "320x240"
2025-05-24T06:00:21.733Z [LOG] 成功解析分辨率: 320×240
2025-05-24T06:00:21.733Z [RESOLUTION] 成功解析分辨率: 320×240
2025-05-24T06:00:21.734Z [LOG] 获取视频时长: D:\Users\Videos\第一次选择\新建文件夹\test-002.AVI
2025-05-24T06:00:21.734Z [MAIN] 开始获取视频时长: D:\Users\Videos\第一次选择\新建文件夹\test-002.AVI
2025-05-24T06:00:21.734Z [LOG] 直接获取视频时长
2025-05-24T06:00:21.735Z [DURATION] 开始获取视频时长: D:\Users\Videos\第一次选择\新建文件夹\test-002.AVI
2025-05-24T06:00:21.735Z [PATH] 尝试获取FFprobe路径
2025-05-24T06:00:21.735Z [LOG] 使用配置的FFprobe路径: D:\code\cursor\looklook\node_modules\ffprobe-static\bin\win32\x64\ffprobe.exe
2025-05-24T06:00:21.735Z [PATH] 使用配置的FFprobe路径: D:\code\cursor\looklook\node_modules\ffprobe-static\bin\win32\x64\ffprobe.exe
2025-05-24T06:00:21.735Z [DURATION] 在开发环境中使用ffprobe路径: D:\code\cursor\looklook\node_modules\ffprobe-static\bin\win32\x64\ffprobe.exe
2025-05-24T06:00:21.735Z [DURATION] 检查ffprobe可执行文件是否存在: true
2025-05-24T06:00:21.736Z [LOG] 执行命令: "D:\code\cursor\looklook\node_modules\ffprobe-static\bin\win32\x64\ffprobe.exe" -v error -show_entries format=duration -of default=noprint_wrappers=1:nokey=1 "D:\Users\Videos\第一次选择\新建文件夹\test-002.AVI"
2025-05-24T06:00:21.736Z [DURATION] 开始执行命令获取时长: "D:\code\cursor\looklook\node_modules\ffprobe-static\bin\win32\x64\ffprobe.exe" -v error -show_entries format=duration -of default=noprint_wrappers=1:nokey=1 "D:\Users\Videos\第一次选择\新建文件夹\test-002.AVI"
2025-05-24T06:00:21.801Z [DURATION] 命令输出: "125.952000"
2025-05-24T06:00:21.802Z [LOG] 成功解析时长: 00:02:05
2025-05-24T06:00:21.802Z [DURATION] 成功解析时长: 00:02:05
2025-05-24T06:00:21.802Z [LOG] 开始生成缩略图，视频路径: D:\Users\Videos\第一次选择\新建文件夹\test-002.AVI
2025-05-24T06:00:21.802Z [LOG] 缩略图输出路径: D:\code\cursor\looklook\userdata\thumbnails\1748066421863-RDpcVXNl.jpg
2025-05-24T06:00:21.803Z [LOG] 生成随机时间点: 00:00:35
2025-05-24T06:00:21.803Z [LOG] 使用直接命令行ffmpeg生成缩略图
2025-05-24T06:00:21.803Z [PATH] 尝试获取FFmpeg路径
2025-05-24T06:00:21.803Z [LOG] 使用配置的FFmpeg路径: D:\code\cursor\looklook\node_modules\ffmpeg-static\ffmpeg.exe
2025-05-24T06:00:21.804Z [PATH] 使用配置的FFmpeg路径: D:\code\cursor\looklook\node_modules\ffmpeg-static\ffmpeg.exe
2025-05-24T06:00:21.804Z [LOG] 将使用时间点 00:00:35 生成缩略图
2025-05-24T06:00:21.804Z [LOG] 执行命令: D:\code\cursor\looklook\node_modules\ffmpeg-static\ffmpeg.exe -ss 00:00:35 -i D:\Users\Videos\第一次选择\新建文件夹\test-002.AVI -vframes 1 -s 320x180 -y D:\code\cursor\looklook\userdata\thumbnails\1748066421863-RDpcVXNl.jpg
2025-05-24T06:00:21.881Z [LOG] 直接ffmpeg成功生成缩略图: D:\code\cursor\looklook\userdata\thumbnails\1748066421863-RDpcVXNl.jpg
2025-05-24T06:00:21.881Z [LOG] 通过直接ffmpeg命令生成缩略图成功
2025-05-24T06:00:21.882Z [LOG] 设置已加载
2025-05-24T06:00:21.882Z [LOG] 获取视频分辨率: D:\Users\Videos\第一次选择\新建文件夹\test-003.AVI
2025-05-24T06:00:21.882Z [MAIN] 开始获取视频分辨率: D:\Users\Videos\第一次选择\新建文件夹\test-003.AVI
2025-05-24T06:00:21.882Z [LOG] 直接获取视频分辨率
2025-05-24T06:00:21.883Z [RESOLUTION] 开始获取视频分辨率: D:\Users\Videos\第一次选择\新建文件夹\test-003.AVI
2025-05-24T06:00:21.883Z [PATH] 尝试获取FFprobe路径
2025-05-24T06:00:21.883Z [LOG] 使用配置的FFprobe路径: D:\code\cursor\looklook\node_modules\ffprobe-static\bin\win32\x64\ffprobe.exe
2025-05-24T06:00:21.883Z [PATH] 使用配置的FFprobe路径: D:\code\cursor\looklook\node_modules\ffprobe-static\bin\win32\x64\ffprobe.exe
2025-05-24T06:00:21.883Z [RESOLUTION] 在开发环境中使用ffprobe路径: D:\code\cursor\looklook\node_modules\ffprobe-static\bin\win32\x64\ffprobe.exe
2025-05-24T06:00:21.883Z [RESOLUTION] 检查ffprobe可执行文件是否存在: true
2025-05-24T06:00:21.883Z [LOG] 执行命令: "D:\code\cursor\looklook\node_modules\ffprobe-static\bin\win32\x64\ffprobe.exe" -v error -select_streams v:0 -show_entries stream=width,height -of csv=s=x:p=0 "D:\Users\Videos\第一次选择\新建文件夹\test-003.AVI"
2025-05-24T06:00:21.883Z [RESOLUTION] 开始执行命令获取分辨率: "D:\code\cursor\looklook\node_modules\ffprobe-static\bin\win32\x64\ffprobe.exe" -v error -select_streams v:0 -show_entries stream=width,height -of csv=s=x:p=0 "D:\Users\Videos\第一次选择\新建文件夹\test-003.AVI"
2025-05-24T06:00:21.946Z [RESOLUTION] 命令输出: "320x240"
2025-05-24T06:00:21.947Z [LOG] 成功解析分辨率: 320×240
2025-05-24T06:00:21.947Z [RESOLUTION] 成功解析分辨率: 320×240
2025-05-24T06:00:21.947Z [LOG] 获取视频时长: D:\Users\Videos\第一次选择\新建文件夹\test-003.AVI
2025-05-24T06:00:21.947Z [MAIN] 开始获取视频时长: D:\Users\Videos\第一次选择\新建文件夹\test-003.AVI
2025-05-24T06:00:21.948Z [LOG] 直接获取视频时长
2025-05-24T06:00:21.948Z [DURATION] 开始获取视频时长: D:\Users\Videos\第一次选择\新建文件夹\test-003.AVI
2025-05-24T06:00:21.948Z [PATH] 尝试获取FFprobe路径
2025-05-24T06:00:21.948Z [LOG] 使用配置的FFprobe路径: D:\code\cursor\looklook\node_modules\ffprobe-static\bin\win32\x64\ffprobe.exe
2025-05-24T06:00:21.948Z [PATH] 使用配置的FFprobe路径: D:\code\cursor\looklook\node_modules\ffprobe-static\bin\win32\x64\ffprobe.exe
2025-05-24T06:00:21.948Z [DURATION] 在开发环境中使用ffprobe路径: D:\code\cursor\looklook\node_modules\ffprobe-static\bin\win32\x64\ffprobe.exe
2025-05-24T06:00:21.948Z [DURATION] 检查ffprobe可执行文件是否存在: true
2025-05-24T06:00:21.949Z [LOG] 执行命令: "D:\code\cursor\looklook\node_modules\ffprobe-static\bin\win32\x64\ffprobe.exe" -v error -show_entries format=duration -of default=noprint_wrappers=1:nokey=1 "D:\Users\Videos\第一次选择\新建文件夹\test-003.AVI"
2025-05-24T06:00:21.949Z [DURATION] 开始执行命令获取时长: "D:\code\cursor\looklook\node_modules\ffprobe-static\bin\win32\x64\ffprobe.exe" -v error -show_entries format=duration -of default=noprint_wrappers=1:nokey=1 "D:\Users\Videos\第一次选择\新建文件夹\test-003.AVI"
2025-05-24T06:00:22.012Z [DURATION] 命令输出: "125.952000"
2025-05-24T06:00:22.013Z [LOG] 成功解析时长: 00:02:05
2025-05-24T06:00:22.013Z [DURATION] 成功解析时长: 00:02:05
2025-05-24T06:00:22.013Z [LOG] 开始生成缩略图，视频路径: D:\Users\Videos\第一次选择\新建文件夹\test-003.AVI
2025-05-24T06:00:22.014Z [LOG] 缩略图输出路径: D:\code\cursor\looklook\userdata\thumbnails\1748066422257-RDpcVXNl.jpg
2025-05-24T06:00:22.014Z [LOG] 生成随机时间点: 00:00:45
2025-05-24T06:00:22.014Z [LOG] 使用直接命令行ffmpeg生成缩略图
2025-05-24T06:00:22.014Z [PATH] 尝试获取FFmpeg路径
2025-05-24T06:00:22.014Z [LOG] 使用配置的FFmpeg路径: D:\code\cursor\looklook\node_modules\ffmpeg-static\ffmpeg.exe
2025-05-24T06:00:22.015Z [PATH] 使用配置的FFmpeg路径: D:\code\cursor\looklook\node_modules\ffmpeg-static\ffmpeg.exe
2025-05-24T06:00:22.015Z [LOG] 将使用时间点 00:00:45 生成缩略图
2025-05-24T06:00:22.015Z [LOG] 执行命令: D:\code\cursor\looklook\node_modules\ffmpeg-static\ffmpeg.exe -ss 00:00:45 -i D:\Users\Videos\第一次选择\新建文件夹\test-003.AVI -vframes 1 -s 320x180 -y D:\code\cursor\looklook\userdata\thumbnails\1748066422257-RDpcVXNl.jpg
2025-05-24T06:00:22.092Z [LOG] 直接ffmpeg成功生成缩略图: D:\code\cursor\looklook\userdata\thumbnails\1748066422257-RDpcVXNl.jpg
2025-05-24T06:00:22.093Z [LOG] 通过直接ffmpeg命令生成缩略图成功
2025-05-24T06:00:22.093Z [LOG] 设置已加载
2025-05-24T06:00:22.093Z [LOG] 获取视频分辨率: D:\Users\Videos\第一次选择\新建文件夹\test-004.AVI
2025-05-24T06:00:22.093Z [MAIN] 开始获取视频分辨率: D:\Users\Videos\第一次选择\新建文件夹\test-004.AVI
2025-05-24T06:00:22.094Z [LOG] 直接获取视频分辨率
2025-05-24T06:00:22.094Z [RESOLUTION] 开始获取视频分辨率: D:\Users\Videos\第一次选择\新建文件夹\test-004.AVI
2025-05-24T06:00:22.094Z [PATH] 尝试获取FFprobe路径
2025-05-24T06:00:22.094Z [LOG] 使用配置的FFprobe路径: D:\code\cursor\looklook\node_modules\ffprobe-static\bin\win32\x64\ffprobe.exe
2025-05-24T06:00:22.094Z [PATH] 使用配置的FFprobe路径: D:\code\cursor\looklook\node_modules\ffprobe-static\bin\win32\x64\ffprobe.exe
2025-05-24T06:00:22.094Z [RESOLUTION] 在开发环境中使用ffprobe路径: D:\code\cursor\looklook\node_modules\ffprobe-static\bin\win32\x64\ffprobe.exe
2025-05-24T06:00:22.094Z [RESOLUTION] 检查ffprobe可执行文件是否存在: true
2025-05-24T06:00:22.094Z [LOG] 执行命令: "D:\code\cursor\looklook\node_modules\ffprobe-static\bin\win32\x64\ffprobe.exe" -v error -select_streams v:0 -show_entries stream=width,height -of csv=s=x:p=0 "D:\Users\Videos\第一次选择\新建文件夹\test-004.AVI"
2025-05-24T06:00:22.095Z [RESOLUTION] 开始执行命令获取分辨率: "D:\code\cursor\looklook\node_modules\ffprobe-static\bin\win32\x64\ffprobe.exe" -v error -select_streams v:0 -show_entries stream=width,height -of csv=s=x:p=0 "D:\Users\Videos\第一次选择\新建文件夹\test-004.AVI"
2025-05-24T06:00:22.159Z [RESOLUTION] 命令输出: "320x240"
2025-05-24T06:00:22.160Z [LOG] 成功解析分辨率: 320×240
2025-05-24T06:00:22.160Z [RESOLUTION] 成功解析分辨率: 320×240
2025-05-24T06:00:22.160Z [LOG] 获取视频时长: D:\Users\Videos\第一次选择\新建文件夹\test-004.AVI
2025-05-24T06:00:22.161Z [MAIN] 开始获取视频时长: D:\Users\Videos\第一次选择\新建文件夹\test-004.AVI
2025-05-24T06:00:22.161Z [LOG] 直接获取视频时长
2025-05-24T06:00:22.161Z [DURATION] 开始获取视频时长: D:\Users\Videos\第一次选择\新建文件夹\test-004.AVI
2025-05-24T06:00:22.161Z [PATH] 尝试获取FFprobe路径
2025-05-24T06:00:22.162Z [LOG] 使用配置的FFprobe路径: D:\code\cursor\looklook\node_modules\ffprobe-static\bin\win32\x64\ffprobe.exe
2025-05-24T06:00:22.162Z [PATH] 使用配置的FFprobe路径: D:\code\cursor\looklook\node_modules\ffprobe-static\bin\win32\x64\ffprobe.exe
2025-05-24T06:00:22.162Z [DURATION] 在开发环境中使用ffprobe路径: D:\code\cursor\looklook\node_modules\ffprobe-static\bin\win32\x64\ffprobe.exe
2025-05-24T06:00:22.162Z [DURATION] 检查ffprobe可执行文件是否存在: true
2025-05-24T06:00:22.162Z [LOG] 执行命令: "D:\code\cursor\looklook\node_modules\ffprobe-static\bin\win32\x64\ffprobe.exe" -v error -show_entries format=duration -of default=noprint_wrappers=1:nokey=1 "D:\Users\Videos\第一次选择\新建文件夹\test-004.AVI"
2025-05-24T06:00:22.162Z [DURATION] 开始执行命令获取时长: "D:\code\cursor\looklook\node_modules\ffprobe-static\bin\win32\x64\ffprobe.exe" -v error -show_entries format=duration -of default=noprint_wrappers=1:nokey=1 "D:\Users\Videos\第一次选择\新建文件夹\test-004.AVI"
2025-05-24T06:00:22.229Z [DURATION] 命令输出: "125.952000"
2025-05-24T06:00:22.230Z [LOG] 成功解析时长: 00:02:05
2025-05-24T06:00:22.230Z [DURATION] 成功解析时长: 00:02:05
2025-05-24T06:00:22.230Z [LOG] 开始生成缩略图，视频路径: D:\Users\Videos\第一次选择\新建文件夹\test-004.AVI
2025-05-24T06:00:22.230Z [LOG] 缩略图输出路径: D:\code\cursor\looklook\userdata\thumbnails\1748066422167-RDpcVXNl.jpg
2025-05-24T06:00:22.231Z [LOG] 生成随机时间点: 00:00:59
2025-05-24T06:00:22.231Z [LOG] 使用直接命令行ffmpeg生成缩略图
2025-05-24T06:00:22.231Z [PATH] 尝试获取FFmpeg路径
2025-05-24T06:00:22.231Z [LOG] 使用配置的FFmpeg路径: D:\code\cursor\looklook\node_modules\ffmpeg-static\ffmpeg.exe
2025-05-24T06:00:22.232Z [PATH] 使用配置的FFmpeg路径: D:\code\cursor\looklook\node_modules\ffmpeg-static\ffmpeg.exe
2025-05-24T06:00:22.232Z [LOG] 将使用时间点 00:00:59 生成缩略图
2025-05-24T06:00:22.232Z [LOG] 执行命令: D:\code\cursor\looklook\node_modules\ffmpeg-static\ffmpeg.exe -ss 00:00:59 -i D:\Users\Videos\第一次选择\新建文件夹\test-004.AVI -vframes 1 -s 320x180 -y D:\code\cursor\looklook\userdata\thumbnails\1748066422167-RDpcVXNl.jpg
2025-05-24T06:00:22.310Z [LOG] 直接ffmpeg成功生成缩略图: D:\code\cursor\looklook\userdata\thumbnails\1748066422167-RDpcVXNl.jpg
2025-05-24T06:00:22.310Z [LOG] 通过直接ffmpeg命令生成缩略图成功
2025-05-24T06:00:22.311Z [LOG] 设置已加载
2025-05-24T06:00:22.311Z [LOG] 获取视频分辨率: D:\Users\Videos\第一次选择\新建文件夹\test-005.AVI
2025-05-24T06:00:22.311Z [MAIN] 开始获取视频分辨率: D:\Users\Videos\第一次选择\新建文件夹\test-005.AVI
2025-05-24T06:00:22.311Z [LOG] 直接获取视频分辨率
2025-05-24T06:00:22.311Z [RESOLUTION] 开始获取视频分辨率: D:\Users\Videos\第一次选择\新建文件夹\test-005.AVI
2025-05-24T06:00:22.312Z [PATH] 尝试获取FFprobe路径
2025-05-24T06:00:22.312Z [LOG] 使用配置的FFprobe路径: D:\code\cursor\looklook\node_modules\ffprobe-static\bin\win32\x64\ffprobe.exe
2025-05-24T06:00:22.312Z [PATH] 使用配置的FFprobe路径: D:\code\cursor\looklook\node_modules\ffprobe-static\bin\win32\x64\ffprobe.exe
2025-05-24T06:00:22.312Z [RESOLUTION] 在开发环境中使用ffprobe路径: D:\code\cursor\looklook\node_modules\ffprobe-static\bin\win32\x64\ffprobe.exe
2025-05-24T06:00:22.312Z [RESOLUTION] 检查ffprobe可执行文件是否存在: true
2025-05-24T06:00:22.312Z [LOG] 执行命令: "D:\code\cursor\looklook\node_modules\ffprobe-static\bin\win32\x64\ffprobe.exe" -v error -select_streams v:0 -show_entries stream=width,height -of csv=s=x:p=0 "D:\Users\Videos\第一次选择\新建文件夹\test-005.AVI"
2025-05-24T06:00:22.312Z [RESOLUTION] 开始执行命令获取分辨率: "D:\code\cursor\looklook\node_modules\ffprobe-static\bin\win32\x64\ffprobe.exe" -v error -select_streams v:0 -show_entries stream=width,height -of csv=s=x:p=0 "D:\Users\Videos\第一次选择\新建文件夹\test-005.AVI"
2025-05-24T06:00:22.376Z [RESOLUTION] 命令输出: "320x240"
2025-05-24T06:00:22.376Z [LOG] 成功解析分辨率: 320×240
2025-05-24T06:00:22.377Z [RESOLUTION] 成功解析分辨率: 320×240
2025-05-24T06:00:22.377Z [LOG] 获取视频时长: D:\Users\Videos\第一次选择\新建文件夹\test-005.AVI
2025-05-24T06:00:22.377Z [MAIN] 开始获取视频时长: D:\Users\Videos\第一次选择\新建文件夹\test-005.AVI
2025-05-24T06:00:22.377Z [LOG] 直接获取视频时长
2025-05-24T06:00:22.377Z [DURATION] 开始获取视频时长: D:\Users\Videos\第一次选择\新建文件夹\test-005.AVI
2025-05-24T06:00:22.377Z [PATH] 尝试获取FFprobe路径
2025-05-24T06:00:22.378Z [LOG] 使用配置的FFprobe路径: D:\code\cursor\looklook\node_modules\ffprobe-static\bin\win32\x64\ffprobe.exe
2025-05-24T06:00:22.378Z [PATH] 使用配置的FFprobe路径: D:\code\cursor\looklook\node_modules\ffprobe-static\bin\win32\x64\ffprobe.exe
2025-05-24T06:00:22.378Z [DURATION] 在开发环境中使用ffprobe路径: D:\code\cursor\looklook\node_modules\ffprobe-static\bin\win32\x64\ffprobe.exe
2025-05-24T06:00:22.378Z [DURATION] 检查ffprobe可执行文件是否存在: true
2025-05-24T06:00:22.378Z [LOG] 执行命令: "D:\code\cursor\looklook\node_modules\ffprobe-static\bin\win32\x64\ffprobe.exe" -v error -show_entries format=duration -of default=noprint_wrappers=1:nokey=1 "D:\Users\Videos\第一次选择\新建文件夹\test-005.AVI"
2025-05-24T06:00:22.379Z [DURATION] 开始执行命令获取时长: "D:\code\cursor\looklook\node_modules\ffprobe-static\bin\win32\x64\ffprobe.exe" -v error -show_entries format=duration -of default=noprint_wrappers=1:nokey=1 "D:\Users\Videos\第一次选择\新建文件夹\test-005.AVI"
2025-05-24T06:00:22.444Z [DURATION] 命令输出: "125.952000"
2025-05-24T06:00:22.445Z [LOG] 成功解析时长: 00:02:05
2025-05-24T06:00:22.445Z [DURATION] 成功解析时长: 00:02:05
2025-05-24T06:00:22.445Z [LOG] 开始生成缩略图，视频路径: D:\Users\Videos\第一次选择\新建文件夹\test-005.AVI
2025-05-24T06:00:22.446Z [LOG] 缩略图输出路径: D:\code\cursor\looklook\userdata\thumbnails\1748066422449-RDpcVXNl.jpg
2025-05-24T06:00:22.446Z [LOG] 生成随机时间点: 00:00:16
2025-05-24T06:00:22.446Z [LOG] 使用直接命令行ffmpeg生成缩略图
2025-05-24T06:00:22.446Z [PATH] 尝试获取FFmpeg路径
2025-05-24T06:00:22.446Z [LOG] 使用配置的FFmpeg路径: D:\code\cursor\looklook\node_modules\ffmpeg-static\ffmpeg.exe
2025-05-24T06:00:22.447Z [PATH] 使用配置的FFmpeg路径: D:\code\cursor\looklook\node_modules\ffmpeg-static\ffmpeg.exe
2025-05-24T06:00:22.447Z [LOG] 将使用时间点 00:00:16 生成缩略图
2025-05-24T06:00:22.447Z [LOG] 执行命令: D:\code\cursor\looklook\node_modules\ffmpeg-static\ffmpeg.exe -ss 00:00:16 -i D:\Users\Videos\第一次选择\新建文件夹\test-005.AVI -vframes 1 -s 320x180 -y D:\code\cursor\looklook\userdata\thumbnails\1748066422449-RDpcVXNl.jpg
2025-05-24T06:00:22.529Z [LOG] 直接ffmpeg成功生成缩略图: D:\code\cursor\looklook\userdata\thumbnails\1748066422449-RDpcVXNl.jpg
2025-05-24T06:00:22.529Z [LOG] 通过直接ffmpeg命令生成缩略图成功
2025-05-24T06:00:22.529Z [LOG] 设置已加载
2025-05-24T06:00:22.530Z [LOG] 获取视频分辨率: D:\Users\Videos\第一次选择\新建文件夹 (2)\test-001.AVI
2025-05-24T06:00:22.530Z [MAIN] 开始获取视频分辨率: D:\Users\Videos\第一次选择\新建文件夹 (2)\test-001.AVI
2025-05-24T06:00:22.530Z [LOG] 直接获取视频分辨率
2025-05-24T06:00:22.530Z [RESOLUTION] 开始获取视频分辨率: D:\Users\Videos\第一次选择\新建文件夹 (2)\test-001.AVI
2025-05-24T06:00:22.530Z [PATH] 尝试获取FFprobe路径
2025-05-24T06:00:22.530Z [LOG] 使用配置的FFprobe路径: D:\code\cursor\looklook\node_modules\ffprobe-static\bin\win32\x64\ffprobe.exe
2025-05-24T06:00:22.531Z [PATH] 使用配置的FFprobe路径: D:\code\cursor\looklook\node_modules\ffprobe-static\bin\win32\x64\ffprobe.exe
2025-05-24T06:00:22.531Z [RESOLUTION] 在开发环境中使用ffprobe路径: D:\code\cursor\looklook\node_modules\ffprobe-static\bin\win32\x64\ffprobe.exe
2025-05-24T06:00:22.531Z [RESOLUTION] 检查ffprobe可执行文件是否存在: true
2025-05-24T06:00:22.531Z [LOG] 执行命令: "D:\code\cursor\looklook\node_modules\ffprobe-static\bin\win32\x64\ffprobe.exe" -v error -select_streams v:0 -show_entries stream=width,height -of csv=s=x:p=0 "D:\Users\Videos\第一次选择\新建文件夹 (2)\test-001.AVI"
2025-05-24T06:00:22.531Z [RESOLUTION] 开始执行命令获取分辨率: "D:\code\cursor\looklook\node_modules\ffprobe-static\bin\win32\x64\ffprobe.exe" -v error -select_streams v:0 -show_entries stream=width,height -of csv=s=x:p=0 "D:\Users\Videos\第一次选择\新建文件夹 (2)\test-001.AVI"
2025-05-24T06:00:22.596Z [RESOLUTION] 命令输出: "320x240"
2025-05-24T06:00:22.596Z [LOG] 成功解析分辨率: 320×240
2025-05-24T06:00:22.596Z [RESOLUTION] 成功解析分辨率: 320×240
2025-05-24T06:00:22.596Z [LOG] 获取视频时长: D:\Users\Videos\第一次选择\新建文件夹 (2)\test-001.AVI
2025-05-24T06:00:22.597Z [MAIN] 开始获取视频时长: D:\Users\Videos\第一次选择\新建文件夹 (2)\test-001.AVI
2025-05-24T06:00:22.597Z [LOG] 直接获取视频时长
2025-05-24T06:00:22.597Z [DURATION] 开始获取视频时长: D:\Users\Videos\第一次选择\新建文件夹 (2)\test-001.AVI
2025-05-24T06:00:22.597Z [PATH] 尝试获取FFprobe路径
2025-05-24T06:00:22.597Z [LOG] 使用配置的FFprobe路径: D:\code\cursor\looklook\node_modules\ffprobe-static\bin\win32\x64\ffprobe.exe
2025-05-24T06:00:22.597Z [PATH] 使用配置的FFprobe路径: D:\code\cursor\looklook\node_modules\ffprobe-static\bin\win32\x64\ffprobe.exe
2025-05-24T06:00:22.597Z [DURATION] 在开发环境中使用ffprobe路径: D:\code\cursor\looklook\node_modules\ffprobe-static\bin\win32\x64\ffprobe.exe
2025-05-24T06:00:22.597Z [DURATION] 检查ffprobe可执行文件是否存在: true
2025-05-24T06:00:22.598Z [LOG] 执行命令: "D:\code\cursor\looklook\node_modules\ffprobe-static\bin\win32\x64\ffprobe.exe" -v error -show_entries format=duration -of default=noprint_wrappers=1:nokey=1 "D:\Users\Videos\第一次选择\新建文件夹 (2)\test-001.AVI"
2025-05-24T06:00:22.598Z [DURATION] 开始执行命令获取时长: "D:\code\cursor\looklook\node_modules\ffprobe-static\bin\win32\x64\ffprobe.exe" -v error -show_entries format=duration -of default=noprint_wrappers=1:nokey=1 "D:\Users\Videos\第一次选择\新建文件夹 (2)\test-001.AVI"
2025-05-24T06:00:22.663Z [DURATION] 命令输出: "125.952000"
2025-05-24T06:00:22.663Z [LOG] 成功解析时长: 00:02:05
2025-05-24T06:00:22.664Z [DURATION] 成功解析时长: 00:02:05
2025-05-24T06:00:22.664Z [LOG] 开始生成缩略图，视频路径: D:\Users\Videos\第一次选择\新建文件夹 (2)\test-001.AVI
2025-05-24T06:00:22.664Z [LOG] 缩略图输出路径: D:\code\cursor\looklook\userdata\thumbnails\1748066423438-RDpcVXNl.jpg
2025-05-24T06:00:22.664Z [LOG] 生成随机时间点: 00:00:16
2025-05-24T06:00:22.664Z [LOG] 使用直接命令行ffmpeg生成缩略图
2025-05-24T06:00:22.665Z [PATH] 尝试获取FFmpeg路径
2025-05-24T06:00:22.665Z [LOG] 使用配置的FFmpeg路径: D:\code\cursor\looklook\node_modules\ffmpeg-static\ffmpeg.exe
2025-05-24T06:00:22.665Z [PATH] 使用配置的FFmpeg路径: D:\code\cursor\looklook\node_modules\ffmpeg-static\ffmpeg.exe
2025-05-24T06:00:22.665Z [LOG] 将使用时间点 00:00:16 生成缩略图
2025-05-24T06:00:22.665Z [LOG] 执行命令: D:\code\cursor\looklook\node_modules\ffmpeg-static\ffmpeg.exe -ss 00:00:16 -i D:\Users\Videos\第一次选择\新建文件夹 (2)\test-001.AVI -vframes 1 -s 320x180 -y D:\code\cursor\looklook\userdata\thumbnails\1748066423438-RDpcVXNl.jpg
2025-05-24T06:00:22.740Z [LOG] 直接ffmpeg成功生成缩略图: D:\code\cursor\looklook\userdata\thumbnails\1748066423438-RDpcVXNl.jpg
2025-05-24T06:00:22.741Z [LOG] 通过直接ffmpeg命令生成缩略图成功
2025-05-24T06:00:22.741Z [LOG] 设置已加载
2025-05-24T06:00:22.741Z [LOG] 获取视频分辨率: D:\Users\Videos\第一次选择\新建文件夹 (2)\test-002.AVI
2025-05-24T06:00:22.742Z [MAIN] 开始获取视频分辨率: D:\Users\Videos\第一次选择\新建文件夹 (2)\test-002.AVI
2025-05-24T06:00:22.742Z [LOG] 直接获取视频分辨率
2025-05-24T06:00:22.742Z [RESOLUTION] 开始获取视频分辨率: D:\Users\Videos\第一次选择\新建文件夹 (2)\test-002.AVI
2025-05-24T06:00:22.742Z [PATH] 尝试获取FFprobe路径
2025-05-24T06:00:22.742Z [LOG] 使用配置的FFprobe路径: D:\code\cursor\looklook\node_modules\ffprobe-static\bin\win32\x64\ffprobe.exe
2025-05-24T06:00:22.742Z [PATH] 使用配置的FFprobe路径: D:\code\cursor\looklook\node_modules\ffprobe-static\bin\win32\x64\ffprobe.exe
2025-05-24T06:00:22.743Z [RESOLUTION] 在开发环境中使用ffprobe路径: D:\code\cursor\looklook\node_modules\ffprobe-static\bin\win32\x64\ffprobe.exe
2025-05-24T06:00:22.743Z [RESOLUTION] 检查ffprobe可执行文件是否存在: true
2025-05-24T06:00:22.743Z [LOG] 执行命令: "D:\code\cursor\looklook\node_modules\ffprobe-static\bin\win32\x64\ffprobe.exe" -v error -select_streams v:0 -show_entries stream=width,height -of csv=s=x:p=0 "D:\Users\Videos\第一次选择\新建文件夹 (2)\test-002.AVI"
2025-05-24T06:00:22.743Z [RESOLUTION] 开始执行命令获取分辨率: "D:\code\cursor\looklook\node_modules\ffprobe-static\bin\win32\x64\ffprobe.exe" -v error -select_streams v:0 -show_entries stream=width,height -of csv=s=x:p=0 "D:\Users\Videos\第一次选择\新建文件夹 (2)\test-002.AVI"
2025-05-24T06:00:22.806Z [RESOLUTION] 命令输出: "320x240"
2025-05-24T06:00:22.807Z [LOG] 成功解析分辨率: 320×240
2025-05-24T06:00:22.807Z [RESOLUTION] 成功解析分辨率: 320×240
2025-05-24T06:00:22.808Z [LOG] 获取视频时长: D:\Users\Videos\第一次选择\新建文件夹 (2)\test-002.AVI
2025-05-24T06:00:22.808Z [MAIN] 开始获取视频时长: D:\Users\Videos\第一次选择\新建文件夹 (2)\test-002.AVI
2025-05-24T06:00:22.808Z [LOG] 直接获取视频时长
2025-05-24T06:00:22.808Z [DURATION] 开始获取视频时长: D:\Users\Videos\第一次选择\新建文件夹 (2)\test-002.AVI
2025-05-24T06:00:22.808Z [PATH] 尝试获取FFprobe路径
2025-05-24T06:00:22.808Z [LOG] 使用配置的FFprobe路径: D:\code\cursor\looklook\node_modules\ffprobe-static\bin\win32\x64\ffprobe.exe
2025-05-24T06:00:22.808Z [PATH] 使用配置的FFprobe路径: D:\code\cursor\looklook\node_modules\ffprobe-static\bin\win32\x64\ffprobe.exe
2025-05-24T06:00:22.809Z [DURATION] 在开发环境中使用ffprobe路径: D:\code\cursor\looklook\node_modules\ffprobe-static\bin\win32\x64\ffprobe.exe
2025-05-24T06:00:22.809Z [DURATION] 检查ffprobe可执行文件是否存在: true
2025-05-24T06:00:22.809Z [LOG] 执行命令: "D:\code\cursor\looklook\node_modules\ffprobe-static\bin\win32\x64\ffprobe.exe" -v error -show_entries format=duration -of default=noprint_wrappers=1:nokey=1 "D:\Users\Videos\第一次选择\新建文件夹 (2)\test-002.AVI"
2025-05-24T06:00:22.809Z [DURATION] 开始执行命令获取时长: "D:\code\cursor\looklook\node_modules\ffprobe-static\bin\win32\x64\ffprobe.exe" -v error -show_entries format=duration -of default=noprint_wrappers=1:nokey=1 "D:\Users\Videos\第一次选择\新建文件夹 (2)\test-002.AVI"
2025-05-24T06:00:22.872Z [DURATION] 命令输出: "125.952000"
2025-05-24T06:00:22.873Z [LOG] 成功解析时长: 00:02:05
2025-05-24T06:00:22.873Z [DURATION] 成功解析时长: 00:02:05
2025-05-24T06:00:22.873Z [LOG] 开始生成缩略图，视频路径: D:\Users\Videos\第一次选择\新建文件夹 (2)\test-002.AVI
2025-05-24T06:00:22.874Z [LOG] 缩略图输出路径: D:\code\cursor\looklook\userdata\thumbnails\1748066422950-RDpcVXNl.jpg
2025-05-24T06:00:22.874Z [LOG] 生成随机时间点: 00:00:33
2025-05-24T06:00:22.874Z [LOG] 使用直接命令行ffmpeg生成缩略图
2025-05-24T06:00:22.874Z [PATH] 尝试获取FFmpeg路径
2025-05-24T06:00:22.875Z [LOG] 使用配置的FFmpeg路径: D:\code\cursor\looklook\node_modules\ffmpeg-static\ffmpeg.exe
2025-05-24T06:00:22.875Z [PATH] 使用配置的FFmpeg路径: D:\code\cursor\looklook\node_modules\ffmpeg-static\ffmpeg.exe
2025-05-24T06:00:22.875Z [LOG] 将使用时间点 00:00:33 生成缩略图
2025-05-24T06:00:22.875Z [LOG] 执行命令: D:\code\cursor\looklook\node_modules\ffmpeg-static\ffmpeg.exe -ss 00:00:33 -i D:\Users\Videos\第一次选择\新建文件夹 (2)\test-002.AVI -vframes 1 -s 320x180 -y D:\code\cursor\looklook\userdata\thumbnails\1748066422950-RDpcVXNl.jpg
2025-05-24T06:00:22.948Z [LOG] 直接ffmpeg成功生成缩略图: D:\code\cursor\looklook\userdata\thumbnails\1748066422950-RDpcVXNl.jpg
2025-05-24T06:00:22.948Z [LOG] 通过直接ffmpeg命令生成缩略图成功
2025-05-24T06:00:22.949Z [LOG] 设置已加载
2025-05-24T06:00:22.949Z [LOG] 获取视频分辨率: D:\Users\Videos\第一次选择\新建文件夹 (2)\test-003.AVI
2025-05-24T06:00:22.949Z [MAIN] 开始获取视频分辨率: D:\Users\Videos\第一次选择\新建文件夹 (2)\test-003.AVI
2025-05-24T06:00:22.949Z [LOG] 直接获取视频分辨率
2025-05-24T06:00:22.950Z [RESOLUTION] 开始获取视频分辨率: D:\Users\Videos\第一次选择\新建文件夹 (2)\test-003.AVI
2025-05-24T06:00:22.950Z [PATH] 尝试获取FFprobe路径
2025-05-24T06:00:22.950Z [LOG] 使用配置的FFprobe路径: D:\code\cursor\looklook\node_modules\ffprobe-static\bin\win32\x64\ffprobe.exe
2025-05-24T06:00:22.950Z [PATH] 使用配置的FFprobe路径: D:\code\cursor\looklook\node_modules\ffprobe-static\bin\win32\x64\ffprobe.exe
2025-05-24T06:00:22.950Z [RESOLUTION] 在开发环境中使用ffprobe路径: D:\code\cursor\looklook\node_modules\ffprobe-static\bin\win32\x64\ffprobe.exe
2025-05-24T06:00:22.950Z [RESOLUTION] 检查ffprobe可执行文件是否存在: true
2025-05-24T06:00:22.950Z [LOG] 执行命令: "D:\code\cursor\looklook\node_modules\ffprobe-static\bin\win32\x64\ffprobe.exe" -v error -select_streams v:0 -show_entries stream=width,height -of csv=s=x:p=0 "D:\Users\Videos\第一次选择\新建文件夹 (2)\test-003.AVI"
2025-05-24T06:00:22.951Z [RESOLUTION] 开始执行命令获取分辨率: "D:\code\cursor\looklook\node_modules\ffprobe-static\bin\win32\x64\ffprobe.exe" -v error -select_streams v:0 -show_entries stream=width,height -of csv=s=x:p=0 "D:\Users\Videos\第一次选择\新建文件夹 (2)\test-003.AVI"
2025-05-24T06:00:23.015Z [RESOLUTION] 命令输出: "320x240"
2025-05-24T06:00:23.016Z [LOG] 成功解析分辨率: 320×240
2025-05-24T06:00:23.016Z [RESOLUTION] 成功解析分辨率: 320×240
2025-05-24T06:00:23.016Z [LOG] 获取视频时长: D:\Users\Videos\第一次选择\新建文件夹 (2)\test-003.AVI
2025-05-24T06:00:23.016Z [MAIN] 开始获取视频时长: D:\Users\Videos\第一次选择\新建文件夹 (2)\test-003.AVI
2025-05-24T06:00:23.016Z [LOG] 直接获取视频时长
2025-05-24T06:00:23.017Z [DURATION] 开始获取视频时长: D:\Users\Videos\第一次选择\新建文件夹 (2)\test-003.AVI
2025-05-24T06:00:23.017Z [PATH] 尝试获取FFprobe路径
2025-05-24T06:00:23.017Z [LOG] 使用配置的FFprobe路径: D:\code\cursor\looklook\node_modules\ffprobe-static\bin\win32\x64\ffprobe.exe
2025-05-24T06:00:23.017Z [PATH] 使用配置的FFprobe路径: D:\code\cursor\looklook\node_modules\ffprobe-static\bin\win32\x64\ffprobe.exe
2025-05-24T06:00:23.017Z [DURATION] 在开发环境中使用ffprobe路径: D:\code\cursor\looklook\node_modules\ffprobe-static\bin\win32\x64\ffprobe.exe
2025-05-24T06:00:23.017Z [DURATION] 检查ffprobe可执行文件是否存在: true
2025-05-24T06:00:23.017Z [LOG] 执行命令: "D:\code\cursor\looklook\node_modules\ffprobe-static\bin\win32\x64\ffprobe.exe" -v error -show_entries format=duration -of default=noprint_wrappers=1:nokey=1 "D:\Users\Videos\第一次选择\新建文件夹 (2)\test-003.AVI"
2025-05-24T06:00:23.017Z [DURATION] 开始执行命令获取时长: "D:\code\cursor\looklook\node_modules\ffprobe-static\bin\win32\x64\ffprobe.exe" -v error -show_entries format=duration -of default=noprint_wrappers=1:nokey=1 "D:\Users\Videos\第一次选择\新建文件夹 (2)\test-003.AVI"
2025-05-24T06:00:23.081Z [DURATION] 命令输出: "125.952000"
2025-05-24T06:00:23.081Z [LOG] 成功解析时长: 00:02:05
2025-05-24T06:00:23.082Z [DURATION] 成功解析时长: 00:02:05
2025-05-24T06:00:23.082Z [LOG] 开始生成缩略图，视频路径: D:\Users\Videos\第一次选择\新建文件夹 (2)\test-003.AVI
2025-05-24T06:00:23.082Z [LOG] 缩略图输出路径: D:\code\cursor\looklook\userdata\thumbnails\1748066423438-RDpcVXNl.jpg
2025-05-24T06:00:23.083Z [LOG] 生成随机时间点: 00:00:41
2025-05-24T06:00:23.083Z [LOG] 使用直接命令行ffmpeg生成缩略图
2025-05-24T06:00:23.083Z [PATH] 尝试获取FFmpeg路径
2025-05-24T06:00:23.084Z [LOG] 使用配置的FFmpeg路径: D:\code\cursor\looklook\node_modules\ffmpeg-static\ffmpeg.exe
2025-05-24T06:00:23.084Z [PATH] 使用配置的FFmpeg路径: D:\code\cursor\looklook\node_modules\ffmpeg-static\ffmpeg.exe
2025-05-24T06:00:23.084Z [LOG] 将使用时间点 00:00:41 生成缩略图
2025-05-24T06:00:23.084Z [LOG] 执行命令: D:\code\cursor\looklook\node_modules\ffmpeg-static\ffmpeg.exe -ss 00:00:41 -i D:\Users\Videos\第一次选择\新建文件夹 (2)\test-003.AVI -vframes 1 -s 320x180 -y D:\code\cursor\looklook\userdata\thumbnails\1748066423438-RDpcVXNl.jpg
2025-05-24T06:00:23.163Z [LOG] 直接ffmpeg成功生成缩略图: D:\code\cursor\looklook\userdata\thumbnails\1748066423438-RDpcVXNl.jpg
2025-05-24T06:00:23.164Z [LOG] 通过直接ffmpeg命令生成缩略图成功
2025-05-24T06:00:23.164Z [LOG] 设置已加载
2025-05-24T06:00:23.165Z [LOG] 获取视频分辨率: D:\Users\Videos\第一次选择\新建文件夹 (2)\test-004.AVI
2025-05-24T06:00:23.165Z [MAIN] 开始获取视频分辨率: D:\Users\Videos\第一次选择\新建文件夹 (2)\test-004.AVI
2025-05-24T06:00:23.165Z [LOG] 直接获取视频分辨率
2025-05-24T06:00:23.165Z [RESOLUTION] 开始获取视频分辨率: D:\Users\Videos\第一次选择\新建文件夹 (2)\test-004.AVI
2025-05-24T06:00:23.165Z [PATH] 尝试获取FFprobe路径
2025-05-24T06:00:23.165Z [LOG] 使用配置的FFprobe路径: D:\code\cursor\looklook\node_modules\ffprobe-static\bin\win32\x64\ffprobe.exe
2025-05-24T06:00:23.166Z [PATH] 使用配置的FFprobe路径: D:\code\cursor\looklook\node_modules\ffprobe-static\bin\win32\x64\ffprobe.exe
2025-05-24T06:00:23.166Z [RESOLUTION] 在开发环境中使用ffprobe路径: D:\code\cursor\looklook\node_modules\ffprobe-static\bin\win32\x64\ffprobe.exe
2025-05-24T06:00:23.166Z [RESOLUTION] 检查ffprobe可执行文件是否存在: true
2025-05-24T06:00:23.166Z [LOG] 执行命令: "D:\code\cursor\looklook\node_modules\ffprobe-static\bin\win32\x64\ffprobe.exe" -v error -select_streams v:0 -show_entries stream=width,height -of csv=s=x:p=0 "D:\Users\Videos\第一次选择\新建文件夹 (2)\test-004.AVI"
2025-05-24T06:00:23.166Z [RESOLUTION] 开始执行命令获取分辨率: "D:\code\cursor\looklook\node_modules\ffprobe-static\bin\win32\x64\ffprobe.exe" -v error -select_streams v:0 -show_entries stream=width,height -of csv=s=x:p=0 "D:\Users\Videos\第一次选择\新建文件夹 (2)\test-004.AVI"
2025-05-24T06:00:23.230Z [RESOLUTION] 命令输出: "320x240"
2025-05-24T06:00:23.230Z [LOG] 成功解析分辨率: 320×240
2025-05-24T06:00:23.230Z [RESOLUTION] 成功解析分辨率: 320×240
2025-05-24T06:00:23.231Z [LOG] 获取视频时长: D:\Users\Videos\第一次选择\新建文件夹 (2)\test-004.AVI
2025-05-24T06:00:23.231Z [MAIN] 开始获取视频时长: D:\Users\Videos\第一次选择\新建文件夹 (2)\test-004.AVI
2025-05-24T06:00:23.231Z [LOG] 直接获取视频时长
2025-05-24T06:00:23.231Z [DURATION] 开始获取视频时长: D:\Users\Videos\第一次选择\新建文件夹 (2)\test-004.AVI
2025-05-24T06:00:23.231Z [PATH] 尝试获取FFprobe路径
2025-05-24T06:00:23.232Z [LOG] 使用配置的FFprobe路径: D:\code\cursor\looklook\node_modules\ffprobe-static\bin\win32\x64\ffprobe.exe
2025-05-24T06:00:23.232Z [PATH] 使用配置的FFprobe路径: D:\code\cursor\looklook\node_modules\ffprobe-static\bin\win32\x64\ffprobe.exe
2025-05-24T06:00:23.232Z [DURATION] 在开发环境中使用ffprobe路径: D:\code\cursor\looklook\node_modules\ffprobe-static\bin\win32\x64\ffprobe.exe
2025-05-24T06:00:23.232Z [DURATION] 检查ffprobe可执行文件是否存在: true
2025-05-24T06:00:23.232Z [LOG] 执行命令: "D:\code\cursor\looklook\node_modules\ffprobe-static\bin\win32\x64\ffprobe.exe" -v error -show_entries format=duration -of default=noprint_wrappers=1:nokey=1 "D:\Users\Videos\第一次选择\新建文件夹 (2)\test-004.AVI"
2025-05-24T06:00:23.232Z [DURATION] 开始执行命令获取时长: "D:\code\cursor\looklook\node_modules\ffprobe-static\bin\win32\x64\ffprobe.exe" -v error -show_entries format=duration -of default=noprint_wrappers=1:nokey=1 "D:\Users\Videos\第一次选择\新建文件夹 (2)\test-004.AVI"
2025-05-24T06:00:23.296Z [DURATION] 命令输出: "125.952000"
2025-05-24T06:00:23.296Z [LOG] 成功解析时长: 00:02:05
2025-05-24T06:00:23.296Z [DURATION] 成功解析时长: 00:02:05
2025-05-24T06:00:23.297Z [LOG] 开始生成缩略图，视频路径: D:\Users\Videos\第一次选择\新建文件夹 (2)\test-004.AVI
2025-05-24T06:00:23.297Z [LOG] 缩略图输出路径: D:\code\cursor\looklook\userdata\thumbnails\1748066423524-RDpcVXNl.jpg
2025-05-24T06:00:23.297Z [LOG] 生成随机时间点: 00:00:51
2025-05-24T06:00:23.297Z [LOG] 使用直接命令行ffmpeg生成缩略图
2025-05-24T06:00:23.298Z [PATH] 尝试获取FFmpeg路径
2025-05-24T06:00:23.298Z [LOG] 使用配置的FFmpeg路径: D:\code\cursor\looklook\node_modules\ffmpeg-static\ffmpeg.exe
2025-05-24T06:00:23.298Z [PATH] 使用配置的FFmpeg路径: D:\code\cursor\looklook\node_modules\ffmpeg-static\ffmpeg.exe
2025-05-24T06:00:23.298Z [LOG] 将使用时间点 00:00:51 生成缩略图
2025-05-24T06:00:23.298Z [LOG] 执行命令: D:\code\cursor\looklook\node_modules\ffmpeg-static\ffmpeg.exe -ss 00:00:51 -i D:\Users\Videos\第一次选择\新建文件夹 (2)\test-004.AVI -vframes 1 -s 320x180 -y D:\code\cursor\looklook\userdata\thumbnails\1748066423524-RDpcVXNl.jpg
2025-05-24T06:00:23.379Z [LOG] 直接ffmpeg成功生成缩略图: D:\code\cursor\looklook\userdata\thumbnails\1748066423524-RDpcVXNl.jpg
2025-05-24T06:00:23.379Z [LOG] 通过直接ffmpeg命令生成缩略图成功
2025-05-24T06:00:23.380Z [LOG] 设置已加载
2025-05-24T06:00:23.380Z [LOG] 获取视频分辨率: D:\Users\Videos\第一次选择\新建文件夹 (2)\test-005.AVI
2025-05-24T06:00:23.381Z [MAIN] 开始获取视频分辨率: D:\Users\Videos\第一次选择\新建文件夹 (2)\test-005.AVI
2025-05-24T06:00:23.381Z [LOG] 直接获取视频分辨率
2025-05-24T06:00:23.381Z [RESOLUTION] 开始获取视频分辨率: D:\Users\Videos\第一次选择\新建文件夹 (2)\test-005.AVI
2025-05-24T06:00:23.381Z [PATH] 尝试获取FFprobe路径
2025-05-24T06:00:23.381Z [LOG] 使用配置的FFprobe路径: D:\code\cursor\looklook\node_modules\ffprobe-static\bin\win32\x64\ffprobe.exe
2025-05-24T06:00:23.381Z [PATH] 使用配置的FFprobe路径: D:\code\cursor\looklook\node_modules\ffprobe-static\bin\win32\x64\ffprobe.exe
2025-05-24T06:00:23.381Z [RESOLUTION] 在开发环境中使用ffprobe路径: D:\code\cursor\looklook\node_modules\ffprobe-static\bin\win32\x64\ffprobe.exe
2025-05-24T06:00:23.381Z [RESOLUTION] 检查ffprobe可执行文件是否存在: true
2025-05-24T06:00:23.382Z [LOG] 执行命令: "D:\code\cursor\looklook\node_modules\ffprobe-static\bin\win32\x64\ffprobe.exe" -v error -select_streams v:0 -show_entries stream=width,height -of csv=s=x:p=0 "D:\Users\Videos\第一次选择\新建文件夹 (2)\test-005.AVI"
2025-05-24T06:00:23.382Z [RESOLUTION] 开始执行命令获取分辨率: "D:\code\cursor\looklook\node_modules\ffprobe-static\bin\win32\x64\ffprobe.exe" -v error -select_streams v:0 -show_entries stream=width,height -of csv=s=x:p=0 "D:\Users\Videos\第一次选择\新建文件夹 (2)\test-005.AVI"
2025-05-24T06:00:23.445Z [RESOLUTION] 命令输出: "320x240"
2025-05-24T06:00:23.446Z [LOG] 成功解析分辨率: 320×240
2025-05-24T06:00:23.446Z [RESOLUTION] 成功解析分辨率: 320×240
2025-05-24T06:00:23.446Z [LOG] 获取视频时长: D:\Users\Videos\第一次选择\新建文件夹 (2)\test-005.AVI
2025-05-24T06:00:23.446Z [MAIN] 开始获取视频时长: D:\Users\Videos\第一次选择\新建文件夹 (2)\test-005.AVI
2025-05-24T06:00:23.446Z [LOG] 直接获取视频时长
2025-05-24T06:00:23.446Z [DURATION] 开始获取视频时长: D:\Users\Videos\第一次选择\新建文件夹 (2)\test-005.AVI
2025-05-24T06:00:23.446Z [PATH] 尝试获取FFprobe路径
2025-05-24T06:00:23.447Z [LOG] 使用配置的FFprobe路径: D:\code\cursor\looklook\node_modules\ffprobe-static\bin\win32\x64\ffprobe.exe
2025-05-24T06:00:23.447Z [PATH] 使用配置的FFprobe路径: D:\code\cursor\looklook\node_modules\ffprobe-static\bin\win32\x64\ffprobe.exe
2025-05-24T06:00:23.447Z [DURATION] 在开发环境中使用ffprobe路径: D:\code\cursor\looklook\node_modules\ffprobe-static\bin\win32\x64\ffprobe.exe
2025-05-24T06:00:23.447Z [DURATION] 检查ffprobe可执行文件是否存在: true
2025-05-24T06:00:23.447Z [LOG] 执行命令: "D:\code\cursor\looklook\node_modules\ffprobe-static\bin\win32\x64\ffprobe.exe" -v error -show_entries format=duration -of default=noprint_wrappers=1:nokey=1 "D:\Users\Videos\第一次选择\新建文件夹 (2)\test-005.AVI"
2025-05-24T06:00:23.447Z [DURATION] 开始执行命令获取时长: "D:\code\cursor\looklook\node_modules\ffprobe-static\bin\win32\x64\ffprobe.exe" -v error -show_entries format=duration -of default=noprint_wrappers=1:nokey=1 "D:\Users\Videos\第一次选择\新建文件夹 (2)\test-005.AVI"
2025-05-24T06:00:23.515Z [DURATION] 命令输出: "125.952000"
2025-05-24T06:00:23.516Z [LOG] 成功解析时长: 00:02:05
2025-05-24T06:00:23.516Z [DURATION] 成功解析时长: 00:02:05
2025-05-24T06:00:23.516Z [LOG] 开始生成缩略图，视频路径: D:\Users\Videos\第一次选择\新建文件夹 (2)\test-005.AVI
2025-05-24T06:00:23.517Z [LOG] 缩略图输出路径: D:\code\cursor\looklook\userdata\thumbnails\1748066423859-RDpcVXNl.jpg
2025-05-24T06:00:23.517Z [LOG] 生成随机时间点: 00:00:57
2025-05-24T06:00:23.517Z [LOG] 使用直接命令行ffmpeg生成缩略图
2025-05-24T06:00:23.517Z [PATH] 尝试获取FFmpeg路径
2025-05-24T06:00:23.518Z [LOG] 使用配置的FFmpeg路径: D:\code\cursor\looklook\node_modules\ffmpeg-static\ffmpeg.exe
2025-05-24T06:00:23.518Z [PATH] 使用配置的FFmpeg路径: D:\code\cursor\looklook\node_modules\ffmpeg-static\ffmpeg.exe
2025-05-24T06:00:23.518Z [LOG] 将使用时间点 00:00:57 生成缩略图
2025-05-24T06:00:23.519Z [LOG] 执行命令: D:\code\cursor\looklook\node_modules\ffmpeg-static\ffmpeg.exe -ss 00:00:57 -i D:\Users\Videos\第一次选择\新建文件夹 (2)\test-005.AVI -vframes 1 -s 320x180 -y D:\code\cursor\looklook\userdata\thumbnails\1748066423859-RDpcVXNl.jpg
2025-05-24T06:00:23.593Z [LOG] 直接ffmpeg成功生成缩略图: D:\code\cursor\looklook\userdata\thumbnails\1748066423859-RDpcVXNl.jpg
2025-05-24T06:00:23.594Z [LOG] 通过直接ffmpeg命令生成缩略图成功
2025-05-24T06:00:23.594Z [LOG] 保存当前批次的 10 个视频到数据库
2025-05-24T06:00:23.595Z [LOG] 通知渲染进程数据已更新
2025-05-24T06:00:23.595Z [LOG] 处理get-videos请求
2025-05-24T06:00:23.595Z [LOG] 通知渲染进程数据已更新
2025-05-24T06:00:23.596Z [LOG] 通知渲染进程数据已更新
2025-05-24T06:00:23.597Z [LOG] 处理get-videos请求
2025-05-24T06:00:23.597Z [LOG] 处理get-videos请求
2025-05-24T06:00:23.597Z [LOG] 通知渲染进程数据已更新
2025-05-24T06:00:23.598Z [LOG] 通知渲染进程数据已更新
2025-05-24T06:00:23.598Z [LOG] 处理get-videos请求
2025-05-24T06:00:23.599Z [LOG] 处理get-videos请求
2025-05-24T06:00:23.599Z [LOG] 通知渲染进程数据已更新
2025-05-24T06:00:23.600Z [LOG] 通知渲染进程数据已更新
2025-05-24T06:00:23.601Z [LOG] 通知渲染进程数据已更新
2025-05-24T06:00:23.601Z [LOG] 处理get-videos请求
2025-05-24T06:00:23.602Z [LOG] 通知渲染进程数据已更新
2025-05-24T06:00:23.603Z [LOG] 通知渲染进程数据已更新
2025-05-24T06:00:23.603Z [LOG] 成功保存批次中的 10 个视频到数据库
2025-05-24T06:00:23.606Z [LOG] 处理get-videos请求
2025-05-24T06:00:23.607Z [LOG] 处理get-videos请求
2025-05-24T06:00:23.608Z [LOG] 处理get-videos请求
2025-05-24T06:00:23.608Z [LOG] 处理get-videos请求
2025-05-24T06:00:23.609Z [LOG] 处理get-videos请求
2025-05-24T06:00:26.956Z [LOG] 处理自定义协议请求: app://thumbnail/1748066422078-RDpcVXNl.jpg
2025-05-24T06:00:26.957Z [LOG] 缩略图路径: D:\code\cursor\looklook\userdata\thumbnails\1748066422078-RDpcVXNl.jpg
2025-05-24T06:00:26.958Z [LOG] 处理自定义协议请求: app://thumbnail/1748066421863-RDpcVXNl.jpg
2025-05-24T06:00:26.959Z [LOG] 缩略图路径: D:\code\cursor\looklook\userdata\thumbnails\1748066421863-RDpcVXNl.jpg
2025-05-24T06:00:26.961Z [LOG] 处理自定义协议请求: app://thumbnail/1748066422950-RDpcVXNl.jpg
2025-05-24T06:00:26.962Z [LOG] 缩略图路径: D:\code\cursor\looklook\userdata\thumbnails\1748066422950-RDpcVXNl.jpg
2025-05-24T06:00:26.963Z [LOG] 处理自定义协议请求: app://thumbnail/1748066422257-RDpcVXNl.jpg
2025-05-24T06:00:26.964Z [LOG] 缩略图路径: D:\code\cursor\looklook\userdata\thumbnails\1748066422257-RDpcVXNl.jpg
2025-05-24T06:00:26.965Z [LOG] 处理自定义协议请求: app://thumbnail/1748066423438-RDpcVXNl.jpg
2025-05-24T06:00:26.965Z [LOG] 缩略图路径: D:\code\cursor\looklook\userdata\thumbnails\1748066423438-RDpcVXNl.jpg
2025-05-24T06:00:26.966Z [LOG] 处理自定义协议请求: app://thumbnail/1748066422167-RDpcVXNl.jpg
2025-05-24T06:00:26.966Z [LOG] 缩略图路径: D:\code\cursor\looklook\userdata\thumbnails\1748066422167-RDpcVXNl.jpg
2025-05-24T06:00:26.967Z [LOG] 处理自定义协议请求: app://thumbnail/1748066423524-RDpcVXNl.jpg
2025-05-24T06:00:26.968Z [LOG] 缩略图路径: D:\code\cursor\looklook\userdata\thumbnails\1748066423524-RDpcVXNl.jpg
2025-05-24T06:00:26.968Z [LOG] 处理自定义协议请求: app://thumbnail/1748066422449-RDpcVXNl.jpg
2025-05-24T06:00:26.969Z [LOG] 缩略图路径: D:\code\cursor\looklook\userdata\thumbnails\1748066422449-RDpcVXNl.jpg
2025-05-24T06:00:26.969Z [LOG] 处理自定义协议请求: app://thumbnail/1748066423859-RDpcVXNl.jpg
2025-05-24T06:00:26.970Z [LOG] 缩略图路径: D:\code\cursor\looklook\userdata\thumbnails\1748066423859-RDpcVXNl.jpg
2025-05-24T06:00:28.374Z [LOG] 打开文件选择对话框: {"title":"选择目标文件夹","properties":["openDirectory"]}
2025-05-24T06:00:30.116Z [LOG] 文件选择结果: {"canceled":false,"filePaths":["D:\\Users\\Videos\\第一次选择"]}
2025-05-24T06:00:30.118Z [LOG] 准备移动 9 个视频到 D:\Users\Videos\第一次选择
2025-05-24T06:00:30.119Z [LOG] 使用快速移动: test-001.AVI -> test-001.AVI
2025-05-24T06:00:30.119Z [LOG] 更新视频ID: 1748066422078-RDpcVXNl 的文件路径为: D:\Users\Videos\第一次选择\test-001.AVI
2025-05-24T06:00:30.120Z [LOG] 成功更新 1 条视频记录的文件路径
2025-05-24T06:00:30.185Z [LOG] 使用快速移动: test-002.AVI -> test-002.AVI
2025-05-24T06:00:30.185Z [LOG] 更新视频ID: 1748066421863-RDpcVXNl 的文件路径为: D:\Users\Videos\第一次选择\test-002.AVI
2025-05-24T06:00:30.186Z [LOG] 成功更新 1 条视频记录的文件路径
2025-05-24T06:00:30.247Z [LOG] 使用快速移动: test-003.AVI -> test-003.AVI
2025-05-24T06:00:30.248Z [LOG] 更新视频ID: 1748066422257-RDpcVXNl 的文件路径为: D:\Users\Videos\第一次选择\test-003.AVI
2025-05-24T06:00:30.249Z [LOG] 成功更新 1 条视频记录的文件路径
2025-05-24T06:00:30.310Z [LOG] 使用快速移动: test-004.AVI -> test-004.AVI
2025-05-24T06:00:30.310Z [LOG] 更新视频ID: 1748066422167-RDpcVXNl 的文件路径为: D:\Users\Videos\第一次选择\test-004.AVI
2025-05-24T06:00:30.312Z [LOG] 成功更新 1 条视频记录的文件路径
2025-05-24T06:00:30.372Z [LOG] 使用快速移动: test-005.AVI -> test-005.AVI
2025-05-24T06:00:30.373Z [LOG] 更新视频ID: 1748066422449-RDpcVXNl 的文件路径为: D:\Users\Videos\第一次选择\test-005.AVI
2025-05-24T06:00:30.374Z [LOG] 成功更新 1 条视频记录的文件路径
2025-05-24T06:00:30.433Z [LOG] 使用快速移动: test-003.AVI -> test-003(1).AVI
2025-05-24T06:00:30.434Z [LOG] 更新视频ID: 1748066423438-RDpcVXNl 的文件路径为: D:\Users\Videos\第一次选择\test-003(1).AVI
2025-05-24T06:00:30.436Z [LOG] 成功更新 1 条视频记录的文件路径
2025-05-24T06:00:30.496Z [LOG] 使用快速移动: test-002.AVI -> test-002(1).AVI
2025-05-24T06:00:30.496Z [LOG] 更新视频ID: 1748066422950-RDpcVXNl 的文件路径为: D:\Users\Videos\第一次选择\test-002(1).AVI
2025-05-24T06:00:30.497Z [LOG] 成功更新 1 条视频记录的文件路径
2025-05-24T06:00:30.558Z [LOG] 使用快速移动: test-004.AVI -> test-004(1).AVI
2025-05-24T06:00:30.558Z [LOG] 更新视频ID: 1748066423524-RDpcVXNl 的文件路径为: D:\Users\Videos\第一次选择\test-004(1).AVI
2025-05-24T06:00:30.559Z [LOG] 成功更新 1 条视频记录的文件路径
2025-05-24T06:00:30.622Z [LOG] 使用快速移动: test-005.AVI -> test-005(1).AVI
2025-05-24T06:00:30.622Z [LOG] 更新视频ID: 1748066423859-RDpcVXNl 的文件路径为: D:\Users\Videos\第一次选择\test-005(1).AVI
2025-05-24T06:00:30.624Z [LOG] 成功更新 1 条视频记录的文件路径
2025-05-24T06:00:30.683Z [LOG] 移动完成: 总共 9 个视频，成功 9 个，失败 0 个
2025-05-24T06:00:30.684Z [LOG] 处理get-videos请求
2025-05-24T06:01:08.719Z [LOG] 处理get-enum-values请求: collection
2025-05-24T06:01:08.720Z [LOG] 处理get-enum-values请求: actors
2025-05-24T06:02:08.714Z [LOG] 处理get-enum-values请求: collection
2025-05-24T06:02:08.714Z [LOG] 处理get-enum-values请求: actors
2025-05-24T06:03:09.717Z [LOG] 处理get-enum-values请求: collection
2025-05-24T06:03:09.717Z [LOG] 处理get-enum-values请求: actors
2025-05-24T06:04:10.721Z [LOG] 处理get-enum-values请求: collection
2025-05-24T06:04:10.722Z [LOG] 处理get-enum-values请求: actors
2025-05-24T06:05:11.712Z [LOG] 处理get-enum-values请求: collection
2025-05-24T06:05:11.713Z [LOG] 处理get-enum-values请求: actors
2025-05-24T06:06:12.723Z [LOG] 处理get-enum-values请求: collection
2025-05-24T06:06:12.724Z [LOG] 处理get-enum-values请求: actors
2025-05-24T06:07:13.707Z [LOG] 处理get-enum-values请求: collection
2025-05-24T06:07:13.708Z [LOG] 处理get-enum-values请求: actors
2025-05-24T06:08:14.712Z [LOG] 处理get-enum-values请求: collection
2025-05-24T06:08:14.714Z [LOG] 处理get-enum-values请求: actors
2025-05-24T06:09:15.717Z [LOG] 处理get-enum-values请求: collection
2025-05-24T06:09:15.718Z [LOG] 处理get-enum-values请求: actors
2025-05-24T06:09:27.911Z [LOG] 处理自定义协议请求: app://thumbnail/1748066422078-RDpcVXNl.jpg
2025-05-24T06:09:27.912Z [LOG] 缩略图路径: D:\code\cursor\looklook\userdata\thumbnails\1748066422078-RDpcVXNl.jpg
2025-05-24T06:09:27.913Z [LOG] 处理自定义协议请求: app://thumbnail/1748066421863-RDpcVXNl.jpg
2025-05-24T06:09:27.913Z [LOG] 缩略图路径: D:\code\cursor\looklook\userdata\thumbnails\1748066421863-RDpcVXNl.jpg
2025-05-24T06:09:27.913Z [LOG] 处理自定义协议请求: app://thumbnail/1748066422950-RDpcVXNl.jpg
2025-05-24T06:09:27.914Z [LOG] 缩略图路径: D:\code\cursor\looklook\userdata\thumbnails\1748066422950-RDpcVXNl.jpg
2025-05-24T06:09:27.914Z [LOG] 处理自定义协议请求: app://thumbnail/1748066422257-RDpcVXNl.jpg
2025-05-24T06:09:27.914Z [LOG] 缩略图路径: D:\code\cursor\looklook\userdata\thumbnails\1748066422257-RDpcVXNl.jpg
2025-05-24T06:09:27.915Z [LOG] 处理自定义协议请求: app://thumbnail/1748066423438-RDpcVXNl.jpg
2025-05-24T06:09:27.915Z [LOG] 缩略图路径: D:\code\cursor\looklook\userdata\thumbnails\1748066423438-RDpcVXNl.jpg
2025-05-24T06:09:27.915Z [LOG] 处理自定义协议请求: app://thumbnail/1748066422167-RDpcVXNl.jpg
2025-05-24T06:09:27.916Z [LOG] 缩略图路径: D:\code\cursor\looklook\userdata\thumbnails\1748066422167-RDpcVXNl.jpg
2025-05-24T06:09:27.916Z [LOG] 处理自定义协议请求: app://thumbnail/1748066423524-RDpcVXNl.jpg
2025-05-24T06:09:27.916Z [LOG] 缩略图路径: D:\code\cursor\looklook\userdata\thumbnails\1748066423524-RDpcVXNl.jpg
2025-05-24T06:09:27.916Z [LOG] 处理自定义协议请求: app://thumbnail/1748066422449-RDpcVXNl.jpg
2025-05-24T06:09:27.917Z [LOG] 缩略图路径: D:\code\cursor\looklook\userdata\thumbnails\1748066422449-RDpcVXNl.jpg
2025-05-24T06:09:27.917Z [LOG] 处理自定义协议请求: app://thumbnail/1748066423859-RDpcVXNl.jpg
2025-05-24T06:09:27.918Z [LOG] 缩略图路径: D:\code\cursor\looklook\userdata\thumbnails\1748066423859-RDpcVXNl.jpg
2025-05-24T06:09:29.843Z [LOG] 删除视频ID: 1748066422078-RDpcVXNl
2025-05-24T06:09:29.846Z [LOG] 通知渲染进程数据已更新
2025-05-24T06:09:29.849Z [LOG] 处理get-videos请求
2025-05-24T06:09:29.850Z [LOG] 删除缩略图: app://thumbnail/1748066422078-RDpcVXNl.jpg
2025-05-24T06:09:29.851Z [LOG] 缩略图已成功删除: D:\code\cursor\looklook\userdata\thumbnails\1748066422078-RDpcVXNl.jpg
2025-05-24T06:09:29.855Z [LOG] 删除视频ID: 1748066421863-RDpcVXNl
2025-05-24T06:09:29.856Z [LOG] 通知渲染进程数据已更新
2025-05-24T06:09:29.857Z [LOG] 处理get-videos请求
2025-05-24T06:09:29.857Z [LOG] 删除缩略图: app://thumbnail/1748066421863-RDpcVXNl.jpg
2025-05-24T06:09:29.858Z [LOG] 缩略图已成功删除: D:\code\cursor\looklook\userdata\thumbnails\1748066421863-RDpcVXNl.jpg
2025-05-24T06:09:29.859Z [LOG] 删除视频ID: 1748066422257-RDpcVXNl
2025-05-24T06:09:29.861Z [LOG] 通知渲染进程数据已更新
2025-05-24T06:09:29.861Z [LOG] 处理get-videos请求
2025-05-24T06:09:29.862Z [LOG] 删除缩略图: app://thumbnail/1748066422257-RDpcVXNl.jpg
2025-05-24T06:09:29.862Z [LOG] 缩略图已成功删除: D:\code\cursor\looklook\userdata\thumbnails\1748066422257-RDpcVXNl.jpg
2025-05-24T06:09:29.863Z [LOG] 删除视频ID: 1748066422167-RDpcVXNl
2025-05-24T06:09:29.864Z [LOG] 通知渲染进程数据已更新
2025-05-24T06:09:29.864Z [LOG] 处理get-videos请求
2025-05-24T06:09:29.865Z [LOG] 删除缩略图: app://thumbnail/1748066422167-RDpcVXNl.jpg
2025-05-24T06:09:29.865Z [LOG] 缩略图已成功删除: D:\code\cursor\looklook\userdata\thumbnails\1748066422167-RDpcVXNl.jpg
2025-05-24T06:09:29.866Z [LOG] 删除视频ID: 1748066422449-RDpcVXNl
2025-05-24T06:09:29.867Z [LOG] 通知渲染进程数据已更新
2025-05-24T06:09:29.875Z [LOG] 处理get-videos请求
2025-05-24T06:09:29.875Z [LOG] 删除缩略图: app://thumbnail/1748066422449-RDpcVXNl.jpg
2025-05-24T06:09:29.876Z [LOG] 缩略图已成功删除: D:\code\cursor\looklook\userdata\thumbnails\1748066422449-RDpcVXNl.jpg
2025-05-24T06:09:29.881Z [LOG] 删除视频ID: 1748066423438-RDpcVXNl
2025-05-24T06:09:29.882Z [LOG] 通知渲染进程数据已更新
2025-05-24T06:09:29.885Z [LOG] 处理get-videos请求
2025-05-24T06:09:29.885Z [LOG] 删除缩略图: app://thumbnail/1748066423438-RDpcVXNl.jpg
2025-05-24T06:09:29.886Z [LOG] 缩略图已成功删除: D:\code\cursor\looklook\userdata\thumbnails\1748066423438-RDpcVXNl.jpg
2025-05-24T06:09:29.891Z [LOG] 删除视频ID: 1748066422950-RDpcVXNl
2025-05-24T06:09:29.892Z [LOG] 通知渲染进程数据已更新
2025-05-24T06:09:29.893Z [LOG] 处理get-videos请求
2025-05-24T06:09:29.893Z [LOG] 删除缩略图: app://thumbnail/1748066422950-RDpcVXNl.jpg
2025-05-24T06:09:29.894Z [LOG] 缩略图已成功删除: D:\code\cursor\looklook\userdata\thumbnails\1748066422950-RDpcVXNl.jpg
2025-05-24T06:09:29.894Z [LOG] 删除视频ID: 1748066423524-RDpcVXNl
2025-05-24T06:09:29.895Z [LOG] 通知渲染进程数据已更新
2025-05-24T06:09:29.895Z [LOG] 处理get-videos请求
2025-05-24T06:09:29.896Z [LOG] 删除缩略图: app://thumbnail/1748066423524-RDpcVXNl.jpg
2025-05-24T06:09:29.896Z [LOG] 缩略图已成功删除: D:\code\cursor\looklook\userdata\thumbnails\1748066423524-RDpcVXNl.jpg
2025-05-24T06:09:29.896Z [LOG] 删除视频ID: 1748066423859-RDpcVXNl
2025-05-24T06:09:29.897Z [LOG] 通知渲染进程数据已更新
2025-05-24T06:09:29.897Z [LOG] 处理get-videos请求
2025-05-24T06:09:29.898Z [LOG] 删除缩略图: app://thumbnail/1748066423859-RDpcVXNl.jpg
2025-05-24T06:09:29.898Z [LOG] 缩略图已成功删除: D:\code\cursor\looklook\userdata\thumbnails\1748066423859-RDpcVXNl.jpg
2025-05-24T06:09:50.769Z 日志开始 - 2025-05-24T06:09:50.768Z - 应用版本: 2.1.2 - 运行环境: 开发环境
2025-05-24T06:09:50.770Z 系统信息: win32 x64 - Node.js 18.18.2
2025-05-24T06:09:50.770Z App路径: D:\code\cursor\looklook
2025-05-24T06:09:50.770Z 可执行文件路径: D:\code\cursor\looklook\node_modules\electron\dist\electron.exe
2025-05-24T06:09:50.770Z [LOG] 日志文件已创建: D:\code\cursor\looklook\userdata\logs\app-2025-05-24.log
2025-05-24T06:09:50.771Z [ERROR] 设置控制台编码失败: process.stdout.setEncoding is not a function
2025-05-24T06:09:50.771Z [LOG] 应用准备就绪
2025-05-24T06:09:50.771Z [ENV] 运行模式: 开发环境
2025-05-24T06:09:50.771Z [ENV] 应用路径: D:\code\cursor\looklook
2025-05-24T06:09:50.772Z [ENV] 可执行文件路径: D:\code\cursor\looklook\node_modules\electron\dist\electron.exe
2025-05-24T06:09:50.772Z [ENV] 用户数据路径: D:\code\cursor\looklook\userdata
2025-05-24T06:09:50.772Z [FFMPEG_COPY] 开发环境中无需复制FFmpeg和FFprobe
2025-05-24T06:09:50.772Z [LOG] 用户数据目录: D:\code\cursor\looklook\userdata
2025-05-24T06:09:50.773Z [LOG] 缩略图目录: D:\code\cursor\looklook\userdata\thumbnails
2025-05-24T06:09:50.773Z [LOG] 设置文件已存在，无需创建默认设置
2025-05-24T06:09:50.776Z [LOG] 打包状态: 开发环境
2025-05-24T06:09:50.776Z [LOG] App Path: D:\code\cursor\looklook
2025-05-24T06:09:50.776Z [LOG] Exe Path: D:\code\cursor\looklook\node_modules\electron\dist\electron.exe
2025-05-24T06:09:50.777Z [LOG] 应用目录: D:\code\cursor\looklook\node_modules\electron\dist
2025-05-24T06:09:50.777Z [LOG] 资源目录: D:\code\cursor\looklook\node_modules\electron\dist\resources
2025-05-24T06:09:50.777Z [TEST] 开始测试FFmpeg和FFprobe可执行性
2025-05-24T06:09:50.777Z [TEST] 打包状态: 开发环境
2025-05-24T06:09:50.777Z [TEST] App路径: D:\code\cursor\looklook
2025-05-24T06:09:50.778Z [TEST] 可执行文件路径: D:\code\cursor\looklook\node_modules\electron\dist\electron.exe
2025-05-24T06:09:50.778Z [TEST] 应用目录: D:\code\cursor\looklook\node_modules\electron\dist
2025-05-24T06:09:50.778Z [TEST] 资源目录: D:\code\cursor\looklook\node_modules\electron\dist\resources
2025-05-24T06:09:50.778Z [LOG] 检查node_modules路径: D:\code\cursor\looklook\node_modules\electron\dist\resources\node_modules, 存在: false
2025-05-24T06:09:50.778Z [TEST] 检查node_modules路径: D:\code\cursor\looklook\node_modules\electron\dist\resources\node_modules, 存在: false
2025-05-24T06:09:50.779Z [LOG] 检查node_modules路径: D:\code\cursor\looklook\node_modules\electron\dist\node_modules, 存在: false
2025-05-24T06:09:50.779Z [TEST] 检查node_modules路径: D:\code\cursor\looklook\node_modules\electron\dist\node_modules, 存在: false
2025-05-24T06:09:50.779Z [LOG] 检查node_modules路径: D:\code\cursor\looklook\node_modules, 存在: true
2025-05-24T06:09:50.779Z [TEST] 检查node_modules路径: D:\code\cursor\looklook\node_modules, 存在: true
2025-05-24T06:09:50.780Z [TEST] D:\code\cursor\looklook\node_modules 中内容: .bin, .package-lock.json, 7zip-bin, @derhuerst, @develar, @electron, @isaacs, @malept, @pkgjs, @sindresorhus, @szmarczak, @tootallnate, @types, @xmldom, agent-base, ajv, ajv-formats, ajv-keywords, ansi-regex, ansi-styles, app-builder-bin, app-builder-lib, archiver, archiver-utils, argparse, async, async-exit-hook, asynckit, at-least-node, atomically, balanced-match, base64-js, binary-search-tree, bl, bluebird, bluebird-lst, boolean, brace-expansion, buffer, buffer-crc32, buffer-equal, buffer-from, builder-util, builder-util-runtime, cacheable-lookup, cacheable-request, call-bind-apply-helpers, caseless, chalk, chownr, chromium-pickle-js, ci-info, cliui, clone-response, color-convert, color-name, combined-stream, commander, compare-version, compress-commons, concat-map, concat-stream, conf, config-file-ts, core-util-is, crc-32, crc32-stream, cross-spawn, debounce-fn, debug, decompress-response, defer-to-connect, define-data-property, define-properties, delayed-stream, detect-node, dir-compare, dmg-builder, dot-prop, dotenv, dotenv-expand, dunder-proto, eastasianwidth, ejs, electron, electron-builder, electron-builder-squirrel-windows, electron-publish, electron-store, emoji-regex, end-of-stream, env-paths, err-code, es-define-property, es-errors, es-object-atoms, es-set-tostringtag, es6-error, escalade, escape-string-regexp, extract-zip, fast-deep-equal, fast-json-stable-stringify, fast-uri, fd-slicer, ffmpeg-static, ffprobe-static, filelist, fluent-ffmpeg, foreground-child, form-data, fs-constants, fs-extra, fs-minipass, fs.realpath, function-bind, get-caller-file, get-intrinsic, get-proto, get-stream, glob, global-agent, globalthis, gopd, got, graceful-fs, has-flag, has-property-descriptors, has-symbols, has-tostringtag, hasown, hosted-git-info, http-cache-semantics, http-proxy-agent, http-response-object, http2-wrapper, https-proxy-agent, iconv-lite, ieee754, immediate, inflight, inherits, is-ci, is-fullwidth-code-point, isarray, isbinaryfile, isexe, jackspeak, jake, js-yaml, json-buffer, json-schema-traverse, json-schema-typed, json-stringify-safe, json5, jsonfile, keyv, lazy-val, lazystream, lie, localforage, lodash, lodash.defaults, lodash.difference, lodash.flatten, lodash.isplainobject, lodash.union, lowercase-keys, lru-cache, matcher, math-intrinsics, mime, mime-db, mime-types, mimic-function, mimic-response, minimatch, minimist, minipass, minizlib, mkdirp, ms, nedb, normalize-path, normalize-url, object-keys, once, p-cancelable, package-json-from-dist, parse-cache-control, path-is-absolute, path-key, path-scurry, pend, plist, process-nextick-args, progress, promise-retry, pump, punycode, quick-lru, read-config-file, readable-stream, readdir-glob, require-directory, require-from-string, resolve-alpn, responselike, retry, rimraf, roarr, safe-buffer, safer-buffer, sanitize-filename, sax, semver, semver-compare, serialize-error, shebang-command, shebang-regex, signal-exit, simple-update-notifier, source-map, source-map-support, sprintf-js, stat-mode, string-width, string-width-cjs, string_decoder, strip-ansi, strip-ansi-cjs, stubborn-fs, sumchecker, supports-color, tar, tar-stream, temp-file, tmp, tmp-promise, truncate-utf8-bytes, type-fest, typedarray, typescript, uint8array-extras, underscore, undici-types, universalify, uri-js, utf8-byte-length, util-deprecate, when-exit, which, wrap-ansi, wrap-ansi-cjs, wrappy, xmlbuilder, y18n, yallist, yargs, yargs-parser, yauzl, zip-stream
2025-05-24T06:09:50.780Z [TEST] ffmpeg-static存在于 D:\code\cursor\looklook\node_modules\ffmpeg-static
2025-05-24T06:09:50.780Z [TEST] ffmpeg-static内容: example.js, ffmpeg.exe, index.js, install.js, LICENSE, package.json, README.md, types
2025-05-24T06:09:50.780Z [TEST] ffprobe-static存在于 D:\code\cursor\looklook\node_modules\ffprobe-static
2025-05-24T06:09:50.780Z [TEST] ffprobe-static内容: bin, index.js, LICENSE, package.json, README.md, tests
2025-05-24T06:09:50.780Z [TEST] ffprobe-static/bin内容: darwin, linux, win32
2025-05-24T06:09:50.781Z [TEST] ffprobe-static/bin/win32内容: ia32, x64
2025-05-24T06:09:50.781Z [TEST] ffprobe-static/bin/win32/x64内容: ffprobe.exe
2025-05-24T06:09:50.781Z [LOG] 测试FFmpeg可执行性...
2025-05-24T06:09:50.781Z [TEST] 开始测试FFmpeg可执行性
2025-05-24T06:09:50.782Z [LOG] FFmpeg文件存在: D:\code\cursor\looklook\node_modules\ffmpeg-static\ffmpeg.exe
2025-05-24T06:09:50.782Z [TEST] FFmpeg文件存在: D:\code\cursor\looklook\node_modules\ffmpeg-static\ffmpeg.exe
2025-05-24T06:09:50.782Z [LOG] FFmpeg有执行权限
2025-05-24T06:09:50.782Z [TEST] FFmpeg有执行权限
2025-05-24T06:09:50.817Z [LOG] 测试FFprobe可执行性...
2025-05-24T06:09:50.817Z [LOG] FFprobe文件存在: D:\code\cursor\looklook\node_modules\ffprobe-static\bin\win32\x64\ffprobe.exe
2025-05-24T06:09:50.818Z [LOG] FFprobe有执行权限
2025-05-24T06:09:50.878Z [LOG] 注册IPC事件处理程序...
2025-05-24T06:09:50.879Z [LOG] IPC事件处理程序注册完成
2025-05-24T06:09:50.884Z [LOG] FFprobe执行测试成功: ffprobe version 4.0.2 Copyright (c) 2007-2018 the FFmpeg developers
2025-05-24T06:09:50.885Z [LOG] FFmpeg执行测试成功: ffmpeg version 7.1.1-essentials_build-www.gyan.dev Copyright (c) 2000-2025 the FFmpeg developers
2025-05-24T06:09:50.885Z [TEST] FFmpeg执行测试成功: ffmpeg version 7.1.1-essentials_build-www.gyan.dev Copyright (c) 2000-2025 the FFmpeg developers
2025-05-24T06:09:50.885Z [LOG] FFprobe执行测试成功: ffprobe version 4.0.2 Copyright (c) 2007-2018 the FFmpeg developers
2025-05-24T06:09:50.886Z [LOG] FFmpeg执行测试成功: ffmpeg version 7.1.1-essentials_build-www.gyan.dev Copyright (c) 2000-2025 the FFmpeg developers
2025-05-24T06:09:50.886Z [TEST] FFmpeg执行测试成功: ffmpeg version 7.1.1-essentials_build-www.gyan.dev Copyright (c) 2000-2025 the FFmpeg developers
2025-05-24T06:09:50.907Z [LOG] 已加载 0 个视频记录
2025-05-24T06:09:50.908Z [LOG] 没有视频数据，无需清理重复
2025-05-24T06:09:50.909Z [LOG] 已加载枚举值[collection]: 4个
2025-05-24T06:09:50.909Z [LOG] 已加载枚举值[actors]: 0个
2025-05-24T06:09:50.910Z [LOG] 没有视频数据，无需检查文件存在性
2025-05-24T06:09:50.910Z [LOG] 数据库模块初始化完成
2025-05-24T06:09:51.038Z [LOG] 处理get-videos请求
2025-05-24T06:09:51.041Z [LOG] 处理get-enum-values请求: collection
2025-05-24T06:09:51.041Z [LOG] 处理get-enum-values请求: actors
2025-05-24T06:09:51.047Z [LOG] 处理get-enum-values请求: collection
2025-05-24T06:09:51.051Z [LOG] 处理get-enum-values请求: actors
2025-05-24T06:09:54.654Z [LOG] 处理import-folder请求
2025-05-24T06:09:55.873Z [LOG] 用户选择了文件夹: D:\Users\Videos\第一次选择
2025-05-24T06:09:55.874Z [LOG] 开始搜索文件夹 D:\Users\Videos\第一次选择 中的视频文件
2025-05-24T06:09:55.874Z [LOG] 搜索文件夹: D:\Users\Videos\第一次选择
2025-05-24T06:09:55.875Z [LOG] 搜索文件夹: D:\Users\Videos\第一次选择\新建文件夹
2025-05-24T06:09:55.875Z [LOG] 搜索文件夹: D:\Users\Videos\第一次选择\新建文件夹 (2)
2025-05-24T06:09:55.876Z [LOG] 在文件夹中找到 10 个视频文件
2025-05-24T06:09:55.876Z [LOG] 当前数据库中有 0 个视频记录
2025-05-24T06:09:55.876Z [LOG] 其中新增视频 10 个，重复视频 0 个
2025-05-24T06:09:55.877Z [LOG] 设置已加载
2025-05-24T06:09:55.877Z [LOG] 获取视频分辨率: D:\Users\Videos\第一次选择\新建文件夹\test-001.AVI
2025-05-24T06:09:55.877Z [MAIN] 开始获取视频分辨率: D:\Users\Videos\第一次选择\新建文件夹\test-001.AVI
2025-05-24T06:09:55.878Z [LOG] 直接获取视频分辨率
2025-05-24T06:09:55.878Z [RESOLUTION] 开始获取视频分辨率: D:\Users\Videos\第一次选择\新建文件夹\test-001.AVI
2025-05-24T06:09:55.878Z [PATH] 尝试获取FFprobe路径
2025-05-24T06:09:55.878Z [LOG] 使用配置的FFprobe路径: D:\code\cursor\looklook\node_modules\ffprobe-static\bin\win32\x64\ffprobe.exe
2025-05-24T06:09:55.878Z [PATH] 使用配置的FFprobe路径: D:\code\cursor\looklook\node_modules\ffprobe-static\bin\win32\x64\ffprobe.exe
2025-05-24T06:09:55.879Z [RESOLUTION] 在开发环境中使用ffprobe路径: D:\code\cursor\looklook\node_modules\ffprobe-static\bin\win32\x64\ffprobe.exe
2025-05-24T06:09:55.879Z [RESOLUTION] 检查ffprobe可执行文件是否存在: true
2025-05-24T06:09:55.879Z [LOG] 执行命令: "D:\code\cursor\looklook\node_modules\ffprobe-static\bin\win32\x64\ffprobe.exe" -v error -select_streams v:0 -show_entries stream=width,height -of csv=s=x:p=0 "D:\Users\Videos\第一次选择\新建文件夹\test-001.AVI"
2025-05-24T06:09:55.879Z [RESOLUTION] 开始执行命令获取分辨率: "D:\code\cursor\looklook\node_modules\ffprobe-static\bin\win32\x64\ffprobe.exe" -v error -select_streams v:0 -show_entries stream=width,height -of csv=s=x:p=0 "D:\Users\Videos\第一次选择\新建文件夹\test-001.AVI"
2025-05-24T06:09:55.942Z [RESOLUTION] 命令输出: "320x240"
2025-05-24T06:09:55.942Z [LOG] 成功解析分辨率: 320×240
2025-05-24T06:09:55.943Z [RESOLUTION] 成功解析分辨率: 320×240
2025-05-24T06:09:55.943Z [LOG] 获取视频时长: D:\Users\Videos\第一次选择\新建文件夹\test-001.AVI
2025-05-24T06:09:55.943Z [MAIN] 开始获取视频时长: D:\Users\Videos\第一次选择\新建文件夹\test-001.AVI
2025-05-24T06:09:55.944Z [LOG] 直接获取视频时长
2025-05-24T06:09:55.944Z [DURATION] 开始获取视频时长: D:\Users\Videos\第一次选择\新建文件夹\test-001.AVI
2025-05-24T06:09:55.944Z [PATH] 尝试获取FFprobe路径
2025-05-24T06:09:55.944Z [LOG] 使用配置的FFprobe路径: D:\code\cursor\looklook\node_modules\ffprobe-static\bin\win32\x64\ffprobe.exe
2025-05-24T06:09:55.944Z [PATH] 使用配置的FFprobe路径: D:\code\cursor\looklook\node_modules\ffprobe-static\bin\win32\x64\ffprobe.exe
2025-05-24T06:09:55.944Z [DURATION] 在开发环境中使用ffprobe路径: D:\code\cursor\looklook\node_modules\ffprobe-static\bin\win32\x64\ffprobe.exe
2025-05-24T06:09:55.944Z [DURATION] 检查ffprobe可执行文件是否存在: true
2025-05-24T06:09:55.945Z [LOG] 执行命令: "D:\code\cursor\looklook\node_modules\ffprobe-static\bin\win32\x64\ffprobe.exe" -v error -show_entries format=duration -of default=noprint_wrappers=1:nokey=1 "D:\Users\Videos\第一次选择\新建文件夹\test-001.AVI"
2025-05-24T06:09:55.945Z [DURATION] 开始执行命令获取时长: "D:\code\cursor\looklook\node_modules\ffprobe-static\bin\win32\x64\ffprobe.exe" -v error -show_entries format=duration -of default=noprint_wrappers=1:nokey=1 "D:\Users\Videos\第一次选择\新建文件夹\test-001.AVI"
2025-05-24T06:09:56.007Z [DURATION] 命令输出: "125.952000"
2025-05-24T06:09:56.008Z [LOG] 成功解析时长: 00:02:05
2025-05-24T06:09:56.008Z [DURATION] 成功解析时长: 00:02:05
2025-05-24T06:09:56.008Z [LOG] 开始生成缩略图，视频路径: D:\Users\Videos\第一次选择\新建文件夹\test-001.AVI
2025-05-24T06:09:56.009Z [LOG] 缩略图输出路径: D:\code\cursor\looklook\userdata\thumbnails\1748066996130-RDpcVXNl.jpg
2025-05-24T06:09:56.009Z [LOG] 生成随机时间点: 00:00:15
2025-05-24T06:09:56.010Z [LOG] 使用直接命令行ffmpeg生成缩略图
2025-05-24T06:09:56.010Z [PATH] 尝试获取FFmpeg路径
2025-05-24T06:09:56.010Z [LOG] 使用配置的FFmpeg路径: D:\code\cursor\looklook\node_modules\ffmpeg-static\ffmpeg.exe
2025-05-24T06:09:56.010Z [PATH] 使用配置的FFmpeg路径: D:\code\cursor\looklook\node_modules\ffmpeg-static\ffmpeg.exe
2025-05-24T06:09:56.010Z [LOG] 将使用时间点 00:00:15 生成缩略图
2025-05-24T06:09:56.011Z [LOG] 执行命令: D:\code\cursor\looklook\node_modules\ffmpeg-static\ffmpeg.exe -ss 00:00:15 -i D:\Users\Videos\第一次选择\新建文件夹\test-001.AVI -vframes 1 -s 320x180 -y D:\code\cursor\looklook\userdata\thumbnails\1748066996130-RDpcVXNl.jpg
2025-05-24T06:09:56.085Z [LOG] 直接ffmpeg成功生成缩略图: D:\code\cursor\looklook\userdata\thumbnails\1748066996130-RDpcVXNl.jpg
2025-05-24T06:09:56.085Z [LOG] 通过直接ffmpeg命令生成缩略图成功
2025-05-24T06:09:56.086Z [LOG] 设置已加载
2025-05-24T06:09:56.086Z [LOG] 获取视频分辨率: D:\Users\Videos\第一次选择\新建文件夹\test-002.AVI
2025-05-24T06:09:56.086Z [MAIN] 开始获取视频分辨率: D:\Users\Videos\第一次选择\新建文件夹\test-002.AVI
2025-05-24T06:09:56.086Z [LOG] 直接获取视频分辨率
2025-05-24T06:09:56.086Z [RESOLUTION] 开始获取视频分辨率: D:\Users\Videos\第一次选择\新建文件夹\test-002.AVI
2025-05-24T06:09:56.086Z [PATH] 尝试获取FFprobe路径
2025-05-24T06:09:56.087Z [LOG] 使用配置的FFprobe路径: D:\code\cursor\looklook\node_modules\ffprobe-static\bin\win32\x64\ffprobe.exe
2025-05-24T06:09:56.087Z [PATH] 使用配置的FFprobe路径: D:\code\cursor\looklook\node_modules\ffprobe-static\bin\win32\x64\ffprobe.exe
2025-05-24T06:09:56.087Z [RESOLUTION] 在开发环境中使用ffprobe路径: D:\code\cursor\looklook\node_modules\ffprobe-static\bin\win32\x64\ffprobe.exe
2025-05-24T06:09:56.087Z [RESOLUTION] 检查ffprobe可执行文件是否存在: true
2025-05-24T06:09:56.087Z [LOG] 执行命令: "D:\code\cursor\looklook\node_modules\ffprobe-static\bin\win32\x64\ffprobe.exe" -v error -select_streams v:0 -show_entries stream=width,height -of csv=s=x:p=0 "D:\Users\Videos\第一次选择\新建文件夹\test-002.AVI"
2025-05-24T06:09:56.088Z [RESOLUTION] 开始执行命令获取分辨率: "D:\code\cursor\looklook\node_modules\ffprobe-static\bin\win32\x64\ffprobe.exe" -v error -select_streams v:0 -show_entries stream=width,height -of csv=s=x:p=0 "D:\Users\Videos\第一次选择\新建文件夹\test-002.AVI"
2025-05-24T06:09:56.150Z [RESOLUTION] 命令输出: "320x240"
2025-05-24T06:09:56.151Z [LOG] 成功解析分辨率: 320×240
2025-05-24T06:09:56.151Z [RESOLUTION] 成功解析分辨率: 320×240
2025-05-24T06:09:56.151Z [LOG] 获取视频时长: D:\Users\Videos\第一次选择\新建文件夹\test-002.AVI
2025-05-24T06:09:56.151Z [MAIN] 开始获取视频时长: D:\Users\Videos\第一次选择\新建文件夹\test-002.AVI
2025-05-24T06:09:56.152Z [LOG] 直接获取视频时长
2025-05-24T06:09:56.152Z [DURATION] 开始获取视频时长: D:\Users\Videos\第一次选择\新建文件夹\test-002.AVI
2025-05-24T06:09:56.152Z [PATH] 尝试获取FFprobe路径
2025-05-24T06:09:56.152Z [LOG] 使用配置的FFprobe路径: D:\code\cursor\looklook\node_modules\ffprobe-static\bin\win32\x64\ffprobe.exe
2025-05-24T06:09:56.152Z [PATH] 使用配置的FFprobe路径: D:\code\cursor\looklook\node_modules\ffprobe-static\bin\win32\x64\ffprobe.exe
2025-05-24T06:09:56.152Z [DURATION] 在开发环境中使用ffprobe路径: D:\code\cursor\looklook\node_modules\ffprobe-static\bin\win32\x64\ffprobe.exe
2025-05-24T06:09:56.152Z [DURATION] 检查ffprobe可执行文件是否存在: true
2025-05-24T06:09:56.153Z [LOG] 执行命令: "D:\code\cursor\looklook\node_modules\ffprobe-static\bin\win32\x64\ffprobe.exe" -v error -show_entries format=duration -of default=noprint_wrappers=1:nokey=1 "D:\Users\Videos\第一次选择\新建文件夹\test-002.AVI"
2025-05-24T06:09:56.153Z [DURATION] 开始执行命令获取时长: "D:\code\cursor\looklook\node_modules\ffprobe-static\bin\win32\x64\ffprobe.exe" -v error -show_entries format=duration -of default=noprint_wrappers=1:nokey=1 "D:\Users\Videos\第一次选择\新建文件夹\test-002.AVI"
2025-05-24T06:09:56.216Z [DURATION] 命令输出: "125.952000"
2025-05-24T06:09:56.217Z [LOG] 成功解析时长: 00:02:05
2025-05-24T06:09:56.217Z [DURATION] 成功解析时长: 00:02:05
2025-05-24T06:09:56.217Z [LOG] 开始生成缩略图，视频路径: D:\Users\Videos\第一次选择\新建文件夹\test-002.AVI
2025-05-24T06:09:56.218Z [LOG] 缩略图输出路径: D:\code\cursor\looklook\userdata\thumbnails\1748066996336-RDpcVXNl.jpg
2025-05-24T06:09:56.218Z [LOG] 生成随机时间点: 00:00:20
2025-05-24T06:09:56.218Z [LOG] 使用直接命令行ffmpeg生成缩略图
2025-05-24T06:09:56.218Z [PATH] 尝试获取FFmpeg路径
2025-05-24T06:09:56.218Z [LOG] 使用配置的FFmpeg路径: D:\code\cursor\looklook\node_modules\ffmpeg-static\ffmpeg.exe
2025-05-24T06:09:56.219Z [PATH] 使用配置的FFmpeg路径: D:\code\cursor\looklook\node_modules\ffmpeg-static\ffmpeg.exe
2025-05-24T06:09:56.219Z [LOG] 将使用时间点 00:00:20 生成缩略图
2025-05-24T06:09:56.219Z [LOG] 执行命令: D:\code\cursor\looklook\node_modules\ffmpeg-static\ffmpeg.exe -ss 00:00:20 -i D:\Users\Videos\第一次选择\新建文件夹\test-002.AVI -vframes 1 -s 320x180 -y D:\code\cursor\looklook\userdata\thumbnails\1748066996336-RDpcVXNl.jpg
2025-05-24T06:09:56.298Z [LOG] 直接ffmpeg成功生成缩略图: D:\code\cursor\looklook\userdata\thumbnails\1748066996336-RDpcVXNl.jpg
2025-05-24T06:09:56.299Z [LOG] 通过直接ffmpeg命令生成缩略图成功
2025-05-24T06:09:56.299Z [LOG] 设置已加载
2025-05-24T06:09:56.299Z [LOG] 获取视频分辨率: D:\Users\Videos\第一次选择\新建文件夹\test-003.AVI
2025-05-24T06:09:56.300Z [MAIN] 开始获取视频分辨率: D:\Users\Videos\第一次选择\新建文件夹\test-003.AVI
2025-05-24T06:09:56.300Z [LOG] 直接获取视频分辨率
2025-05-24T06:09:56.300Z [RESOLUTION] 开始获取视频分辨率: D:\Users\Videos\第一次选择\新建文件夹\test-003.AVI
2025-05-24T06:09:56.300Z [PATH] 尝试获取FFprobe路径
2025-05-24T06:09:56.300Z [LOG] 使用配置的FFprobe路径: D:\code\cursor\looklook\node_modules\ffprobe-static\bin\win32\x64\ffprobe.exe
2025-05-24T06:09:56.300Z [PATH] 使用配置的FFprobe路径: D:\code\cursor\looklook\node_modules\ffprobe-static\bin\win32\x64\ffprobe.exe
2025-05-24T06:09:56.300Z [RESOLUTION] 在开发环境中使用ffprobe路径: D:\code\cursor\looklook\node_modules\ffprobe-static\bin\win32\x64\ffprobe.exe
2025-05-24T06:09:56.301Z [RESOLUTION] 检查ffprobe可执行文件是否存在: true
2025-05-24T06:09:56.301Z [LOG] 执行命令: "D:\code\cursor\looklook\node_modules\ffprobe-static\bin\win32\x64\ffprobe.exe" -v error -select_streams v:0 -show_entries stream=width,height -of csv=s=x:p=0 "D:\Users\Videos\第一次选择\新建文件夹\test-003.AVI"
2025-05-24T06:09:56.301Z [RESOLUTION] 开始执行命令获取分辨率: "D:\code\cursor\looklook\node_modules\ffprobe-static\bin\win32\x64\ffprobe.exe" -v error -select_streams v:0 -show_entries stream=width,height -of csv=s=x:p=0 "D:\Users\Videos\第一次选择\新建文件夹\test-003.AVI"
2025-05-24T06:09:56.364Z [RESOLUTION] 命令输出: "320x240"
2025-05-24T06:09:56.365Z [LOG] 成功解析分辨率: 320×240
2025-05-24T06:09:56.365Z [RESOLUTION] 成功解析分辨率: 320×240
2025-05-24T06:09:56.365Z [LOG] 获取视频时长: D:\Users\Videos\第一次选择\新建文件夹\test-003.AVI
2025-05-24T06:09:56.366Z [MAIN] 开始获取视频时长: D:\Users\Videos\第一次选择\新建文件夹\test-003.AVI
2025-05-24T06:09:56.366Z [LOG] 直接获取视频时长
2025-05-24T06:09:56.366Z [DURATION] 开始获取视频时长: D:\Users\Videos\第一次选择\新建文件夹\test-003.AVI
2025-05-24T06:09:56.366Z [PATH] 尝试获取FFprobe路径
2025-05-24T06:09:56.367Z [LOG] 使用配置的FFprobe路径: D:\code\cursor\looklook\node_modules\ffprobe-static\bin\win32\x64\ffprobe.exe
2025-05-24T06:09:56.367Z [PATH] 使用配置的FFprobe路径: D:\code\cursor\looklook\node_modules\ffprobe-static\bin\win32\x64\ffprobe.exe
2025-05-24T06:09:56.367Z [DURATION] 在开发环境中使用ffprobe路径: D:\code\cursor\looklook\node_modules\ffprobe-static\bin\win32\x64\ffprobe.exe
2025-05-24T06:09:56.367Z [DURATION] 检查ffprobe可执行文件是否存在: true
2025-05-24T06:09:56.368Z [LOG] 执行命令: "D:\code\cursor\looklook\node_modules\ffprobe-static\bin\win32\x64\ffprobe.exe" -v error -show_entries format=duration -of default=noprint_wrappers=1:nokey=1 "D:\Users\Videos\第一次选择\新建文件夹\test-003.AVI"
2025-05-24T06:09:56.368Z [DURATION] 开始执行命令获取时长: "D:\code\cursor\looklook\node_modules\ffprobe-static\bin\win32\x64\ffprobe.exe" -v error -show_entries format=duration -of default=noprint_wrappers=1:nokey=1 "D:\Users\Videos\第一次选择\新建文件夹\test-003.AVI"
2025-05-24T06:09:56.431Z [DURATION] 命令输出: "125.952000"
2025-05-24T06:09:56.432Z [LOG] 成功解析时长: 00:02:05
2025-05-24T06:09:56.432Z [DURATION] 成功解析时长: 00:02:05
2025-05-24T06:09:56.432Z [LOG] 开始生成缩略图，视频路径: D:\Users\Videos\第一次选择\新建文件夹\test-003.AVI
2025-05-24T06:09:56.432Z [LOG] 缩略图输出路径: D:\code\cursor\looklook\userdata\thumbnails\1748066997000-RDpcVXNl.jpg
2025-05-24T06:09:56.433Z [LOG] 生成随机时间点: 00:00:31
2025-05-24T06:09:56.433Z [LOG] 使用直接命令行ffmpeg生成缩略图
2025-05-24T06:09:56.433Z [PATH] 尝试获取FFmpeg路径
2025-05-24T06:09:56.433Z [LOG] 使用配置的FFmpeg路径: D:\code\cursor\looklook\node_modules\ffmpeg-static\ffmpeg.exe
2025-05-24T06:09:56.433Z [PATH] 使用配置的FFmpeg路径: D:\code\cursor\looklook\node_modules\ffmpeg-static\ffmpeg.exe
2025-05-24T06:09:56.434Z [LOG] 将使用时间点 00:00:31 生成缩略图
2025-05-24T06:09:56.434Z [LOG] 执行命令: D:\code\cursor\looklook\node_modules\ffmpeg-static\ffmpeg.exe -ss 00:00:31 -i D:\Users\Videos\第一次选择\新建文件夹\test-003.AVI -vframes 1 -s 320x180 -y D:\code\cursor\looklook\userdata\thumbnails\1748066997000-RDpcVXNl.jpg
2025-05-24T06:09:56.522Z [LOG] 直接ffmpeg成功生成缩略图: D:\code\cursor\looklook\userdata\thumbnails\1748066997000-RDpcVXNl.jpg
2025-05-24T06:09:56.522Z [LOG] 通过直接ffmpeg命令生成缩略图成功
2025-05-24T06:09:56.523Z [LOG] 设置已加载
2025-05-24T06:09:56.523Z [LOG] 获取视频分辨率: D:\Users\Videos\第一次选择\新建文件夹\test-004.AVI
2025-05-24T06:09:56.523Z [MAIN] 开始获取视频分辨率: D:\Users\Videos\第一次选择\新建文件夹\test-004.AVI
2025-05-24T06:09:56.524Z [LOG] 直接获取视频分辨率
2025-05-24T06:09:56.524Z [RESOLUTION] 开始获取视频分辨率: D:\Users\Videos\第一次选择\新建文件夹\test-004.AVI
2025-05-24T06:09:56.524Z [PATH] 尝试获取FFprobe路径
2025-05-24T06:09:56.524Z [LOG] 使用配置的FFprobe路径: D:\code\cursor\looklook\node_modules\ffprobe-static\bin\win32\x64\ffprobe.exe
2025-05-24T06:09:56.524Z [PATH] 使用配置的FFprobe路径: D:\code\cursor\looklook\node_modules\ffprobe-static\bin\win32\x64\ffprobe.exe
2025-05-24T06:09:56.524Z [RESOLUTION] 在开发环境中使用ffprobe路径: D:\code\cursor\looklook\node_modules\ffprobe-static\bin\win32\x64\ffprobe.exe
2025-05-24T06:09:56.524Z [RESOLUTION] 检查ffprobe可执行文件是否存在: true
2025-05-24T06:09:56.525Z [LOG] 执行命令: "D:\code\cursor\looklook\node_modules\ffprobe-static\bin\win32\x64\ffprobe.exe" -v error -select_streams v:0 -show_entries stream=width,height -of csv=s=x:p=0 "D:\Users\Videos\第一次选择\新建文件夹\test-004.AVI"
2025-05-24T06:09:56.525Z [RESOLUTION] 开始执行命令获取分辨率: "D:\code\cursor\looklook\node_modules\ffprobe-static\bin\win32\x64\ffprobe.exe" -v error -select_streams v:0 -show_entries stream=width,height -of csv=s=x:p=0 "D:\Users\Videos\第一次选择\新建文件夹\test-004.AVI"
2025-05-24T06:09:56.588Z [RESOLUTION] 命令输出: "320x240"
2025-05-24T06:09:56.588Z [LOG] 成功解析分辨率: 320×240
2025-05-24T06:09:56.589Z [RESOLUTION] 成功解析分辨率: 320×240
2025-05-24T06:09:56.589Z [LOG] 获取视频时长: D:\Users\Videos\第一次选择\新建文件夹\test-004.AVI
2025-05-24T06:09:56.589Z [MAIN] 开始获取视频时长: D:\Users\Videos\第一次选择\新建文件夹\test-004.AVI
2025-05-24T06:09:56.590Z [LOG] 直接获取视频时长
2025-05-24T06:09:56.590Z [DURATION] 开始获取视频时长: D:\Users\Videos\第一次选择\新建文件夹\test-004.AVI
2025-05-24T06:09:56.590Z [PATH] 尝试获取FFprobe路径
2025-05-24T06:09:56.590Z [LOG] 使用配置的FFprobe路径: D:\code\cursor\looklook\node_modules\ffprobe-static\bin\win32\x64\ffprobe.exe
2025-05-24T06:09:56.590Z [PATH] 使用配置的FFprobe路径: D:\code\cursor\looklook\node_modules\ffprobe-static\bin\win32\x64\ffprobe.exe
2025-05-24T06:09:56.590Z [DURATION] 在开发环境中使用ffprobe路径: D:\code\cursor\looklook\node_modules\ffprobe-static\bin\win32\x64\ffprobe.exe
2025-05-24T06:09:56.590Z [DURATION] 检查ffprobe可执行文件是否存在: true
2025-05-24T06:09:56.590Z [LOG] 执行命令: "D:\code\cursor\looklook\node_modules\ffprobe-static\bin\win32\x64\ffprobe.exe" -v error -show_entries format=duration -of default=noprint_wrappers=1:nokey=1 "D:\Users\Videos\第一次选择\新建文件夹\test-004.AVI"
2025-05-24T06:09:56.591Z [DURATION] 开始执行命令获取时长: "D:\code\cursor\looklook\node_modules\ffprobe-static\bin\win32\x64\ffprobe.exe" -v error -show_entries format=duration -of default=noprint_wrappers=1:nokey=1 "D:\Users\Videos\第一次选择\新建文件夹\test-004.AVI"
2025-05-24T06:09:56.654Z [DURATION] 命令输出: "125.952000"
2025-05-24T06:09:56.654Z [LOG] 成功解析时长: 00:02:05
2025-05-24T06:09:56.654Z [DURATION] 成功解析时长: 00:02:05
2025-05-24T06:09:56.655Z [LOG] 开始生成缩略图，视频路径: D:\Users\Videos\第一次选择\新建文件夹\test-004.AVI
2025-05-24T06:09:56.655Z [LOG] 缩略图输出路径: D:\code\cursor\looklook\userdata\thumbnails\1748066997019-RDpcVXNl.jpg
2025-05-24T06:09:56.655Z [LOG] 生成随机时间点: 00:00:43
2025-05-24T06:09:56.655Z [LOG] 使用直接命令行ffmpeg生成缩略图
2025-05-24T06:09:56.655Z [PATH] 尝试获取FFmpeg路径
2025-05-24T06:09:56.656Z [LOG] 使用配置的FFmpeg路径: D:\code\cursor\looklook\node_modules\ffmpeg-static\ffmpeg.exe
2025-05-24T06:09:56.656Z [PATH] 使用配置的FFmpeg路径: D:\code\cursor\looklook\node_modules\ffmpeg-static\ffmpeg.exe
2025-05-24T06:09:56.656Z [LOG] 将使用时间点 00:00:43 生成缩略图
2025-05-24T06:09:56.656Z [LOG] 执行命令: D:\code\cursor\looklook\node_modules\ffmpeg-static\ffmpeg.exe -ss 00:00:43 -i D:\Users\Videos\第一次选择\新建文件夹\test-004.AVI -vframes 1 -s 320x180 -y D:\code\cursor\looklook\userdata\thumbnails\1748066997019-RDpcVXNl.jpg
2025-05-24T06:09:56.730Z [LOG] 直接ffmpeg成功生成缩略图: D:\code\cursor\looklook\userdata\thumbnails\1748066997019-RDpcVXNl.jpg
2025-05-24T06:09:56.730Z [LOG] 通过直接ffmpeg命令生成缩略图成功
2025-05-24T06:09:56.731Z [LOG] 设置已加载
2025-05-24T06:09:56.731Z [LOG] 获取视频分辨率: D:\Users\Videos\第一次选择\新建文件夹\test-005.AVI
2025-05-24T06:09:56.731Z [MAIN] 开始获取视频分辨率: D:\Users\Videos\第一次选择\新建文件夹\test-005.AVI
2025-05-24T06:09:56.731Z [LOG] 直接获取视频分辨率
2025-05-24T06:09:56.732Z [RESOLUTION] 开始获取视频分辨率: D:\Users\Videos\第一次选择\新建文件夹\test-005.AVI
2025-05-24T06:09:56.732Z [PATH] 尝试获取FFprobe路径
2025-05-24T06:09:56.732Z [LOG] 使用配置的FFprobe路径: D:\code\cursor\looklook\node_modules\ffprobe-static\bin\win32\x64\ffprobe.exe
2025-05-24T06:09:56.732Z [PATH] 使用配置的FFprobe路径: D:\code\cursor\looklook\node_modules\ffprobe-static\bin\win32\x64\ffprobe.exe
2025-05-24T06:09:56.732Z [RESOLUTION] 在开发环境中使用ffprobe路径: D:\code\cursor\looklook\node_modules\ffprobe-static\bin\win32\x64\ffprobe.exe
2025-05-24T06:09:56.732Z [RESOLUTION] 检查ffprobe可执行文件是否存在: true
2025-05-24T06:09:56.732Z [LOG] 执行命令: "D:\code\cursor\looklook\node_modules\ffprobe-static\bin\win32\x64\ffprobe.exe" -v error -select_streams v:0 -show_entries stream=width,height -of csv=s=x:p=0 "D:\Users\Videos\第一次选择\新建文件夹\test-005.AVI"
2025-05-24T06:09:56.732Z [RESOLUTION] 开始执行命令获取分辨率: "D:\code\cursor\looklook\node_modules\ffprobe-static\bin\win32\x64\ffprobe.exe" -v error -select_streams v:0 -show_entries stream=width,height -of csv=s=x:p=0 "D:\Users\Videos\第一次选择\新建文件夹\test-005.AVI"
2025-05-24T06:09:56.796Z [RESOLUTION] 命令输出: "320x240"
2025-05-24T06:09:56.796Z [LOG] 成功解析分辨率: 320×240
2025-05-24T06:09:56.797Z [RESOLUTION] 成功解析分辨率: 320×240
2025-05-24T06:09:56.797Z [LOG] 获取视频时长: D:\Users\Videos\第一次选择\新建文件夹\test-005.AVI
2025-05-24T06:09:56.797Z [MAIN] 开始获取视频时长: D:\Users\Videos\第一次选择\新建文件夹\test-005.AVI
2025-05-24T06:09:56.797Z [LOG] 直接获取视频时长
2025-05-24T06:09:56.797Z [DURATION] 开始获取视频时长: D:\Users\Videos\第一次选择\新建文件夹\test-005.AVI
2025-05-24T06:09:56.797Z [PATH] 尝试获取FFprobe路径
2025-05-24T06:09:56.798Z [LOG] 使用配置的FFprobe路径: D:\code\cursor\looklook\node_modules\ffprobe-static\bin\win32\x64\ffprobe.exe
2025-05-24T06:09:56.798Z [PATH] 使用配置的FFprobe路径: D:\code\cursor\looklook\node_modules\ffprobe-static\bin\win32\x64\ffprobe.exe
2025-05-24T06:09:56.798Z [DURATION] 在开发环境中使用ffprobe路径: D:\code\cursor\looklook\node_modules\ffprobe-static\bin\win32\x64\ffprobe.exe
2025-05-24T06:09:56.798Z [DURATION] 检查ffprobe可执行文件是否存在: true
2025-05-24T06:09:56.798Z [LOG] 执行命令: "D:\code\cursor\looklook\node_modules\ffprobe-static\bin\win32\x64\ffprobe.exe" -v error -show_entries format=duration -of default=noprint_wrappers=1:nokey=1 "D:\Users\Videos\第一次选择\新建文件夹\test-005.AVI"
2025-05-24T06:09:56.798Z [DURATION] 开始执行命令获取时长: "D:\code\cursor\looklook\node_modules\ffprobe-static\bin\win32\x64\ffprobe.exe" -v error -show_entries format=duration -of default=noprint_wrappers=1:nokey=1 "D:\Users\Videos\第一次选择\新建文件夹\test-005.AVI"
2025-05-24T06:09:56.862Z [DURATION] 命令输出: "125.952000"
2025-05-24T06:09:56.862Z [LOG] 成功解析时长: 00:02:05
2025-05-24T06:09:56.862Z [DURATION] 成功解析时长: 00:02:05
2025-05-24T06:09:56.863Z [LOG] 开始生成缩略图，视频路径: D:\Users\Videos\第一次选择\新建文件夹\test-005.AVI
2025-05-24T06:09:56.863Z [LOG] 缩略图输出路径: D:\code\cursor\looklook\userdata\thumbnails\1748066997528-RDpcVXNl.jpg
2025-05-24T06:09:56.863Z [LOG] 生成随机时间点: 00:00:57
2025-05-24T06:09:56.863Z [LOG] 使用直接命令行ffmpeg生成缩略图
2025-05-24T06:09:56.863Z [PATH] 尝试获取FFmpeg路径
2025-05-24T06:09:56.864Z [LOG] 使用配置的FFmpeg路径: D:\code\cursor\looklook\node_modules\ffmpeg-static\ffmpeg.exe
2025-05-24T06:09:56.864Z [PATH] 使用配置的FFmpeg路径: D:\code\cursor\looklook\node_modules\ffmpeg-static\ffmpeg.exe
2025-05-24T06:09:56.864Z [LOG] 将使用时间点 00:00:57 生成缩略图
2025-05-24T06:09:56.864Z [LOG] 执行命令: D:\code\cursor\looklook\node_modules\ffmpeg-static\ffmpeg.exe -ss 00:00:57 -i D:\Users\Videos\第一次选择\新建文件夹\test-005.AVI -vframes 1 -s 320x180 -y D:\code\cursor\looklook\userdata\thumbnails\1748066997528-RDpcVXNl.jpg
2025-05-24T06:09:56.943Z [LOG] 直接ffmpeg成功生成缩略图: D:\code\cursor\looklook\userdata\thumbnails\1748066997528-RDpcVXNl.jpg
2025-05-24T06:09:56.943Z [LOG] 通过直接ffmpeg命令生成缩略图成功
2025-05-24T06:09:56.944Z [LOG] 设置已加载
2025-05-24T06:09:56.944Z [LOG] 获取视频分辨率: D:\Users\Videos\第一次选择\新建文件夹 (2)\test-001.AVI
2025-05-24T06:09:56.944Z [MAIN] 开始获取视频分辨率: D:\Users\Videos\第一次选择\新建文件夹 (2)\test-001.AVI
2025-05-24T06:09:56.944Z [LOG] 直接获取视频分辨率
2025-05-24T06:09:56.944Z [RESOLUTION] 开始获取视频分辨率: D:\Users\Videos\第一次选择\新建文件夹 (2)\test-001.AVI
2025-05-24T06:09:56.944Z [PATH] 尝试获取FFprobe路径
2025-05-24T06:09:56.944Z [LOG] 使用配置的FFprobe路径: D:\code\cursor\looklook\node_modules\ffprobe-static\bin\win32\x64\ffprobe.exe
2025-05-24T06:09:56.945Z [PATH] 使用配置的FFprobe路径: D:\code\cursor\looklook\node_modules\ffprobe-static\bin\win32\x64\ffprobe.exe
2025-05-24T06:09:56.945Z [RESOLUTION] 在开发环境中使用ffprobe路径: D:\code\cursor\looklook\node_modules\ffprobe-static\bin\win32\x64\ffprobe.exe
2025-05-24T06:09:56.945Z [RESOLUTION] 检查ffprobe可执行文件是否存在: true
2025-05-24T06:09:56.945Z [LOG] 执行命令: "D:\code\cursor\looklook\node_modules\ffprobe-static\bin\win32\x64\ffprobe.exe" -v error -select_streams v:0 -show_entries stream=width,height -of csv=s=x:p=0 "D:\Users\Videos\第一次选择\新建文件夹 (2)\test-001.AVI"
2025-05-24T06:09:56.945Z [RESOLUTION] 开始执行命令获取分辨率: "D:\code\cursor\looklook\node_modules\ffprobe-static\bin\win32\x64\ffprobe.exe" -v error -select_streams v:0 -show_entries stream=width,height -of csv=s=x:p=0 "D:\Users\Videos\第一次选择\新建文件夹 (2)\test-001.AVI"
2025-05-24T06:09:57.009Z [RESOLUTION] 命令输出: "320x240"
2025-05-24T06:09:57.010Z [LOG] 成功解析分辨率: 320×240
2025-05-24T06:09:57.010Z [RESOLUTION] 成功解析分辨率: 320×240
2025-05-24T06:09:57.010Z [LOG] 获取视频时长: D:\Users\Videos\第一次选择\新建文件夹 (2)\test-001.AVI
2025-05-24T06:09:57.010Z [MAIN] 开始获取视频时长: D:\Users\Videos\第一次选择\新建文件夹 (2)\test-001.AVI
2025-05-24T06:09:57.010Z [LOG] 直接获取视频时长
2025-05-24T06:09:57.010Z [DURATION] 开始获取视频时长: D:\Users\Videos\第一次选择\新建文件夹 (2)\test-001.AVI
2025-05-24T06:09:57.010Z [PATH] 尝试获取FFprobe路径
2025-05-24T06:09:57.011Z [LOG] 使用配置的FFprobe路径: D:\code\cursor\looklook\node_modules\ffprobe-static\bin\win32\x64\ffprobe.exe
2025-05-24T06:09:57.011Z [PATH] 使用配置的FFprobe路径: D:\code\cursor\looklook\node_modules\ffprobe-static\bin\win32\x64\ffprobe.exe
2025-05-24T06:09:57.011Z [DURATION] 在开发环境中使用ffprobe路径: D:\code\cursor\looklook\node_modules\ffprobe-static\bin\win32\x64\ffprobe.exe
2025-05-24T06:09:57.011Z [DURATION] 检查ffprobe可执行文件是否存在: true
2025-05-24T06:09:57.011Z [LOG] 执行命令: "D:\code\cursor\looklook\node_modules\ffprobe-static\bin\win32\x64\ffprobe.exe" -v error -show_entries format=duration -of default=noprint_wrappers=1:nokey=1 "D:\Users\Videos\第一次选择\新建文件夹 (2)\test-001.AVI"
2025-05-24T06:09:57.011Z [DURATION] 开始执行命令获取时长: "D:\code\cursor\looklook\node_modules\ffprobe-static\bin\win32\x64\ffprobe.exe" -v error -show_entries format=duration -of default=noprint_wrappers=1:nokey=1 "D:\Users\Videos\第一次选择\新建文件夹 (2)\test-001.AVI"
2025-05-24T06:09:57.075Z [DURATION] 命令输出: "125.952000"
2025-05-24T06:09:57.075Z [LOG] 成功解析时长: 00:02:05
2025-05-24T06:09:57.075Z [DURATION] 成功解析时长: 00:02:05
2025-05-24T06:09:57.076Z [LOG] 开始生成缩略图，视频路径: D:\Users\Videos\第一次选择\新建文件夹 (2)\test-001.AVI
2025-05-24T06:09:57.076Z [LOG] 缩略图输出路径: D:\code\cursor\looklook\userdata\thumbnails\1748066997845-RDpcVXNl.jpg
2025-05-24T06:09:57.077Z [LOG] 生成随机时间点: 00:00:44
2025-05-24T06:09:57.077Z [LOG] 使用直接命令行ffmpeg生成缩略图
2025-05-24T06:09:57.077Z [PATH] 尝试获取FFmpeg路径
2025-05-24T06:09:57.077Z [LOG] 使用配置的FFmpeg路径: D:\code\cursor\looklook\node_modules\ffmpeg-static\ffmpeg.exe
2025-05-24T06:09:57.077Z [PATH] 使用配置的FFmpeg路径: D:\code\cursor\looklook\node_modules\ffmpeg-static\ffmpeg.exe
2025-05-24T06:09:57.078Z [LOG] 将使用时间点 00:00:44 生成缩略图
2025-05-24T06:09:57.078Z [LOG] 执行命令: D:\code\cursor\looklook\node_modules\ffmpeg-static\ffmpeg.exe -ss 00:00:44 -i D:\Users\Videos\第一次选择\新建文件夹 (2)\test-001.AVI -vframes 1 -s 320x180 -y D:\code\cursor\looklook\userdata\thumbnails\1748066997845-RDpcVXNl.jpg
2025-05-24T06:09:57.150Z [LOG] 直接ffmpeg成功生成缩略图: D:\code\cursor\looklook\userdata\thumbnails\1748066997845-RDpcVXNl.jpg
2025-05-24T06:09:57.150Z [LOG] 通过直接ffmpeg命令生成缩略图成功
2025-05-24T06:09:57.151Z [LOG] 设置已加载
2025-05-24T06:09:57.151Z [LOG] 获取视频分辨率: D:\Users\Videos\第一次选择\新建文件夹 (2)\test-002.AVI
2025-05-24T06:09:57.151Z [MAIN] 开始获取视频分辨率: D:\Users\Videos\第一次选择\新建文件夹 (2)\test-002.AVI
2025-05-24T06:09:57.151Z [LOG] 直接获取视频分辨率
2025-05-24T06:09:57.152Z [RESOLUTION] 开始获取视频分辨率: D:\Users\Videos\第一次选择\新建文件夹 (2)\test-002.AVI
2025-05-24T06:09:57.152Z [PATH] 尝试获取FFprobe路径
2025-05-24T06:09:57.152Z [LOG] 使用配置的FFprobe路径: D:\code\cursor\looklook\node_modules\ffprobe-static\bin\win32\x64\ffprobe.exe
2025-05-24T06:09:57.152Z [PATH] 使用配置的FFprobe路径: D:\code\cursor\looklook\node_modules\ffprobe-static\bin\win32\x64\ffprobe.exe
2025-05-24T06:09:57.152Z [RESOLUTION] 在开发环境中使用ffprobe路径: D:\code\cursor\looklook\node_modules\ffprobe-static\bin\win32\x64\ffprobe.exe
2025-05-24T06:09:57.152Z [RESOLUTION] 检查ffprobe可执行文件是否存在: true
2025-05-24T06:09:57.152Z [LOG] 执行命令: "D:\code\cursor\looklook\node_modules\ffprobe-static\bin\win32\x64\ffprobe.exe" -v error -select_streams v:0 -show_entries stream=width,height -of csv=s=x:p=0 "D:\Users\Videos\第一次选择\新建文件夹 (2)\test-002.AVI"
2025-05-24T06:09:57.152Z [RESOLUTION] 开始执行命令获取分辨率: "D:\code\cursor\looklook\node_modules\ffprobe-static\bin\win32\x64\ffprobe.exe" -v error -select_streams v:0 -show_entries stream=width,height -of csv=s=x:p=0 "D:\Users\Videos\第一次选择\新建文件夹 (2)\test-002.AVI"
2025-05-24T06:09:57.215Z [RESOLUTION] 命令输出: "320x240"
2025-05-24T06:09:57.216Z [LOG] 成功解析分辨率: 320×240
2025-05-24T06:09:57.216Z [RESOLUTION] 成功解析分辨率: 320×240
2025-05-24T06:09:57.216Z [LOG] 获取视频时长: D:\Users\Videos\第一次选择\新建文件夹 (2)\test-002.AVI
2025-05-24T06:09:57.216Z [MAIN] 开始获取视频时长: D:\Users\Videos\第一次选择\新建文件夹 (2)\test-002.AVI
2025-05-24T06:09:57.216Z [LOG] 直接获取视频时长
2025-05-24T06:09:57.217Z [DURATION] 开始获取视频时长: D:\Users\Videos\第一次选择\新建文件夹 (2)\test-002.AVI
2025-05-24T06:09:57.217Z [PATH] 尝试获取FFprobe路径
2025-05-24T06:09:57.217Z [LOG] 使用配置的FFprobe路径: D:\code\cursor\looklook\node_modules\ffprobe-static\bin\win32\x64\ffprobe.exe
2025-05-24T06:09:57.217Z [PATH] 使用配置的FFprobe路径: D:\code\cursor\looklook\node_modules\ffprobe-static\bin\win32\x64\ffprobe.exe
2025-05-24T06:09:57.217Z [DURATION] 在开发环境中使用ffprobe路径: D:\code\cursor\looklook\node_modules\ffprobe-static\bin\win32\x64\ffprobe.exe
2025-05-24T06:09:57.217Z [DURATION] 检查ffprobe可执行文件是否存在: true
2025-05-24T06:09:57.218Z [LOG] 执行命令: "D:\code\cursor\looklook\node_modules\ffprobe-static\bin\win32\x64\ffprobe.exe" -v error -show_entries format=duration -of default=noprint_wrappers=1:nokey=1 "D:\Users\Videos\第一次选择\新建文件夹 (2)\test-002.AVI"
2025-05-24T06:09:57.218Z [DURATION] 开始执行命令获取时长: "D:\code\cursor\looklook\node_modules\ffprobe-static\bin\win32\x64\ffprobe.exe" -v error -show_entries format=duration -of default=noprint_wrappers=1:nokey=1 "D:\Users\Videos\第一次选择\新建文件夹 (2)\test-002.AVI"
2025-05-24T06:09:57.284Z [DURATION] 命令输出: "125.952000"
2025-05-24T06:09:57.284Z [LOG] 成功解析时长: 00:02:05
2025-05-24T06:09:57.284Z [DURATION] 成功解析时长: 00:02:05
2025-05-24T06:09:57.285Z [LOG] 开始生成缩略图，视频路径: D:\Users\Videos\第一次选择\新建文件夹 (2)\test-002.AVI
2025-05-24T06:09:57.285Z [LOG] 缩略图输出路径: D:\code\cursor\looklook\userdata\thumbnails\1748066997804-RDpcVXNl.jpg
2025-05-24T06:09:57.285Z [LOG] 生成随机时间点: 00:00:44
2025-05-24T06:09:57.285Z [LOG] 使用直接命令行ffmpeg生成缩略图
2025-05-24T06:09:57.286Z [PATH] 尝试获取FFmpeg路径
2025-05-24T06:09:57.294Z [LOG] 使用配置的FFmpeg路径: D:\code\cursor\looklook\node_modules\ffmpeg-static\ffmpeg.exe
2025-05-24T06:09:57.295Z [PATH] 使用配置的FFmpeg路径: D:\code\cursor\looklook\node_modules\ffmpeg-static\ffmpeg.exe
2025-05-24T06:09:57.295Z [LOG] 将使用时间点 00:00:44 生成缩略图
2025-05-24T06:09:57.295Z [LOG] 执行命令: D:\code\cursor\looklook\node_modules\ffmpeg-static\ffmpeg.exe -ss 00:00:44 -i D:\Users\Videos\第一次选择\新建文件夹 (2)\test-002.AVI -vframes 1 -s 320x180 -y D:\code\cursor\looklook\userdata\thumbnails\1748066997804-RDpcVXNl.jpg
2025-05-24T06:09:57.372Z [LOG] 直接ffmpeg成功生成缩略图: D:\code\cursor\looklook\userdata\thumbnails\1748066997804-RDpcVXNl.jpg
2025-05-24T06:09:57.372Z [LOG] 通过直接ffmpeg命令生成缩略图成功
2025-05-24T06:09:57.373Z [LOG] 设置已加载
2025-05-24T06:09:57.373Z [LOG] 获取视频分辨率: D:\Users\Videos\第一次选择\新建文件夹 (2)\test-003.AVI
2025-05-24T06:09:57.373Z [MAIN] 开始获取视频分辨率: D:\Users\Videos\第一次选择\新建文件夹 (2)\test-003.AVI
2025-05-24T06:09:57.373Z [LOG] 直接获取视频分辨率
2025-05-24T06:09:57.373Z [RESOLUTION] 开始获取视频分辨率: D:\Users\Videos\第一次选择\新建文件夹 (2)\test-003.AVI
2025-05-24T06:09:57.374Z [PATH] 尝试获取FFprobe路径
2025-05-24T06:09:57.374Z [LOG] 使用配置的FFprobe路径: D:\code\cursor\looklook\node_modules\ffprobe-static\bin\win32\x64\ffprobe.exe
2025-05-24T06:09:57.374Z [PATH] 使用配置的FFprobe路径: D:\code\cursor\looklook\node_modules\ffprobe-static\bin\win32\x64\ffprobe.exe
2025-05-24T06:09:57.374Z [RESOLUTION] 在开发环境中使用ffprobe路径: D:\code\cursor\looklook\node_modules\ffprobe-static\bin\win32\x64\ffprobe.exe
2025-05-24T06:09:57.374Z [RESOLUTION] 检查ffprobe可执行文件是否存在: true
2025-05-24T06:09:57.374Z [LOG] 执行命令: "D:\code\cursor\looklook\node_modules\ffprobe-static\bin\win32\x64\ffprobe.exe" -v error -select_streams v:0 -show_entries stream=width,height -of csv=s=x:p=0 "D:\Users\Videos\第一次选择\新建文件夹 (2)\test-003.AVI"
2025-05-24T06:09:57.374Z [RESOLUTION] 开始执行命令获取分辨率: "D:\code\cursor\looklook\node_modules\ffprobe-static\bin\win32\x64\ffprobe.exe" -v error -select_streams v:0 -show_entries stream=width,height -of csv=s=x:p=0 "D:\Users\Videos\第一次选择\新建文件夹 (2)\test-003.AVI"
2025-05-24T06:09:57.439Z [RESOLUTION] 命令输出: "320x240"
2025-05-24T06:09:57.440Z [LOG] 成功解析分辨率: 320×240
2025-05-24T06:09:57.440Z [RESOLUTION] 成功解析分辨率: 320×240
2025-05-24T06:09:57.440Z [LOG] 获取视频时长: D:\Users\Videos\第一次选择\新建文件夹 (2)\test-003.AVI
2025-05-24T06:09:57.440Z [MAIN] 开始获取视频时长: D:\Users\Videos\第一次选择\新建文件夹 (2)\test-003.AVI
2025-05-24T06:09:57.441Z [LOG] 直接获取视频时长
2025-05-24T06:09:57.441Z [DURATION] 开始获取视频时长: D:\Users\Videos\第一次选择\新建文件夹 (2)\test-003.AVI
2025-05-24T06:09:57.441Z [PATH] 尝试获取FFprobe路径
2025-05-24T06:09:57.441Z [LOG] 使用配置的FFprobe路径: D:\code\cursor\looklook\node_modules\ffprobe-static\bin\win32\x64\ffprobe.exe
2025-05-24T06:09:57.441Z [PATH] 使用配置的FFprobe路径: D:\code\cursor\looklook\node_modules\ffprobe-static\bin\win32\x64\ffprobe.exe
2025-05-24T06:09:57.441Z [DURATION] 在开发环境中使用ffprobe路径: D:\code\cursor\looklook\node_modules\ffprobe-static\bin\win32\x64\ffprobe.exe
2025-05-24T06:09:57.441Z [DURATION] 检查ffprobe可执行文件是否存在: true
2025-05-24T06:09:57.442Z [LOG] 执行命令: "D:\code\cursor\looklook\node_modules\ffprobe-static\bin\win32\x64\ffprobe.exe" -v error -show_entries format=duration -of default=noprint_wrappers=1:nokey=1 "D:\Users\Videos\第一次选择\新建文件夹 (2)\test-003.AVI"
2025-05-24T06:09:57.442Z [DURATION] 开始执行命令获取时长: "D:\code\cursor\looklook\node_modules\ffprobe-static\bin\win32\x64\ffprobe.exe" -v error -show_entries format=duration -of default=noprint_wrappers=1:nokey=1 "D:\Users\Videos\第一次选择\新建文件夹 (2)\test-003.AVI"
2025-05-24T06:09:57.507Z [DURATION] 命令输出: "125.952000"
2025-05-24T06:09:57.508Z [LOG] 成功解析时长: 00:02:05
2025-05-24T06:09:57.508Z [DURATION] 成功解析时长: 00:02:05
2025-05-24T06:09:57.508Z [LOG] 开始生成缩略图，视频路径: D:\Users\Videos\第一次选择\新建文件夹 (2)\test-003.AVI
2025-05-24T06:09:57.509Z [LOG] 缩略图输出路径: D:\code\cursor\looklook\userdata\thumbnails\1748066997833-RDpcVXNl.jpg
2025-05-24T06:09:57.509Z [LOG] 生成随机时间点: 00:00:49
2025-05-24T06:09:57.510Z [LOG] 使用直接命令行ffmpeg生成缩略图
2025-05-24T06:09:57.510Z [PATH] 尝试获取FFmpeg路径
2025-05-24T06:09:57.510Z [LOG] 使用配置的FFmpeg路径: D:\code\cursor\looklook\node_modules\ffmpeg-static\ffmpeg.exe
2025-05-24T06:09:57.510Z [PATH] 使用配置的FFmpeg路径: D:\code\cursor\looklook\node_modules\ffmpeg-static\ffmpeg.exe
2025-05-24T06:09:57.510Z [LOG] 将使用时间点 00:00:49 生成缩略图
2025-05-24T06:09:57.511Z [LOG] 执行命令: D:\code\cursor\looklook\node_modules\ffmpeg-static\ffmpeg.exe -ss 00:00:49 -i D:\Users\Videos\第一次选择\新建文件夹 (2)\test-003.AVI -vframes 1 -s 320x180 -y D:\code\cursor\looklook\userdata\thumbnails\1748066997833-RDpcVXNl.jpg
2025-05-24T06:09:57.592Z [LOG] 直接ffmpeg成功生成缩略图: D:\code\cursor\looklook\userdata\thumbnails\1748066997833-RDpcVXNl.jpg
2025-05-24T06:09:57.592Z [LOG] 通过直接ffmpeg命令生成缩略图成功
2025-05-24T06:09:57.593Z [LOG] 设置已加载
2025-05-24T06:09:57.593Z [LOG] 获取视频分辨率: D:\Users\Videos\第一次选择\新建文件夹 (2)\test-004.AVI
2025-05-24T06:09:57.593Z [MAIN] 开始获取视频分辨率: D:\Users\Videos\第一次选择\新建文件夹 (2)\test-004.AVI
2025-05-24T06:09:57.594Z [LOG] 直接获取视频分辨率
2025-05-24T06:09:57.594Z [RESOLUTION] 开始获取视频分辨率: D:\Users\Videos\第一次选择\新建文件夹 (2)\test-004.AVI
2025-05-24T06:09:57.594Z [PATH] 尝试获取FFprobe路径
2025-05-24T06:09:57.594Z [LOG] 使用配置的FFprobe路径: D:\code\cursor\looklook\node_modules\ffprobe-static\bin\win32\x64\ffprobe.exe
2025-05-24T06:09:57.594Z [PATH] 使用配置的FFprobe路径: D:\code\cursor\looklook\node_modules\ffprobe-static\bin\win32\x64\ffprobe.exe
2025-05-24T06:09:57.594Z [RESOLUTION] 在开发环境中使用ffprobe路径: D:\code\cursor\looklook\node_modules\ffprobe-static\bin\win32\x64\ffprobe.exe
2025-05-24T06:09:57.594Z [RESOLUTION] 检查ffprobe可执行文件是否存在: true
2025-05-24T06:09:57.595Z [LOG] 执行命令: "D:\code\cursor\looklook\node_modules\ffprobe-static\bin\win32\x64\ffprobe.exe" -v error -select_streams v:0 -show_entries stream=width,height -of csv=s=x:p=0 "D:\Users\Videos\第一次选择\新建文件夹 (2)\test-004.AVI"
2025-05-24T06:09:57.595Z [RESOLUTION] 开始执行命令获取分辨率: "D:\code\cursor\looklook\node_modules\ffprobe-static\bin\win32\x64\ffprobe.exe" -v error -select_streams v:0 -show_entries stream=width,height -of csv=s=x:p=0 "D:\Users\Videos\第一次选择\新建文件夹 (2)\test-004.AVI"
2025-05-24T06:09:57.659Z [RESOLUTION] 命令输出: "320x240"
2025-05-24T06:09:57.660Z [LOG] 成功解析分辨率: 320×240
2025-05-24T06:09:57.660Z [RESOLUTION] 成功解析分辨率: 320×240
2025-05-24T06:09:57.660Z [LOG] 获取视频时长: D:\Users\Videos\第一次选择\新建文件夹 (2)\test-004.AVI
2025-05-24T06:09:57.660Z [MAIN] 开始获取视频时长: D:\Users\Videos\第一次选择\新建文件夹 (2)\test-004.AVI
2025-05-24T06:09:57.661Z [LOG] 直接获取视频时长
2025-05-24T06:09:57.661Z [DURATION] 开始获取视频时长: D:\Users\Videos\第一次选择\新建文件夹 (2)\test-004.AVI
2025-05-24T06:09:57.661Z [PATH] 尝试获取FFprobe路径
2025-05-24T06:09:57.661Z [LOG] 使用配置的FFprobe路径: D:\code\cursor\looklook\node_modules\ffprobe-static\bin\win32\x64\ffprobe.exe
2025-05-24T06:09:57.661Z [PATH] 使用配置的FFprobe路径: D:\code\cursor\looklook\node_modules\ffprobe-static\bin\win32\x64\ffprobe.exe
2025-05-24T06:09:57.661Z [DURATION] 在开发环境中使用ffprobe路径: D:\code\cursor\looklook\node_modules\ffprobe-static\bin\win32\x64\ffprobe.exe
2025-05-24T06:09:57.661Z [DURATION] 检查ffprobe可执行文件是否存在: true
2025-05-24T06:09:57.662Z [LOG] 执行命令: "D:\code\cursor\looklook\node_modules\ffprobe-static\bin\win32\x64\ffprobe.exe" -v error -show_entries format=duration -of default=noprint_wrappers=1:nokey=1 "D:\Users\Videos\第一次选择\新建文件夹 (2)\test-004.AVI"
2025-05-24T06:09:57.662Z [DURATION] 开始执行命令获取时长: "D:\code\cursor\looklook\node_modules\ffprobe-static\bin\win32\x64\ffprobe.exe" -v error -show_entries format=duration -of default=noprint_wrappers=1:nokey=1 "D:\Users\Videos\第一次选择\新建文件夹 (2)\test-004.AVI"
2025-05-24T06:09:57.727Z [DURATION] 命令输出: "125.952000"
2025-05-24T06:09:57.727Z [LOG] 成功解析时长: 00:02:05
2025-05-24T06:09:57.728Z [DURATION] 成功解析时长: 00:02:05
2025-05-24T06:09:57.728Z [LOG] 开始生成缩略图，视频路径: D:\Users\Videos\第一次选择\新建文件夹 (2)\test-004.AVI
2025-05-24T06:09:57.729Z [LOG] 缩略图输出路径: D:\code\cursor\looklook\userdata\thumbnails\1748066998163-RDpcVXNl.jpg
2025-05-24T06:09:57.729Z [LOG] 生成随机时间点: 00:00:45
2025-05-24T06:09:57.729Z [LOG] 使用直接命令行ffmpeg生成缩略图
2025-05-24T06:09:57.729Z [PATH] 尝试获取FFmpeg路径
2025-05-24T06:09:57.730Z [LOG] 使用配置的FFmpeg路径: D:\code\cursor\looklook\node_modules\ffmpeg-static\ffmpeg.exe
2025-05-24T06:09:57.730Z [PATH] 使用配置的FFmpeg路径: D:\code\cursor\looklook\node_modules\ffmpeg-static\ffmpeg.exe
2025-05-24T06:09:57.730Z [LOG] 将使用时间点 00:00:45 生成缩略图
2025-05-24T06:09:57.730Z [LOG] 执行命令: D:\code\cursor\looklook\node_modules\ffmpeg-static\ffmpeg.exe -ss 00:00:45 -i D:\Users\Videos\第一次选择\新建文件夹 (2)\test-004.AVI -vframes 1 -s 320x180 -y D:\code\cursor\looklook\userdata\thumbnails\1748066998163-RDpcVXNl.jpg
2025-05-24T06:09:57.808Z [LOG] 直接ffmpeg成功生成缩略图: D:\code\cursor\looklook\userdata\thumbnails\1748066998163-RDpcVXNl.jpg
2025-05-24T06:09:57.808Z [LOG] 通过直接ffmpeg命令生成缩略图成功
2025-05-24T06:09:57.809Z [LOG] 设置已加载
2025-05-24T06:09:57.809Z [LOG] 获取视频分辨率: D:\Users\Videos\第一次选择\新建文件夹 (2)\test-005.AVI
2025-05-24T06:09:57.809Z [MAIN] 开始获取视频分辨率: D:\Users\Videos\第一次选择\新建文件夹 (2)\test-005.AVI
2025-05-24T06:09:57.809Z [LOG] 直接获取视频分辨率
2025-05-24T06:09:57.810Z [RESOLUTION] 开始获取视频分辨率: D:\Users\Videos\第一次选择\新建文件夹 (2)\test-005.AVI
2025-05-24T06:09:57.810Z [PATH] 尝试获取FFprobe路径
2025-05-24T06:09:57.810Z [LOG] 使用配置的FFprobe路径: D:\code\cursor\looklook\node_modules\ffprobe-static\bin\win32\x64\ffprobe.exe
2025-05-24T06:09:57.810Z [PATH] 使用配置的FFprobe路径: D:\code\cursor\looklook\node_modules\ffprobe-static\bin\win32\x64\ffprobe.exe
2025-05-24T06:09:57.810Z [RESOLUTION] 在开发环境中使用ffprobe路径: D:\code\cursor\looklook\node_modules\ffprobe-static\bin\win32\x64\ffprobe.exe
2025-05-24T06:09:57.810Z [RESOLUTION] 检查ffprobe可执行文件是否存在: true
2025-05-24T06:09:57.810Z [LOG] 执行命令: "D:\code\cursor\looklook\node_modules\ffprobe-static\bin\win32\x64\ffprobe.exe" -v error -select_streams v:0 -show_entries stream=width,height -of csv=s=x:p=0 "D:\Users\Videos\第一次选择\新建文件夹 (2)\test-005.AVI"
2025-05-24T06:09:57.810Z [RESOLUTION] 开始执行命令获取分辨率: "D:\code\cursor\looklook\node_modules\ffprobe-static\bin\win32\x64\ffprobe.exe" -v error -select_streams v:0 -show_entries stream=width,height -of csv=s=x:p=0 "D:\Users\Videos\第一次选择\新建文件夹 (2)\test-005.AVI"
2025-05-24T06:09:57.877Z [RESOLUTION] 命令输出: "320x240"
2025-05-24T06:09:57.877Z [LOG] 成功解析分辨率: 320×240
2025-05-24T06:09:57.877Z [RESOLUTION] 成功解析分辨率: 320×240
2025-05-24T06:09:57.878Z [LOG] 获取视频时长: D:\Users\Videos\第一次选择\新建文件夹 (2)\test-005.AVI
2025-05-24T06:09:57.878Z [MAIN] 开始获取视频时长: D:\Users\Videos\第一次选择\新建文件夹 (2)\test-005.AVI
2025-05-24T06:09:57.878Z [LOG] 直接获取视频时长
2025-05-24T06:09:57.878Z [DURATION] 开始获取视频时长: D:\Users\Videos\第一次选择\新建文件夹 (2)\test-005.AVI
2025-05-24T06:09:57.878Z [PATH] 尝试获取FFprobe路径
2025-05-24T06:09:57.878Z [LOG] 使用配置的FFprobe路径: D:\code\cursor\looklook\node_modules\ffprobe-static\bin\win32\x64\ffprobe.exe
2025-05-24T06:09:57.879Z [PATH] 使用配置的FFprobe路径: D:\code\cursor\looklook\node_modules\ffprobe-static\bin\win32\x64\ffprobe.exe
2025-05-24T06:09:57.879Z [DURATION] 在开发环境中使用ffprobe路径: D:\code\cursor\looklook\node_modules\ffprobe-static\bin\win32\x64\ffprobe.exe
2025-05-24T06:09:57.879Z [DURATION] 检查ffprobe可执行文件是否存在: true
2025-05-24T06:09:57.879Z [LOG] 执行命令: "D:\code\cursor\looklook\node_modules\ffprobe-static\bin\win32\x64\ffprobe.exe" -v error -show_entries format=duration -of default=noprint_wrappers=1:nokey=1 "D:\Users\Videos\第一次选择\新建文件夹 (2)\test-005.AVI"
2025-05-24T06:09:57.879Z [DURATION] 开始执行命令获取时长: "D:\code\cursor\looklook\node_modules\ffprobe-static\bin\win32\x64\ffprobe.exe" -v error -show_entries format=duration -of default=noprint_wrappers=1:nokey=1 "D:\Users\Videos\第一次选择\新建文件夹 (2)\test-005.AVI"
2025-05-24T06:09:57.944Z [DURATION] 命令输出: "125.952000"
2025-05-24T06:09:57.945Z [LOG] 成功解析时长: 00:02:05
2025-05-24T06:09:57.945Z [DURATION] 成功解析时长: 00:02:05
2025-05-24T06:09:57.945Z [LOG] 开始生成缩略图，视频路径: D:\Users\Videos\第一次选择\新建文件夹 (2)\test-005.AVI
2025-05-24T06:09:57.945Z [LOG] 缩略图输出路径: D:\code\cursor\looklook\userdata\thumbnails\1748066998248-RDpcVXNl.jpg
2025-05-24T06:09:57.946Z [LOG] 生成随机时间点: 00:00:22
2025-05-24T06:09:57.946Z [LOG] 使用直接命令行ffmpeg生成缩略图
2025-05-24T06:09:57.946Z [PATH] 尝试获取FFmpeg路径
2025-05-24T06:09:57.947Z [LOG] 使用配置的FFmpeg路径: D:\code\cursor\looklook\node_modules\ffmpeg-static\ffmpeg.exe
2025-05-24T06:09:57.947Z [PATH] 使用配置的FFmpeg路径: D:\code\cursor\looklook\node_modules\ffmpeg-static\ffmpeg.exe
2025-05-24T06:09:57.947Z [LOG] 将使用时间点 00:00:22 生成缩略图
2025-05-24T06:09:57.948Z [LOG] 执行命令: D:\code\cursor\looklook\node_modules\ffmpeg-static\ffmpeg.exe -ss 00:00:22 -i D:\Users\Videos\第一次选择\新建文件夹 (2)\test-005.AVI -vframes 1 -s 320x180 -y D:\code\cursor\looklook\userdata\thumbnails\1748066998248-RDpcVXNl.jpg
2025-05-24T06:09:58.023Z [LOG] 直接ffmpeg成功生成缩略图: D:\code\cursor\looklook\userdata\thumbnails\1748066998248-RDpcVXNl.jpg
2025-05-24T06:09:58.024Z [LOG] 通过直接ffmpeg命令生成缩略图成功
2025-05-24T06:09:58.024Z [LOG] 保存当前批次的 10 个视频到数据库
2025-05-24T06:09:58.025Z [LOG] 通知渲染进程数据已更新
2025-05-24T06:09:58.026Z [LOG] 处理get-videos请求
2025-05-24T06:09:58.028Z [LOG] 通知渲染进程数据已更新
2025-05-24T06:09:58.029Z [LOG] 通知渲染进程数据已更新
2025-05-24T06:09:58.030Z [LOG] 通知渲染进程数据已更新
2025-05-24T06:09:58.031Z [LOG] 通知渲染进程数据已更新
2025-05-24T06:09:58.032Z [LOG] 通知渲染进程数据已更新
2025-05-24T06:09:58.032Z [LOG] 通知渲染进程数据已更新
2025-05-24T06:09:58.033Z [LOG] 通知渲染进程数据已更新
2025-05-24T06:09:58.034Z [LOG] 通知渲染进程数据已更新
2025-05-24T06:09:58.035Z [LOG] 处理get-videos请求
2025-05-24T06:09:58.035Z [LOG] 处理get-videos请求
2025-05-24T06:09:58.036Z [LOG] 处理get-videos请求
2025-05-24T06:09:58.036Z [LOG] 处理get-videos请求
2025-05-24T06:09:58.036Z [LOG] 处理get-videos请求
2025-05-24T06:09:58.037Z [LOG] 处理get-videos请求
2025-05-24T06:09:58.037Z [LOG] 处理get-videos请求
2025-05-24T06:09:58.037Z [LOG] 处理get-videos请求
2025-05-24T06:09:58.038Z [LOG] 通知渲染进程数据已更新
2025-05-24T06:09:58.038Z [LOG] 成功保存批次中的 10 个视频到数据库
2025-05-24T06:09:58.049Z [LOG] 处理get-videos请求
2025-05-24T06:09:58.050Z [LOG] 处理get-videos请求
2025-05-24T06:09:59.599Z [LOG] 处理自定义协议请求: app://thumbnail/1748066996130-RDpcVXNl.jpg
2025-05-24T06:09:59.600Z [LOG] 缩略图路径: D:\code\cursor\looklook\userdata\thumbnails\1748066996130-RDpcVXNl.jpg
2025-05-24T06:09:59.600Z [LOG] 处理自定义协议请求: app://thumbnail/1748066997845-RDpcVXNl.jpg
2025-05-24T06:09:59.601Z [LOG] 缩略图路径: D:\code\cursor\looklook\userdata\thumbnails\1748066997845-RDpcVXNl.jpg
2025-05-24T06:09:59.602Z [LOG] 处理自定义协议请求: app://thumbnail/1748066996336-RDpcVXNl.jpg
2025-05-24T06:09:59.602Z [LOG] 缩略图路径: D:\code\cursor\looklook\userdata\thumbnails\1748066996336-RDpcVXNl.jpg
2025-05-24T06:09:59.603Z [LOG] 处理自定义协议请求: app://thumbnail/1748066997804-RDpcVXNl.jpg
2025-05-24T06:09:59.604Z [LOG] 缩略图路径: D:\code\cursor\looklook\userdata\thumbnails\1748066997804-RDpcVXNl.jpg
2025-05-24T06:09:59.604Z [LOG] 处理自定义协议请求: app://thumbnail/1748066997000-RDpcVXNl.jpg
2025-05-24T06:09:59.605Z [LOG] 缩略图路径: D:\code\cursor\looklook\userdata\thumbnails\1748066997000-RDpcVXNl.jpg
2025-05-24T06:09:59.605Z [LOG] 处理自定义协议请求: app://thumbnail/1748066997833-RDpcVXNl.jpg
2025-05-24T06:09:59.606Z [LOG] 缩略图路径: D:\code\cursor\looklook\userdata\thumbnails\1748066997833-RDpcVXNl.jpg
2025-05-24T06:09:59.606Z [LOG] 处理自定义协议请求: app://thumbnail/1748066997019-RDpcVXNl.jpg
2025-05-24T06:09:59.607Z [LOG] 缩略图路径: D:\code\cursor\looklook\userdata\thumbnails\1748066997019-RDpcVXNl.jpg
2025-05-24T06:09:59.608Z [LOG] 处理自定义协议请求: app://thumbnail/1748066998163-RDpcVXNl.jpg
2025-05-24T06:09:59.609Z [LOG] 缩略图路径: D:\code\cursor\looklook\userdata\thumbnails\1748066998163-RDpcVXNl.jpg
2025-05-24T06:09:59.610Z [LOG] 处理自定义协议请求: app://thumbnail/1748066997528-RDpcVXNl.jpg
2025-05-24T06:09:59.610Z [LOG] 缩略图路径: D:\code\cursor\looklook\userdata\thumbnails\1748066997528-RDpcVXNl.jpg
2025-05-24T06:09:59.611Z [LOG] 处理自定义协议请求: app://thumbnail/1748066998248-RDpcVXNl.jpg
2025-05-24T06:09:59.612Z [LOG] 缩略图路径: D:\code\cursor\looklook\userdata\thumbnails\1748066998248-RDpcVXNl.jpg
2025-05-24T06:10:00.827Z [LOG] 打开文件选择对话框: {"title":"选择目标文件夹","properties":["openDirectory"]}
2025-05-24T06:10:01.976Z [LOG] 文件选择结果: {"canceled":false,"filePaths":["D:\\Users\\Videos\\第一次选择"]}
2025-05-24T06:10:01.977Z [LOG] 准备移动 10 个视频到 D:\Users\Videos\第一次选择
2025-05-24T06:10:01.978Z [LOG] 使用快速移动: test-001.AVI -> test-001.AVI
2025-05-24T06:10:01.979Z [LOG] 更新视频ID: 1748066996130-RDpcVXNl 的文件路径为: D:\Users\Videos\第一次选择\test-001.AVI
2025-05-24T06:10:01.980Z [LOG] 成功更新 1 条视频记录的文件路径
2025-05-24T06:10:01.980Z [LOG] 更新视频ID: 1748066996130-RDpcVXNl 的文件名为: test-001.AVI
2025-05-24T06:10:02.034Z [LOG] 使用快速移动: test-002.AVI -> test-002.AVI
2025-05-24T06:10:02.034Z [LOG] 更新视频ID: 1748066996336-RDpcVXNl 的文件路径为: D:\Users\Videos\第一次选择\test-002.AVI
2025-05-24T06:10:02.035Z [LOG] 成功更新 1 条视频记录的文件路径
2025-05-24T06:10:02.036Z [LOG] 更新视频ID: 1748066996336-RDpcVXNl 的文件名为: test-002.AVI
2025-05-24T06:10:02.095Z [LOG] 使用快速移动: test-003.AVI -> test-003.AVI
2025-05-24T06:10:02.096Z [LOG] 更新视频ID: 1748066997000-RDpcVXNl 的文件路径为: D:\Users\Videos\第一次选择\test-003.AVI
2025-05-24T06:10:02.098Z [LOG] 成功更新 1 条视频记录的文件路径
2025-05-24T06:10:02.098Z [LOG] 更新视频ID: 1748066997000-RDpcVXNl 的文件名为: test-003.AVI
2025-05-24T06:10:02.155Z [LOG] 使用快速移动: test-004.AVI -> test-004.AVI
2025-05-24T06:10:02.156Z [LOG] 更新视频ID: 1748066997019-RDpcVXNl 的文件路径为: D:\Users\Videos\第一次选择\test-004.AVI
2025-05-24T06:10:02.158Z [LOG] 成功更新 1 条视频记录的文件路径
2025-05-24T06:10:02.158Z [LOG] 更新视频ID: 1748066997019-RDpcVXNl 的文件名为: test-004.AVI
2025-05-24T06:10:02.218Z [LOG] 使用快速移动: test-005.AVI -> test-005.AVI
2025-05-24T06:10:02.219Z [LOG] 更新视频ID: 1748066997528-RDpcVXNl 的文件路径为: D:\Users\Videos\第一次选择\test-005.AVI
2025-05-24T06:10:02.220Z [LOG] 成功更新 1 条视频记录的文件路径
2025-05-24T06:10:02.230Z [LOG] 更新视频ID: 1748066997528-RDpcVXNl 的文件名为: test-005.AVI
2025-05-24T06:10:02.296Z [LOG] 使用快速移动: test-001.AVI -> test-001(1).AVI
2025-05-24T06:10:02.296Z [LOG] 更新视频ID: 1748066997845-RDpcVXNl 的文件路径为: D:\Users\Videos\第一次选择\test-001(1).AVI
2025-05-24T06:10:02.298Z [LOG] 成功更新 1 条视频记录的文件路径
2025-05-24T06:10:02.298Z [LOG] 更新视频ID: 1748066997845-RDpcVXNl 的文件名为: test-001(1).AVI
2025-05-24T06:10:02.357Z [LOG] 使用快速移动: test-002.AVI -> test-002(1).AVI
2025-05-24T06:10:02.358Z [LOG] 更新视频ID: 1748066997804-RDpcVXNl 的文件路径为: D:\Users\Videos\第一次选择\test-002(1).AVI
2025-05-24T06:10:02.359Z [LOG] 成功更新 1 条视频记录的文件路径
2025-05-24T06:10:02.359Z [LOG] 更新视频ID: 1748066997804-RDpcVXNl 的文件名为: test-002(1).AVI
2025-05-24T06:10:02.420Z [LOG] 使用快速移动: test-003.AVI -> test-003(1).AVI
2025-05-24T06:10:02.421Z [LOG] 更新视频ID: 1748066997833-RDpcVXNl 的文件路径为: D:\Users\Videos\第一次选择\test-003(1).AVI
2025-05-24T06:10:02.422Z [LOG] 成功更新 1 条视频记录的文件路径
2025-05-24T06:10:02.423Z [LOG] 更新视频ID: 1748066997833-RDpcVXNl 的文件名为: test-003(1).AVI
2025-05-24T06:10:02.483Z [LOG] 使用快速移动: test-004.AVI -> test-004(1).AVI
2025-05-24T06:10:02.484Z [LOG] 更新视频ID: 1748066998163-RDpcVXNl 的文件路径为: D:\Users\Videos\第一次选择\test-004(1).AVI
2025-05-24T06:10:02.485Z [LOG] 成功更新 1 条视频记录的文件路径
2025-05-24T06:10:02.485Z [LOG] 更新视频ID: 1748066998163-RDpcVXNl 的文件名为: test-004(1).AVI
2025-05-24T06:10:02.546Z [LOG] 使用快速移动: test-005.AVI -> test-005(1).AVI
2025-05-24T06:10:02.546Z [LOG] 更新视频ID: 1748066998248-RDpcVXNl 的文件路径为: D:\Users\Videos\第一次选择\test-005(1).AVI
2025-05-24T06:10:02.549Z [LOG] 成功更新 1 条视频记录的文件路径
2025-05-24T06:10:02.549Z [LOG] 更新视频ID: 1748066998248-RDpcVXNl 的文件名为: test-005(1).AVI
2025-05-24T06:10:02.607Z [LOG] 移动完成: 总共 10 个视频，成功 10 个，失败 0 个
2025-05-24T06:10:02.612Z [LOG] 处理get-videos请求
2025-05-24T06:10:15.013Z [LOG] 打开视频: D:\Users\Videos\第一次选择\test-004(1).AVI
2025-05-24T06:10:15.016Z [LOG] 通知渲染进程数据已更新
2025-05-24T06:10:15.016Z [LOG] 处理get-videos请求
2025-05-24T06:10:51.708Z [LOG] 处理get-enum-values请求: collection
2025-05-24T06:10:51.709Z [LOG] 处理get-enum-values请求: actors
2025-05-24T06:11:51.408Z [LOG] 处理get-enum-values请求: collection
2025-05-24T06:11:51.408Z [LOG] 处理get-enum-values请求: actors
2025-05-24T06:12:21.502Z 日志开始 - 2025-05-24T06:12:21.501Z - 应用版本: 2.1.2 - 运行环境: 开发环境
2025-05-24T06:12:21.502Z 系统信息: win32 x64 - Node.js 18.18.2
2025-05-24T06:12:21.502Z App路径: D:\code\cursor\looklook
2025-05-24T06:12:21.503Z 可执行文件路径: D:\code\cursor\looklook\node_modules\electron\dist\electron.exe
2025-05-24T06:12:21.503Z [LOG] 日志文件已创建: D:\code\cursor\looklook\userdata\logs\app-2025-05-24.log
2025-05-24T06:12:21.504Z [ERROR] 设置控制台编码失败: process.stdout.setEncoding is not a function
2025-05-24T06:12:21.504Z [LOG] 应用准备就绪
2025-05-24T06:12:21.505Z [ENV] 运行模式: 开发环境
2025-05-24T06:12:21.505Z [ENV] 应用路径: D:\code\cursor\looklook
2025-05-24T06:12:21.505Z [ENV] 可执行文件路径: D:\code\cursor\looklook\node_modules\electron\dist\electron.exe
2025-05-24T06:12:21.505Z [ENV] 用户数据路径: D:\code\cursor\looklook\userdata
2025-05-24T06:12:21.506Z [FFMPEG_COPY] 开发环境中无需复制FFmpeg和FFprobe
2025-05-24T06:12:21.507Z [LOG] 用户数据目录: D:\code\cursor\looklook\userdata
2025-05-24T06:12:21.507Z [LOG] 缩略图目录: D:\code\cursor\looklook\userdata\thumbnails
2025-05-24T06:12:21.508Z [LOG] 设置文件已存在，无需创建默认设置
2025-05-24T06:12:21.515Z [LOG] 打包状态: 开发环境
2025-05-24T06:12:21.526Z [LOG] App Path: D:\code\cursor\looklook
2025-05-24T06:12:21.527Z [LOG] Exe Path: D:\code\cursor\looklook\node_modules\electron\dist\electron.exe
2025-05-24T06:12:21.528Z [LOG] 应用目录: D:\code\cursor\looklook\node_modules\electron\dist
2025-05-24T06:12:21.533Z [LOG] 资源目录: D:\code\cursor\looklook\node_modules\electron\dist\resources
2025-05-24T06:12:21.533Z [TEST] 开始测试FFmpeg和FFprobe可执行性
2025-05-24T06:12:21.533Z [TEST] 打包状态: 开发环境
2025-05-24T06:12:21.533Z [TEST] App路径: D:\code\cursor\looklook
2025-05-24T06:12:21.533Z [TEST] 可执行文件路径: D:\code\cursor\looklook\node_modules\electron\dist\electron.exe
2025-05-24T06:12:21.534Z [TEST] 应用目录: D:\code\cursor\looklook\node_modules\electron\dist
2025-05-24T06:12:21.534Z [TEST] 资源目录: D:\code\cursor\looklook\node_modules\electron\dist\resources
2025-05-24T06:12:21.534Z [LOG] 检查node_modules路径: D:\code\cursor\looklook\node_modules\electron\dist\resources\node_modules, 存在: false
2025-05-24T06:12:21.535Z [TEST] 检查node_modules路径: D:\code\cursor\looklook\node_modules\electron\dist\resources\node_modules, 存在: false
2025-05-24T06:12:21.535Z [LOG] 检查node_modules路径: D:\code\cursor\looklook\node_modules\electron\dist\node_modules, 存在: false
2025-05-24T06:12:21.535Z [TEST] 检查node_modules路径: D:\code\cursor\looklook\node_modules\electron\dist\node_modules, 存在: false
2025-05-24T06:12:21.536Z [LOG] 检查node_modules路径: D:\code\cursor\looklook\node_modules, 存在: true
2025-05-24T06:12:21.536Z [TEST] 检查node_modules路径: D:\code\cursor\looklook\node_modules, 存在: true
2025-05-24T06:12:21.536Z [TEST] D:\code\cursor\looklook\node_modules 中内容: .bin, .package-lock.json, 7zip-bin, @derhuerst, @develar, @electron, @isaacs, @malept, @pkgjs, @sindresorhus, @szmarczak, @tootallnate, @types, @xmldom, agent-base, ajv, ajv-formats, ajv-keywords, ansi-regex, ansi-styles, app-builder-bin, app-builder-lib, archiver, archiver-utils, argparse, async, async-exit-hook, asynckit, at-least-node, atomically, balanced-match, base64-js, binary-search-tree, bl, bluebird, bluebird-lst, boolean, brace-expansion, buffer, buffer-crc32, buffer-equal, buffer-from, builder-util, builder-util-runtime, cacheable-lookup, cacheable-request, call-bind-apply-helpers, caseless, chalk, chownr, chromium-pickle-js, ci-info, cliui, clone-response, color-convert, color-name, combined-stream, commander, compare-version, compress-commons, concat-map, concat-stream, conf, config-file-ts, core-util-is, crc-32, crc32-stream, cross-spawn, debounce-fn, debug, decompress-response, defer-to-connect, define-data-property, define-properties, delayed-stream, detect-node, dir-compare, dmg-builder, dot-prop, dotenv, dotenv-expand, dunder-proto, eastasianwidth, ejs, electron, electron-builder, electron-builder-squirrel-windows, electron-publish, electron-store, emoji-regex, end-of-stream, env-paths, err-code, es-define-property, es-errors, es-object-atoms, es-set-tostringtag, es6-error, escalade, escape-string-regexp, extract-zip, fast-deep-equal, fast-json-stable-stringify, fast-uri, fd-slicer, ffmpeg-static, ffprobe-static, filelist, fluent-ffmpeg, foreground-child, form-data, fs-constants, fs-extra, fs-minipass, fs.realpath, function-bind, get-caller-file, get-intrinsic, get-proto, get-stream, glob, global-agent, globalthis, gopd, got, graceful-fs, has-flag, has-property-descriptors, has-symbols, has-tostringtag, hasown, hosted-git-info, http-cache-semantics, http-proxy-agent, http-response-object, http2-wrapper, https-proxy-agent, iconv-lite, ieee754, immediate, inflight, inherits, is-ci, is-fullwidth-code-point, isarray, isbinaryfile, isexe, jackspeak, jake, js-yaml, json-buffer, json-schema-traverse, json-schema-typed, json-stringify-safe, json5, jsonfile, keyv, lazy-val, lazystream, lie, localforage, lodash, lodash.defaults, lodash.difference, lodash.flatten, lodash.isplainobject, lodash.union, lowercase-keys, lru-cache, matcher, math-intrinsics, mime, mime-db, mime-types, mimic-function, mimic-response, minimatch, minimist, minipass, minizlib, mkdirp, ms, nedb, normalize-path, normalize-url, object-keys, once, p-cancelable, package-json-from-dist, parse-cache-control, path-is-absolute, path-key, path-scurry, pend, plist, process-nextick-args, progress, promise-retry, pump, punycode, quick-lru, read-config-file, readable-stream, readdir-glob, require-directory, require-from-string, resolve-alpn, responselike, retry, rimraf, roarr, safe-buffer, safer-buffer, sanitize-filename, sax, semver, semver-compare, serialize-error, shebang-command, shebang-regex, signal-exit, simple-update-notifier, source-map, source-map-support, sprintf-js, stat-mode, string-width, string-width-cjs, string_decoder, strip-ansi, strip-ansi-cjs, stubborn-fs, sumchecker, supports-color, tar, tar-stream, temp-file, tmp, tmp-promise, truncate-utf8-bytes, type-fest, typedarray, typescript, uint8array-extras, underscore, undici-types, universalify, uri-js, utf8-byte-length, util-deprecate, when-exit, which, wrap-ansi, wrap-ansi-cjs, wrappy, xmlbuilder, y18n, yallist, yargs, yargs-parser, yauzl, zip-stream
2025-05-24T06:12:21.537Z [TEST] ffmpeg-static存在于 D:\code\cursor\looklook\node_modules\ffmpeg-static
2025-05-24T06:12:21.537Z [TEST] ffmpeg-static内容: example.js, ffmpeg.exe, index.js, install.js, LICENSE, package.json, README.md, types
2025-05-24T06:12:21.537Z [TEST] ffprobe-static存在于 D:\code\cursor\looklook\node_modules\ffprobe-static
2025-05-24T06:12:21.537Z [TEST] ffprobe-static内容: bin, index.js, LICENSE, package.json, README.md, tests
2025-05-24T06:12:21.538Z [TEST] ffprobe-static/bin内容: darwin, linux, win32
2025-05-24T06:12:21.538Z [TEST] ffprobe-static/bin/win32内容: ia32, x64
2025-05-24T06:12:21.538Z [TEST] ffprobe-static/bin/win32/x64内容: ffprobe.exe
2025-05-24T06:12:21.539Z [LOG] 测试FFmpeg可执行性...
2025-05-24T06:12:21.539Z [TEST] 开始测试FFmpeg可执行性
2025-05-24T06:12:21.539Z [LOG] FFmpeg文件存在: D:\code\cursor\looklook\node_modules\ffmpeg-static\ffmpeg.exe
2025-05-24T06:12:21.539Z [TEST] FFmpeg文件存在: D:\code\cursor\looklook\node_modules\ffmpeg-static\ffmpeg.exe
2025-05-24T06:12:21.540Z [LOG] FFmpeg有执行权限
2025-05-24T06:12:21.540Z [TEST] FFmpeg有执行权限
2025-05-24T06:12:21.575Z [LOG] 测试FFprobe可执行性...
2025-05-24T06:12:21.575Z [LOG] FFprobe文件存在: D:\code\cursor\looklook\node_modules\ffprobe-static\bin\win32\x64\ffprobe.exe
2025-05-24T06:12:21.580Z [LOG] FFprobe有执行权限
2025-05-24T06:12:21.653Z [LOG] 注册IPC事件处理程序...
2025-05-24T06:12:21.657Z [LOG] IPC事件处理程序注册完成
2025-05-24T06:12:21.661Z [LOG] FFprobe执行测试成功: ffprobe version 4.0.2 Copyright (c) 2007-2018 the FFmpeg developers
2025-05-24T06:12:21.662Z [LOG] FFmpeg执行测试成功: ffmpeg version 7.1.1-essentials_build-www.gyan.dev Copyright (c) 2000-2025 the FFmpeg developers
2025-05-24T06:12:21.662Z [TEST] FFmpeg执行测试成功: ffmpeg version 7.1.1-essentials_build-www.gyan.dev Copyright (c) 2000-2025 the FFmpeg developers
2025-05-24T06:12:21.662Z [LOG] FFprobe执行测试成功: ffprobe version 4.0.2 Copyright (c) 2007-2018 the FFmpeg developers
2025-05-24T06:12:21.663Z [LOG] FFmpeg执行测试成功: ffmpeg version 7.1.1-essentials_build-www.gyan.dev Copyright (c) 2000-2025 the FFmpeg developers
2025-05-24T06:12:21.663Z [TEST] FFmpeg执行测试成功: ffmpeg version 7.1.1-essentials_build-www.gyan.dev Copyright (c) 2000-2025 the FFmpeg developers
2025-05-24T06:12:21.699Z [LOG] 已加载 10 个视频记录
2025-05-24T06:12:21.702Z [LOG] 开始检查是否存在重复视频记录...
2025-05-24T06:12:21.702Z [LOG] 没有发现重复视频记录
2025-05-24T06:12:21.703Z [LOG] 已加载枚举值[collection]: 4个
2025-05-24T06:12:21.704Z [LOG] 已加载枚举值[actors]: 0个
2025-05-24T06:12:21.705Z [LOG] 开始检查 10 个视频文件是否存在...
2025-05-24T06:12:21.730Z [LOG] 视频文件检查完成，共检查 10 个文件，发现 0 个问题
2025-05-24T06:12:21.732Z [LOG] 数据库模块初始化完成
2025-05-24T06:12:21.813Z [LOG] 处理get-videos请求
2025-05-24T06:12:21.818Z [LOG] 处理get-enum-values请求: collection
2025-05-24T06:12:21.819Z [LOG] 处理get-enum-values请求: actors
2025-05-24T06:12:21.833Z [LOG] 处理自定义协议请求: app://thumbnail/1748066997845-RDpcVXNl.jpg
2025-05-24T06:12:21.834Z [LOG] 缩略图路径: D:\code\cursor\looklook\userdata\thumbnails\1748066997845-RDpcVXNl.jpg
2025-05-24T06:12:21.834Z [LOG] 处理get-enum-values请求: collection
2025-05-24T06:12:21.835Z [LOG] 处理自定义协议请求: app://thumbnail/1748066996130-RDpcVXNl.jpg
2025-05-24T06:12:21.835Z [LOG] 缩略图路径: D:\code\cursor\looklook\userdata\thumbnails\1748066996130-RDpcVXNl.jpg
2025-05-24T06:12:21.836Z [LOG] 处理自定义协议请求: app://thumbnail/1748066997804-RDpcVXNl.jpg
2025-05-24T06:12:21.836Z [LOG] 缩略图路径: D:\code\cursor\looklook\userdata\thumbnails\1748066997804-RDpcVXNl.jpg
2025-05-24T06:12:21.836Z [LOG] 处理get-enum-values请求: actors
2025-05-24T06:12:21.837Z [LOG] 处理自定义协议请求: app://thumbnail/1748066996336-RDpcVXNl.jpg
2025-05-24T06:12:21.837Z [LOG] 缩略图路径: D:\code\cursor\looklook\userdata\thumbnails\1748066996336-RDpcVXNl.jpg
2025-05-24T06:12:21.837Z [LOG] 处理自定义协议请求: app://thumbnail/1748066997833-RDpcVXNl.jpg
2025-05-24T06:12:21.838Z [LOG] 缩略图路径: D:\code\cursor\looklook\userdata\thumbnails\1748066997833-RDpcVXNl.jpg
2025-05-24T06:12:21.838Z [LOG] 处理自定义协议请求: app://thumbnail/1748066997000-RDpcVXNl.jpg
2025-05-24T06:12:21.838Z [LOG] 缩略图路径: D:\code\cursor\looklook\userdata\thumbnails\1748066997000-RDpcVXNl.jpg
2025-05-24T06:12:21.856Z [LOG] 处理自定义协议请求: app://thumbnail/1748066998163-RDpcVXNl.jpg
2025-05-24T06:12:21.857Z [LOG] 缩略图路径: D:\code\cursor\looklook\userdata\thumbnails\1748066998163-RDpcVXNl.jpg
2025-05-24T06:12:21.857Z [LOG] 处理自定义协议请求: app://thumbnail/1748066997019-RDpcVXNl.jpg
2025-05-24T06:12:21.857Z [LOG] 缩略图路径: D:\code\cursor\looklook\userdata\thumbnails\1748066997019-RDpcVXNl.jpg
2025-05-24T06:12:21.858Z [LOG] 处理自定义协议请求: app://thumbnail/1748066998248-RDpcVXNl.jpg
2025-05-24T06:12:21.858Z [LOG] 缩略图路径: D:\code\cursor\looklook\userdata\thumbnails\1748066998248-RDpcVXNl.jpg
2025-05-24T06:12:21.858Z [LOG] 处理自定义协议请求: app://thumbnail/1748066997528-RDpcVXNl.jpg
2025-05-24T06:12:21.859Z [LOG] 缩略图路径: D:\code\cursor\looklook\userdata\thumbnails\1748066997528-RDpcVXNl.jpg
2025-05-24T06:12:25.279Z [LOG] 处理import-folder请求
2025-05-24T06:12:36.080Z [LOG] 用户选择了文件夹: D:\Users\Videos\第一次选择
2025-05-24T06:12:36.081Z [LOG] 开始搜索文件夹 D:\Users\Videos\第一次选择 中的视频文件
2025-05-24T06:12:36.082Z [LOG] 搜索文件夹: D:\Users\Videos\第一次选择
2025-05-24T06:12:36.082Z [LOG] 搜索文件夹: D:\Users\Videos\第一次选择\新建文件夹
2025-05-24T06:12:36.083Z [LOG] 搜索文件夹: D:\Users\Videos\第一次选择\新建文件夹 (2)
2025-05-24T06:12:36.083Z [LOG] 在文件夹中找到 15 个视频文件
2025-05-24T06:12:36.083Z [LOG] 当前数据库中有 10 个视频记录
2025-05-24T06:12:36.083Z [LOG] 其中新增视频 5 个，重复视频 10 个
2025-05-24T06:12:36.084Z [LOG] 设置已加载
2025-05-24T06:12:36.084Z [LOG] 获取视频分辨率: D:\Users\Videos\第一次选择\新建文件夹\test-001.AVI
2025-05-24T06:12:36.084Z [MAIN] 开始获取视频分辨率: D:\Users\Videos\第一次选择\新建文件夹\test-001.AVI
2025-05-24T06:12:36.085Z [LOG] 直接获取视频分辨率
2025-05-24T06:12:36.085Z [RESOLUTION] 开始获取视频分辨率: D:\Users\Videos\第一次选择\新建文件夹\test-001.AVI
2025-05-24T06:12:36.085Z [PATH] 尝试获取FFprobe路径
2025-05-24T06:12:36.085Z [LOG] 使用配置的FFprobe路径: D:\code\cursor\looklook\node_modules\ffprobe-static\bin\win32\x64\ffprobe.exe
2025-05-24T06:12:36.085Z [PATH] 使用配置的FFprobe路径: D:\code\cursor\looklook\node_modules\ffprobe-static\bin\win32\x64\ffprobe.exe
2025-05-24T06:12:36.085Z [RESOLUTION] 在开发环境中使用ffprobe路径: D:\code\cursor\looklook\node_modules\ffprobe-static\bin\win32\x64\ffprobe.exe
2025-05-24T06:12:36.086Z [RESOLUTION] 检查ffprobe可执行文件是否存在: true
2025-05-24T06:12:36.086Z [LOG] 执行命令: "D:\code\cursor\looklook\node_modules\ffprobe-static\bin\win32\x64\ffprobe.exe" -v error -select_streams v:0 -show_entries stream=width,height -of csv=s=x:p=0 "D:\Users\Videos\第一次选择\新建文件夹\test-001.AVI"
2025-05-24T06:12:36.086Z [RESOLUTION] 开始执行命令获取分辨率: "D:\code\cursor\looklook\node_modules\ffprobe-static\bin\win32\x64\ffprobe.exe" -v error -select_streams v:0 -show_entries stream=width,height -of csv=s=x:p=0 "D:\Users\Videos\第一次选择\新建文件夹\test-001.AVI"
2025-05-24T06:12:36.161Z [RESOLUTION] 命令输出: "320x240"
2025-05-24T06:12:36.162Z [LOG] 成功解析分辨率: 320×240
2025-05-24T06:12:36.162Z [RESOLUTION] 成功解析分辨率: 320×240
2025-05-24T06:12:36.165Z [LOG] 获取视频时长: D:\Users\Videos\第一次选择\新建文件夹\test-001.AVI
2025-05-24T06:12:36.165Z [MAIN] 开始获取视频时长: D:\Users\Videos\第一次选择\新建文件夹\test-001.AVI
2025-05-24T06:12:36.166Z [LOG] 直接获取视频时长
2025-05-24T06:12:36.166Z [DURATION] 开始获取视频时长: D:\Users\Videos\第一次选择\新建文件夹\test-001.AVI
2025-05-24T06:12:36.167Z [PATH] 尝试获取FFprobe路径
2025-05-24T06:12:36.167Z [LOG] 使用配置的FFprobe路径: D:\code\cursor\looklook\node_modules\ffprobe-static\bin\win32\x64\ffprobe.exe
2025-05-24T06:12:36.167Z [PATH] 使用配置的FFprobe路径: D:\code\cursor\looklook\node_modules\ffprobe-static\bin\win32\x64\ffprobe.exe
2025-05-24T06:12:36.167Z [DURATION] 在开发环境中使用ffprobe路径: D:\code\cursor\looklook\node_modules\ffprobe-static\bin\win32\x64\ffprobe.exe
2025-05-24T06:12:36.168Z [DURATION] 检查ffprobe可执行文件是否存在: true
2025-05-24T06:12:36.168Z [LOG] 执行命令: "D:\code\cursor\looklook\node_modules\ffprobe-static\bin\win32\x64\ffprobe.exe" -v error -show_entries format=duration -of default=noprint_wrappers=1:nokey=1 "D:\Users\Videos\第一次选择\新建文件夹\test-001.AVI"
2025-05-24T06:12:36.168Z [DURATION] 开始执行命令获取时长: "D:\code\cursor\looklook\node_modules\ffprobe-static\bin\win32\x64\ffprobe.exe" -v error -show_entries format=duration -of default=noprint_wrappers=1:nokey=1 "D:\Users\Videos\第一次选择\新建文件夹\test-001.AVI"
2025-05-24T06:12:36.273Z [DURATION] 命令输出: "125.952000"
2025-05-24T06:12:36.273Z [LOG] 成功解析时长: 00:02:05
2025-05-24T06:12:36.274Z [DURATION] 成功解析时长: 00:02:05
2025-05-24T06:12:36.275Z [LOG] 开始生成缩略图，视频路径: D:\Users\Videos\第一次选择\新建文件夹\test-001.AVI
2025-05-24T06:12:36.276Z [LOG] 缩略图输出路径: D:\code\cursor\looklook\userdata\thumbnails\1748067156975-RDpcVXNl.jpg
2025-05-24T06:12:36.276Z [LOG] 生成随机时间点: 00:00:33
2025-05-24T06:12:36.276Z [LOG] 使用直接命令行ffmpeg生成缩略图
2025-05-24T06:12:36.277Z [PATH] 尝试获取FFmpeg路径
2025-05-24T06:12:36.277Z [LOG] 使用配置的FFmpeg路径: D:\code\cursor\looklook\node_modules\ffmpeg-static\ffmpeg.exe
2025-05-24T06:12:36.277Z [PATH] 使用配置的FFmpeg路径: D:\code\cursor\looklook\node_modules\ffmpeg-static\ffmpeg.exe
2025-05-24T06:12:36.277Z [LOG] 将使用时间点 00:00:33 生成缩略图
2025-05-24T06:12:36.277Z [LOG] 执行命令: D:\code\cursor\looklook\node_modules\ffmpeg-static\ffmpeg.exe -ss 00:00:33 -i D:\Users\Videos\第一次选择\新建文件夹\test-001.AVI -vframes 1 -s 320x180 -y D:\code\cursor\looklook\userdata\thumbnails\1748067156975-RDpcVXNl.jpg
2025-05-24T06:12:36.405Z [LOG] 直接ffmpeg成功生成缩略图: D:\code\cursor\looklook\userdata\thumbnails\1748067156975-RDpcVXNl.jpg
2025-05-24T06:12:36.407Z [LOG] 通过直接ffmpeg命令生成缩略图成功
2025-05-24T06:12:36.408Z [LOG] 设置已加载
2025-05-24T06:12:36.408Z [LOG] 获取视频分辨率: D:\Users\Videos\第一次选择\新建文件夹\test-002.AVI
2025-05-24T06:12:36.408Z [MAIN] 开始获取视频分辨率: D:\Users\Videos\第一次选择\新建文件夹\test-002.AVI
2025-05-24T06:12:36.409Z [LOG] 直接获取视频分辨率
2025-05-24T06:12:36.409Z [RESOLUTION] 开始获取视频分辨率: D:\Users\Videos\第一次选择\新建文件夹\test-002.AVI
2025-05-24T06:12:36.409Z [PATH] 尝试获取FFprobe路径
2025-05-24T06:12:36.409Z [LOG] 使用配置的FFprobe路径: D:\code\cursor\looklook\node_modules\ffprobe-static\bin\win32\x64\ffprobe.exe
2025-05-24T06:12:36.409Z [PATH] 使用配置的FFprobe路径: D:\code\cursor\looklook\node_modules\ffprobe-static\bin\win32\x64\ffprobe.exe
2025-05-24T06:12:36.409Z [RESOLUTION] 在开发环境中使用ffprobe路径: D:\code\cursor\looklook\node_modules\ffprobe-static\bin\win32\x64\ffprobe.exe
2025-05-24T06:12:36.410Z [RESOLUTION] 检查ffprobe可执行文件是否存在: true
2025-05-24T06:12:36.410Z [LOG] 执行命令: "D:\code\cursor\looklook\node_modules\ffprobe-static\bin\win32\x64\ffprobe.exe" -v error -select_streams v:0 -show_entries stream=width,height -of csv=s=x:p=0 "D:\Users\Videos\第一次选择\新建文件夹\test-002.AVI"
2025-05-24T06:12:36.410Z [RESOLUTION] 开始执行命令获取分辨率: "D:\code\cursor\looklook\node_modules\ffprobe-static\bin\win32\x64\ffprobe.exe" -v error -select_streams v:0 -show_entries stream=width,height -of csv=s=x:p=0 "D:\Users\Videos\第一次选择\新建文件夹\test-002.AVI"
2025-05-24T06:12:36.477Z [RESOLUTION] 命令输出: "320x240"
2025-05-24T06:12:36.477Z [LOG] 成功解析分辨率: 320×240
2025-05-24T06:12:36.477Z [RESOLUTION] 成功解析分辨率: 320×240
2025-05-24T06:12:36.479Z [LOG] 获取视频时长: D:\Users\Videos\第一次选择\新建文件夹\test-002.AVI
2025-05-24T06:12:36.479Z [MAIN] 开始获取视频时长: D:\Users\Videos\第一次选择\新建文件夹\test-002.AVI
2025-05-24T06:12:36.479Z [LOG] 直接获取视频时长
2025-05-24T06:12:36.479Z [DURATION] 开始获取视频时长: D:\Users\Videos\第一次选择\新建文件夹\test-002.AVI
2025-05-24T06:12:36.479Z [PATH] 尝试获取FFprobe路径
2025-05-24T06:12:36.480Z [LOG] 使用配置的FFprobe路径: D:\code\cursor\looklook\node_modules\ffprobe-static\bin\win32\x64\ffprobe.exe
2025-05-24T06:12:36.480Z [PATH] 使用配置的FFprobe路径: D:\code\cursor\looklook\node_modules\ffprobe-static\bin\win32\x64\ffprobe.exe
2025-05-24T06:12:36.480Z [DURATION] 在开发环境中使用ffprobe路径: D:\code\cursor\looklook\node_modules\ffprobe-static\bin\win32\x64\ffprobe.exe
2025-05-24T06:12:36.480Z [DURATION] 检查ffprobe可执行文件是否存在: true
2025-05-24T06:12:36.480Z [LOG] 执行命令: "D:\code\cursor\looklook\node_modules\ffprobe-static\bin\win32\x64\ffprobe.exe" -v error -show_entries format=duration -of default=noprint_wrappers=1:nokey=1 "D:\Users\Videos\第一次选择\新建文件夹\test-002.AVI"
2025-05-24T06:12:36.480Z [DURATION] 开始执行命令获取时长: "D:\code\cursor\looklook\node_modules\ffprobe-static\bin\win32\x64\ffprobe.exe" -v error -show_entries format=duration -of default=noprint_wrappers=1:nokey=1 "D:\Users\Videos\第一次选择\新建文件夹\test-002.AVI"
2025-05-24T06:12:36.544Z [DURATION] 命令输出: "125.952000"
2025-05-24T06:12:36.545Z [LOG] 成功解析时长: 00:02:05
2025-05-24T06:12:36.545Z [DURATION] 成功解析时长: 00:02:05
2025-05-24T06:12:36.547Z [LOG] 开始生成缩略图，视频路径: D:\Users\Videos\第一次选择\新建文件夹\test-002.AVI
2025-05-24T06:12:36.548Z [LOG] 缩略图输出路径: D:\code\cursor\looklook\userdata\thumbnails\1748067157355-RDpcVXNl.jpg
2025-05-24T06:12:36.548Z [LOG] 生成随机时间点: 00:00:13
2025-05-24T06:12:36.548Z [LOG] 使用直接命令行ffmpeg生成缩略图
2025-05-24T06:12:36.548Z [PATH] 尝试获取FFmpeg路径
2025-05-24T06:12:36.548Z [LOG] 使用配置的FFmpeg路径: D:\code\cursor\looklook\node_modules\ffmpeg-static\ffmpeg.exe
2025-05-24T06:12:36.549Z [PATH] 使用配置的FFmpeg路径: D:\code\cursor\looklook\node_modules\ffmpeg-static\ffmpeg.exe
2025-05-24T06:12:36.549Z [LOG] 将使用时间点 00:00:13 生成缩略图
2025-05-24T06:12:36.549Z [LOG] 执行命令: D:\code\cursor\looklook\node_modules\ffmpeg-static\ffmpeg.exe -ss 00:00:13 -i D:\Users\Videos\第一次选择\新建文件夹\test-002.AVI -vframes 1 -s 320x180 -y D:\code\cursor\looklook\userdata\thumbnails\1748067157355-RDpcVXNl.jpg
2025-05-24T06:12:36.623Z [LOG] 直接ffmpeg成功生成缩略图: D:\code\cursor\looklook\userdata\thumbnails\1748067157355-RDpcVXNl.jpg
2025-05-24T06:12:36.624Z [LOG] 通过直接ffmpeg命令生成缩略图成功
2025-05-24T06:12:36.625Z [LOG] 设置已加载
2025-05-24T06:12:36.625Z [LOG] 获取视频分辨率: D:\Users\Videos\第一次选择\新建文件夹\test-003.AVI
2025-05-24T06:12:36.625Z [MAIN] 开始获取视频分辨率: D:\Users\Videos\第一次选择\新建文件夹\test-003.AVI
2025-05-24T06:12:36.625Z [LOG] 直接获取视频分辨率
2025-05-24T06:12:36.625Z [RESOLUTION] 开始获取视频分辨率: D:\Users\Videos\第一次选择\新建文件夹\test-003.AVI
2025-05-24T06:12:36.625Z [PATH] 尝试获取FFprobe路径
2025-05-24T06:12:36.626Z [LOG] 使用配置的FFprobe路径: D:\code\cursor\looklook\node_modules\ffprobe-static\bin\win32\x64\ffprobe.exe
2025-05-24T06:12:36.626Z [PATH] 使用配置的FFprobe路径: D:\code\cursor\looklook\node_modules\ffprobe-static\bin\win32\x64\ffprobe.exe
2025-05-24T06:12:36.626Z [RESOLUTION] 在开发环境中使用ffprobe路径: D:\code\cursor\looklook\node_modules\ffprobe-static\bin\win32\x64\ffprobe.exe
2025-05-24T06:12:36.626Z [RESOLUTION] 检查ffprobe可执行文件是否存在: true
2025-05-24T06:12:36.626Z [LOG] 执行命令: "D:\code\cursor\looklook\node_modules\ffprobe-static\bin\win32\x64\ffprobe.exe" -v error -select_streams v:0 -show_entries stream=width,height -of csv=s=x:p=0 "D:\Users\Videos\第一次选择\新建文件夹\test-003.AVI"
2025-05-24T06:12:36.626Z [RESOLUTION] 开始执行命令获取分辨率: "D:\code\cursor\looklook\node_modules\ffprobe-static\bin\win32\x64\ffprobe.exe" -v error -select_streams v:0 -show_entries stream=width,height -of csv=s=x:p=0 "D:\Users\Videos\第一次选择\新建文件夹\test-003.AVI"
2025-05-24T06:12:36.691Z [RESOLUTION] 命令输出: "320x240"
2025-05-24T06:12:36.691Z [LOG] 成功解析分辨率: 320×240
2025-05-24T06:12:36.691Z [RESOLUTION] 成功解析分辨率: 320×240
2025-05-24T06:12:36.692Z [LOG] 获取视频时长: D:\Users\Videos\第一次选择\新建文件夹\test-003.AVI
2025-05-24T06:12:36.693Z [MAIN] 开始获取视频时长: D:\Users\Videos\第一次选择\新建文件夹\test-003.AVI
2025-05-24T06:12:36.693Z [LOG] 直接获取视频时长
2025-05-24T06:12:36.693Z [DURATION] 开始获取视频时长: D:\Users\Videos\第一次选择\新建文件夹\test-003.AVI
2025-05-24T06:12:36.693Z [PATH] 尝试获取FFprobe路径
2025-05-24T06:12:36.693Z [LOG] 使用配置的FFprobe路径: D:\code\cursor\looklook\node_modules\ffprobe-static\bin\win32\x64\ffprobe.exe
2025-05-24T06:12:36.693Z [PATH] 使用配置的FFprobe路径: D:\code\cursor\looklook\node_modules\ffprobe-static\bin\win32\x64\ffprobe.exe
2025-05-24T06:12:36.693Z [DURATION] 在开发环境中使用ffprobe路径: D:\code\cursor\looklook\node_modules\ffprobe-static\bin\win32\x64\ffprobe.exe
2025-05-24T06:12:36.693Z [DURATION] 检查ffprobe可执行文件是否存在: true
2025-05-24T06:12:36.694Z [LOG] 执行命令: "D:\code\cursor\looklook\node_modules\ffprobe-static\bin\win32\x64\ffprobe.exe" -v error -show_entries format=duration -of default=noprint_wrappers=1:nokey=1 "D:\Users\Videos\第一次选择\新建文件夹\test-003.AVI"
2025-05-24T06:12:36.694Z [DURATION] 开始执行命令获取时长: "D:\code\cursor\looklook\node_modules\ffprobe-static\bin\win32\x64\ffprobe.exe" -v error -show_entries format=duration -of default=noprint_wrappers=1:nokey=1 "D:\Users\Videos\第一次选择\新建文件夹\test-003.AVI"
2025-05-24T06:12:36.759Z [DURATION] 命令输出: "125.952000"
2025-05-24T06:12:36.760Z [LOG] 成功解析时长: 00:02:05
2025-05-24T06:12:36.760Z [DURATION] 成功解析时长: 00:02:05
2025-05-24T06:12:36.761Z [LOG] 开始生成缩略图，视频路径: D:\Users\Videos\第一次选择\新建文件夹\test-003.AVI
2025-05-24T06:12:36.762Z [LOG] 缩略图输出路径: D:\code\cursor\looklook\userdata\thumbnails\1748067157574-RDpcVXNl.jpg
2025-05-24T06:12:36.762Z [LOG] 生成随机时间点: 00:00:51
2025-05-24T06:12:36.762Z [LOG] 使用直接命令行ffmpeg生成缩略图
2025-05-24T06:12:36.762Z [PATH] 尝试获取FFmpeg路径
2025-05-24T06:12:36.762Z [LOG] 使用配置的FFmpeg路径: D:\code\cursor\looklook\node_modules\ffmpeg-static\ffmpeg.exe
2025-05-24T06:12:36.762Z [PATH] 使用配置的FFmpeg路径: D:\code\cursor\looklook\node_modules\ffmpeg-static\ffmpeg.exe
2025-05-24T06:12:36.763Z [LOG] 将使用时间点 00:00:51 生成缩略图
2025-05-24T06:12:36.763Z [LOG] 执行命令: D:\code\cursor\looklook\node_modules\ffmpeg-static\ffmpeg.exe -ss 00:00:51 -i D:\Users\Videos\第一次选择\新建文件夹\test-003.AVI -vframes 1 -s 320x180 -y D:\code\cursor\looklook\userdata\thumbnails\1748067157574-RDpcVXNl.jpg
2025-05-24T06:12:36.844Z [LOG] 直接ffmpeg成功生成缩略图: D:\code\cursor\looklook\userdata\thumbnails\1748067157574-RDpcVXNl.jpg
2025-05-24T06:12:36.845Z [LOG] 通过直接ffmpeg命令生成缩略图成功
2025-05-24T06:12:36.846Z [LOG] 设置已加载
2025-05-24T06:12:36.846Z [LOG] 获取视频分辨率: D:\Users\Videos\第一次选择\新建文件夹\test-004.AVI
2025-05-24T06:12:36.846Z [MAIN] 开始获取视频分辨率: D:\Users\Videos\第一次选择\新建文件夹\test-004.AVI
2025-05-24T06:12:36.846Z [LOG] 直接获取视频分辨率
2025-05-24T06:12:36.846Z [RESOLUTION] 开始获取视频分辨率: D:\Users\Videos\第一次选择\新建文件夹\test-004.AVI
2025-05-24T06:12:36.847Z [PATH] 尝试获取FFprobe路径
2025-05-24T06:12:36.847Z [LOG] 使用配置的FFprobe路径: D:\code\cursor\looklook\node_modules\ffprobe-static\bin\win32\x64\ffprobe.exe
2025-05-24T06:12:36.847Z [PATH] 使用配置的FFprobe路径: D:\code\cursor\looklook\node_modules\ffprobe-static\bin\win32\x64\ffprobe.exe
2025-05-24T06:12:36.847Z [RESOLUTION] 在开发环境中使用ffprobe路径: D:\code\cursor\looklook\node_modules\ffprobe-static\bin\win32\x64\ffprobe.exe
2025-05-24T06:12:36.847Z [RESOLUTION] 检查ffprobe可执行文件是否存在: true
2025-05-24T06:12:36.847Z [LOG] 执行命令: "D:\code\cursor\looklook\node_modules\ffprobe-static\bin\win32\x64\ffprobe.exe" -v error -select_streams v:0 -show_entries stream=width,height -of csv=s=x:p=0 "D:\Users\Videos\第一次选择\新建文件夹\test-004.AVI"
2025-05-24T06:12:36.847Z [RESOLUTION] 开始执行命令获取分辨率: "D:\code\cursor\looklook\node_modules\ffprobe-static\bin\win32\x64\ffprobe.exe" -v error -select_streams v:0 -show_entries stream=width,height -of csv=s=x:p=0 "D:\Users\Videos\第一次选择\新建文件夹\test-004.AVI"
2025-05-24T06:12:36.911Z [RESOLUTION] 命令输出: "320x240"
2025-05-24T06:12:36.911Z [LOG] 成功解析分辨率: 320×240
2025-05-24T06:12:36.911Z [RESOLUTION] 成功解析分辨率: 320×240
2025-05-24T06:12:36.913Z [LOG] 获取视频时长: D:\Users\Videos\第一次选择\新建文件夹\test-004.AVI
2025-05-24T06:12:36.913Z [MAIN] 开始获取视频时长: D:\Users\Videos\第一次选择\新建文件夹\test-004.AVI
2025-05-24T06:12:36.913Z [LOG] 直接获取视频时长
2025-05-24T06:12:36.913Z [DURATION] 开始获取视频时长: D:\Users\Videos\第一次选择\新建文件夹\test-004.AVI
2025-05-24T06:12:36.914Z [PATH] 尝试获取FFprobe路径
2025-05-24T06:12:36.914Z [LOG] 使用配置的FFprobe路径: D:\code\cursor\looklook\node_modules\ffprobe-static\bin\win32\x64\ffprobe.exe
2025-05-24T06:12:36.914Z [PATH] 使用配置的FFprobe路径: D:\code\cursor\looklook\node_modules\ffprobe-static\bin\win32\x64\ffprobe.exe
2025-05-24T06:12:36.914Z [DURATION] 在开发环境中使用ffprobe路径: D:\code\cursor\looklook\node_modules\ffprobe-static\bin\win32\x64\ffprobe.exe
2025-05-24T06:12:36.914Z [DURATION] 检查ffprobe可执行文件是否存在: true
2025-05-24T06:12:36.914Z [LOG] 执行命令: "D:\code\cursor\looklook\node_modules\ffprobe-static\bin\win32\x64\ffprobe.exe" -v error -show_entries format=duration -of default=noprint_wrappers=1:nokey=1 "D:\Users\Videos\第一次选择\新建文件夹\test-004.AVI"
2025-05-24T06:12:36.914Z [DURATION] 开始执行命令获取时长: "D:\code\cursor\looklook\node_modules\ffprobe-static\bin\win32\x64\ffprobe.exe" -v error -show_entries format=duration -of default=noprint_wrappers=1:nokey=1 "D:\Users\Videos\第一次选择\新建文件夹\test-004.AVI"
2025-05-24T06:12:36.978Z [DURATION] 命令输出: "125.952000"
2025-05-24T06:12:36.978Z [LOG] 成功解析时长: 00:02:05
2025-05-24T06:12:36.978Z [DURATION] 成功解析时长: 00:02:05
2025-05-24T06:12:36.980Z [LOG] 开始生成缩略图，视频路径: D:\Users\Videos\第一次选择\新建文件夹\test-004.AVI
2025-05-24T06:12:36.980Z [LOG] 缩略图输出路径: D:\code\cursor\looklook\userdata\thumbnails\1748067157239-RDpcVXNl.jpg
2025-05-24T06:12:36.981Z [LOG] 生成随机时间点: 00:00:10
2025-05-24T06:12:36.981Z [LOG] 使用直接命令行ffmpeg生成缩略图
2025-05-24T06:12:36.981Z [PATH] 尝试获取FFmpeg路径
2025-05-24T06:12:36.981Z [LOG] 使用配置的FFmpeg路径: D:\code\cursor\looklook\node_modules\ffmpeg-static\ffmpeg.exe
2025-05-24T06:12:36.981Z [PATH] 使用配置的FFmpeg路径: D:\code\cursor\looklook\node_modules\ffmpeg-static\ffmpeg.exe
2025-05-24T06:12:36.981Z [LOG] 将使用时间点 00:00:10 生成缩略图
2025-05-24T06:12:36.981Z [LOG] 执行命令: D:\code\cursor\looklook\node_modules\ffmpeg-static\ffmpeg.exe -ss 00:00:10 -i D:\Users\Videos\第一次选择\新建文件夹\test-004.AVI -vframes 1 -s 320x180 -y D:\code\cursor\looklook\userdata\thumbnails\1748067157239-RDpcVXNl.jpg
2025-05-24T06:12:37.054Z [LOG] 直接ffmpeg成功生成缩略图: D:\code\cursor\looklook\userdata\thumbnails\1748067157239-RDpcVXNl.jpg
2025-05-24T06:12:37.056Z [LOG] 通过直接ffmpeg命令生成缩略图成功
2025-05-24T06:12:37.057Z [LOG] 设置已加载
2025-05-24T06:12:37.057Z [LOG] 获取视频分辨率: D:\Users\Videos\第一次选择\新建文件夹\test-005.AVI
2025-05-24T06:12:37.057Z [MAIN] 开始获取视频分辨率: D:\Users\Videos\第一次选择\新建文件夹\test-005.AVI
2025-05-24T06:12:37.057Z [LOG] 直接获取视频分辨率
2025-05-24T06:12:37.057Z [RESOLUTION] 开始获取视频分辨率: D:\Users\Videos\第一次选择\新建文件夹\test-005.AVI
2025-05-24T06:12:37.058Z [PATH] 尝试获取FFprobe路径
2025-05-24T06:12:37.058Z [LOG] 使用配置的FFprobe路径: D:\code\cursor\looklook\node_modules\ffprobe-static\bin\win32\x64\ffprobe.exe
2025-05-24T06:12:37.058Z [PATH] 使用配置的FFprobe路径: D:\code\cursor\looklook\node_modules\ffprobe-static\bin\win32\x64\ffprobe.exe
2025-05-24T06:12:37.058Z [RESOLUTION] 在开发环境中使用ffprobe路径: D:\code\cursor\looklook\node_modules\ffprobe-static\bin\win32\x64\ffprobe.exe
2025-05-24T06:12:37.058Z [RESOLUTION] 检查ffprobe可执行文件是否存在: true
2025-05-24T06:12:37.058Z [LOG] 执行命令: "D:\code\cursor\looklook\node_modules\ffprobe-static\bin\win32\x64\ffprobe.exe" -v error -select_streams v:0 -show_entries stream=width,height -of csv=s=x:p=0 "D:\Users\Videos\第一次选择\新建文件夹\test-005.AVI"
2025-05-24T06:12:37.059Z [RESOLUTION] 开始执行命令获取分辨率: "D:\code\cursor\looklook\node_modules\ffprobe-static\bin\win32\x64\ffprobe.exe" -v error -select_streams v:0 -show_entries stream=width,height -of csv=s=x:p=0 "D:\Users\Videos\第一次选择\新建文件夹\test-005.AVI"
2025-05-24T06:12:37.121Z [RESOLUTION] 命令输出: "320x240"
2025-05-24T06:12:37.122Z [LOG] 成功解析分辨率: 320×240
2025-05-24T06:12:37.122Z [RESOLUTION] 成功解析分辨率: 320×240
2025-05-24T06:12:37.124Z [LOG] 获取视频时长: D:\Users\Videos\第一次选择\新建文件夹\test-005.AVI
2025-05-24T06:12:37.124Z [MAIN] 开始获取视频时长: D:\Users\Videos\第一次选择\新建文件夹\test-005.AVI
2025-05-24T06:12:37.124Z [LOG] 直接获取视频时长
2025-05-24T06:12:37.124Z [DURATION] 开始获取视频时长: D:\Users\Videos\第一次选择\新建文件夹\test-005.AVI
2025-05-24T06:12:37.124Z [PATH] 尝试获取FFprobe路径
2025-05-24T06:12:37.124Z [LOG] 使用配置的FFprobe路径: D:\code\cursor\looklook\node_modules\ffprobe-static\bin\win32\x64\ffprobe.exe
2025-05-24T06:12:37.125Z [PATH] 使用配置的FFprobe路径: D:\code\cursor\looklook\node_modules\ffprobe-static\bin\win32\x64\ffprobe.exe
2025-05-24T06:12:37.125Z [DURATION] 在开发环境中使用ffprobe路径: D:\code\cursor\looklook\node_modules\ffprobe-static\bin\win32\x64\ffprobe.exe
2025-05-24T06:12:37.125Z [DURATION] 检查ffprobe可执行文件是否存在: true
2025-05-24T06:12:37.125Z [LOG] 执行命令: "D:\code\cursor\looklook\node_modules\ffprobe-static\bin\win32\x64\ffprobe.exe" -v error -show_entries format=duration -of default=noprint_wrappers=1:nokey=1 "D:\Users\Videos\第一次选择\新建文件夹\test-005.AVI"
2025-05-24T06:12:37.125Z [DURATION] 开始执行命令获取时长: "D:\code\cursor\looklook\node_modules\ffprobe-static\bin\win32\x64\ffprobe.exe" -v error -show_entries format=duration -of default=noprint_wrappers=1:nokey=1 "D:\Users\Videos\第一次选择\新建文件夹\test-005.AVI"
2025-05-24T06:12:37.189Z [DURATION] 命令输出: "125.952000"
2025-05-24T06:12:37.189Z [LOG] 成功解析时长: 00:02:05
2025-05-24T06:12:37.189Z [DURATION] 成功解析时长: 00:02:05
2025-05-24T06:12:37.191Z [LOG] 开始生成缩略图，视频路径: D:\Users\Videos\第一次选择\新建文件夹\test-005.AVI
2025-05-24T06:12:37.191Z [LOG] 缩略图输出路径: D:\code\cursor\looklook\userdata\thumbnails\1748067157839-RDpcVXNl.jpg
2025-05-24T06:12:37.191Z [LOG] 生成随机时间点: 00:00:23
2025-05-24T06:12:37.192Z [LOG] 使用直接命令行ffmpeg生成缩略图
2025-05-24T06:12:37.192Z [PATH] 尝试获取FFmpeg路径
2025-05-24T06:12:37.192Z [LOG] 使用配置的FFmpeg路径: D:\code\cursor\looklook\node_modules\ffmpeg-static\ffmpeg.exe
2025-05-24T06:12:37.192Z [PATH] 使用配置的FFmpeg路径: D:\code\cursor\looklook\node_modules\ffmpeg-static\ffmpeg.exe
2025-05-24T06:12:37.192Z [LOG] 将使用时间点 00:00:23 生成缩略图
2025-05-24T06:12:37.192Z [LOG] 执行命令: D:\code\cursor\looklook\node_modules\ffmpeg-static\ffmpeg.exe -ss 00:00:23 -i D:\Users\Videos\第一次选择\新建文件夹\test-005.AVI -vframes 1 -s 320x180 -y D:\code\cursor\looklook\userdata\thumbnails\1748067157839-RDpcVXNl.jpg
2025-05-24T06:12:37.268Z [LOG] 直接ffmpeg成功生成缩略图: D:\code\cursor\looklook\userdata\thumbnails\1748067157839-RDpcVXNl.jpg
2025-05-24T06:12:37.270Z [LOG] 通过直接ffmpeg命令生成缩略图成功
2025-05-24T06:12:37.270Z [LOG] 保存当前批次的 5 个视频到数据库
2025-05-24T06:12:37.271Z [LOG] 通知渲染进程数据已更新
2025-05-24T06:12:37.272Z [LOG] 处理get-videos请求
2025-05-24T06:12:37.272Z [LOG] 通知渲染进程数据已更新
2025-05-24T06:12:37.273Z [LOG] 通知渲染进程数据已更新
2025-05-24T06:12:37.274Z [LOG] 通知渲染进程数据已更新
2025-05-24T06:12:37.275Z [LOG] 处理get-videos请求
2025-05-24T06:12:37.276Z [LOG] 通知渲染进程数据已更新
2025-05-24T06:12:37.276Z [LOG] 成功保存批次中的 5 个视频到数据库
2025-05-24T06:12:37.284Z [LOG] 处理get-videos请求
2025-05-24T06:12:37.284Z [LOG] 处理get-videos请求
2025-05-24T06:12:37.286Z [LOG] 处理get-videos请求
2025-05-24T06:12:37.287Z [LOG] 处理get-videos请求
2025-05-24T06:12:43.368Z [LOG] 打开文件选择对话框: {"title":"选择目标文件夹","properties":["openDirectory"]}
2025-05-24T06:12:46.515Z [LOG] 文件选择结果: {"canceled":false,"filePaths":["D:\\Users\\Videos\\第一次选择"]}
2025-05-24T06:12:46.518Z [LOG] 准备移动 1 个视频到 D:\Users\Videos\第一次选择
2025-05-24T06:12:46.520Z [LOG] 使用快速移动: test-001.AVI -> test-001(2).AVI
2025-05-24T06:12:46.520Z [LOG] 更新视频ID: 1748067156975-RDpcVXNl 的文件路径为: D:\Users\Videos\第一次选择\test-001(2).AVI
2025-05-24T06:12:46.521Z [LOG] 成功更新 1 条视频记录的文件路径
2025-05-24T06:12:46.522Z [LOG] 更新视频ID: 1748067156975-RDpcVXNl 的文件名为: test-001(2).AVI
2025-05-24T06:12:46.588Z [LOG] 移动完成: 总共 1 个视频，成功 1 个，失败 0 个
2025-05-24T06:12:46.592Z [LOG] 处理get-videos请求
2025-05-24T06:13:21.844Z [LOG] 处理get-enum-values请求: collection
2025-05-24T06:13:21.850Z [LOG] 处理get-enum-values请求: actors
2025-05-24T06:14:21.843Z [LOG] 处理get-enum-values请求: collection
2025-05-24T06:14:21.845Z [LOG] 处理get-enum-values请求: actors
2025-05-24T06:14:37.561Z [LOG] 打开文件选择对话框: {"title":"选择目标文件夹","properties":["openDirectory"]}
2025-05-24T06:14:40.029Z [LOG] 文件选择结果: {"canceled":false,"filePaths":["D:\\Users\\Videos\\第一次选择"]}
2025-05-24T06:14:40.031Z [LOG] 准备移动 1 个视频到 D:\Users\Videos\第一次选择
2025-05-24T06:14:40.032Z [LOG] 使用快速移动: test-002.AVI -> test-002(2).AVI
2025-05-24T06:14:40.032Z [LOG] 更新视频ID: 1748067157355-RDpcVXNl 的文件路径为: D:\Users\Videos\第一次选择\test-002(2).AVI
2025-05-24T06:14:40.033Z [LOG] 成功更新 1 条视频记录的文件路径
2025-05-24T06:14:40.033Z [LOG] 更新视频ID: 1748067157355-RDpcVXNl 的文件名为: test-002(2).AVI
2025-05-24T06:14:40.100Z [LOG] 移动完成: 总共 1 个视频，成功 1 个，失败 0 个
2025-05-24T06:14:40.104Z [LOG] 处理get-videos请求
2025-05-24T06:15:21.849Z [LOG] 处理get-enum-values请求: collection
2025-05-24T06:15:21.853Z [LOG] 处理get-enum-values请求: actors
2025-05-24T06:16:17.416Z 日志开始 - 2025-05-24T06:16:17.415Z - 应用版本: 2.1.2 - 运行环境: 开发环境
2025-05-24T06:16:17.417Z 系统信息: win32 x64 - Node.js 18.18.2
2025-05-24T06:16:17.418Z App路径: D:\code\cursor\looklook
2025-05-24T06:16:17.418Z 可执行文件路径: D:\code\cursor\looklook\node_modules\electron\dist\electron.exe
2025-05-24T06:16:17.418Z [LOG] 日志文件已创建: D:\code\cursor\looklook\userdata\logs\app-2025-05-24.log
2025-05-24T06:16:17.419Z [ERROR] 设置控制台编码失败: process.stdout.setEncoding is not a function
2025-05-24T06:16:17.420Z [LOG] 应用准备就绪
2025-05-24T06:16:17.420Z [ENV] 运行模式: 开发环境
2025-05-24T06:16:17.420Z [ENV] 应用路径: D:\code\cursor\looklook
2025-05-24T06:16:17.420Z [ENV] 可执行文件路径: D:\code\cursor\looklook\node_modules\electron\dist\electron.exe
2025-05-24T06:16:17.420Z [ENV] 用户数据路径: D:\code\cursor\looklook\userdata
2025-05-24T06:16:17.421Z [FFMPEG_COPY] 开发环境中无需复制FFmpeg和FFprobe
2025-05-24T06:16:17.421Z [LOG] 用户数据目录: D:\code\cursor\looklook\userdata
2025-05-24T06:16:17.422Z [LOG] 缩略图目录: D:\code\cursor\looklook\userdata\thumbnails
2025-05-24T06:16:17.422Z [LOG] 设置文件已存在，无需创建默认设置
2025-05-24T06:16:17.430Z [LOG] 打包状态: 开发环境
2025-05-24T06:16:17.430Z [LOG] App Path: D:\code\cursor\looklook
2025-05-24T06:16:17.431Z [LOG] Exe Path: D:\code\cursor\looklook\node_modules\electron\dist\electron.exe
2025-05-24T06:16:17.442Z [LOG] 应用目录: D:\code\cursor\looklook\node_modules\electron\dist
2025-05-24T06:16:17.442Z [LOG] 资源目录: D:\code\cursor\looklook\node_modules\electron\dist\resources
2025-05-24T06:16:17.443Z [TEST] 开始测试FFmpeg和FFprobe可执行性
2025-05-24T06:16:17.443Z [TEST] 打包状态: 开发环境
2025-05-24T06:16:17.443Z [TEST] App路径: D:\code\cursor\looklook
2025-05-24T06:16:17.443Z [TEST] 可执行文件路径: D:\code\cursor\looklook\node_modules\electron\dist\electron.exe
2025-05-24T06:16:17.443Z [TEST] 应用目录: D:\code\cursor\looklook\node_modules\electron\dist
2025-05-24T06:16:17.443Z [TEST] 资源目录: D:\code\cursor\looklook\node_modules\electron\dist\resources
2025-05-24T06:16:17.444Z [LOG] 检查node_modules路径: D:\code\cursor\looklook\node_modules\electron\dist\resources\node_modules, 存在: false
2025-05-24T06:16:17.444Z [TEST] 检查node_modules路径: D:\code\cursor\looklook\node_modules\electron\dist\resources\node_modules, 存在: false
2025-05-24T06:16:17.444Z [LOG] 检查node_modules路径: D:\code\cursor\looklook\node_modules\electron\dist\node_modules, 存在: false
2025-05-24T06:16:17.444Z [TEST] 检查node_modules路径: D:\code\cursor\looklook\node_modules\electron\dist\node_modules, 存在: false
2025-05-24T06:16:17.445Z [LOG] 检查node_modules路径: D:\code\cursor\looklook\node_modules, 存在: true
2025-05-24T06:16:17.445Z [TEST] 检查node_modules路径: D:\code\cursor\looklook\node_modules, 存在: true
2025-05-24T06:16:17.445Z [TEST] D:\code\cursor\looklook\node_modules 中内容: .bin, .package-lock.json, 7zip-bin, @derhuerst, @develar, @electron, @isaacs, @malept, @pkgjs, @sindresorhus, @szmarczak, @tootallnate, @types, @xmldom, agent-base, ajv, ajv-formats, ajv-keywords, ansi-regex, ansi-styles, app-builder-bin, app-builder-lib, archiver, archiver-utils, argparse, async, async-exit-hook, asynckit, at-least-node, atomically, balanced-match, base64-js, binary-search-tree, bl, bluebird, bluebird-lst, boolean, brace-expansion, buffer, buffer-crc32, buffer-equal, buffer-from, builder-util, builder-util-runtime, cacheable-lookup, cacheable-request, call-bind-apply-helpers, caseless, chalk, chownr, chromium-pickle-js, ci-info, cliui, clone-response, color-convert, color-name, combined-stream, commander, compare-version, compress-commons, concat-map, concat-stream, conf, config-file-ts, core-util-is, crc-32, crc32-stream, cross-spawn, debounce-fn, debug, decompress-response, defer-to-connect, define-data-property, define-properties, delayed-stream, detect-node, dir-compare, dmg-builder, dot-prop, dotenv, dotenv-expand, dunder-proto, eastasianwidth, ejs, electron, electron-builder, electron-builder-squirrel-windows, electron-publish, electron-store, emoji-regex, end-of-stream, env-paths, err-code, es-define-property, es-errors, es-object-atoms, es-set-tostringtag, es6-error, escalade, escape-string-regexp, extract-zip, fast-deep-equal, fast-json-stable-stringify, fast-uri, fd-slicer, ffmpeg-static, ffprobe-static, filelist, fluent-ffmpeg, foreground-child, form-data, fs-constants, fs-extra, fs-minipass, fs.realpath, function-bind, get-caller-file, get-intrinsic, get-proto, get-stream, glob, global-agent, globalthis, gopd, got, graceful-fs, has-flag, has-property-descriptors, has-symbols, has-tostringtag, hasown, hosted-git-info, http-cache-semantics, http-proxy-agent, http-response-object, http2-wrapper, https-proxy-agent, iconv-lite, ieee754, immediate, inflight, inherits, is-ci, is-fullwidth-code-point, isarray, isbinaryfile, isexe, jackspeak, jake, js-yaml, json-buffer, json-schema-traverse, json-schema-typed, json-stringify-safe, json5, jsonfile, keyv, lazy-val, lazystream, lie, localforage, lodash, lodash.defaults, lodash.difference, lodash.flatten, lodash.isplainobject, lodash.union, lowercase-keys, lru-cache, matcher, math-intrinsics, mime, mime-db, mime-types, mimic-function, mimic-response, minimatch, minimist, minipass, minizlib, mkdirp, ms, nedb, normalize-path, normalize-url, object-keys, once, p-cancelable, package-json-from-dist, parse-cache-control, path-is-absolute, path-key, path-scurry, pend, plist, process-nextick-args, progress, promise-retry, pump, punycode, quick-lru, read-config-file, readable-stream, readdir-glob, require-directory, require-from-string, resolve-alpn, responselike, retry, rimraf, roarr, safe-buffer, safer-buffer, sanitize-filename, sax, semver, semver-compare, serialize-error, shebang-command, shebang-regex, signal-exit, simple-update-notifier, source-map, source-map-support, sprintf-js, stat-mode, string-width, string-width-cjs, string_decoder, strip-ansi, strip-ansi-cjs, stubborn-fs, sumchecker, supports-color, tar, tar-stream, temp-file, tmp, tmp-promise, truncate-utf8-bytes, type-fest, typedarray, typescript, uint8array-extras, underscore, undici-types, universalify, uri-js, utf8-byte-length, util-deprecate, when-exit, which, wrap-ansi, wrap-ansi-cjs, wrappy, xmlbuilder, y18n, yallist, yargs, yargs-parser, yauzl, zip-stream
2025-05-24T06:16:17.446Z [TEST] ffmpeg-static存在于 D:\code\cursor\looklook\node_modules\ffmpeg-static
2025-05-24T06:16:17.446Z [TEST] ffmpeg-static内容: example.js, ffmpeg.exe, index.js, install.js, LICENSE, package.json, README.md, types
2025-05-24T06:16:17.447Z [TEST] ffprobe-static存在于 D:\code\cursor\looklook\node_modules\ffprobe-static
2025-05-24T06:16:17.448Z [TEST] ffprobe-static内容: bin, index.js, LICENSE, package.json, README.md, tests
2025-05-24T06:16:17.448Z [TEST] ffprobe-static/bin内容: darwin, linux, win32
2025-05-24T06:16:17.449Z [TEST] ffprobe-static/bin/win32内容: ia32, x64
2025-05-24T06:16:17.449Z [TEST] ffprobe-static/bin/win32/x64内容: ffprobe.exe
2025-05-24T06:16:17.449Z [LOG] 测试FFmpeg可执行性...
2025-05-24T06:16:17.450Z [TEST] 开始测试FFmpeg可执行性
2025-05-24T06:16:17.450Z [LOG] FFmpeg文件存在: D:\code\cursor\looklook\node_modules\ffmpeg-static\ffmpeg.exe
2025-05-24T06:16:17.450Z [TEST] FFmpeg文件存在: D:\code\cursor\looklook\node_modules\ffmpeg-static\ffmpeg.exe
2025-05-24T06:16:17.450Z [LOG] FFmpeg有执行权限
2025-05-24T06:16:17.451Z [TEST] FFmpeg有执行权限
2025-05-24T06:16:17.491Z [LOG] 测试FFprobe可执行性...
2025-05-24T06:16:17.491Z [LOG] FFprobe文件存在: D:\code\cursor\looklook\node_modules\ffprobe-static\bin\win32\x64\ffprobe.exe
2025-05-24T06:16:17.492Z [LOG] FFprobe有执行权限
2025-05-24T06:16:17.564Z [LOG] 注册IPC事件处理程序...
2025-05-24T06:16:17.564Z [LOG] IPC事件处理程序注册完成
2025-05-24T06:16:17.574Z [LOG] FFprobe执行测试成功: ffprobe version 4.0.2 Copyright (c) 2007-2018 the FFmpeg developers
2025-05-24T06:16:17.575Z [LOG] FFmpeg执行测试成功: ffmpeg version 7.1.1-essentials_build-www.gyan.dev Copyright (c) 2000-2025 the FFmpeg developers
2025-05-24T06:16:17.575Z [TEST] FFmpeg执行测试成功: ffmpeg version 7.1.1-essentials_build-www.gyan.dev Copyright (c) 2000-2025 the FFmpeg developers
2025-05-24T06:16:17.575Z [LOG] FFprobe执行测试成功: ffprobe version 4.0.2 Copyright (c) 2007-2018 the FFmpeg developers
2025-05-24T06:16:17.575Z [LOG] FFmpeg执行测试成功: ffmpeg version 7.1.1-essentials_build-www.gyan.dev Copyright (c) 2000-2025 the FFmpeg developers
2025-05-24T06:16:17.576Z [TEST] FFmpeg执行测试成功: ffmpeg version 7.1.1-essentials_build-www.gyan.dev Copyright (c) 2000-2025 the FFmpeg developers
2025-05-24T06:16:17.610Z [LOG] 已加载 15 个视频记录
2025-05-24T06:16:17.611Z [LOG] 开始检查是否存在重复视频记录...
2025-05-24T06:16:17.612Z [LOG] 没有发现重复视频记录
2025-05-24T06:16:17.613Z [LOG] 已加载枚举值[collection]: 4个
2025-05-24T06:16:17.614Z [LOG] 已加载枚举值[actors]: 0个
2025-05-24T06:16:17.615Z [LOG] 开始检查 15 个视频文件是否存在...
2025-05-24T06:16:17.639Z [LOG] 视频文件检查完成，共检查 15 个文件，发现 0 个问题
2025-05-24T06:16:17.639Z [LOG] 数据库模块初始化完成
2025-05-24T06:16:17.724Z [LOG] 处理get-videos请求
2025-05-24T06:16:17.729Z [LOG] 处理get-enum-values请求: collection
2025-05-24T06:16:17.729Z [LOG] 处理get-enum-values请求: actors
2025-05-24T06:16:17.746Z [LOG] 处理自定义协议请求: app://thumbnail/1748067156975-RDpcVXNl.jpg
2025-05-24T06:16:17.747Z [LOG] 缩略图路径: D:\code\cursor\looklook\userdata\thumbnails\1748067156975-RDpcVXNl.jpg
2025-05-24T06:16:17.747Z [LOG] 处理get-enum-values请求: collection
2025-05-24T06:16:17.748Z [LOG] 处理自定义协议请求: app://thumbnail/1748066997845-RDpcVXNl.jpg
2025-05-24T06:16:17.748Z [LOG] 缩略图路径: D:\code\cursor\looklook\userdata\thumbnails\1748066997845-RDpcVXNl.jpg
2025-05-24T06:16:17.748Z [LOG] 处理get-enum-values请求: actors
2025-05-24T06:16:17.749Z [LOG] 处理自定义协议请求: app://thumbnail/1748066996130-RDpcVXNl.jpg
2025-05-24T06:16:17.749Z [LOG] 缩略图路径: D:\code\cursor\looklook\userdata\thumbnails\1748066996130-RDpcVXNl.jpg
2025-05-24T06:16:17.750Z [LOG] 处理自定义协议请求: app://thumbnail/1748067157355-RDpcVXNl.jpg
2025-05-24T06:16:17.750Z [LOG] 缩略图路径: D:\code\cursor\looklook\userdata\thumbnails\1748067157355-RDpcVXNl.jpg
2025-05-24T06:16:17.750Z [LOG] 处理自定义协议请求: app://thumbnail/1748066997804-RDpcVXNl.jpg
2025-05-24T06:16:17.750Z [LOG] 缩略图路径: D:\code\cursor\looklook\userdata\thumbnails\1748066997804-RDpcVXNl.jpg
2025-05-24T06:16:17.751Z [LOG] 处理自定义协议请求: app://thumbnail/1748066996336-RDpcVXNl.jpg
2025-05-24T06:16:17.751Z [LOG] 缩略图路径: D:\code\cursor\looklook\userdata\thumbnails\1748066996336-RDpcVXNl.jpg
2025-05-24T06:16:17.751Z [LOG] 处理自定义协议请求: app://thumbnail/1748067157574-RDpcVXNl.jpg
2025-05-24T06:16:17.752Z [LOG] 缩略图路径: D:\code\cursor\looklook\userdata\thumbnails\1748067157574-RDpcVXNl.jpg
2025-05-24T06:16:17.752Z [LOG] 处理自定义协议请求: app://thumbnail/1748066997833-RDpcVXNl.jpg
2025-05-24T06:16:17.752Z [LOG] 缩略图路径: D:\code\cursor\looklook\userdata\thumbnails\1748066997833-RDpcVXNl.jpg
2025-05-24T06:16:17.752Z [LOG] 处理自定义协议请求: app://thumbnail/1748066997000-RDpcVXNl.jpg
2025-05-24T06:16:17.753Z [LOG] 缩略图路径: D:\code\cursor\looklook\userdata\thumbnails\1748066997000-RDpcVXNl.jpg
2025-05-24T06:16:17.753Z [LOG] 处理自定义协议请求: app://thumbnail/1748067157239-RDpcVXNl.jpg
2025-05-24T06:16:17.753Z [LOG] 缩略图路径: D:\code\cursor\looklook\userdata\thumbnails\1748067157239-RDpcVXNl.jpg
2025-05-24T06:16:17.754Z [LOG] 处理自定义协议请求: app://thumbnail/1748066998163-RDpcVXNl.jpg
2025-05-24T06:16:17.754Z [LOG] 缩略图路径: D:\code\cursor\looklook\userdata\thumbnails\1748066998163-RDpcVXNl.jpg
2025-05-24T06:16:17.754Z [LOG] 处理自定义协议请求: app://thumbnail/1748066997019-RDpcVXNl.jpg
2025-05-24T06:16:17.755Z [LOG] 缩略图路径: D:\code\cursor\looklook\userdata\thumbnails\1748066997019-RDpcVXNl.jpg
2025-05-24T06:16:17.755Z [LOG] 处理自定义协议请求: app://thumbnail/1748067157839-RDpcVXNl.jpg
2025-05-24T06:16:17.755Z [LOG] 缩略图路径: D:\code\cursor\looklook\userdata\thumbnails\1748067157839-RDpcVXNl.jpg
2025-05-24T06:16:17.790Z [LOG] 处理自定义协议请求: app://thumbnail/1748066998248-RDpcVXNl.jpg
2025-05-24T06:16:17.791Z [LOG] 缩略图路径: D:\code\cursor\looklook\userdata\thumbnails\1748066998248-RDpcVXNl.jpg
2025-05-24T06:16:17.792Z [LOG] 处理自定义协议请求: app://thumbnail/1748066997528-RDpcVXNl.jpg
2025-05-24T06:16:17.792Z [LOG] 缩略图路径: D:\code\cursor\looklook\userdata\thumbnails\1748066997528-RDpcVXNl.jpg
2025-05-24T06:16:26.456Z [LOG] 处理import-videos请求
2025-05-24T06:16:27.570Z [LOG] 用户取消了选择或未选择任何文件
2025-05-24T06:16:28.963Z [LOG] 打开文件选择对话框: {"title":"选择目标文件夹","properties":["openDirectory"]}
2025-05-24T06:16:30.169Z [LOG] 文件选择结果: {"canceled":false,"filePaths":["D:\\Users\\Videos\\第一次选择"]}
2025-05-24T06:16:30.171Z [LOG] 准备移动 1 个视频到 D:\Users\Videos\第一次选择
2025-05-24T06:16:30.172Z [LOG] 使用快速移动: test-003.AVI -> test-003(2).AVI
2025-05-24T06:16:30.172Z [LOG] 更新视频ID: 1748067157574-RDpcVXNl 的文件路径为: D:\Users\Videos\第一次选择\test-003(2).AVI
2025-05-24T06:16:30.173Z [LOG] 成功更新 1 条视频记录的文件路径
2025-05-24T06:16:30.174Z [LOG] 更新视频ID: 1748067157574-RDpcVXNl 的文件名为: test-003(2).AVI
2025-05-24T06:16:30.240Z [LOG] 移动完成: 总共 1 个视频，成功 1 个，失败 0 个
2025-05-24T06:16:30.244Z [LOG] 处理get-videos请求
2025-05-24T06:18:04.352Z 日志开始 - 2025-05-24T06:18:04.352Z - 应用版本: 2.1.2 - 运行环境: 开发环境
2025-05-24T06:18:04.352Z 系统信息: win32 x64 - Node.js 18.18.2
2025-05-24T06:18:04.352Z App路径: D:\code\cursor\looklook
2025-05-24T06:18:04.353Z 可执行文件路径: D:\code\cursor\looklook\node_modules\electron\dist\electron.exe
2025-05-24T06:18:04.353Z [LOG] 日志文件已创建: D:\code\cursor\looklook\userdata\logs\app-2025-05-24.log
2025-05-24T06:18:04.354Z [ERROR] 设置控制台编码失败: process.stdout.setEncoding is not a function
2025-05-24T06:18:04.354Z [LOG] 应用准备就绪
2025-05-24T06:18:04.355Z [ENV] 运行模式: 开发环境
2025-05-24T06:18:04.355Z [ENV] 应用路径: D:\code\cursor\looklook
2025-05-24T06:18:04.355Z [ENV] 可执行文件路径: D:\code\cursor\looklook\node_modules\electron\dist\electron.exe
2025-05-24T06:18:04.355Z [ENV] 用户数据路径: D:\code\cursor\looklook\userdata
2025-05-24T06:18:04.356Z [FFMPEG_COPY] 开发环境中无需复制FFmpeg和FFprobe
2025-05-24T06:18:04.356Z [LOG] 用户数据目录: D:\code\cursor\looklook\userdata
2025-05-24T06:18:04.357Z [LOG] 缩略图目录: D:\code\cursor\looklook\userdata\thumbnails
2025-05-24T06:18:04.357Z [LOG] 设置文件已存在，无需创建默认设置
2025-05-24T06:18:04.361Z [LOG] 打包状态: 开发环境
2025-05-24T06:18:04.361Z [LOG] App Path: D:\code\cursor\looklook
2025-05-24T06:18:04.361Z [LOG] Exe Path: D:\code\cursor\looklook\node_modules\electron\dist\electron.exe
2025-05-24T06:18:04.362Z [LOG] 应用目录: D:\code\cursor\looklook\node_modules\electron\dist
2025-05-24T06:18:04.362Z [LOG] 资源目录: D:\code\cursor\looklook\node_modules\electron\dist\resources
2025-05-24T06:18:04.362Z [TEST] 开始测试FFmpeg和FFprobe可执行性
2025-05-24T06:18:04.362Z [TEST] 打包状态: 开发环境
2025-05-24T06:18:04.363Z [TEST] App路径: D:\code\cursor\looklook
2025-05-24T06:18:04.363Z [TEST] 可执行文件路径: D:\code\cursor\looklook\node_modules\electron\dist\electron.exe
2025-05-24T06:18:04.363Z [TEST] 应用目录: D:\code\cursor\looklook\node_modules\electron\dist
2025-05-24T06:18:04.363Z [TEST] 资源目录: D:\code\cursor\looklook\node_modules\electron\dist\resources
2025-05-24T06:18:04.363Z [LOG] 检查node_modules路径: D:\code\cursor\looklook\node_modules\electron\dist\resources\node_modules, 存在: false
2025-05-24T06:18:04.363Z [TEST] 检查node_modules路径: D:\code\cursor\looklook\node_modules\electron\dist\resources\node_modules, 存在: false
2025-05-24T06:18:04.364Z [LOG] 检查node_modules路径: D:\code\cursor\looklook\node_modules\electron\dist\node_modules, 存在: false
2025-05-24T06:18:04.364Z [TEST] 检查node_modules路径: D:\code\cursor\looklook\node_modules\electron\dist\node_modules, 存在: false
2025-05-24T06:18:04.364Z [LOG] 检查node_modules路径: D:\code\cursor\looklook\node_modules, 存在: true
2025-05-24T06:18:04.364Z [TEST] 检查node_modules路径: D:\code\cursor\looklook\node_modules, 存在: true
2025-05-24T06:18:04.365Z [TEST] D:\code\cursor\looklook\node_modules 中内容: .bin, .package-lock.json, 7zip-bin, @derhuerst, @develar, @electron, @isaacs, @malept, @pkgjs, @sindresorhus, @szmarczak, @tootallnate, @types, @xmldom, agent-base, ajv, ajv-formats, ajv-keywords, ansi-regex, ansi-styles, app-builder-bin, app-builder-lib, archiver, archiver-utils, argparse, async, async-exit-hook, asynckit, at-least-node, atomically, balanced-match, base64-js, binary-search-tree, bl, bluebird, bluebird-lst, boolean, brace-expansion, buffer, buffer-crc32, buffer-equal, buffer-from, builder-util, builder-util-runtime, cacheable-lookup, cacheable-request, call-bind-apply-helpers, caseless, chalk, chownr, chromium-pickle-js, ci-info, cliui, clone-response, color-convert, color-name, combined-stream, commander, compare-version, compress-commons, concat-map, concat-stream, conf, config-file-ts, core-util-is, crc-32, crc32-stream, cross-spawn, debounce-fn, debug, decompress-response, defer-to-connect, define-data-property, define-properties, delayed-stream, detect-node, dir-compare, dmg-builder, dot-prop, dotenv, dotenv-expand, dunder-proto, eastasianwidth, ejs, electron, electron-builder, electron-builder-squirrel-windows, electron-publish, electron-store, emoji-regex, end-of-stream, env-paths, err-code, es-define-property, es-errors, es-object-atoms, es-set-tostringtag, es6-error, escalade, escape-string-regexp, extract-zip, fast-deep-equal, fast-json-stable-stringify, fast-uri, fd-slicer, ffmpeg-static, ffprobe-static, filelist, fluent-ffmpeg, foreground-child, form-data, fs-constants, fs-extra, fs-minipass, fs.realpath, function-bind, get-caller-file, get-intrinsic, get-proto, get-stream, glob, global-agent, globalthis, gopd, got, graceful-fs, has-flag, has-property-descriptors, has-symbols, has-tostringtag, hasown, hosted-git-info, http-cache-semantics, http-proxy-agent, http-response-object, http2-wrapper, https-proxy-agent, iconv-lite, ieee754, immediate, inflight, inherits, is-ci, is-fullwidth-code-point, isarray, isbinaryfile, isexe, jackspeak, jake, js-yaml, json-buffer, json-schema-traverse, json-schema-typed, json-stringify-safe, json5, jsonfile, keyv, lazy-val, lazystream, lie, localforage, lodash, lodash.defaults, lodash.difference, lodash.flatten, lodash.isplainobject, lodash.union, lowercase-keys, lru-cache, matcher, math-intrinsics, mime, mime-db, mime-types, mimic-function, mimic-response, minimatch, minimist, minipass, minizlib, mkdirp, ms, nedb, normalize-path, normalize-url, object-keys, once, p-cancelable, package-json-from-dist, parse-cache-control, path-is-absolute, path-key, path-scurry, pend, plist, process-nextick-args, progress, promise-retry, pump, punycode, quick-lru, read-config-file, readable-stream, readdir-glob, require-directory, require-from-string, resolve-alpn, responselike, retry, rimraf, roarr, safe-buffer, safer-buffer, sanitize-filename, sax, semver, semver-compare, serialize-error, shebang-command, shebang-regex, signal-exit, simple-update-notifier, source-map, source-map-support, sprintf-js, stat-mode, string-width, string-width-cjs, string_decoder, strip-ansi, strip-ansi-cjs, stubborn-fs, sumchecker, supports-color, tar, tar-stream, temp-file, tmp, tmp-promise, truncate-utf8-bytes, type-fest, typedarray, typescript, uint8array-extras, underscore, undici-types, universalify, uri-js, utf8-byte-length, util-deprecate, when-exit, which, wrap-ansi, wrap-ansi-cjs, wrappy, xmlbuilder, y18n, yallist, yargs, yargs-parser, yauzl, zip-stream
2025-05-24T06:18:04.365Z [TEST] ffmpeg-static存在于 D:\code\cursor\looklook\node_modules\ffmpeg-static
2025-05-24T06:18:04.365Z [TEST] ffmpeg-static内容: example.js, ffmpeg.exe, index.js, install.js, LICENSE, package.json, README.md, types
2025-05-24T06:18:04.365Z [TEST] ffprobe-static存在于 D:\code\cursor\looklook\node_modules\ffprobe-static
2025-05-24T06:18:04.366Z [TEST] ffprobe-static内容: bin, index.js, LICENSE, package.json, README.md, tests
2025-05-24T06:18:04.366Z [TEST] ffprobe-static/bin内容: darwin, linux, win32
2025-05-24T06:18:04.366Z [TEST] ffprobe-static/bin/win32内容: ia32, x64
2025-05-24T06:18:04.366Z [TEST] ffprobe-static/bin/win32/x64内容: ffprobe.exe
2025-05-24T06:18:04.366Z [LOG] 测试FFmpeg可执行性...
2025-05-24T06:18:04.366Z [TEST] 开始测试FFmpeg可执行性
2025-05-24T06:18:04.367Z [LOG] FFmpeg文件存在: D:\code\cursor\looklook\node_modules\ffmpeg-static\ffmpeg.exe
2025-05-24T06:18:04.367Z [TEST] FFmpeg文件存在: D:\code\cursor\looklook\node_modules\ffmpeg-static\ffmpeg.exe
2025-05-24T06:18:04.367Z [LOG] FFmpeg有执行权限
2025-05-24T06:18:04.367Z [TEST] FFmpeg有执行权限
2025-05-24T06:18:04.398Z [LOG] 测试FFprobe可执行性...
2025-05-24T06:18:04.399Z [LOG] FFprobe文件存在: D:\code\cursor\looklook\node_modules\ffprobe-static\bin\win32\x64\ffprobe.exe
2025-05-24T06:18:04.399Z [LOG] FFprobe有执行权限
2025-05-24T06:18:04.462Z [LOG] 注册IPC事件处理程序...
2025-05-24T06:18:04.463Z [LOG] IPC事件处理程序注册完成
2025-05-24T06:18:04.469Z [LOG] FFprobe执行测试成功: ffprobe version 4.0.2 Copyright (c) 2007-2018 the FFmpeg developers
2025-05-24T06:18:04.469Z [LOG] FFmpeg执行测试成功: ffmpeg version 7.1.1-essentials_build-www.gyan.dev Copyright (c) 2000-2025 the FFmpeg developers
2025-05-24T06:18:04.469Z [TEST] FFmpeg执行测试成功: ffmpeg version 7.1.1-essentials_build-www.gyan.dev Copyright (c) 2000-2025 the FFmpeg developers
2025-05-24T06:18:04.470Z [LOG] FFprobe执行测试成功: ffprobe version 4.0.2 Copyright (c) 2007-2018 the FFmpeg developers
2025-05-24T06:18:04.470Z [LOG] FFmpeg执行测试成功: ffmpeg version 7.1.1-essentials_build-www.gyan.dev Copyright (c) 2000-2025 the FFmpeg developers
2025-05-24T06:18:04.470Z [TEST] FFmpeg执行测试成功: ffmpeg version 7.1.1-essentials_build-www.gyan.dev Copyright (c) 2000-2025 the FFmpeg developers
2025-05-24T06:18:04.501Z [LOG] 已加载 15 个视频记录
2025-05-24T06:18:04.501Z [LOG] 开始检查是否存在重复视频记录...
2025-05-24T06:18:04.502Z [LOG] 没有发现重复视频记录
2025-05-24T06:18:04.503Z [LOG] 已加载枚举值[collection]: 4个
2025-05-24T06:18:04.503Z [LOG] 已加载枚举值[actors]: 0个
2025-05-24T06:18:04.504Z [LOG] 开始检查 15 个视频文件是否存在...
2025-05-24T06:18:04.530Z [LOG] 视频文件检查完成，共检查 15 个文件，发现 0 个问题
2025-05-24T06:18:04.530Z [LOG] 数据库模块初始化完成
2025-05-24T06:18:04.615Z [LOG] 处理get-videos请求
2025-05-24T06:18:04.619Z [LOG] 处理get-enum-values请求: collection
2025-05-24T06:18:04.620Z [LOG] 处理get-enum-values请求: actors
2025-05-24T06:18:04.660Z [LOG] 处理自定义协议请求: app://thumbnail/1748067156975-RDpcVXNl.jpg
2025-05-24T06:18:04.661Z [LOG] 缩略图路径: D:\code\cursor\looklook\userdata\thumbnails\1748067156975-RDpcVXNl.jpg
2025-05-24T06:18:04.661Z [LOG] 处理get-enum-values请求: collection
2025-05-24T06:18:04.662Z [LOG] 处理自定义协议请求: app://thumbnail/1748066997845-RDpcVXNl.jpg
2025-05-24T06:18:04.663Z [LOG] 缩略图路径: D:\code\cursor\looklook\userdata\thumbnails\1748066997845-RDpcVXNl.jpg
2025-05-24T06:18:04.664Z [LOG] 处理get-enum-values请求: actors
2025-05-24T06:18:04.665Z [LOG] 处理自定义协议请求: app://thumbnail/1748066996130-RDpcVXNl.jpg
2025-05-24T06:18:04.665Z [LOG] 缩略图路径: D:\code\cursor\looklook\userdata\thumbnails\1748066996130-RDpcVXNl.jpg
2025-05-24T06:18:04.666Z [LOG] 处理自定义协议请求: app://thumbnail/1748067157355-RDpcVXNl.jpg
2025-05-24T06:18:04.667Z [LOG] 缩略图路径: D:\code\cursor\looklook\userdata\thumbnails\1748067157355-RDpcVXNl.jpg
2025-05-24T06:18:04.667Z [LOG] 处理自定义协议请求: app://thumbnail/1748066997804-RDpcVXNl.jpg
2025-05-24T06:18:04.668Z [LOG] 缩略图路径: D:\code\cursor\looklook\userdata\thumbnails\1748066997804-RDpcVXNl.jpg
2025-05-24T06:18:04.668Z [LOG] 处理自定义协议请求: app://thumbnail/1748066996336-RDpcVXNl.jpg
2025-05-24T06:18:04.669Z [LOG] 缩略图路径: D:\code\cursor\looklook\userdata\thumbnails\1748066996336-RDpcVXNl.jpg
2025-05-24T06:18:04.670Z [LOG] 处理自定义协议请求: app://thumbnail/1748067157574-RDpcVXNl.jpg
2025-05-24T06:18:04.670Z [LOG] 缩略图路径: D:\code\cursor\looklook\userdata\thumbnails\1748067157574-RDpcVXNl.jpg
2025-05-24T06:18:04.671Z [LOG] 处理自定义协议请求: app://thumbnail/1748066997833-RDpcVXNl.jpg
2025-05-24T06:18:04.671Z [LOG] 缩略图路径: D:\code\cursor\looklook\userdata\thumbnails\1748066997833-RDpcVXNl.jpg
2025-05-24T06:18:04.672Z [LOG] 处理自定义协议请求: app://thumbnail/1748066997000-RDpcVXNl.jpg
2025-05-24T06:18:04.673Z [LOG] 缩略图路径: D:\code\cursor\looklook\userdata\thumbnails\1748066997000-RDpcVXNl.jpg
2025-05-24T06:18:04.673Z [LOG] 处理自定义协议请求: app://thumbnail/1748067157239-RDpcVXNl.jpg
2025-05-24T06:18:04.674Z [LOG] 缩略图路径: D:\code\cursor\looklook\userdata\thumbnails\1748067157239-RDpcVXNl.jpg
2025-05-24T06:18:04.675Z [LOG] 处理自定义协议请求: app://thumbnail/1748066998163-RDpcVXNl.jpg
2025-05-24T06:18:04.675Z [LOG] 缩略图路径: D:\code\cursor\looklook\userdata\thumbnails\1748066998163-RDpcVXNl.jpg
2025-05-24T06:18:04.676Z [LOG] 处理自定义协议请求: app://thumbnail/1748066997019-RDpcVXNl.jpg
2025-05-24T06:18:04.676Z [LOG] 缩略图路径: D:\code\cursor\looklook\userdata\thumbnails\1748066997019-RDpcVXNl.jpg
2025-05-24T06:18:04.677Z [LOG] 处理自定义协议请求: app://thumbnail/1748067157839-RDpcVXNl.jpg
2025-05-24T06:18:04.677Z [LOG] 缩略图路径: D:\code\cursor\looklook\userdata\thumbnails\1748067157839-RDpcVXNl.jpg
2025-05-24T06:18:04.678Z [LOG] 处理自定义协议请求: app://thumbnail/1748066998248-RDpcVXNl.jpg
2025-05-24T06:18:04.678Z [LOG] 缩略图路径: D:\code\cursor\looklook\userdata\thumbnails\1748066998248-RDpcVXNl.jpg
2025-05-24T06:18:04.679Z [LOG] 处理自定义协议请求: app://thumbnail/1748066997528-RDpcVXNl.jpg
2025-05-24T06:18:04.679Z [LOG] 缩略图路径: D:\code\cursor\looklook\userdata\thumbnails\1748066997528-RDpcVXNl.jpg
2025-05-24T06:18:08.117Z [LOG] 处理自定义协议请求: app://thumbnail/1748067156975-RDpcVXNl.jpg
2025-05-24T06:18:08.118Z [LOG] 缩略图路径: D:\code\cursor\looklook\userdata\thumbnails\1748067156975-RDpcVXNl.jpg
2025-05-24T06:18:08.119Z [LOG] 处理自定义协议请求: app://thumbnail/1748066997845-RDpcVXNl.jpg
2025-05-24T06:18:08.119Z [LOG] 缩略图路径: D:\code\cursor\looklook\userdata\thumbnails\1748066997845-RDpcVXNl.jpg
2025-05-24T06:18:08.120Z [LOG] 处理自定义协议请求: app://thumbnail/1748066996130-RDpcVXNl.jpg
2025-05-24T06:18:08.120Z [LOG] 缩略图路径: D:\code\cursor\looklook\userdata\thumbnails\1748066996130-RDpcVXNl.jpg
2025-05-24T06:18:08.121Z [LOG] 处理自定义协议请求: app://thumbnail/1748067157355-RDpcVXNl.jpg
2025-05-24T06:18:08.122Z [LOG] 缩略图路径: D:\code\cursor\looklook\userdata\thumbnails\1748067157355-RDpcVXNl.jpg
2025-05-24T06:18:08.122Z [LOG] 处理自定义协议请求: app://thumbnail/1748066997804-RDpcVXNl.jpg
2025-05-24T06:18:08.123Z [LOG] 缩略图路径: D:\code\cursor\looklook\userdata\thumbnails\1748066997804-RDpcVXNl.jpg
2025-05-24T06:18:08.123Z [LOG] 处理自定义协议请求: app://thumbnail/1748066996336-RDpcVXNl.jpg
2025-05-24T06:18:08.124Z [LOG] 缩略图路径: D:\code\cursor\looklook\userdata\thumbnails\1748066996336-RDpcVXNl.jpg
2025-05-24T06:18:08.124Z [LOG] 处理自定义协议请求: app://thumbnail/1748067157574-RDpcVXNl.jpg
2025-05-24T06:18:08.125Z [LOG] 缩略图路径: D:\code\cursor\looklook\userdata\thumbnails\1748067157574-RDpcVXNl.jpg
2025-05-24T06:18:08.125Z [LOG] 处理自定义协议请求: app://thumbnail/1748066997833-RDpcVXNl.jpg
2025-05-24T06:18:08.126Z [LOG] 缩略图路径: D:\code\cursor\looklook\userdata\thumbnails\1748066997833-RDpcVXNl.jpg
2025-05-24T06:18:08.126Z [LOG] 处理自定义协议请求: app://thumbnail/1748066997000-RDpcVXNl.jpg
2025-05-24T06:18:08.127Z [LOG] 缩略图路径: D:\code\cursor\looklook\userdata\thumbnails\1748066997000-RDpcVXNl.jpg
2025-05-24T06:18:08.127Z [LOG] 处理自定义协议请求: app://thumbnail/1748067157239-RDpcVXNl.jpg
2025-05-24T06:18:08.128Z [LOG] 缩略图路径: D:\code\cursor\looklook\userdata\thumbnails\1748067157239-RDpcVXNl.jpg
2025-05-24T06:18:08.128Z [LOG] 处理自定义协议请求: app://thumbnail/1748066998163-RDpcVXNl.jpg
2025-05-24T06:18:08.129Z [LOG] 缩略图路径: D:\code\cursor\looklook\userdata\thumbnails\1748066998163-RDpcVXNl.jpg
2025-05-24T06:18:08.129Z [LOG] 处理自定义协议请求: app://thumbnail/1748066997019-RDpcVXNl.jpg
2025-05-24T06:18:08.130Z [LOG] 缩略图路径: D:\code\cursor\looklook\userdata\thumbnails\1748066997019-RDpcVXNl.jpg
2025-05-24T06:18:08.130Z [LOG] 处理自定义协议请求: app://thumbnail/1748067157839-RDpcVXNl.jpg
2025-05-24T06:18:08.131Z [LOG] 缩略图路径: D:\code\cursor\looklook\userdata\thumbnails\1748067157839-RDpcVXNl.jpg
2025-05-24T06:18:08.131Z [LOG] 处理自定义协议请求: app://thumbnail/1748066998248-RDpcVXNl.jpg
2025-05-24T06:18:08.132Z [LOG] 缩略图路径: D:\code\cursor\looklook\userdata\thumbnails\1748066998248-RDpcVXNl.jpg
2025-05-24T06:18:08.133Z [LOG] 处理自定义协议请求: app://thumbnail/1748066997528-RDpcVXNl.jpg
2025-05-24T06:18:08.133Z [LOG] 缩略图路径: D:\code\cursor\looklook\userdata\thumbnails\1748066997528-RDpcVXNl.jpg
2025-05-24T06:18:09.439Z [LOG] 打开文件选择对话框: {"title":"选择目标文件夹","properties":["openDirectory"]}
2025-05-24T06:18:26.481Z [LOG] 文件选择结果: {"canceled":false,"filePaths":["C:\\测试跨分区"]}
2025-05-24T06:18:26.483Z [LOG] 准备移动 15 个视频到 C:\测试跨分区
2025-05-24T06:18:26.488Z [LOG] 使用复制-删除模式: test-003(2).AVI -> test-003(2).AVI
2025-05-24T06:18:26.488Z [LOG] 更新视频ID: 1748067157574-RDpcVXNl 的文件路径为: C:\测试跨分区\test-003(2).AVI
2025-05-24T06:18:26.490Z [LOG] 成功更新 1 条视频记录的文件路径
2025-05-24T06:18:26.549Z [LOG] 使用复制-删除模式: test-002(2).AVI -> test-002(2).AVI
2025-05-24T06:18:26.550Z [LOG] 更新视频ID: 1748067157355-RDpcVXNl 的文件路径为: C:\测试跨分区\test-002(2).AVI
2025-05-24T06:18:26.551Z [LOG] 成功更新 1 条视频记录的文件路径
2025-05-24T06:18:26.616Z [LOG] 使用复制-删除模式: test-001(2).AVI -> test-001(2).AVI
2025-05-24T06:18:26.616Z [LOG] 更新视频ID: 1748067156975-RDpcVXNl 的文件路径为: C:\测试跨分区\test-001(2).AVI
2025-05-24T06:18:26.617Z [LOG] 成功更新 1 条视频记录的文件路径
2025-05-24T06:18:26.680Z [LOG] 使用复制-删除模式: test-005.AVI -> test-005.AVI
2025-05-24T06:18:26.680Z [LOG] 更新视频ID: 1748067157839-RDpcVXNl 的文件路径为: C:\测试跨分区\test-005.AVI
2025-05-24T06:18:26.682Z [LOG] 成功更新 1 条视频记录的文件路径
2025-05-24T06:18:26.740Z [LOG] 使用复制-删除模式: test-004.AVI -> test-004.AVI
2025-05-24T06:18:26.740Z [LOG] 更新视频ID: 1748067157239-RDpcVXNl 的文件路径为: C:\测试跨分区\test-004.AVI
2025-05-24T06:18:26.741Z [LOG] 成功更新 1 条视频记录的文件路径
2025-05-24T06:18:26.802Z [LOG] 使用复制-删除模式: test-004(1).AVI -> test-004(1).AVI
2025-05-24T06:18:26.802Z [LOG] 更新视频ID: 1748066998163-RDpcVXNl 的文件路径为: C:\测试跨分区\test-004(1).AVI
2025-05-24T06:18:26.803Z [LOG] 成功更新 1 条视频记录的文件路径
2025-05-24T06:18:26.864Z [LOG] 使用复制-删除模式: test-005(1).AVI -> test-005(1).AVI
2025-05-24T06:18:26.864Z [LOG] 更新视频ID: 1748066998248-RDpcVXNl 的文件路径为: C:\测试跨分区\test-005(1).AVI
2025-05-24T06:18:26.865Z [LOG] 成功更新 1 条视频记录的文件路径
2025-05-24T06:18:26.929Z [LOG] 使用复制-删除模式: test-003(1).AVI -> test-003(1).AVI
2025-05-24T06:18:26.929Z [LOG] 更新视频ID: 1748066997833-RDpcVXNl 的文件路径为: C:\测试跨分区\test-003(1).AVI
2025-05-24T06:18:26.930Z [LOG] 成功更新 1 条视频记录的文件路径
2025-05-24T06:18:26.992Z [LOG] 使用复制-删除模式: test-002(1).AVI -> test-002(1).AVI
2025-05-24T06:18:26.993Z [LOG] 更新视频ID: 1748066997804-RDpcVXNl 的文件路径为: C:\测试跨分区\test-002(1).AVI
2025-05-24T06:18:26.995Z [LOG] 成功更新 1 条视频记录的文件路径
2025-05-24T06:18:27.058Z [LOG] 使用复制-删除模式: test-001(1).AVI -> test-001(1).AVI
2025-05-24T06:18:27.058Z [LOG] 更新视频ID: 1748066997845-RDpcVXNl 的文件路径为: C:\测试跨分区\test-001(1).AVI
2025-05-24T06:18:27.059Z [LOG] 成功更新 1 条视频记录的文件路径
2025-05-24T06:18:27.117Z [LOG] 使用复制-删除模式: test-005.AVI -> test-005(2).AVI
2025-05-24T06:18:27.117Z [LOG] 更新视频ID: 1748066997528-RDpcVXNl 的文件路径为: C:\测试跨分区\test-005(2).AVI
2025-05-24T06:18:27.119Z [LOG] 成功更新 1 条视频记录的文件路径
2025-05-24T06:18:27.178Z [LOG] 使用复制-删除模式: test-004.AVI -> test-004(2).AVI
2025-05-24T06:18:27.179Z [LOG] 更新视频ID: 1748066997019-RDpcVXNl 的文件路径为: C:\测试跨分区\test-004(2).AVI
2025-05-24T06:18:27.180Z [LOG] 成功更新 1 条视频记录的文件路径
2025-05-24T06:18:27.242Z [LOG] 使用复制-删除模式: test-003.AVI -> test-003.AVI
2025-05-24T06:18:27.242Z [LOG] 更新视频ID: 1748066997000-RDpcVXNl 的文件路径为: C:\测试跨分区\test-003.AVI
2025-05-24T06:18:27.243Z [LOG] 成功更新 1 条视频记录的文件路径
2025-05-24T06:18:27.305Z [LOG] 使用复制-删除模式: test-002.AVI -> test-002.AVI
2025-05-24T06:18:27.305Z [LOG] 更新视频ID: 1748066996336-RDpcVXNl 的文件路径为: C:\测试跨分区\test-002.AVI
2025-05-24T06:18:27.306Z [LOG] 成功更新 1 条视频记录的文件路径
2025-05-24T06:18:27.368Z [LOG] 使用复制-删除模式: test-001.AVI -> test-001.AVI
2025-05-24T06:18:27.369Z [LOG] 更新视频ID: 1748066996130-RDpcVXNl 的文件路径为: C:\测试跨分区\test-001.AVI
2025-05-24T06:18:27.370Z [LOG] 成功更新 1 条视频记录的文件路径
2025-05-24T06:18:27.425Z [LOG] 移动完成: 总共 15 个视频，成功 15 个，失败 0 个
2025-05-24T06:18:27.427Z [LOG] 处理get-videos请求
2025-05-24T06:19:04.673Z [LOG] 处理get-enum-values请求: collection
2025-05-24T06:19:04.675Z [LOG] 处理get-enum-values请求: actors
2025-05-24T06:19:09.604Z [LOG] 处理自定义协议请求: app://thumbnail/1748067156975-RDpcVXNl.jpg
2025-05-24T06:19:09.604Z [LOG] 缩略图路径: D:\code\cursor\looklook\userdata\thumbnails\1748067156975-RDpcVXNl.jpg
2025-05-24T06:19:09.605Z [LOG] 处理自定义协议请求: app://thumbnail/1748066997845-RDpcVXNl.jpg
2025-05-24T06:19:09.605Z [LOG] 缩略图路径: D:\code\cursor\looklook\userdata\thumbnails\1748066997845-RDpcVXNl.jpg
2025-05-24T06:19:09.606Z [LOG] 处理自定义协议请求: app://thumbnail/1748066996130-RDpcVXNl.jpg
2025-05-24T06:19:09.607Z [LOG] 缩略图路径: D:\code\cursor\looklook\userdata\thumbnails\1748066996130-RDpcVXNl.jpg
2025-05-24T06:19:09.607Z [LOG] 处理自定义协议请求: app://thumbnail/1748067157355-RDpcVXNl.jpg
2025-05-24T06:19:09.608Z [LOG] 缩略图路径: D:\code\cursor\looklook\userdata\thumbnails\1748067157355-RDpcVXNl.jpg
2025-05-24T06:19:09.608Z [LOG] 处理自定义协议请求: app://thumbnail/1748066997804-RDpcVXNl.jpg
2025-05-24T06:19:09.609Z [LOG] 缩略图路径: D:\code\cursor\looklook\userdata\thumbnails\1748066997804-RDpcVXNl.jpg
2025-05-24T06:19:09.609Z [LOG] 处理自定义协议请求: app://thumbnail/1748066996336-RDpcVXNl.jpg
2025-05-24T06:19:09.610Z [LOG] 缩略图路径: D:\code\cursor\looklook\userdata\thumbnails\1748066996336-RDpcVXNl.jpg
2025-05-24T06:19:09.610Z [LOG] 处理自定义协议请求: app://thumbnail/1748067157574-RDpcVXNl.jpg
2025-05-24T06:19:09.611Z [LOG] 缩略图路径: D:\code\cursor\looklook\userdata\thumbnails\1748067157574-RDpcVXNl.jpg
2025-05-24T06:19:09.611Z [LOG] 处理自定义协议请求: app://thumbnail/1748066997833-RDpcVXNl.jpg
2025-05-24T06:19:09.612Z [LOG] 缩略图路径: D:\code\cursor\looklook\userdata\thumbnails\1748066997833-RDpcVXNl.jpg
2025-05-24T06:19:09.612Z [LOG] 处理自定义协议请求: app://thumbnail/1748066997000-RDpcVXNl.jpg
2025-05-24T06:19:09.613Z [LOG] 缩略图路径: D:\code\cursor\looklook\userdata\thumbnails\1748066997000-RDpcVXNl.jpg
2025-05-24T06:19:09.613Z [LOG] 处理自定义协议请求: app://thumbnail/1748067157239-RDpcVXNl.jpg
2025-05-24T06:19:09.614Z [LOG] 缩略图路径: D:\code\cursor\looklook\userdata\thumbnails\1748067157239-RDpcVXNl.jpg
2025-05-24T06:19:09.615Z [LOG] 处理自定义协议请求: app://thumbnail/1748066998163-RDpcVXNl.jpg
2025-05-24T06:19:09.617Z [LOG] 缩略图路径: D:\code\cursor\looklook\userdata\thumbnails\1748066998163-RDpcVXNl.jpg
2025-05-24T06:19:09.618Z [LOG] 处理自定义协议请求: app://thumbnail/1748066997019-RDpcVXNl.jpg
2025-05-24T06:19:09.619Z [LOG] 缩略图路径: D:\code\cursor\looklook\userdata\thumbnails\1748066997019-RDpcVXNl.jpg
2025-05-24T06:19:09.620Z [LOG] 处理自定义协议请求: app://thumbnail/1748067157839-RDpcVXNl.jpg
2025-05-24T06:19:09.620Z [LOG] 缩略图路径: D:\code\cursor\looklook\userdata\thumbnails\1748067157839-RDpcVXNl.jpg
2025-05-24T06:19:09.621Z [LOG] 处理自定义协议请求: app://thumbnail/1748066998248-RDpcVXNl.jpg
2025-05-24T06:19:09.621Z [LOG] 缩略图路径: D:\code\cursor\looklook\userdata\thumbnails\1748066998248-RDpcVXNl.jpg
2025-05-24T06:19:09.622Z [LOG] 处理自定义协议请求: app://thumbnail/1748066997528-RDpcVXNl.jpg
2025-05-24T06:19:09.623Z [LOG] 缩略图路径: D:\code\cursor\looklook\userdata\thumbnails\1748066997528-RDpcVXNl.jpg
2025-05-24T06:20:04.667Z [LOG] 处理get-enum-values请求: collection
2025-05-24T06:20:04.668Z [LOG] 处理get-enum-values请求: actors
2025-05-24T06:21:04.596Z [LOG] 打开文件选择对话框: {"title":"选择目标文件夹","properties":["openDirectory"]}
2025-05-24T06:21:04.663Z [LOG] 处理get-enum-values请求: collection
2025-05-24T06:21:04.663Z [LOG] 处理get-enum-values请求: actors
2025-05-24T06:21:10.779Z [LOG] 文件选择结果: {"canceled":true,"filePaths":[]}
2025-05-24T06:21:13.959Z [LOG] 处理get-settings请求
2025-05-24T06:21:13.960Z [LOG] 设置已加载
2025-05-24T06:21:14.731Z [LOG] 打开源文件夹: C:\测试跨分区\test-002(2).AVI
2025-05-24T06:21:18.104Z [LOG] 处理get-settings请求
2025-05-24T06:21:18.105Z [LOG] 设置已加载
2025-05-24T06:21:18.765Z [LOG] 打开源文件夹: C:\测试跨分区\test-002(2).AVI
2025-05-24T06:21:25.626Z [LOG] 删除视频ID: 1748067157574-RDpcVXNl
2025-05-24T06:21:25.629Z [LOG] 通知渲染进程数据已更新
2025-05-24T06:21:25.631Z [LOG] 处理get-videos请求
2025-05-24T06:21:25.632Z [LOG] 删除缩略图: app://thumbnail/1748067157574-RDpcVXNl.jpg
2025-05-24T06:21:25.634Z [LOG] 缩略图已成功删除: D:\code\cursor\looklook\userdata\thumbnails\1748067157574-RDpcVXNl.jpg
2025-05-24T06:21:25.638Z [LOG] 删除视频ID: 1748067157355-RDpcVXNl
2025-05-24T06:21:25.640Z [LOG] 通知渲染进程数据已更新
2025-05-24T06:21:25.659Z [LOG] 处理get-videos请求
2025-05-24T06:21:25.660Z [LOG] 删除缩略图: app://thumbnail/1748067157355-RDpcVXNl.jpg
2025-05-24T06:21:25.661Z [LOG] 缩略图已成功删除: D:\code\cursor\looklook\userdata\thumbnails\1748067157355-RDpcVXNl.jpg
2025-05-24T06:21:25.668Z [LOG] 删除视频ID: 1748067156975-RDpcVXNl
2025-05-24T06:21:25.669Z [LOG] 通知渲染进程数据已更新
2025-05-24T06:21:25.670Z [LOG] 处理get-videos请求
2025-05-24T06:21:25.670Z [LOG] 删除缩略图: app://thumbnail/1748067156975-RDpcVXNl.jpg
2025-05-24T06:21:25.671Z [LOG] 缩略图已成功删除: D:\code\cursor\looklook\userdata\thumbnails\1748067156975-RDpcVXNl.jpg
2025-05-24T06:21:25.673Z [LOG] 删除视频ID: 1748067157839-RDpcVXNl
2025-05-24T06:21:25.675Z [LOG] 通知渲染进程数据已更新
2025-05-24T06:21:25.675Z [LOG] 处理get-videos请求
2025-05-24T06:21:25.676Z [LOG] 删除缩略图: app://thumbnail/1748067157839-RDpcVXNl.jpg
2025-05-24T06:21:25.677Z [LOG] 缩略图已成功删除: D:\code\cursor\looklook\userdata\thumbnails\1748067157839-RDpcVXNl.jpg
2025-05-24T06:21:25.678Z [LOG] 删除视频ID: 1748067157239-RDpcVXNl
2025-05-24T06:21:25.679Z [LOG] 通知渲染进程数据已更新
2025-05-24T06:21:25.679Z [LOG] 处理get-videos请求
2025-05-24T06:21:25.679Z [LOG] 删除缩略图: app://thumbnail/1748067157239-RDpcVXNl.jpg
2025-05-24T06:21:25.681Z [LOG] 缩略图已成功删除: D:\code\cursor\looklook\userdata\thumbnails\1748067157239-RDpcVXNl.jpg
2025-05-24T06:21:25.690Z [LOG] 删除视频ID: 1748066998163-RDpcVXNl
2025-05-24T06:21:25.691Z [LOG] 通知渲染进程数据已更新
2025-05-24T06:21:25.692Z [LOG] 处理get-videos请求
2025-05-24T06:21:25.693Z [LOG] 删除缩略图: app://thumbnail/1748066998163-RDpcVXNl.jpg
2025-05-24T06:21:25.693Z [LOG] 缩略图已成功删除: D:\code\cursor\looklook\userdata\thumbnails\1748066998163-RDpcVXNl.jpg
2025-05-24T06:21:25.694Z [LOG] 删除视频ID: 1748066998248-RDpcVXNl
2025-05-24T06:21:25.695Z [LOG] 通知渲染进程数据已更新
2025-05-24T06:21:25.699Z [LOG] 处理get-videos请求
2025-05-24T06:21:25.700Z [LOG] 删除缩略图: app://thumbnail/1748066998248-RDpcVXNl.jpg
2025-05-24T06:21:25.701Z [LOG] 缩略图已成功删除: D:\code\cursor\looklook\userdata\thumbnails\1748066998248-RDpcVXNl.jpg
2025-05-24T06:21:25.709Z [LOG] 删除视频ID: 1748066997833-RDpcVXNl
2025-05-24T06:21:25.710Z [LOG] 通知渲染进程数据已更新
2025-05-24T06:21:25.710Z [LOG] 处理get-videos请求
2025-05-24T06:21:25.711Z [LOG] 删除缩略图: app://thumbnail/1748066997833-RDpcVXNl.jpg
2025-05-24T06:21:25.711Z [LOG] 缩略图已成功删除: D:\code\cursor\looklook\userdata\thumbnails\1748066997833-RDpcVXNl.jpg
2025-05-24T06:21:25.713Z [LOG] 删除视频ID: 1748066997804-RDpcVXNl
2025-05-24T06:21:25.714Z [LOG] 通知渲染进程数据已更新
2025-05-24T06:21:25.714Z [LOG] 处理get-videos请求
2025-05-24T06:21:25.715Z [LOG] 删除缩略图: app://thumbnail/1748066997804-RDpcVXNl.jpg
2025-05-24T06:21:25.715Z [LOG] 缩略图已成功删除: D:\code\cursor\looklook\userdata\thumbnails\1748066997804-RDpcVXNl.jpg
2025-05-24T06:21:25.716Z [LOG] 删除视频ID: 1748066997845-RDpcVXNl
2025-05-24T06:21:25.717Z [LOG] 通知渲染进程数据已更新
2025-05-24T06:21:25.717Z [LOG] 处理get-videos请求
2025-05-24T06:21:25.717Z [LOG] 删除缩略图: app://thumbnail/1748066997845-RDpcVXNl.jpg
2025-05-24T06:21:25.718Z [LOG] 缩略图已成功删除: D:\code\cursor\looklook\userdata\thumbnails\1748066997845-RDpcVXNl.jpg
2025-05-24T06:21:25.718Z [LOG] 删除视频ID: 1748066997528-RDpcVXNl
2025-05-24T06:21:25.719Z [LOG] 通知渲染进程数据已更新
2025-05-24T06:21:25.719Z [LOG] 处理get-videos请求
2025-05-24T06:21:25.720Z [LOG] 删除缩略图: app://thumbnail/1748066997528-RDpcVXNl.jpg
2025-05-24T06:21:25.720Z [LOG] 缩略图已成功删除: D:\code\cursor\looklook\userdata\thumbnails\1748066997528-RDpcVXNl.jpg
2025-05-24T06:21:25.727Z [LOG] 删除视频ID: 1748066997019-RDpcVXNl
2025-05-24T06:21:25.729Z [LOG] 通知渲染进程数据已更新
2025-05-24T06:21:25.729Z [LOG] 处理get-videos请求
2025-05-24T06:21:25.730Z [LOG] 删除缩略图: app://thumbnail/1748066997019-RDpcVXNl.jpg
2025-05-24T06:21:25.730Z [LOG] 缩略图已成功删除: D:\code\cursor\looklook\userdata\thumbnails\1748066997019-RDpcVXNl.jpg
2025-05-24T06:21:25.730Z [LOG] 删除视频ID: 1748066997000-RDpcVXNl
2025-05-24T06:21:25.731Z [LOG] 通知渲染进程数据已更新
2025-05-24T06:21:25.731Z [LOG] 处理get-videos请求
2025-05-24T06:21:25.732Z [LOG] 删除缩略图: app://thumbnail/1748066997000-RDpcVXNl.jpg
2025-05-24T06:21:25.732Z [LOG] 缩略图已成功删除: D:\code\cursor\looklook\userdata\thumbnails\1748066997000-RDpcVXNl.jpg
2025-05-24T06:21:25.733Z [LOG] 删除视频ID: 1748066996336-RDpcVXNl
2025-05-24T06:21:25.734Z [LOG] 通知渲染进程数据已更新
2025-05-24T06:21:25.734Z [LOG] 处理get-videos请求
2025-05-24T06:21:25.734Z [LOG] 删除缩略图: app://thumbnail/1748066996336-RDpcVXNl.jpg
2025-05-24T06:21:25.735Z [LOG] 缩略图已成功删除: D:\code\cursor\looklook\userdata\thumbnails\1748066996336-RDpcVXNl.jpg
2025-05-24T06:21:25.735Z [LOG] 删除视频ID: 1748066996130-RDpcVXNl
2025-05-24T06:21:25.736Z [LOG] 通知渲染进程数据已更新
2025-05-24T06:21:25.736Z [LOG] 处理get-videos请求
2025-05-24T06:21:25.737Z [LOG] 删除缩略图: app://thumbnail/1748066996130-RDpcVXNl.jpg
2025-05-24T06:21:25.737Z [LOG] 缩略图已成功删除: D:\code\cursor\looklook\userdata\thumbnails\1748066996130-RDpcVXNl.jpg
2025-05-24T06:21:27.156Z [LOG] 处理import-folder请求
2025-05-24T06:21:55.032Z [LOG] 用户选择了文件夹: D:\Users\Videos\第一次选择
2025-05-24T06:21:55.032Z [LOG] 开始搜索文件夹 D:\Users\Videos\第一次选择 中的视频文件
2025-05-24T06:21:55.033Z [LOG] 搜索文件夹: D:\Users\Videos\第一次选择
2025-05-24T06:21:55.033Z [LOG] 搜索文件夹: D:\Users\Videos\第一次选择\新建文件夹
2025-05-24T06:21:55.034Z [LOG] 搜索文件夹: D:\Users\Videos\第一次选择\新建文件夹 (2)
2025-05-24T06:21:55.034Z [LOG] 在文件夹中找到 10 个视频文件
2025-05-24T06:21:55.034Z [LOG] 当前数据库中有 0 个视频记录
2025-05-24T06:21:55.035Z [LOG] 其中新增视频 10 个，重复视频 0 个
2025-05-24T06:21:55.035Z [LOG] 设置已加载
2025-05-24T06:21:55.035Z [LOG] 获取视频分辨率: D:\Users\Videos\第一次选择\新建文件夹\test-001.AVI
2025-05-24T06:21:55.036Z [MAIN] 开始获取视频分辨率: D:\Users\Videos\第一次选择\新建文件夹\test-001.AVI
2025-05-24T06:21:55.036Z [LOG] 直接获取视频分辨率
2025-05-24T06:21:55.036Z [RESOLUTION] 开始获取视频分辨率: D:\Users\Videos\第一次选择\新建文件夹\test-001.AVI
2025-05-24T06:21:55.036Z [PATH] 尝试获取FFprobe路径
2025-05-24T06:21:55.037Z [LOG] 使用配置的FFprobe路径: D:\code\cursor\looklook\node_modules\ffprobe-static\bin\win32\x64\ffprobe.exe
2025-05-24T06:21:55.037Z [PATH] 使用配置的FFprobe路径: D:\code\cursor\looklook\node_modules\ffprobe-static\bin\win32\x64\ffprobe.exe
2025-05-24T06:21:55.037Z [RESOLUTION] 在开发环境中使用ffprobe路径: D:\code\cursor\looklook\node_modules\ffprobe-static\bin\win32\x64\ffprobe.exe
2025-05-24T06:21:55.037Z [RESOLUTION] 检查ffprobe可执行文件是否存在: true
2025-05-24T06:21:55.037Z [LOG] 执行命令: "D:\code\cursor\looklook\node_modules\ffprobe-static\bin\win32\x64\ffprobe.exe" -v error -select_streams v:0 -show_entries stream=width,height -of csv=s=x:p=0 "D:\Users\Videos\第一次选择\新建文件夹\test-001.AVI"
2025-05-24T06:21:55.037Z [RESOLUTION] 开始执行命令获取分辨率: "D:\code\cursor\looklook\node_modules\ffprobe-static\bin\win32\x64\ffprobe.exe" -v error -select_streams v:0 -show_entries stream=width,height -of csv=s=x:p=0 "D:\Users\Videos\第一次选择\新建文件夹\test-001.AVI"
2025-05-24T06:21:55.104Z [RESOLUTION] 命令输出: "320x240"
2025-05-24T06:21:55.105Z [LOG] 成功解析分辨率: 320×240
2025-05-24T06:21:55.105Z [RESOLUTION] 成功解析分辨率: 320×240
2025-05-24T06:21:55.105Z [LOG] 获取视频时长: D:\Users\Videos\第一次选择\新建文件夹\test-001.AVI
2025-05-24T06:21:55.106Z [MAIN] 开始获取视频时长: D:\Users\Videos\第一次选择\新建文件夹\test-001.AVI
2025-05-24T06:21:55.106Z [LOG] 直接获取视频时长
2025-05-24T06:21:55.106Z [DURATION] 开始获取视频时长: D:\Users\Videos\第一次选择\新建文件夹\test-001.AVI
2025-05-24T06:21:55.106Z [PATH] 尝试获取FFprobe路径
2025-05-24T06:21:55.106Z [LOG] 使用配置的FFprobe路径: D:\code\cursor\looklook\node_modules\ffprobe-static\bin\win32\x64\ffprobe.exe
2025-05-24T06:21:55.107Z [PATH] 使用配置的FFprobe路径: D:\code\cursor\looklook\node_modules\ffprobe-static\bin\win32\x64\ffprobe.exe
2025-05-24T06:21:55.107Z [DURATION] 在开发环境中使用ffprobe路径: D:\code\cursor\looklook\node_modules\ffprobe-static\bin\win32\x64\ffprobe.exe
2025-05-24T06:21:55.107Z [DURATION] 检查ffprobe可执行文件是否存在: true
2025-05-24T06:21:55.107Z [LOG] 执行命令: "D:\code\cursor\looklook\node_modules\ffprobe-static\bin\win32\x64\ffprobe.exe" -v error -show_entries format=duration -of default=noprint_wrappers=1:nokey=1 "D:\Users\Videos\第一次选择\新建文件夹\test-001.AVI"
2025-05-24T06:21:55.107Z [DURATION] 开始执行命令获取时长: "D:\code\cursor\looklook\node_modules\ffprobe-static\bin\win32\x64\ffprobe.exe" -v error -show_entries format=duration -of default=noprint_wrappers=1:nokey=1 "D:\Users\Videos\第一次选择\新建文件夹\test-001.AVI"
2025-05-24T06:21:55.176Z [DURATION] 命令输出: "125.952000"
2025-05-24T06:21:55.176Z [LOG] 成功解析时长: 00:02:05
2025-05-24T06:21:55.176Z [DURATION] 成功解析时长: 00:02:05
2025-05-24T06:21:55.177Z [LOG] 开始生成缩略图，视频路径: D:\Users\Videos\第一次选择\新建文件夹\test-001.AVI
2025-05-24T06:21:55.178Z [LOG] 缩略图输出路径: D:\code\cursor\looklook\userdata\thumbnails\1748067715392-RDpcVXNl.jpg
2025-05-24T06:21:55.178Z [LOG] 生成随机时间点: 00:00:55
2025-05-24T06:21:55.178Z [LOG] 使用直接命令行ffmpeg生成缩略图
2025-05-24T06:21:55.179Z [PATH] 尝试获取FFmpeg路径
2025-05-24T06:21:55.179Z [LOG] 使用配置的FFmpeg路径: D:\code\cursor\looklook\node_modules\ffmpeg-static\ffmpeg.exe
2025-05-24T06:21:55.179Z [PATH] 使用配置的FFmpeg路径: D:\code\cursor\looklook\node_modules\ffmpeg-static\ffmpeg.exe
2025-05-24T06:21:55.179Z [LOG] 将使用时间点 00:00:55 生成缩略图
2025-05-24T06:21:55.179Z [LOG] 执行命令: D:\code\cursor\looklook\node_modules\ffmpeg-static\ffmpeg.exe -ss 00:00:55 -i D:\Users\Videos\第一次选择\新建文件夹\test-001.AVI -vframes 1 -s 320x180 -y D:\code\cursor\looklook\userdata\thumbnails\1748067715392-RDpcVXNl.jpg
2025-05-24T06:21:55.261Z [LOG] 直接ffmpeg成功生成缩略图: D:\code\cursor\looklook\userdata\thumbnails\1748067715392-RDpcVXNl.jpg
2025-05-24T06:21:55.261Z [LOG] 通过直接ffmpeg命令生成缩略图成功
2025-05-24T06:21:55.262Z [LOG] 设置已加载
2025-05-24T06:21:55.263Z [LOG] 获取视频分辨率: D:\Users\Videos\第一次选择\新建文件夹\test-002.AVI
2025-05-24T06:21:55.263Z [MAIN] 开始获取视频分辨率: D:\Users\Videos\第一次选择\新建文件夹\test-002.AVI
2025-05-24T06:21:55.263Z [LOG] 直接获取视频分辨率
2025-05-24T06:21:55.263Z [RESOLUTION] 开始获取视频分辨率: D:\Users\Videos\第一次选择\新建文件夹\test-002.AVI
2025-05-24T06:21:55.263Z [PATH] 尝试获取FFprobe路径
2025-05-24T06:21:55.263Z [LOG] 使用配置的FFprobe路径: D:\code\cursor\looklook\node_modules\ffprobe-static\bin\win32\x64\ffprobe.exe
2025-05-24T06:21:55.263Z [PATH] 使用配置的FFprobe路径: D:\code\cursor\looklook\node_modules\ffprobe-static\bin\win32\x64\ffprobe.exe
2025-05-24T06:21:55.264Z [RESOLUTION] 在开发环境中使用ffprobe路径: D:\code\cursor\looklook\node_modules\ffprobe-static\bin\win32\x64\ffprobe.exe
2025-05-24T06:21:55.264Z [RESOLUTION] 检查ffprobe可执行文件是否存在: true
2025-05-24T06:21:55.264Z [LOG] 执行命令: "D:\code\cursor\looklook\node_modules\ffprobe-static\bin\win32\x64\ffprobe.exe" -v error -select_streams v:0 -show_entries stream=width,height -of csv=s=x:p=0 "D:\Users\Videos\第一次选择\新建文件夹\test-002.AVI"
2025-05-24T06:21:55.264Z [RESOLUTION] 开始执行命令获取分辨率: "D:\code\cursor\looklook\node_modules\ffprobe-static\bin\win32\x64\ffprobe.exe" -v error -select_streams v:0 -show_entries stream=width,height -of csv=s=x:p=0 "D:\Users\Videos\第一次选择\新建文件夹\test-002.AVI"
2025-05-24T06:21:55.331Z [RESOLUTION] 命令输出: "320x240"
2025-05-24T06:21:55.331Z [LOG] 成功解析分辨率: 320×240
2025-05-24T06:21:55.331Z [RESOLUTION] 成功解析分辨率: 320×240
2025-05-24T06:21:55.332Z [LOG] 获取视频时长: D:\Users\Videos\第一次选择\新建文件夹\test-002.AVI
2025-05-24T06:21:55.332Z [MAIN] 开始获取视频时长: D:\Users\Videos\第一次选择\新建文件夹\test-002.AVI
2025-05-24T06:21:55.332Z [LOG] 直接获取视频时长
2025-05-24T06:21:55.332Z [DURATION] 开始获取视频时长: D:\Users\Videos\第一次选择\新建文件夹\test-002.AVI
2025-05-24T06:21:55.332Z [PATH] 尝试获取FFprobe路径
2025-05-24T06:21:55.333Z [LOG] 使用配置的FFprobe路径: D:\code\cursor\looklook\node_modules\ffprobe-static\bin\win32\x64\ffprobe.exe
2025-05-24T06:21:55.333Z [PATH] 使用配置的FFprobe路径: D:\code\cursor\looklook\node_modules\ffprobe-static\bin\win32\x64\ffprobe.exe
2025-05-24T06:21:55.333Z [DURATION] 在开发环境中使用ffprobe路径: D:\code\cursor\looklook\node_modules\ffprobe-static\bin\win32\x64\ffprobe.exe
2025-05-24T06:21:55.333Z [DURATION] 检查ffprobe可执行文件是否存在: true
2025-05-24T06:21:55.333Z [LOG] 执行命令: "D:\code\cursor\looklook\node_modules\ffprobe-static\bin\win32\x64\ffprobe.exe" -v error -show_entries format=duration -of default=noprint_wrappers=1:nokey=1 "D:\Users\Videos\第一次选择\新建文件夹\test-002.AVI"
2025-05-24T06:21:55.333Z [DURATION] 开始执行命令获取时长: "D:\code\cursor\looklook\node_modules\ffprobe-static\bin\win32\x64\ffprobe.exe" -v error -show_entries format=duration -of default=noprint_wrappers=1:nokey=1 "D:\Users\Videos\第一次选择\新建文件夹\test-002.AVI"
2025-05-24T06:21:55.404Z [DURATION] 命令输出: "125.952000"
2025-05-24T06:21:55.405Z [LOG] 成功解析时长: 00:02:05
2025-05-24T06:21:55.405Z [DURATION] 成功解析时长: 00:02:05
2025-05-24T06:21:55.405Z [LOG] 开始生成缩略图，视频路径: D:\Users\Videos\第一次选择\新建文件夹\test-002.AVI
2025-05-24T06:21:55.405Z [LOG] 缩略图输出路径: D:\code\cursor\looklook\userdata\thumbnails\1748067715744-RDpcVXNl.jpg
2025-05-24T06:21:55.406Z [LOG] 生成随机时间点: 00:00:12
2025-05-24T06:21:55.406Z [LOG] 使用直接命令行ffmpeg生成缩略图
2025-05-24T06:21:55.406Z [PATH] 尝试获取FFmpeg路径
2025-05-24T06:21:55.406Z [LOG] 使用配置的FFmpeg路径: D:\code\cursor\looklook\node_modules\ffmpeg-static\ffmpeg.exe
2025-05-24T06:21:55.407Z [PATH] 使用配置的FFmpeg路径: D:\code\cursor\looklook\node_modules\ffmpeg-static\ffmpeg.exe
2025-05-24T06:21:55.407Z [LOG] 将使用时间点 00:00:12 生成缩略图
2025-05-24T06:21:55.407Z [LOG] 执行命令: D:\code\cursor\looklook\node_modules\ffmpeg-static\ffmpeg.exe -ss 00:00:12 -i D:\Users\Videos\第一次选择\新建文件夹\test-002.AVI -vframes 1 -s 320x180 -y D:\code\cursor\looklook\userdata\thumbnails\1748067715744-RDpcVXNl.jpg
2025-05-24T06:21:55.488Z [LOG] 直接ffmpeg成功生成缩略图: D:\code\cursor\looklook\userdata\thumbnails\1748067715744-RDpcVXNl.jpg
2025-05-24T06:21:55.488Z [LOG] 通过直接ffmpeg命令生成缩略图成功
2025-05-24T06:21:55.488Z [LOG] 设置已加载
2025-05-24T06:21:55.489Z [LOG] 获取视频分辨率: D:\Users\Videos\第一次选择\新建文件夹\test-003.AVI
2025-05-24T06:21:55.489Z [MAIN] 开始获取视频分辨率: D:\Users\Videos\第一次选择\新建文件夹\test-003.AVI
2025-05-24T06:21:55.489Z [LOG] 直接获取视频分辨率
2025-05-24T06:21:55.489Z [RESOLUTION] 开始获取视频分辨率: D:\Users\Videos\第一次选择\新建文件夹\test-003.AVI
2025-05-24T06:21:55.489Z [PATH] 尝试获取FFprobe路径
2025-05-24T06:21:55.490Z [LOG] 使用配置的FFprobe路径: D:\code\cursor\looklook\node_modules\ffprobe-static\bin\win32\x64\ffprobe.exe
2025-05-24T06:21:55.490Z [PATH] 使用配置的FFprobe路径: D:\code\cursor\looklook\node_modules\ffprobe-static\bin\win32\x64\ffprobe.exe
2025-05-24T06:21:55.490Z [RESOLUTION] 在开发环境中使用ffprobe路径: D:\code\cursor\looklook\node_modules\ffprobe-static\bin\win32\x64\ffprobe.exe
2025-05-24T06:21:55.490Z [RESOLUTION] 检查ffprobe可执行文件是否存在: true
2025-05-24T06:21:55.490Z [LOG] 执行命令: "D:\code\cursor\looklook\node_modules\ffprobe-static\bin\win32\x64\ffprobe.exe" -v error -select_streams v:0 -show_entries stream=width,height -of csv=s=x:p=0 "D:\Users\Videos\第一次选择\新建文件夹\test-003.AVI"
2025-05-24T06:21:55.490Z [RESOLUTION] 开始执行命令获取分辨率: "D:\code\cursor\looklook\node_modules\ffprobe-static\bin\win32\x64\ffprobe.exe" -v error -select_streams v:0 -show_entries stream=width,height -of csv=s=x:p=0 "D:\Users\Videos\第一次选择\新建文件夹\test-003.AVI"
2025-05-24T06:21:55.554Z [RESOLUTION] 命令输出: "320x240"
2025-05-24T06:21:55.555Z [LOG] 成功解析分辨率: 320×240
2025-05-24T06:21:55.555Z [RESOLUTION] 成功解析分辨率: 320×240
2025-05-24T06:21:55.555Z [LOG] 获取视频时长: D:\Users\Videos\第一次选择\新建文件夹\test-003.AVI
2025-05-24T06:21:55.555Z [MAIN] 开始获取视频时长: D:\Users\Videos\第一次选择\新建文件夹\test-003.AVI
2025-05-24T06:21:55.556Z [LOG] 直接获取视频时长
2025-05-24T06:21:55.556Z [DURATION] 开始获取视频时长: D:\Users\Videos\第一次选择\新建文件夹\test-003.AVI
2025-05-24T06:21:55.556Z [PATH] 尝试获取FFprobe路径
2025-05-24T06:21:55.556Z [LOG] 使用配置的FFprobe路径: D:\code\cursor\looklook\node_modules\ffprobe-static\bin\win32\x64\ffprobe.exe
2025-05-24T06:21:55.556Z [PATH] 使用配置的FFprobe路径: D:\code\cursor\looklook\node_modules\ffprobe-static\bin\win32\x64\ffprobe.exe
2025-05-24T06:21:55.556Z [DURATION] 在开发环境中使用ffprobe路径: D:\code\cursor\looklook\node_modules\ffprobe-static\bin\win32\x64\ffprobe.exe
2025-05-24T06:21:55.556Z [DURATION] 检查ffprobe可执行文件是否存在: true
2025-05-24T06:21:55.557Z [LOG] 执行命令: "D:\code\cursor\looklook\node_modules\ffprobe-static\bin\win32\x64\ffprobe.exe" -v error -show_entries format=duration -of default=noprint_wrappers=1:nokey=1 "D:\Users\Videos\第一次选择\新建文件夹\test-003.AVI"
2025-05-24T06:21:55.557Z [DURATION] 开始执行命令获取时长: "D:\code\cursor\looklook\node_modules\ffprobe-static\bin\win32\x64\ffprobe.exe" -v error -show_entries format=duration -of default=noprint_wrappers=1:nokey=1 "D:\Users\Videos\第一次选择\新建文件夹\test-003.AVI"
2025-05-24T06:21:55.627Z [DURATION] 命令输出: "125.952000"
2025-05-24T06:21:55.628Z [LOG] 成功解析时长: 00:02:05
2025-05-24T06:21:55.628Z [DURATION] 成功解析时长: 00:02:05
2025-05-24T06:21:55.628Z [LOG] 开始生成缩略图，视频路径: D:\Users\Videos\第一次选择\新建文件夹\test-003.AVI
2025-05-24T06:21:55.628Z [LOG] 缩略图输出路径: D:\code\cursor\looklook\userdata\thumbnails\1748067716085-RDpcVXNl.jpg
2025-05-24T06:21:55.629Z [LOG] 生成随机时间点: 00:00:26
2025-05-24T06:21:55.629Z [LOG] 使用直接命令行ffmpeg生成缩略图
2025-05-24T06:21:55.629Z [PATH] 尝试获取FFmpeg路径
2025-05-24T06:21:55.629Z [LOG] 使用配置的FFmpeg路径: D:\code\cursor\looklook\node_modules\ffmpeg-static\ffmpeg.exe
2025-05-24T06:21:55.629Z [PATH] 使用配置的FFmpeg路径: D:\code\cursor\looklook\node_modules\ffmpeg-static\ffmpeg.exe
2025-05-24T06:21:55.630Z [LOG] 将使用时间点 00:00:26 生成缩略图
2025-05-24T06:21:55.630Z [LOG] 执行命令: D:\code\cursor\looklook\node_modules\ffmpeg-static\ffmpeg.exe -ss 00:00:26 -i D:\Users\Videos\第一次选择\新建文件夹\test-003.AVI -vframes 1 -s 320x180 -y D:\code\cursor\looklook\userdata\thumbnails\1748067716085-RDpcVXNl.jpg
2025-05-24T06:21:55.710Z [LOG] 直接ffmpeg成功生成缩略图: D:\code\cursor\looklook\userdata\thumbnails\1748067716085-RDpcVXNl.jpg
2025-05-24T06:21:55.711Z [LOG] 通过直接ffmpeg命令生成缩略图成功
2025-05-24T06:21:55.712Z [LOG] 设置已加载
2025-05-24T06:21:55.712Z [LOG] 获取视频分辨率: D:\Users\Videos\第一次选择\新建文件夹\test-004.AVI
2025-05-24T06:21:55.712Z [MAIN] 开始获取视频分辨率: D:\Users\Videos\第一次选择\新建文件夹\test-004.AVI
2025-05-24T06:21:55.712Z [LOG] 直接获取视频分辨率
2025-05-24T06:21:55.712Z [RESOLUTION] 开始获取视频分辨率: D:\Users\Videos\第一次选择\新建文件夹\test-004.AVI
2025-05-24T06:21:55.712Z [PATH] 尝试获取FFprobe路径
2025-05-24T06:21:55.713Z [LOG] 使用配置的FFprobe路径: D:\code\cursor\looklook\node_modules\ffprobe-static\bin\win32\x64\ffprobe.exe
2025-05-24T06:21:55.713Z [PATH] 使用配置的FFprobe路径: D:\code\cursor\looklook\node_modules\ffprobe-static\bin\win32\x64\ffprobe.exe
2025-05-24T06:21:55.713Z [RESOLUTION] 在开发环境中使用ffprobe路径: D:\code\cursor\looklook\node_modules\ffprobe-static\bin\win32\x64\ffprobe.exe
2025-05-24T06:21:55.713Z [RESOLUTION] 检查ffprobe可执行文件是否存在: true
2025-05-24T06:21:55.713Z [LOG] 执行命令: "D:\code\cursor\looklook\node_modules\ffprobe-static\bin\win32\x64\ffprobe.exe" -v error -select_streams v:0 -show_entries stream=width,height -of csv=s=x:p=0 "D:\Users\Videos\第一次选择\新建文件夹\test-004.AVI"
2025-05-24T06:21:55.713Z [RESOLUTION] 开始执行命令获取分辨率: "D:\code\cursor\looklook\node_modules\ffprobe-static\bin\win32\x64\ffprobe.exe" -v error -select_streams v:0 -show_entries stream=width,height -of csv=s=x:p=0 "D:\Users\Videos\第一次选择\新建文件夹\test-004.AVI"
2025-05-24T06:21:55.784Z [RESOLUTION] 命令输出: "320x240"
2025-05-24T06:21:55.784Z [LOG] 成功解析分辨率: 320×240
2025-05-24T06:21:55.784Z [RESOLUTION] 成功解析分辨率: 320×240
2025-05-24T06:21:55.785Z [LOG] 获取视频时长: D:\Users\Videos\第一次选择\新建文件夹\test-004.AVI
2025-05-24T06:21:55.785Z [MAIN] 开始获取视频时长: D:\Users\Videos\第一次选择\新建文件夹\test-004.AVI
2025-05-24T06:21:55.785Z [LOG] 直接获取视频时长
2025-05-24T06:21:55.785Z [DURATION] 开始获取视频时长: D:\Users\Videos\第一次选择\新建文件夹\test-004.AVI
2025-05-24T06:21:55.785Z [PATH] 尝试获取FFprobe路径
2025-05-24T06:21:55.785Z [LOG] 使用配置的FFprobe路径: D:\code\cursor\looklook\node_modules\ffprobe-static\bin\win32\x64\ffprobe.exe
2025-05-24T06:21:55.786Z [PATH] 使用配置的FFprobe路径: D:\code\cursor\looklook\node_modules\ffprobe-static\bin\win32\x64\ffprobe.exe
2025-05-24T06:21:55.786Z [DURATION] 在开发环境中使用ffprobe路径: D:\code\cursor\looklook\node_modules\ffprobe-static\bin\win32\x64\ffprobe.exe
2025-05-24T06:21:55.786Z [DURATION] 检查ffprobe可执行文件是否存在: true
2025-05-24T06:21:55.786Z [LOG] 执行命令: "D:\code\cursor\looklook\node_modules\ffprobe-static\bin\win32\x64\ffprobe.exe" -v error -show_entries format=duration -of default=noprint_wrappers=1:nokey=1 "D:\Users\Videos\第一次选择\新建文件夹\test-004.AVI"
2025-05-24T06:21:55.786Z [DURATION] 开始执行命令获取时长: "D:\code\cursor\looklook\node_modules\ffprobe-static\bin\win32\x64\ffprobe.exe" -v error -show_entries format=duration -of default=noprint_wrappers=1:nokey=1 "D:\Users\Videos\第一次选择\新建文件夹\test-004.AVI"
2025-05-24T06:21:55.853Z [DURATION] 命令输出: "125.952000"
2025-05-24T06:21:55.854Z [LOG] 成功解析时长: 00:02:05
2025-05-24T06:21:55.854Z [DURATION] 成功解析时长: 00:02:05
2025-05-24T06:21:55.854Z [LOG] 开始生成缩略图，视频路径: D:\Users\Videos\第一次选择\新建文件夹\test-004.AVI
2025-05-24T06:21:55.854Z [LOG] 缩略图输出路径: D:\code\cursor\looklook\userdata\thumbnails\1748067716377-RDpcVXNl.jpg
2025-05-24T06:21:55.855Z [LOG] 生成随机时间点: 00:00:58
2025-05-24T06:21:55.855Z [LOG] 使用直接命令行ffmpeg生成缩略图
2025-05-24T06:21:55.855Z [PATH] 尝试获取FFmpeg路径
2025-05-24T06:21:55.855Z [LOG] 使用配置的FFmpeg路径: D:\code\cursor\looklook\node_modules\ffmpeg-static\ffmpeg.exe
2025-05-24T06:21:55.856Z [PATH] 使用配置的FFmpeg路径: D:\code\cursor\looklook\node_modules\ffmpeg-static\ffmpeg.exe
2025-05-24T06:21:55.856Z [LOG] 将使用时间点 00:00:58 生成缩略图
2025-05-24T06:21:55.857Z [LOG] 执行命令: D:\code\cursor\looklook\node_modules\ffmpeg-static\ffmpeg.exe -ss 00:00:58 -i D:\Users\Videos\第一次选择\新建文件夹\test-004.AVI -vframes 1 -s 320x180 -y D:\code\cursor\looklook\userdata\thumbnails\1748067716377-RDpcVXNl.jpg
2025-05-24T06:21:55.939Z [LOG] 直接ffmpeg成功生成缩略图: D:\code\cursor\looklook\userdata\thumbnails\1748067716377-RDpcVXNl.jpg
2025-05-24T06:21:55.939Z [LOG] 通过直接ffmpeg命令生成缩略图成功
2025-05-24T06:21:55.940Z [LOG] 设置已加载
2025-05-24T06:21:55.940Z [LOG] 获取视频分辨率: D:\Users\Videos\第一次选择\新建文件夹\test-005.AVI
2025-05-24T06:21:55.940Z [MAIN] 开始获取视频分辨率: D:\Users\Videos\第一次选择\新建文件夹\test-005.AVI
2025-05-24T06:21:55.940Z [LOG] 直接获取视频分辨率
2025-05-24T06:21:55.941Z [RESOLUTION] 开始获取视频分辨率: D:\Users\Videos\第一次选择\新建文件夹\test-005.AVI
2025-05-24T06:21:55.941Z [PATH] 尝试获取FFprobe路径
2025-05-24T06:21:55.942Z [LOG] 使用配置的FFprobe路径: D:\code\cursor\looklook\node_modules\ffprobe-static\bin\win32\x64\ffprobe.exe
2025-05-24T06:21:55.942Z [PATH] 使用配置的FFprobe路径: D:\code\cursor\looklook\node_modules\ffprobe-static\bin\win32\x64\ffprobe.exe
2025-05-24T06:21:55.942Z [RESOLUTION] 在开发环境中使用ffprobe路径: D:\code\cursor\looklook\node_modules\ffprobe-static\bin\win32\x64\ffprobe.exe
2025-05-24T06:21:55.942Z [RESOLUTION] 检查ffprobe可执行文件是否存在: true
2025-05-24T06:21:55.942Z [LOG] 执行命令: "D:\code\cursor\looklook\node_modules\ffprobe-static\bin\win32\x64\ffprobe.exe" -v error -select_streams v:0 -show_entries stream=width,height -of csv=s=x:p=0 "D:\Users\Videos\第一次选择\新建文件夹\test-005.AVI"
2025-05-24T06:21:55.942Z [RESOLUTION] 开始执行命令获取分辨率: "D:\code\cursor\looklook\node_modules\ffprobe-static\bin\win32\x64\ffprobe.exe" -v error -select_streams v:0 -show_entries stream=width,height -of csv=s=x:p=0 "D:\Users\Videos\第一次选择\新建文件夹\test-005.AVI"
2025-05-24T06:21:56.011Z [RESOLUTION] 命令输出: "320x240"
2025-05-24T06:21:56.011Z [LOG] 成功解析分辨率: 320×240
2025-05-24T06:21:56.012Z [RESOLUTION] 成功解析分辨率: 320×240
2025-05-24T06:21:56.012Z [LOG] 获取视频时长: D:\Users\Videos\第一次选择\新建文件夹\test-005.AVI
2025-05-24T06:21:56.012Z [MAIN] 开始获取视频时长: D:\Users\Videos\第一次选择\新建文件夹\test-005.AVI
2025-05-24T06:21:56.012Z [LOG] 直接获取视频时长
2025-05-24T06:21:56.012Z [DURATION] 开始获取视频时长: D:\Users\Videos\第一次选择\新建文件夹\test-005.AVI
2025-05-24T06:21:56.012Z [PATH] 尝试获取FFprobe路径
2025-05-24T06:21:56.013Z [LOG] 使用配置的FFprobe路径: D:\code\cursor\looklook\node_modules\ffprobe-static\bin\win32\x64\ffprobe.exe
2025-05-24T06:21:56.013Z [PATH] 使用配置的FFprobe路径: D:\code\cursor\looklook\node_modules\ffprobe-static\bin\win32\x64\ffprobe.exe
2025-05-24T06:21:56.013Z [DURATION] 在开发环境中使用ffprobe路径: D:\code\cursor\looklook\node_modules\ffprobe-static\bin\win32\x64\ffprobe.exe
2025-05-24T06:21:56.013Z [DURATION] 检查ffprobe可执行文件是否存在: true
2025-05-24T06:21:56.013Z [LOG] 执行命令: "D:\code\cursor\looklook\node_modules\ffprobe-static\bin\win32\x64\ffprobe.exe" -v error -show_entries format=duration -of default=noprint_wrappers=1:nokey=1 "D:\Users\Videos\第一次选择\新建文件夹\test-005.AVI"
2025-05-24T06:21:56.013Z [DURATION] 开始执行命令获取时长: "D:\code\cursor\looklook\node_modules\ffprobe-static\bin\win32\x64\ffprobe.exe" -v error -show_entries format=duration -of default=noprint_wrappers=1:nokey=1 "D:\Users\Videos\第一次选择\新建文件夹\test-005.AVI"
2025-05-24T06:21:56.078Z [DURATION] 命令输出: "125.952000"
2025-05-24T06:21:56.078Z [LOG] 成功解析时长: 00:02:05
2025-05-24T06:21:56.078Z [DURATION] 成功解析时长: 00:02:05
2025-05-24T06:21:56.079Z [LOG] 开始生成缩略图，视频路径: D:\Users\Videos\第一次选择\新建文件夹\test-005.AVI
2025-05-24T06:21:56.079Z [LOG] 缩略图输出路径: D:\code\cursor\looklook\userdata\thumbnails\1748067716422-RDpcVXNl.jpg
2025-05-24T06:21:56.079Z [LOG] 生成随机时间点: 00:00:52
2025-05-24T06:21:56.080Z [LOG] 使用直接命令行ffmpeg生成缩略图
2025-05-24T06:21:56.080Z [PATH] 尝试获取FFmpeg路径
2025-05-24T06:21:56.080Z [LOG] 使用配置的FFmpeg路径: D:\code\cursor\looklook\node_modules\ffmpeg-static\ffmpeg.exe
2025-05-24T06:21:56.080Z [PATH] 使用配置的FFmpeg路径: D:\code\cursor\looklook\node_modules\ffmpeg-static\ffmpeg.exe
2025-05-24T06:21:56.080Z [LOG] 将使用时间点 00:00:52 生成缩略图
2025-05-24T06:21:56.081Z [LOG] 执行命令: D:\code\cursor\looklook\node_modules\ffmpeg-static\ffmpeg.exe -ss 00:00:52 -i D:\Users\Videos\第一次选择\新建文件夹\test-005.AVI -vframes 1 -s 320x180 -y D:\code\cursor\looklook\userdata\thumbnails\1748067716422-RDpcVXNl.jpg
2025-05-24T06:21:56.168Z [LOG] 直接ffmpeg成功生成缩略图: D:\code\cursor\looklook\userdata\thumbnails\1748067716422-RDpcVXNl.jpg
2025-05-24T06:21:56.168Z [LOG] 通过直接ffmpeg命令生成缩略图成功
2025-05-24T06:21:56.169Z [LOG] 设置已加载
2025-05-24T06:21:56.169Z [LOG] 获取视频分辨率: D:\Users\Videos\第一次选择\新建文件夹 (2)\test-001.AVI
2025-05-24T06:21:56.169Z [MAIN] 开始获取视频分辨率: D:\Users\Videos\第一次选择\新建文件夹 (2)\test-001.AVI
2025-05-24T06:21:56.170Z [LOG] 直接获取视频分辨率
2025-05-24T06:21:56.170Z [RESOLUTION] 开始获取视频分辨率: D:\Users\Videos\第一次选择\新建文件夹 (2)\test-001.AVI
2025-05-24T06:21:56.170Z [PATH] 尝试获取FFprobe路径
2025-05-24T06:21:56.170Z [LOG] 使用配置的FFprobe路径: D:\code\cursor\looklook\node_modules\ffprobe-static\bin\win32\x64\ffprobe.exe
2025-05-24T06:21:56.170Z [PATH] 使用配置的FFprobe路径: D:\code\cursor\looklook\node_modules\ffprobe-static\bin\win32\x64\ffprobe.exe
2025-05-24T06:21:56.170Z [RESOLUTION] 在开发环境中使用ffprobe路径: D:\code\cursor\looklook\node_modules\ffprobe-static\bin\win32\x64\ffprobe.exe
2025-05-24T06:21:56.170Z [RESOLUTION] 检查ffprobe可执行文件是否存在: true
2025-05-24T06:21:56.170Z [LOG] 执行命令: "D:\code\cursor\looklook\node_modules\ffprobe-static\bin\win32\x64\ffprobe.exe" -v error -select_streams v:0 -show_entries stream=width,height -of csv=s=x:p=0 "D:\Users\Videos\第一次选择\新建文件夹 (2)\test-001.AVI"
2025-05-24T06:21:56.171Z [RESOLUTION] 开始执行命令获取分辨率: "D:\code\cursor\looklook\node_modules\ffprobe-static\bin\win32\x64\ffprobe.exe" -v error -select_streams v:0 -show_entries stream=width,height -of csv=s=x:p=0 "D:\Users\Videos\第一次选择\新建文件夹 (2)\test-001.AVI"
2025-05-24T06:21:56.238Z [RESOLUTION] 命令输出: "320x240"
2025-05-24T06:21:56.238Z [LOG] 成功解析分辨率: 320×240
2025-05-24T06:21:56.238Z [RESOLUTION] 成功解析分辨率: 320×240
2025-05-24T06:21:56.239Z [LOG] 获取视频时长: D:\Users\Videos\第一次选择\新建文件夹 (2)\test-001.AVI
2025-05-24T06:21:56.239Z [MAIN] 开始获取视频时长: D:\Users\Videos\第一次选择\新建文件夹 (2)\test-001.AVI
2025-05-24T06:21:56.239Z [LOG] 直接获取视频时长
2025-05-24T06:21:56.239Z [DURATION] 开始获取视频时长: D:\Users\Videos\第一次选择\新建文件夹 (2)\test-001.AVI
2025-05-24T06:21:56.239Z [PATH] 尝试获取FFprobe路径
2025-05-24T06:21:56.240Z [LOG] 使用配置的FFprobe路径: D:\code\cursor\looklook\node_modules\ffprobe-static\bin\win32\x64\ffprobe.exe
2025-05-24T06:21:56.240Z [PATH] 使用配置的FFprobe路径: D:\code\cursor\looklook\node_modules\ffprobe-static\bin\win32\x64\ffprobe.exe
2025-05-24T06:21:56.240Z [DURATION] 在开发环境中使用ffprobe路径: D:\code\cursor\looklook\node_modules\ffprobe-static\bin\win32\x64\ffprobe.exe
2025-05-24T06:21:56.240Z [DURATION] 检查ffprobe可执行文件是否存在: true
2025-05-24T06:21:56.240Z [LOG] 执行命令: "D:\code\cursor\looklook\node_modules\ffprobe-static\bin\win32\x64\ffprobe.exe" -v error -show_entries format=duration -of default=noprint_wrappers=1:nokey=1 "D:\Users\Videos\第一次选择\新建文件夹 (2)\test-001.AVI"
2025-05-24T06:21:56.240Z [DURATION] 开始执行命令获取时长: "D:\code\cursor\looklook\node_modules\ffprobe-static\bin\win32\x64\ffprobe.exe" -v error -show_entries format=duration -of default=noprint_wrappers=1:nokey=1 "D:\Users\Videos\第一次选择\新建文件夹 (2)\test-001.AVI"
2025-05-24T06:21:56.308Z [DURATION] 命令输出: "125.952000"
2025-05-24T06:21:56.309Z [LOG] 成功解析时长: 00:02:05
2025-05-24T06:21:56.309Z [DURATION] 成功解析时长: 00:02:05
2025-05-24T06:21:56.309Z [LOG] 开始生成缩略图，视频路径: D:\Users\Videos\第一次选择\新建文件夹 (2)\test-001.AVI
2025-05-24T06:21:56.310Z [LOG] 缩略图输出路径: D:\code\cursor\looklook\userdata\thumbnails\1748067716858-RDpcVXNl.jpg
2025-05-24T06:21:56.310Z [LOG] 生成随机时间点: 00:00:39
2025-05-24T06:21:56.310Z [LOG] 使用直接命令行ffmpeg生成缩略图
2025-05-24T06:21:56.310Z [PATH] 尝试获取FFmpeg路径
2025-05-24T06:21:56.311Z [LOG] 使用配置的FFmpeg路径: D:\code\cursor\looklook\node_modules\ffmpeg-static\ffmpeg.exe
2025-05-24T06:21:56.311Z [PATH] 使用配置的FFmpeg路径: D:\code\cursor\looklook\node_modules\ffmpeg-static\ffmpeg.exe
2025-05-24T06:21:56.311Z [LOG] 将使用时间点 00:00:39 生成缩略图
2025-05-24T06:21:56.312Z [LOG] 执行命令: D:\code\cursor\looklook\node_modules\ffmpeg-static\ffmpeg.exe -ss 00:00:39 -i D:\Users\Videos\第一次选择\新建文件夹 (2)\test-001.AVI -vframes 1 -s 320x180 -y D:\code\cursor\looklook\userdata\thumbnails\1748067716858-RDpcVXNl.jpg
2025-05-24T06:21:56.396Z [LOG] 直接ffmpeg成功生成缩略图: D:\code\cursor\looklook\userdata\thumbnails\1748067716858-RDpcVXNl.jpg
2025-05-24T06:21:56.396Z [LOG] 通过直接ffmpeg命令生成缩略图成功
2025-05-24T06:21:56.397Z [LOG] 设置已加载
2025-05-24T06:21:56.397Z [LOG] 获取视频分辨率: D:\Users\Videos\第一次选择\新建文件夹 (2)\test-002.AVI
2025-05-24T06:21:56.397Z [MAIN] 开始获取视频分辨率: D:\Users\Videos\第一次选择\新建文件夹 (2)\test-002.AVI
2025-05-24T06:21:56.397Z [LOG] 直接获取视频分辨率
2025-05-24T06:21:56.397Z [RESOLUTION] 开始获取视频分辨率: D:\Users\Videos\第一次选择\新建文件夹 (2)\test-002.AVI
2025-05-24T06:21:56.397Z [PATH] 尝试获取FFprobe路径
2025-05-24T06:21:56.398Z [LOG] 使用配置的FFprobe路径: D:\code\cursor\looklook\node_modules\ffprobe-static\bin\win32\x64\ffprobe.exe
2025-05-24T06:21:56.398Z [PATH] 使用配置的FFprobe路径: D:\code\cursor\looklook\node_modules\ffprobe-static\bin\win32\x64\ffprobe.exe
2025-05-24T06:21:56.398Z [RESOLUTION] 在开发环境中使用ffprobe路径: D:\code\cursor\looklook\node_modules\ffprobe-static\bin\win32\x64\ffprobe.exe
2025-05-24T06:21:56.398Z [RESOLUTION] 检查ffprobe可执行文件是否存在: true
2025-05-24T06:21:56.398Z [LOG] 执行命令: "D:\code\cursor\looklook\node_modules\ffprobe-static\bin\win32\x64\ffprobe.exe" -v error -select_streams v:0 -show_entries stream=width,height -of csv=s=x:p=0 "D:\Users\Videos\第一次选择\新建文件夹 (2)\test-002.AVI"
2025-05-24T06:21:56.398Z [RESOLUTION] 开始执行命令获取分辨率: "D:\code\cursor\looklook\node_modules\ffprobe-static\bin\win32\x64\ffprobe.exe" -v error -select_streams v:0 -show_entries stream=width,height -of csv=s=x:p=0 "D:\Users\Videos\第一次选择\新建文件夹 (2)\test-002.AVI"
2025-05-24T06:21:56.463Z [RESOLUTION] 命令输出: "320x240"
2025-05-24T06:21:56.464Z [LOG] 成功解析分辨率: 320×240
2025-05-24T06:21:56.464Z [RESOLUTION] 成功解析分辨率: 320×240
2025-05-24T06:21:56.465Z [LOG] 获取视频时长: D:\Users\Videos\第一次选择\新建文件夹 (2)\test-002.AVI
2025-05-24T06:21:56.465Z [MAIN] 开始获取视频时长: D:\Users\Videos\第一次选择\新建文件夹 (2)\test-002.AVI
2025-05-24T06:21:56.465Z [LOG] 直接获取视频时长
2025-05-24T06:21:56.465Z [DURATION] 开始获取视频时长: D:\Users\Videos\第一次选择\新建文件夹 (2)\test-002.AVI
2025-05-24T06:21:56.465Z [PATH] 尝试获取FFprobe路径
2025-05-24T06:21:56.466Z [LOG] 使用配置的FFprobe路径: D:\code\cursor\looklook\node_modules\ffprobe-static\bin\win32\x64\ffprobe.exe
2025-05-24T06:21:56.466Z [PATH] 使用配置的FFprobe路径: D:\code\cursor\looklook\node_modules\ffprobe-static\bin\win32\x64\ffprobe.exe
2025-05-24T06:21:56.466Z [DURATION] 在开发环境中使用ffprobe路径: D:\code\cursor\looklook\node_modules\ffprobe-static\bin\win32\x64\ffprobe.exe
2025-05-24T06:21:56.466Z [DURATION] 检查ffprobe可执行文件是否存在: true
2025-05-24T06:21:56.466Z [LOG] 执行命令: "D:\code\cursor\looklook\node_modules\ffprobe-static\bin\win32\x64\ffprobe.exe" -v error -show_entries format=duration -of default=noprint_wrappers=1:nokey=1 "D:\Users\Videos\第一次选择\新建文件夹 (2)\test-002.AVI"
2025-05-24T06:21:56.466Z [DURATION] 开始执行命令获取时长: "D:\code\cursor\looklook\node_modules\ffprobe-static\bin\win32\x64\ffprobe.exe" -v error -show_entries format=duration -of default=noprint_wrappers=1:nokey=1 "D:\Users\Videos\第一次选择\新建文件夹 (2)\test-002.AVI"
2025-05-24T06:21:56.532Z [DURATION] 命令输出: "125.952000"
2025-05-24T06:21:56.532Z [LOG] 成功解析时长: 00:02:05
2025-05-24T06:21:56.532Z [DURATION] 成功解析时长: 00:02:05
2025-05-24T06:21:56.533Z [LOG] 开始生成缩略图，视频路径: D:\Users\Videos\第一次选择\新建文件夹 (2)\test-002.AVI
2025-05-24T06:21:56.533Z [LOG] 缩略图输出路径: D:\code\cursor\looklook\userdata\thumbnails\1748067717026-RDpcVXNl.jpg
2025-05-24T06:21:56.533Z [LOG] 生成随机时间点: 00:00:34
2025-05-24T06:21:56.534Z [LOG] 使用直接命令行ffmpeg生成缩略图
2025-05-24T06:21:56.534Z [PATH] 尝试获取FFmpeg路径
2025-05-24T06:21:56.534Z [LOG] 使用配置的FFmpeg路径: D:\code\cursor\looklook\node_modules\ffmpeg-static\ffmpeg.exe
2025-05-24T06:21:56.534Z [PATH] 使用配置的FFmpeg路径: D:\code\cursor\looklook\node_modules\ffmpeg-static\ffmpeg.exe
2025-05-24T06:21:56.534Z [LOG] 将使用时间点 00:00:34 生成缩略图
2025-05-24T06:21:56.534Z [LOG] 执行命令: D:\code\cursor\looklook\node_modules\ffmpeg-static\ffmpeg.exe -ss 00:00:34 -i D:\Users\Videos\第一次选择\新建文件夹 (2)\test-002.AVI -vframes 1 -s 320x180 -y D:\code\cursor\looklook\userdata\thumbnails\1748067717026-RDpcVXNl.jpg
2025-05-24T06:21:56.610Z [LOG] 直接ffmpeg成功生成缩略图: D:\code\cursor\looklook\userdata\thumbnails\1748067717026-RDpcVXNl.jpg
2025-05-24T06:21:56.610Z [LOG] 通过直接ffmpeg命令生成缩略图成功
2025-05-24T06:21:56.611Z [LOG] 设置已加载
2025-05-24T06:21:56.611Z [LOG] 获取视频分辨率: D:\Users\Videos\第一次选择\新建文件夹 (2)\test-003.AVI
2025-05-24T06:21:56.611Z [MAIN] 开始获取视频分辨率: D:\Users\Videos\第一次选择\新建文件夹 (2)\test-003.AVI
2025-05-24T06:21:56.611Z [LOG] 直接获取视频分辨率
2025-05-24T06:21:56.612Z [RESOLUTION] 开始获取视频分辨率: D:\Users\Videos\第一次选择\新建文件夹 (2)\test-003.AVI
2025-05-24T06:21:56.612Z [PATH] 尝试获取FFprobe路径
2025-05-24T06:21:56.612Z [LOG] 使用配置的FFprobe路径: D:\code\cursor\looklook\node_modules\ffprobe-static\bin\win32\x64\ffprobe.exe
2025-05-24T06:21:56.612Z [PATH] 使用配置的FFprobe路径: D:\code\cursor\looklook\node_modules\ffprobe-static\bin\win32\x64\ffprobe.exe
2025-05-24T06:21:56.612Z [RESOLUTION] 在开发环境中使用ffprobe路径: D:\code\cursor\looklook\node_modules\ffprobe-static\bin\win32\x64\ffprobe.exe
2025-05-24T06:21:56.612Z [RESOLUTION] 检查ffprobe可执行文件是否存在: true
2025-05-24T06:21:56.612Z [LOG] 执行命令: "D:\code\cursor\looklook\node_modules\ffprobe-static\bin\win32\x64\ffprobe.exe" -v error -select_streams v:0 -show_entries stream=width,height -of csv=s=x:p=0 "D:\Users\Videos\第一次选择\新建文件夹 (2)\test-003.AVI"
2025-05-24T06:21:56.612Z [RESOLUTION] 开始执行命令获取分辨率: "D:\code\cursor\looklook\node_modules\ffprobe-static\bin\win32\x64\ffprobe.exe" -v error -select_streams v:0 -show_entries stream=width,height -of csv=s=x:p=0 "D:\Users\Videos\第一次选择\新建文件夹 (2)\test-003.AVI"
2025-05-24T06:21:56.680Z [RESOLUTION] 命令输出: "320x240"
2025-05-24T06:21:56.681Z [LOG] 成功解析分辨率: 320×240
2025-05-24T06:21:56.682Z [RESOLUTION] 成功解析分辨率: 320×240
2025-05-24T06:21:56.682Z [LOG] 获取视频时长: D:\Users\Videos\第一次选择\新建文件夹 (2)\test-003.AVI
2025-05-24T06:21:56.682Z [MAIN] 开始获取视频时长: D:\Users\Videos\第一次选择\新建文件夹 (2)\test-003.AVI
2025-05-24T06:21:56.682Z [LOG] 直接获取视频时长
2025-05-24T06:21:56.683Z [DURATION] 开始获取视频时长: D:\Users\Videos\第一次选择\新建文件夹 (2)\test-003.AVI
2025-05-24T06:21:56.683Z [PATH] 尝试获取FFprobe路径
2025-05-24T06:21:56.683Z [LOG] 使用配置的FFprobe路径: D:\code\cursor\looklook\node_modules\ffprobe-static\bin\win32\x64\ffprobe.exe
2025-05-24T06:21:56.683Z [PATH] 使用配置的FFprobe路径: D:\code\cursor\looklook\node_modules\ffprobe-static\bin\win32\x64\ffprobe.exe
2025-05-24T06:21:56.683Z [DURATION] 在开发环境中使用ffprobe路径: D:\code\cursor\looklook\node_modules\ffprobe-static\bin\win32\x64\ffprobe.exe
2025-05-24T06:21:56.683Z [DURATION] 检查ffprobe可执行文件是否存在: true
2025-05-24T06:21:56.684Z [LOG] 执行命令: "D:\code\cursor\looklook\node_modules\ffprobe-static\bin\win32\x64\ffprobe.exe" -v error -show_entries format=duration -of default=noprint_wrappers=1:nokey=1 "D:\Users\Videos\第一次选择\新建文件夹 (2)\test-003.AVI"
2025-05-24T06:21:56.684Z [DURATION] 开始执行命令获取时长: "D:\code\cursor\looklook\node_modules\ffprobe-static\bin\win32\x64\ffprobe.exe" -v error -show_entries format=duration -of default=noprint_wrappers=1:nokey=1 "D:\Users\Videos\第一次选择\新建文件夹 (2)\test-003.AVI"
2025-05-24T06:21:56.751Z [DURATION] 命令输出: "125.952000"
2025-05-24T06:21:56.751Z [LOG] 成功解析时长: 00:02:05
2025-05-24T06:21:56.751Z [DURATION] 成功解析时长: 00:02:05
2025-05-24T06:21:56.752Z [LOG] 开始生成缩略图，视频路径: D:\Users\Videos\第一次选择\新建文件夹 (2)\test-003.AVI
2025-05-24T06:21:56.752Z [LOG] 缩略图输出路径: D:\code\cursor\looklook\userdata\thumbnails\1748067717436-RDpcVXNl.jpg
2025-05-24T06:21:56.752Z [LOG] 生成随机时间点: 00:00:52
2025-05-24T06:21:56.752Z [LOG] 使用直接命令行ffmpeg生成缩略图
2025-05-24T06:21:56.753Z [PATH] 尝试获取FFmpeg路径
2025-05-24T06:21:56.753Z [LOG] 使用配置的FFmpeg路径: D:\code\cursor\looklook\node_modules\ffmpeg-static\ffmpeg.exe
2025-05-24T06:21:56.753Z [PATH] 使用配置的FFmpeg路径: D:\code\cursor\looklook\node_modules\ffmpeg-static\ffmpeg.exe
2025-05-24T06:21:56.754Z [LOG] 将使用时间点 00:00:52 生成缩略图
2025-05-24T06:21:56.754Z [LOG] 执行命令: D:\code\cursor\looklook\node_modules\ffmpeg-static\ffmpeg.exe -ss 00:00:52 -i D:\Users\Videos\第一次选择\新建文件夹 (2)\test-003.AVI -vframes 1 -s 320x180 -y D:\code\cursor\looklook\userdata\thumbnails\1748067717436-RDpcVXNl.jpg
2025-05-24T06:21:56.834Z [LOG] 直接ffmpeg成功生成缩略图: D:\code\cursor\looklook\userdata\thumbnails\1748067717436-RDpcVXNl.jpg
2025-05-24T06:21:56.834Z [LOG] 通过直接ffmpeg命令生成缩略图成功
2025-05-24T06:21:56.835Z [LOG] 设置已加载
2025-05-24T06:21:56.835Z [LOG] 获取视频分辨率: D:\Users\Videos\第一次选择\新建文件夹 (2)\test-004.AVI
2025-05-24T06:21:56.835Z [MAIN] 开始获取视频分辨率: D:\Users\Videos\第一次选择\新建文件夹 (2)\test-004.AVI
2025-05-24T06:21:56.835Z [LOG] 直接获取视频分辨率
2025-05-24T06:21:56.835Z [RESOLUTION] 开始获取视频分辨率: D:\Users\Videos\第一次选择\新建文件夹 (2)\test-004.AVI
2025-05-24T06:21:56.836Z [PATH] 尝试获取FFprobe路径
2025-05-24T06:21:56.836Z [LOG] 使用配置的FFprobe路径: D:\code\cursor\looklook\node_modules\ffprobe-static\bin\win32\x64\ffprobe.exe
2025-05-24T06:21:56.836Z [PATH] 使用配置的FFprobe路径: D:\code\cursor\looklook\node_modules\ffprobe-static\bin\win32\x64\ffprobe.exe
2025-05-24T06:21:56.836Z [RESOLUTION] 在开发环境中使用ffprobe路径: D:\code\cursor\looklook\node_modules\ffprobe-static\bin\win32\x64\ffprobe.exe
2025-05-24T06:21:56.836Z [RESOLUTION] 检查ffprobe可执行文件是否存在: true
2025-05-24T06:21:56.836Z [LOG] 执行命令: "D:\code\cursor\looklook\node_modules\ffprobe-static\bin\win32\x64\ffprobe.exe" -v error -select_streams v:0 -show_entries stream=width,height -of csv=s=x:p=0 "D:\Users\Videos\第一次选择\新建文件夹 (2)\test-004.AVI"
2025-05-24T06:21:56.836Z [RESOLUTION] 开始执行命令获取分辨率: "D:\code\cursor\looklook\node_modules\ffprobe-static\bin\win32\x64\ffprobe.exe" -v error -select_streams v:0 -show_entries stream=width,height -of csv=s=x:p=0 "D:\Users\Videos\第一次选择\新建文件夹 (2)\test-004.AVI"
2025-05-24T06:21:56.903Z [RESOLUTION] 命令输出: "320x240"
2025-05-24T06:21:56.904Z [LOG] 成功解析分辨率: 320×240
2025-05-24T06:21:56.904Z [RESOLUTION] 成功解析分辨率: 320×240
2025-05-24T06:21:56.904Z [LOG] 获取视频时长: D:\Users\Videos\第一次选择\新建文件夹 (2)\test-004.AVI
2025-05-24T06:21:56.904Z [MAIN] 开始获取视频时长: D:\Users\Videos\第一次选择\新建文件夹 (2)\test-004.AVI
2025-05-24T06:21:56.905Z [LOG] 直接获取视频时长
2025-05-24T06:21:56.905Z [DURATION] 开始获取视频时长: D:\Users\Videos\第一次选择\新建文件夹 (2)\test-004.AVI
2025-05-24T06:21:56.905Z [PATH] 尝试获取FFprobe路径
2025-05-24T06:21:56.905Z [LOG] 使用配置的FFprobe路径: D:\code\cursor\looklook\node_modules\ffprobe-static\bin\win32\x64\ffprobe.exe
2025-05-24T06:21:56.905Z [PATH] 使用配置的FFprobe路径: D:\code\cursor\looklook\node_modules\ffprobe-static\bin\win32\x64\ffprobe.exe
2025-05-24T06:21:56.906Z [DURATION] 在开发环境中使用ffprobe路径: D:\code\cursor\looklook\node_modules\ffprobe-static\bin\win32\x64\ffprobe.exe
2025-05-24T06:21:56.906Z [DURATION] 检查ffprobe可执行文件是否存在: true
2025-05-24T06:21:56.906Z [LOG] 执行命令: "D:\code\cursor\looklook\node_modules\ffprobe-static\bin\win32\x64\ffprobe.exe" -v error -show_entries format=duration -of default=noprint_wrappers=1:nokey=1 "D:\Users\Videos\第一次选择\新建文件夹 (2)\test-004.AVI"
2025-05-24T06:21:56.906Z [DURATION] 开始执行命令获取时长: "D:\code\cursor\looklook\node_modules\ffprobe-static\bin\win32\x64\ffprobe.exe" -v error -show_entries format=duration -of default=noprint_wrappers=1:nokey=1 "D:\Users\Videos\第一次选择\新建文件夹 (2)\test-004.AVI"
2025-05-24T06:21:56.970Z [DURATION] 命令输出: "125.952000"
2025-05-24T06:21:56.970Z [LOG] 成功解析时长: 00:02:05
2025-05-24T06:21:56.970Z [DURATION] 成功解析时长: 00:02:05
2025-05-24T06:21:56.971Z [LOG] 开始生成缩略图，视频路径: D:\Users\Videos\第一次选择\新建文件夹 (2)\test-004.AVI
2025-05-24T06:21:56.971Z [LOG] 缩略图输出路径: D:\code\cursor\looklook\userdata\thumbnails\1748067717057-RDpcVXNl.jpg
2025-05-24T06:21:56.971Z [LOG] 生成随机时间点: 00:00:34
2025-05-24T06:21:56.972Z [LOG] 使用直接命令行ffmpeg生成缩略图
2025-05-24T06:21:56.972Z [PATH] 尝试获取FFmpeg路径
2025-05-24T06:21:56.972Z [LOG] 使用配置的FFmpeg路径: D:\code\cursor\looklook\node_modules\ffmpeg-static\ffmpeg.exe
2025-05-24T06:21:56.972Z [PATH] 使用配置的FFmpeg路径: D:\code\cursor\looklook\node_modules\ffmpeg-static\ffmpeg.exe
2025-05-24T06:21:56.972Z [LOG] 将使用时间点 00:00:34 生成缩略图
2025-05-24T06:21:56.972Z [LOG] 执行命令: D:\code\cursor\looklook\node_modules\ffmpeg-static\ffmpeg.exe -ss 00:00:34 -i D:\Users\Videos\第一次选择\新建文件夹 (2)\test-004.AVI -vframes 1 -s 320x180 -y D:\code\cursor\looklook\userdata\thumbnails\1748067717057-RDpcVXNl.jpg
2025-05-24T06:21:57.049Z [LOG] 直接ffmpeg成功生成缩略图: D:\code\cursor\looklook\userdata\thumbnails\1748067717057-RDpcVXNl.jpg
2025-05-24T06:21:57.050Z [LOG] 通过直接ffmpeg命令生成缩略图成功
2025-05-24T06:21:57.051Z [LOG] 设置已加载
2025-05-24T06:21:57.051Z [LOG] 获取视频分辨率: D:\Users\Videos\第一次选择\新建文件夹 (2)\test-005.AVI
2025-05-24T06:21:57.051Z [MAIN] 开始获取视频分辨率: D:\Users\Videos\第一次选择\新建文件夹 (2)\test-005.AVI
2025-05-24T06:21:57.052Z [LOG] 直接获取视频分辨率
2025-05-24T06:21:57.052Z [RESOLUTION] 开始获取视频分辨率: D:\Users\Videos\第一次选择\新建文件夹 (2)\test-005.AVI
2025-05-24T06:21:57.052Z [PATH] 尝试获取FFprobe路径
2025-05-24T06:21:57.052Z [LOG] 使用配置的FFprobe路径: D:\code\cursor\looklook\node_modules\ffprobe-static\bin\win32\x64\ffprobe.exe
2025-05-24T06:21:57.052Z [PATH] 使用配置的FFprobe路径: D:\code\cursor\looklook\node_modules\ffprobe-static\bin\win32\x64\ffprobe.exe
2025-05-24T06:21:57.052Z [RESOLUTION] 在开发环境中使用ffprobe路径: D:\code\cursor\looklook\node_modules\ffprobe-static\bin\win32\x64\ffprobe.exe
2025-05-24T06:21:57.052Z [RESOLUTION] 检查ffprobe可执行文件是否存在: true
2025-05-24T06:21:57.052Z [LOG] 执行命令: "D:\code\cursor\looklook\node_modules\ffprobe-static\bin\win32\x64\ffprobe.exe" -v error -select_streams v:0 -show_entries stream=width,height -of csv=s=x:p=0 "D:\Users\Videos\第一次选择\新建文件夹 (2)\test-005.AVI"
2025-05-24T06:21:57.052Z [RESOLUTION] 开始执行命令获取分辨率: "D:\code\cursor\looklook\node_modules\ffprobe-static\bin\win32\x64\ffprobe.exe" -v error -select_streams v:0 -show_entries stream=width,height -of csv=s=x:p=0 "D:\Users\Videos\第一次选择\新建文件夹 (2)\test-005.AVI"
2025-05-24T06:21:57.118Z [RESOLUTION] 命令输出: "320x240"
2025-05-24T06:21:57.119Z [LOG] 成功解析分辨率: 320×240
2025-05-24T06:21:57.119Z [RESOLUTION] 成功解析分辨率: 320×240
2025-05-24T06:21:57.119Z [LOG] 获取视频时长: D:\Users\Videos\第一次选择\新建文件夹 (2)\test-005.AVI
2025-05-24T06:21:57.119Z [MAIN] 开始获取视频时长: D:\Users\Videos\第一次选择\新建文件夹 (2)\test-005.AVI
2025-05-24T06:21:57.119Z [LOG] 直接获取视频时长
2025-05-24T06:21:57.120Z [DURATION] 开始获取视频时长: D:\Users\Videos\第一次选择\新建文件夹 (2)\test-005.AVI
2025-05-24T06:21:57.120Z [PATH] 尝试获取FFprobe路径
2025-05-24T06:21:57.120Z [LOG] 使用配置的FFprobe路径: D:\code\cursor\looklook\node_modules\ffprobe-static\bin\win32\x64\ffprobe.exe
2025-05-24T06:21:57.120Z [PATH] 使用配置的FFprobe路径: D:\code\cursor\looklook\node_modules\ffprobe-static\bin\win32\x64\ffprobe.exe
2025-05-24T06:21:57.120Z [DURATION] 在开发环境中使用ffprobe路径: D:\code\cursor\looklook\node_modules\ffprobe-static\bin\win32\x64\ffprobe.exe
2025-05-24T06:21:57.120Z [DURATION] 检查ffprobe可执行文件是否存在: true
2025-05-24T06:21:57.121Z [LOG] 执行命令: "D:\code\cursor\looklook\node_modules\ffprobe-static\bin\win32\x64\ffprobe.exe" -v error -show_entries format=duration -of default=noprint_wrappers=1:nokey=1 "D:\Users\Videos\第一次选择\新建文件夹 (2)\test-005.AVI"
2025-05-24T06:21:57.121Z [DURATION] 开始执行命令获取时长: "D:\code\cursor\looklook\node_modules\ffprobe-static\bin\win32\x64\ffprobe.exe" -v error -show_entries format=duration -of default=noprint_wrappers=1:nokey=1 "D:\Users\Videos\第一次选择\新建文件夹 (2)\test-005.AVI"
2025-05-24T06:21:57.183Z [DURATION] 命令输出: "125.952000"
2025-05-24T06:21:57.183Z [LOG] 成功解析时长: 00:02:05
2025-05-24T06:21:57.183Z [DURATION] 成功解析时长: 00:02:05
2025-05-24T06:21:57.184Z [LOG] 开始生成缩略图，视频路径: D:\Users\Videos\第一次选择\新建文件夹 (2)\test-005.AVI
2025-05-24T06:21:57.184Z [LOG] 缩略图输出路径: D:\code\cursor\looklook\userdata\thumbnails\1748067717957-RDpcVXNl.jpg
2025-05-24T06:21:57.185Z [LOG] 生成随机时间点: 00:00:19
2025-05-24T06:21:57.185Z [LOG] 使用直接命令行ffmpeg生成缩略图
2025-05-24T06:21:57.185Z [PATH] 尝试获取FFmpeg路径
2025-05-24T06:21:57.185Z [LOG] 使用配置的FFmpeg路径: D:\code\cursor\looklook\node_modules\ffmpeg-static\ffmpeg.exe
2025-05-24T06:21:57.185Z [PATH] 使用配置的FFmpeg路径: D:\code\cursor\looklook\node_modules\ffmpeg-static\ffmpeg.exe
2025-05-24T06:21:57.186Z [LOG] 将使用时间点 00:00:19 生成缩略图
2025-05-24T06:21:57.186Z [LOG] 执行命令: D:\code\cursor\looklook\node_modules\ffmpeg-static\ffmpeg.exe -ss 00:00:19 -i D:\Users\Videos\第一次选择\新建文件夹 (2)\test-005.AVI -vframes 1 -s 320x180 -y D:\code\cursor\looklook\userdata\thumbnails\1748067717957-RDpcVXNl.jpg
2025-05-24T06:21:57.269Z [LOG] 直接ffmpeg成功生成缩略图: D:\code\cursor\looklook\userdata\thumbnails\1748067717957-RDpcVXNl.jpg
2025-05-24T06:21:57.269Z [LOG] 通过直接ffmpeg命令生成缩略图成功
2025-05-24T06:21:57.270Z [LOG] 保存当前批次的 10 个视频到数据库
2025-05-24T06:21:57.271Z [LOG] 通知渲染进程数据已更新
2025-05-24T06:21:57.271Z [LOG] 处理get-videos请求
2025-05-24T06:21:57.272Z [LOG] 通知渲染进程数据已更新
2025-05-24T06:21:57.272Z [LOG] 通知渲染进程数据已更新
2025-05-24T06:21:57.273Z [LOG] 处理get-videos请求
2025-05-24T06:21:57.273Z [LOG] 处理get-videos请求
2025-05-24T06:21:57.273Z [LOG] 通知渲染进程数据已更新
2025-05-24T06:21:57.274Z [LOG] 通知渲染进程数据已更新
2025-05-24T06:21:57.274Z [LOG] 处理get-videos请求
2025-05-24T06:21:57.275Z [LOG] 处理get-videos请求
2025-05-24T06:21:57.275Z [LOG] 通知渲染进程数据已更新
2025-05-24T06:21:57.276Z [LOG] 通知渲染进程数据已更新
2025-05-24T06:21:57.276Z [LOG] 处理get-videos请求
2025-05-24T06:21:57.277Z [LOG] 处理get-videos请求
2025-05-24T06:21:57.277Z [LOG] 通知渲染进程数据已更新
2025-05-24T06:21:57.278Z [LOG] 通知渲染进程数据已更新
2025-05-24T06:21:57.278Z [LOG] 通知渲染进程数据已更新
2025-05-24T06:21:57.279Z [LOG] 成功保存批次中的 10 个视频到数据库
2025-05-24T06:21:57.279Z [LOG] 处理get-videos请求
2025-05-24T06:21:57.279Z [LOG] 处理get-videos请求
2025-05-24T06:21:57.280Z [LOG] 处理get-videos请求
2025-05-24T06:21:57.280Z [LOG] 处理get-videos请求
2025-05-24T06:21:58.608Z [LOG] 处理import-videos请求
2025-05-24T06:22:03.483Z [LOG] 用户选择了 1 个视频文件
2025-05-24T06:22:03.484Z [LOG] 当前数据库中有 10 个视频记录
2025-05-24T06:22:03.485Z [LOG] 其中新增视频 1 个，重复视频 0 个
2025-05-24T06:22:03.485Z [LOG] 设置已加载
2025-05-24T06:22:03.485Z [LOG] 获取视频分辨率: D:\Users\Videos\测试长视频\1538673501-1-192.mp4
2025-05-24T06:22:03.486Z [MAIN] 开始获取视频分辨率: D:\Users\Videos\测试长视频\1538673501-1-192.mp4
2025-05-24T06:22:03.486Z [LOG] 直接获取视频分辨率
2025-05-24T06:22:03.486Z [RESOLUTION] 开始获取视频分辨率: D:\Users\Videos\测试长视频\1538673501-1-192.mp4
2025-05-24T06:22:03.486Z [PATH] 尝试获取FFprobe路径
2025-05-24T06:22:03.487Z [LOG] 使用配置的FFprobe路径: D:\code\cursor\looklook\node_modules\ffprobe-static\bin\win32\x64\ffprobe.exe
2025-05-24T06:22:03.487Z [PATH] 使用配置的FFprobe路径: D:\code\cursor\looklook\node_modules\ffprobe-static\bin\win32\x64\ffprobe.exe
2025-05-24T06:22:03.487Z [RESOLUTION] 在开发环境中使用ffprobe路径: D:\code\cursor\looklook\node_modules\ffprobe-static\bin\win32\x64\ffprobe.exe
2025-05-24T06:22:03.487Z [RESOLUTION] 检查ffprobe可执行文件是否存在: true
2025-05-24T06:22:03.487Z [LOG] 执行命令: "D:\code\cursor\looklook\node_modules\ffprobe-static\bin\win32\x64\ffprobe.exe" -v error -select_streams v:0 -show_entries stream=width,height -of csv=s=x:p=0 "D:\Users\Videos\测试长视频\1538673501-1-192.mp4"
2025-05-24T06:22:03.487Z [RESOLUTION] 开始执行命令获取分辨率: "D:\code\cursor\looklook\node_modules\ffprobe-static\bin\win32\x64\ffprobe.exe" -v error -select_streams v:0 -show_entries stream=width,height -of csv=s=x:p=0 "D:\Users\Videos\测试长视频\1538673501-1-192.mp4"
2025-05-24T06:22:03.563Z [RESOLUTION] 命令输出: "1280x720"
2025-05-24T06:22:03.564Z [LOG] 成功解析分辨率: 1280×720
2025-05-24T06:22:03.564Z [RESOLUTION] 成功解析分辨率: 1280×720
2025-05-24T06:22:03.564Z [LOG] 获取视频时长: D:\Users\Videos\测试长视频\1538673501-1-192.mp4
2025-05-24T06:22:03.565Z [MAIN] 开始获取视频时长: D:\Users\Videos\测试长视频\1538673501-1-192.mp4
2025-05-24T06:22:03.565Z [LOG] 直接获取视频时长
2025-05-24T06:22:03.565Z [DURATION] 开始获取视频时长: D:\Users\Videos\测试长视频\1538673501-1-192.mp4
2025-05-24T06:22:03.565Z [PATH] 尝试获取FFprobe路径
2025-05-24T06:22:03.565Z [LOG] 使用配置的FFprobe路径: D:\code\cursor\looklook\node_modules\ffprobe-static\bin\win32\x64\ffprobe.exe
2025-05-24T06:22:03.565Z [PATH] 使用配置的FFprobe路径: D:\code\cursor\looklook\node_modules\ffprobe-static\bin\win32\x64\ffprobe.exe
2025-05-24T06:22:03.565Z [DURATION] 在开发环境中使用ffprobe路径: D:\code\cursor\looklook\node_modules\ffprobe-static\bin\win32\x64\ffprobe.exe
2025-05-24T06:22:03.566Z [DURATION] 检查ffprobe可执行文件是否存在: true
2025-05-24T06:22:03.566Z [LOG] 执行命令: "D:\code\cursor\looklook\node_modules\ffprobe-static\bin\win32\x64\ffprobe.exe" -v error -show_entries format=duration -of default=noprint_wrappers=1:nokey=1 "D:\Users\Videos\测试长视频\1538673501-1-192.mp4"
2025-05-24T06:22:03.566Z [DURATION] 开始执行命令获取时长: "D:\code\cursor\looklook\node_modules\ffprobe-static\bin\win32\x64\ffprobe.exe" -v error -show_entries format=duration -of default=noprint_wrappers=1:nokey=1 "D:\Users\Videos\测试长视频\1538673501-1-192.mp4"
2025-05-24T06:22:03.644Z [DURATION] 命令输出: "2390.144000"
2025-05-24T06:22:03.644Z [LOG] 成功解析时长: 00:39:50
2025-05-24T06:22:03.645Z [DURATION] 成功解析时长: 00:39:50
2025-05-24T06:22:03.645Z [LOG] 开始生成缩略图，视频路径: D:\Users\Videos\测试长视频\1538673501-1-192.mp4
2025-05-24T06:22:03.645Z [LOG] 缩略图输出路径: D:\code\cursor\looklook\userdata\thumbnails\1748067723673-RDpcVXNl.jpg
2025-05-24T06:22:03.646Z [LOG] 生成随机时间点: 00:00:31
2025-05-24T06:22:03.646Z [LOG] 使用直接命令行ffmpeg生成缩略图
2025-05-24T06:22:03.646Z [PATH] 尝试获取FFmpeg路径
2025-05-24T06:22:03.646Z [LOG] 使用配置的FFmpeg路径: D:\code\cursor\looklook\node_modules\ffmpeg-static\ffmpeg.exe
2025-05-24T06:22:03.646Z [PATH] 使用配置的FFmpeg路径: D:\code\cursor\looklook\node_modules\ffmpeg-static\ffmpeg.exe
2025-05-24T06:22:03.646Z [LOG] 将使用时间点 00:00:31 生成缩略图
2025-05-24T06:22:03.647Z [LOG] 执行命令: D:\code\cursor\looklook\node_modules\ffmpeg-static\ffmpeg.exe -ss 00:00:31 -i D:\Users\Videos\测试长视频\1538673501-1-192.mp4 -vframes 1 -s 320x180 -y D:\code\cursor\looklook\userdata\thumbnails\1748067723673-RDpcVXNl.jpg
2025-05-24T06:22:03.768Z [LOG] 直接ffmpeg成功生成缩略图: D:\code\cursor\looklook\userdata\thumbnails\1748067723673-RDpcVXNl.jpg
2025-05-24T06:22:03.768Z [LOG] 通过直接ffmpeg命令生成缩略图成功
2025-05-24T06:22:03.769Z [LOG] 通知渲染进程数据已更新
2025-05-24T06:22:03.769Z [LOG] 成功保存 1 个视频到数据库
2025-05-24T06:22:03.770Z [LOG] 处理get-videos请求
2025-05-24T06:22:03.770Z [LOG] 处理get-videos请求
2025-05-24T06:22:04.663Z [LOG] 处理get-enum-values请求: collection
2025-05-24T06:22:04.663Z [LOG] 处理get-enum-values请求: actors
2025-05-24T06:22:08.892Z [LOG] 打开文件选择对话框: {"title":"选择目标文件夹","properties":["openDirectory"]}
2025-05-24T06:22:18.558Z [LOG] 文件选择结果: {"canceled":false,"filePaths":["D:\\Users\\Videos\\测试长视频\\新建文件夹"]}
2025-05-24T06:22:18.560Z [LOG] 准备移动 1 个视频到 D:\Users\Videos\测试长视频\新建文件夹
2025-05-24T06:22:18.560Z [LOG] 使用快速移动: 1538673501-1-192.mp4 -> 1538673501-1-192.mp4
2025-05-24T06:22:18.561Z [LOG] 更新视频ID: 1748067723673-RDpcVXNl 的文件路径为: D:\Users\Videos\测试长视频\新建文件夹\1538673501-1-192.mp4
2025-05-24T06:22:18.561Z [LOG] 成功更新 1 条视频记录的文件路径
2025-05-24T06:22:18.611Z [LOG] 移动完成: 总共 1 个视频，成功 1 个，失败 0 个
2025-05-24T06:22:18.612Z [LOG] 处理get-videos请求
2025-05-24T06:22:26.972Z [LOG] 打开文件选择对话框: {"title":"选择目标文件夹","properties":["openDirectory"]}
2025-05-24T06:22:30.084Z [LOG] 文件选择结果: {"canceled":true,"filePaths":[]}
2025-05-24T06:22:36.032Z [LOG] 打开文件选择对话框: {"title":"选择目标文件夹","properties":["openDirectory"]}
2025-05-24T06:22:41.971Z [LOG] 文件选择结果: {"canceled":false,"filePaths":["C:\\"]}
2025-05-24T06:22:41.972Z [LOG] 准备移动 1 个视频到 C:\
2025-05-24T06:22:42.020Z [LOG] 使用复制-删除模式: 1538673501-1-192.mp4 -> 1538673501-1-192.mp4
2025-05-24T06:22:42.020Z [LOG] 更新视频ID: 1748067723673-RDpcVXNl 的文件路径为: C:\1538673501-1-192.mp4
2025-05-24T06:22:42.021Z [LOG] 成功更新 1 条视频记录的文件路径
2025-05-24T06:22:42.087Z [LOG] 移动完成: 总共 1 个视频，成功 1 个，失败 0 个
2025-05-24T06:22:42.088Z [LOG] 处理get-videos请求
2025-05-24T06:22:56.109Z [LOG] 处理get-settings请求
2025-05-24T06:22:56.110Z [LOG] 设置已加载
2025-05-24T06:22:57.768Z [LOG] 打开文件选择对话框: {"title":"选择目标文件夹","properties":["openDirectory"]}
2025-05-24T06:23:02.038Z [LOG] 文件选择结果: {"canceled":true,"filePaths":[]}
2025-05-24T06:23:04.676Z [LOG] 处理get-enum-values请求: collection
2025-05-24T06:23:04.677Z [LOG] 处理get-enum-values请求: actors
2025-05-24T06:24:04.713Z [LOG] 处理get-enum-values请求: collection
2025-05-24T06:24:04.715Z [LOG] 处理get-enum-values请求: actors
2025-05-24T06:25:05.717Z [LOG] 处理get-enum-values请求: collection
2025-05-24T06:25:05.719Z [LOG] 处理get-enum-values请求: actors
2025-05-24T06:26:06.722Z [LOG] 处理get-enum-values请求: collection
2025-05-24T06:26:06.724Z [LOG] 处理get-enum-values请求: actors
2025-05-24T06:26:20.914Z [LOG] 打开文件选择对话框: {"title":"选择目标文件夹","properties":["openDirectory"]}
2025-05-24T06:26:23.832Z [LOG] 文件选择结果: {"canceled":true,"filePaths":[]}
2025-05-24T06:26:24.578Z [LOG] 打开视频: C:\1538673501-1-192.mp4
2025-05-24T06:26:24.582Z [LOG] 通知渲染进程数据已更新
2025-05-24T06:26:24.584Z [LOG] 处理get-videos请求
2025-05-24T06:26:24.589Z [LOG] 处理自定义协议请求: app://thumbnail/1748067723673-RDpcVXNl.jpg
2025-05-24T06:26:24.590Z [LOG] 缩略图路径: D:\code\cursor\looklook\userdata\thumbnails\1748067723673-RDpcVXNl.jpg
2025-05-24T06:26:24.591Z [LOG] 处理自定义协议请求: app://thumbnail/1748067716858-RDpcVXNl.jpg
2025-05-24T06:26:24.591Z [LOG] 缩略图路径: D:\code\cursor\looklook\userdata\thumbnails\1748067716858-RDpcVXNl.jpg
2025-05-24T06:26:24.592Z [LOG] 处理自定义协议请求: app://thumbnail/1748067717026-RDpcVXNl.jpg
2025-05-24T06:26:24.593Z [LOG] 缩略图路径: D:\code\cursor\looklook\userdata\thumbnails\1748067717026-RDpcVXNl.jpg
2025-05-24T06:26:24.593Z [LOG] 处理自定义协议请求: app://thumbnail/1748067717436-RDpcVXNl.jpg
2025-05-24T06:26:24.594Z [LOG] 缩略图路径: D:\code\cursor\looklook\userdata\thumbnails\1748067717436-RDpcVXNl.jpg
2025-05-24T06:26:24.594Z [LOG] 处理自定义协议请求: app://thumbnail/1748067717057-RDpcVXNl.jpg
2025-05-24T06:26:24.595Z [LOG] 缩略图路径: D:\code\cursor\looklook\userdata\thumbnails\1748067717057-RDpcVXNl.jpg
2025-05-24T06:26:24.596Z [LOG] 处理自定义协议请求: app://thumbnail/1748067717957-RDpcVXNl.jpg
2025-05-24T06:26:24.596Z [LOG] 缩略图路径: D:\code\cursor\looklook\userdata\thumbnails\1748067717957-RDpcVXNl.jpg
2025-05-24T06:26:24.597Z [LOG] 处理自定义协议请求: app://thumbnail/1748067715392-RDpcVXNl.jpg
2025-05-24T06:26:24.597Z [LOG] 缩略图路径: D:\code\cursor\looklook\userdata\thumbnails\1748067715392-RDpcVXNl.jpg
2025-05-24T06:26:24.598Z [LOG] 处理自定义协议请求: app://thumbnail/1748067715744-RDpcVXNl.jpg
2025-05-24T06:26:24.598Z [LOG] 缩略图路径: D:\code\cursor\looklook\userdata\thumbnails\1748067715744-RDpcVXNl.jpg
2025-05-24T06:26:24.599Z [LOG] 处理自定义协议请求: app://thumbnail/1748067716085-RDpcVXNl.jpg
2025-05-24T06:26:24.599Z [LOG] 缩略图路径: D:\code\cursor\looklook\userdata\thumbnails\1748067716085-RDpcVXNl.jpg
2025-05-24T06:26:24.600Z [LOG] 处理自定义协议请求: app://thumbnail/1748067716377-RDpcVXNl.jpg
2025-05-24T06:26:24.600Z [LOG] 缩略图路径: D:\code\cursor\looklook\userdata\thumbnails\1748067716377-RDpcVXNl.jpg
2025-05-24T06:26:24.601Z [LOG] 处理自定义协议请求: app://thumbnail/1748067716422-RDpcVXNl.jpg
2025-05-24T06:26:24.601Z [LOG] 缩略图路径: D:\code\cursor\looklook\userdata\thumbnails\1748067716422-RDpcVXNl.jpg
2025-05-24T06:26:31.834Z [LOG] 打开文件选择对话框: {"title":"选择目标文件夹","properties":["openDirectory"]}
2025-05-24T06:26:40.914Z [LOG] 文件选择结果: {"canceled":false,"filePaths":["D:\\Users\\Videos\\测试长视频"]}
2025-05-24T06:26:40.915Z [LOG] 准备移动 1 个视频到 D:\Users\Videos\测试长视频
2025-05-24T06:26:40.953Z [LOG] 使用复制-删除模式: 1538673501-1-192.mp4 -> 1538673501-1-192.mp4
2025-05-24T06:26:40.954Z [LOG] 更新视频ID: 1748067723673-RDpcVXNl 的文件路径为: D:\Users\Videos\测试长视频\1538673501-1-192.mp4
2025-05-24T06:26:40.954Z [LOG] 成功更新 1 条视频记录的文件路径
2025-05-24T06:26:41.011Z [LOG] 移动完成: 总共 1 个视频，成功 1 个，失败 0 个
2025-05-24T06:26:41.012Z [LOG] 处理get-videos请求
2025-05-24T06:26:53.320Z [LOG] 处理get-settings请求
2025-05-24T06:26:53.321Z [LOG] 设置已加载
2025-05-24T06:26:55.093Z [LOG] 打开源文件夹: D:\Users\Videos\测试长视频\1538673501-1-192.mp4
2025-05-24T06:27:04.669Z [LOG] 处理get-enum-values请求: collection
2025-05-24T06:27:04.670Z [LOG] 处理get-enum-values请求: actors
2025-05-24T06:27:17.702Z [LOG] 准备压缩 1 个视频
2025-05-24T06:27:17.703Z [COMPRESS] 准备压缩 1 个视频
2025-05-24T06:27:17.705Z [LOG] 开始处理视频: 1538673501-1-192.mp4
2025-05-24T06:27:17.706Z [COMPRESS] 开始处理视频: 1538673501-1-192.mp4
2025-05-24T06:27:17.838Z [LOG] 开始压缩视频: D:\Users\Videos\测试长视频\1538673501-1-192.mp4 -> D:\Users\Videos\测试长视频\1538673501-1-192_正在压缩.mp4
2025-05-24T06:27:17.838Z [COMPRESS] 开始压缩视频: D:\Users\Videos\测试长视频\1538673501-1-192.mp4 -> D:\Users\Videos\测试长视频\1538673501-1-192_正在压缩.mp4
2025-05-24T06:27:17.838Z [PATH] 尝试获取FFmpeg路径
2025-05-24T06:27:17.839Z [LOG] 使用配置的FFmpeg路径: D:\code\cursor\looklook\node_modules\ffmpeg-static\ffmpeg.exe
2025-05-24T06:27:17.839Z [PATH] 使用配置的FFmpeg路径: D:\code\cursor\looklook\node_modules\ffmpeg-static\ffmpeg.exe
2025-05-24T06:27:17.840Z [LOG] ffmpeg命令: D:\code\cursor\looklook\node_modules\ffmpeg-static\ffmpeg.exe -i D:\Users\Videos\测试长视频\1538673501-1-192.mp4 -c:v libx265 -crf 28 -preset medium -c:a aac -b:a 128k -movflags +faststart -pix_fmt yuv420p -y D:\Users\Videos\测试长视频\1538673501-1-192_正在压缩.mp4
2025-05-24T06:27:17.840Z [COMPRESS] ffmpeg命令: D:\code\cursor\looklook\node_modules\ffmpeg-static\ffmpeg.exe -i D:\Users\Videos\测试长视频\1538673501-1-192.mp4 -c:v libx265 -crf 28 -preset medium -c:a aac -b:a 128k -movflags +faststart -pix_fmt yuv420p -y D:\Users\Videos\测试长视频\1538673501-1-192_正在压缩.mp4
2025-05-24T06:28:04.669Z [LOG] 处理get-enum-values请求: collection
2025-05-24T06:28:04.670Z [LOG] 处理get-enum-values请求: actors
2025-05-24T06:28:43.818Z [LOG] 用户暂停压缩视频
2025-05-24T06:28:43.818Z [COMPRESS] 用户暂停压缩视频
2025-05-24T06:28:43.819Z [LOG] 终止当前压缩进程: 1538673501-1-192.mp4
2025-05-24T06:28:43.819Z [COMPRESS] 终止当前压缩进程: 1538673501-1-192.mp4
2025-05-24T06:28:43.879Z [LOG] 压缩已暂停，将当前任务重新加入队列
2025-05-24T06:28:43.880Z [COMPRESS] 压缩已暂停，将当前任务重新加入队列
2025-05-24T06:28:43.882Z [LOG] 已删除临时文件: D:\Users\Videos\测试长视频\1538673501-1-192_正在压缩.mp4
2025-05-24T06:28:43.882Z [COMPRESS] 已删除临时文件: D:\Users\Videos\测试长视频\1538673501-1-192_正在压缩.mp4
2025-05-24T06:28:45.124Z [LOG] 用户继续压缩视频（更新参数）: {"mode":"perceptual","autoTag":true,"autoDelete":false,"useGpu":false}
2025-05-24T06:28:45.124Z [COMPRESS] 用户继续压缩视频（更新参数）: {"mode":"perceptual","autoTag":true,"autoDelete":false,"useGpu":false}
2025-05-24T06:28:45.125Z [LOG] 压缩参数已更新: {"mode":"perceptual","autoTag":true,"autoDelete":false,"useGpu":false}
2025-05-24T06:28:45.125Z [COMPRESS] 压缩参数已更新: {"mode":"perceptual","autoTag":true,"autoDelete":false,"useGpu":false}
2025-05-24T06:28:45.125Z [LOG] 开始处理视频: 1538673501-1-192.mp4
2025-05-24T06:28:45.126Z [COMPRESS] 开始处理视频: 1538673501-1-192.mp4
2025-05-24T06:28:45.229Z [LOG] 开始压缩视频: D:\Users\Videos\测试长视频\1538673501-1-192.mp4 -> D:\Users\Videos\测试长视频\1538673501-1-192_正在压缩.mp4
2025-05-24T06:28:45.229Z [COMPRESS] 开始压缩视频: D:\Users\Videos\测试长视频\1538673501-1-192.mp4 -> D:\Users\Videos\测试长视频\1538673501-1-192_正在压缩.mp4
2025-05-24T06:28:45.229Z [PATH] 尝试获取FFmpeg路径
2025-05-24T06:28:45.229Z [LOG] 使用配置的FFmpeg路径: D:\code\cursor\looklook\node_modules\ffmpeg-static\ffmpeg.exe
2025-05-24T06:28:45.229Z [PATH] 使用配置的FFmpeg路径: D:\code\cursor\looklook\node_modules\ffmpeg-static\ffmpeg.exe
2025-05-24T06:28:45.230Z [LOG] ffmpeg命令: D:\code\cursor\looklook\node_modules\ffmpeg-static\ffmpeg.exe -i D:\Users\Videos\测试长视频\1538673501-1-192.mp4 -c:v libx265 -crf 28 -preset medium -c:a aac -b:a 128k -movflags +faststart -pix_fmt yuv420p -y D:\Users\Videos\测试长视频\1538673501-1-192_正在压缩.mp4
2025-05-24T06:28:45.230Z [COMPRESS] ffmpeg命令: D:\code\cursor\looklook\node_modules\ffmpeg-static\ffmpeg.exe -i D:\Users\Videos\测试长视频\1538673501-1-192.mp4 -c:v libx265 -crf 28 -preset medium -c:a aac -b:a 128k -movflags +faststart -pix_fmt yuv420p -y D:\Users\Videos\测试长视频\1538673501-1-192_正在压缩.mp4
2025-05-24T06:28:48.495Z [LOG] 用户暂停压缩视频
2025-05-24T06:28:48.495Z [COMPRESS] 用户暂停压缩视频
2025-05-24T06:28:48.495Z [LOG] 终止当前压缩进程: 1538673501-1-192.mp4
2025-05-24T06:28:48.495Z [COMPRESS] 终止当前压缩进程: 1538673501-1-192.mp4
2025-05-24T06:28:48.543Z [LOG] 压缩已暂停，将当前任务重新加入队列
2025-05-24T06:28:48.543Z [COMPRESS] 压缩已暂停，将当前任务重新加入队列
2025-05-24T06:28:48.543Z [LOG] 已删除临时文件: D:\Users\Videos\测试长视频\1538673501-1-192_正在压缩.mp4
2025-05-24T06:28:48.543Z [COMPRESS] 已删除临时文件: D:\Users\Videos\测试长视频\1538673501-1-192_正在压缩.mp4
2025-05-24T06:28:51.068Z [LOG] 用户继续压缩视频（更新参数）: {"mode":"perceptual","autoTag":true,"autoDelete":false,"useGpu":false}
2025-05-24T06:28:51.069Z [COMPRESS] 用户继续压缩视频（更新参数）: {"mode":"perceptual","autoTag":true,"autoDelete":false,"useGpu":false}
2025-05-24T06:28:51.070Z [LOG] 压缩参数已更新: {"mode":"perceptual","autoTag":true,"autoDelete":false,"useGpu":false}
2025-05-24T06:28:51.070Z [COMPRESS] 压缩参数已更新: {"mode":"perceptual","autoTag":true,"autoDelete":false,"useGpu":false}
2025-05-24T06:28:51.071Z [LOG] 开始处理视频: 1538673501-1-192.mp4
2025-05-24T06:28:51.071Z [COMPRESS] 开始处理视频: 1538673501-1-192.mp4
2025-05-24T06:28:51.152Z [LOG] 开始压缩视频: D:\Users\Videos\测试长视频\1538673501-1-192.mp4 -> D:\Users\Videos\测试长视频\1538673501-1-192_正在压缩.mp4
2025-05-24T06:28:51.152Z [COMPRESS] 开始压缩视频: D:\Users\Videos\测试长视频\1538673501-1-192.mp4 -> D:\Users\Videos\测试长视频\1538673501-1-192_正在压缩.mp4
2025-05-24T06:28:51.152Z [PATH] 尝试获取FFmpeg路径
2025-05-24T06:28:51.152Z [LOG] 使用配置的FFmpeg路径: D:\code\cursor\looklook\node_modules\ffmpeg-static\ffmpeg.exe
2025-05-24T06:28:51.152Z [PATH] 使用配置的FFmpeg路径: D:\code\cursor\looklook\node_modules\ffmpeg-static\ffmpeg.exe
2025-05-24T06:28:51.153Z [LOG] ffmpeg命令: D:\code\cursor\looklook\node_modules\ffmpeg-static\ffmpeg.exe -i D:\Users\Videos\测试长视频\1538673501-1-192.mp4 -c:v libx265 -crf 28 -preset medium -c:a aac -b:a 128k -movflags +faststart -pix_fmt yuv420p -y D:\Users\Videos\测试长视频\1538673501-1-192_正在压缩.mp4
2025-05-24T06:28:51.153Z [COMPRESS] ffmpeg命令: D:\code\cursor\looklook\node_modules\ffmpeg-static\ffmpeg.exe -i D:\Users\Videos\测试长视频\1538673501-1-192.mp4 -c:v libx265 -crf 28 -preset medium -c:a aac -b:a 128k -movflags +faststart -pix_fmt yuv420p -y D:\Users\Videos\测试长视频\1538673501-1-192_正在压缩.mp4
2025-05-24T06:28:55.361Z [LOG] 用户暂停压缩视频
2025-05-24T06:28:55.361Z [COMPRESS] 用户暂停压缩视频
2025-05-24T06:28:55.362Z [LOG] 终止当前压缩进程: 1538673501-1-192.mp4
2025-05-24T06:28:55.362Z [COMPRESS] 终止当前压缩进程: 1538673501-1-192.mp4
2025-05-24T06:28:55.419Z [LOG] 压缩已暂停，将当前任务重新加入队列
2025-05-24T06:28:55.419Z [COMPRESS] 压缩已暂停，将当前任务重新加入队列
2025-05-24T06:28:55.419Z [LOG] 已删除临时文件: D:\Users\Videos\测试长视频\1538673501-1-192_正在压缩.mp4
2025-05-24T06:28:55.419Z [COMPRESS] 已删除临时文件: D:\Users\Videos\测试长视频\1538673501-1-192_正在压缩.mp4
2025-05-24T06:28:58.282Z [LOG] 用户继续压缩视频（更新参数）: {"mode":"perceptual","autoTag":true,"autoDelete":false,"useGpu":true}
2025-05-24T06:28:58.283Z [COMPRESS] 用户继续压缩视频（更新参数）: {"mode":"perceptual","autoTag":true,"autoDelete":false,"useGpu":true}
2025-05-24T06:28:58.283Z [LOG] 压缩参数已更新: {"mode":"perceptual","autoTag":true,"autoDelete":false,"useGpu":true}
2025-05-24T06:28:58.283Z [COMPRESS] 压缩参数已更新: {"mode":"perceptual","autoTag":true,"autoDelete":false,"useGpu":true}
2025-05-24T06:28:58.284Z [LOG] 开始处理视频: 1538673501-1-192.mp4
2025-05-24T06:28:58.284Z [COMPRESS] 开始处理视频: 1538673501-1-192.mp4
2025-05-24T06:28:58.366Z [LOG] 开始压缩视频: D:\Users\Videos\测试长视频\1538673501-1-192.mp4 -> D:\Users\Videos\测试长视频\1538673501-1-192_正在压缩.mp4
2025-05-24T06:28:58.366Z [COMPRESS] 开始压缩视频: D:\Users\Videos\测试长视频\1538673501-1-192.mp4 -> D:\Users\Videos\测试长视频\1538673501-1-192_正在压缩.mp4
2025-05-24T06:28:58.367Z [PATH] 尝试获取FFmpeg路径
2025-05-24T06:28:58.368Z [LOG] 使用配置的FFmpeg路径: D:\code\cursor\looklook\node_modules\ffmpeg-static\ffmpeg.exe
2025-05-24T06:28:58.368Z [PATH] 使用配置的FFmpeg路径: D:\code\cursor\looklook\node_modules\ffmpeg-static\ffmpeg.exe
2025-05-24T06:28:58.369Z [LOG] ffmpeg命令: D:\code\cursor\looklook\node_modules\ffmpeg-static\ffmpeg.exe -i D:\Users\Videos\测试长视频\1538673501-1-192.mp4 -c:v hevc_nvenc -preset p4 -profile:v main -rc:v vbr -qmin 0 -qmax 28 -b:v 0 -c:a aac -b:a 128k -movflags +faststart -pix_fmt yuv420p -y D:\Users\Videos\测试长视频\1538673501-1-192_正在压缩.mp4
2025-05-24T06:28:58.369Z [COMPRESS] ffmpeg命令: D:\code\cursor\looklook\node_modules\ffmpeg-static\ffmpeg.exe -i D:\Users\Videos\测试长视频\1538673501-1-192.mp4 -c:v hevc_nvenc -preset p4 -profile:v main -rc:v vbr -qmin 0 -qmax 28 -b:v 0 -c:a aac -b:a 128k -movflags +faststart -pix_fmt yuv420p -y D:\Users\Videos\测试长视频\1538673501-1-192_正在压缩.mp4
2025-05-24T06:28:58.994Z [ERROR] 处理视频 1538673501-1-192.mp4 失败: {}
2025-05-24T06:28:58.994Z [COMPRESS] 处理视频 1538673501-1-192.mp4 失败: GPU加速不可用：显卡驱动版本过低或硬件不支持，请更新驱动或使用标准模式
2025-05-24T06:28:58.995Z [LOG] 已删除未完成的输出文件: D:\Users\Videos\测试长视频\1538673501-1-192_正在压缩.mp4
2025-05-24T06:28:58.995Z [COMPRESS] 已删除未完成的输出文件: D:\Users\Videos\测试长视频\1538673501-1-192_正在压缩.mp4
2025-05-24T06:28:59.296Z [LOG] 所有压缩任务已完成
2025-05-24T06:28:59.296Z [COMPRESS] 所有压缩任务已完成
2025-05-24T06:29:04.673Z [LOG] 处理get-enum-values请求: collection
2025-05-24T06:29:04.674Z [LOG] 处理get-enum-values请求: actors
2025-05-24T06:29:04.852Z [LOG] 用户取消批量压缩任务
2025-05-24T06:29:04.852Z [COMPRESS] 用户取消批量压缩任务
2025-05-24T06:30:04.718Z [LOG] 处理get-enum-values请求: collection
2025-05-24T06:30:04.720Z [LOG] 处理get-enum-values请求: actors
2025-05-24T06:31:05.709Z [LOG] 处理get-enum-values请求: collection
2025-05-24T06:31:05.710Z [LOG] 处理get-enum-values请求: actors
2025-05-24T06:32:06.719Z [LOG] 处理get-enum-values请求: collection
2025-05-24T06:32:06.721Z [LOG] 处理get-enum-values请求: actors
2025-05-24T06:33:07.707Z [LOG] 处理get-enum-values请求: collection
2025-05-24T06:33:07.710Z [LOG] 处理get-enum-values请求: actors
2025-05-24T06:34:08.706Z [LOG] 处理get-enum-values请求: collection
2025-05-24T06:34:08.706Z [LOG] 处理get-enum-values请求: actors
2025-05-24T06:35:09.706Z [LOG] 处理get-enum-values请求: collection
2025-05-24T06:35:09.706Z [LOG] 处理get-enum-values请求: actors
2025-05-24T06:36:10.706Z [LOG] 处理get-enum-values请求: collection
2025-05-24T06:36:10.706Z [LOG] 处理get-enum-values请求: actors
2025-05-24T06:37:11.708Z [LOG] 处理get-enum-values请求: collection
2025-05-24T06:37:11.709Z [LOG] 处理get-enum-values请求: actors
2025-05-24T06:38:12.714Z [LOG] 处理get-enum-values请求: collection
2025-05-24T06:38:12.715Z [LOG] 处理get-enum-values请求: actors
2025-05-24T06:39:13.717Z [LOG] 处理get-enum-values请求: collection
2025-05-24T06:39:13.718Z [LOG] 处理get-enum-values请求: actors
2025-05-24T06:40:14.708Z [LOG] 处理get-enum-values请求: collection
2025-05-24T06:40:14.708Z [LOG] 处理get-enum-values请求: actors
2025-05-24T06:41:15.714Z [LOG] 处理get-enum-values请求: collection
2025-05-24T06:41:15.715Z [LOG] 处理get-enum-values请求: actors
2025-05-24T06:42:16.709Z [LOG] 处理get-enum-values请求: collection
2025-05-24T06:42:16.710Z [LOG] 处理get-enum-values请求: actors
2025-05-24T06:43:17.709Z [LOG] 处理get-enum-values请求: collection
2025-05-24T06:43:17.710Z [LOG] 处理get-enum-values请求: actors
2025-05-24T06:44:18.705Z [LOG] 处理get-enum-values请求: collection
2025-05-24T06:44:18.705Z [LOG] 处理get-enum-values请求: actors
2025-05-24T06:45:19.709Z [LOG] 处理get-enum-values请求: collection
2025-05-24T06:45:19.709Z [LOG] 处理get-enum-values请求: actors
2025-05-24T06:46:20.717Z [LOG] 处理get-enum-values请求: collection
2025-05-24T06:46:20.717Z [LOG] 处理get-enum-values请求: actors
2025-05-24T06:47:21.717Z [LOG] 处理get-enum-values请求: collection
2025-05-24T06:47:21.718Z [LOG] 处理get-enum-values请求: actors
2025-05-24T06:48:22.711Z [LOG] 处理get-enum-values请求: collection
2025-05-24T06:48:22.711Z [LOG] 处理get-enum-values请求: actors
2025-05-24T06:49:23.711Z [LOG] 处理get-enum-values请求: collection
2025-05-24T06:49:23.712Z [LOG] 处理get-enum-values请求: actors
2025-05-24T06:50:23.711Z [LOG] 处理get-enum-values请求: collection
2025-05-24T06:50:23.711Z [LOG] 处理get-enum-values请求: actors
2025-05-24T06:51:23.709Z [LOG] 处理get-enum-values请求: collection
2025-05-24T06:51:23.709Z [LOG] 处理get-enum-values请求: actors
2025-05-24T06:52:23.718Z [LOG] 处理get-enum-values请求: collection
2025-05-24T06:52:23.718Z [LOG] 处理get-enum-values请求: actors
2025-05-24T06:53:23.705Z [LOG] 处理get-enum-values请求: collection
2025-05-24T06:53:23.706Z [LOG] 处理get-enum-values请求: actors
2025-05-24T06:54:23.721Z [LOG] 处理get-enum-values请求: collection
2025-05-24T06:54:23.722Z [LOG] 处理get-enum-values请求: actors
2025-05-24T06:55:23.711Z [LOG] 处理get-enum-values请求: collection
2025-05-24T06:55:23.711Z [LOG] 处理get-enum-values请求: actors
2025-05-24T06:56:23.714Z [LOG] 处理get-enum-values请求: collection
2025-05-24T06:56:23.715Z [LOG] 处理get-enum-values请求: actors
2025-05-24T06:57:23.705Z [LOG] 处理get-enum-values请求: collection
2025-05-24T06:57:23.706Z [LOG] 处理get-enum-values请求: actors
2025-05-24T06:58:23.719Z [LOG] 处理get-enum-values请求: collection
2025-05-24T06:58:23.719Z [LOG] 处理get-enum-values请求: actors
2025-05-24T06:59:23.705Z [LOG] 处理get-enum-values请求: collection
2025-05-24T06:59:23.706Z [LOG] 处理get-enum-values请求: actors
2025-05-24T07:00:23.706Z [LOG] 处理get-enum-values请求: collection
2025-05-24T07:00:23.706Z [LOG] 处理get-enum-values请求: actors
2025-05-24T07:01:25.945Z [LOG] 处理get-enum-values请求: collection
2025-05-24T07:01:25.946Z [LOG] 处理get-enum-values请求: actors
2025-05-24T07:02:13.413Z [LOG] 处理get-enum-values请求: collection
2025-05-24T07:02:13.414Z [LOG] 处理get-enum-values请求: actors
2025-05-24T07:02:30.737Z [LOG] 准备压缩 1 个视频
2025-05-24T07:02:30.738Z [COMPRESS] 准备压缩 1 个视频
2025-05-24T07:02:30.739Z [LOG] 开始处理视频: test-001.AVI
2025-05-24T07:02:30.739Z [COMPRESS] 开始处理视频: test-001.AVI
2025-05-24T07:02:30.865Z [LOG] 开始压缩视频: D:\Users\Videos\第一次选择\新建文件夹 (2)\test-001.AVI -> D:\Users\Videos\第一次选择\新建文件夹 (2)\test-001_正在压缩.mp4
2025-05-24T07:02:30.865Z [COMPRESS] 开始压缩视频: D:\Users\Videos\第一次选择\新建文件夹 (2)\test-001.AVI -> D:\Users\Videos\第一次选择\新建文件夹 (2)\test-001_正在压缩.mp4
2025-05-24T07:02:30.865Z [PATH] 尝试获取FFmpeg路径
2025-05-24T07:02:30.865Z [LOG] 使用配置的FFmpeg路径: D:\code\cursor\looklook\node_modules\ffmpeg-static\ffmpeg.exe
2025-05-24T07:02:30.866Z [PATH] 使用配置的FFmpeg路径: D:\code\cursor\looklook\node_modules\ffmpeg-static\ffmpeg.exe
2025-05-24T07:02:30.866Z [LOG] ffmpeg命令: D:\code\cursor\looklook\node_modules\ffmpeg-static\ffmpeg.exe -i D:\Users\Videos\第一次选择\新建文件夹 (2)\test-001.AVI -c:v libx265 -crf 28 -preset medium -c:a aac -b:a 128k -movflags +faststart -pix_fmt yuv420p -y D:\Users\Videos\第一次选择\新建文件夹 (2)\test-001_正在压缩.mp4
2025-05-24T07:02:30.866Z [COMPRESS] ffmpeg命令: D:\code\cursor\looklook\node_modules\ffmpeg-static\ffmpeg.exe -i D:\Users\Videos\第一次选择\新建文件夹 (2)\test-001.AVI -c:v libx265 -crf 28 -preset medium -c:a aac -b:a 128k -movflags +faststart -pix_fmt yuv420p -y D:\Users\Videos\第一次选择\新建文件夹 (2)\test-001_正在压缩.mp4
2025-05-24T07:02:34.442Z [LOG] 视频压缩成功: D:\Users\Videos\第一次选择\新建文件夹 (2)\test-001_正在压缩.mp4
2025-05-24T07:02:34.442Z [COMPRESS] 视频压缩成功: D:\Users\Videos\第一次选择\新建文件夹 (2)\test-001_正在压缩.mp4
2025-05-24T07:02:34.442Z [LOG] 压缩成功，节省空间: 7MB (71%)
2025-05-24T07:02:34.443Z [COMPRESS] 压缩成功，节省空间: 7MB (71%)
2025-05-24T07:02:34.444Z [LOG] 原文件已重命名: D:\Users\Videos\第一次选择\新建文件夹 (2)\test-001.AVI -> D:\Users\Videos\第一次选择\新建文件夹 (2)\test-001_原文件.AVI
2025-05-24T07:02:34.444Z [LOG] 压缩文件已重命名: D:\Users\Videos\第一次选择\新建文件夹 (2)\test-001_正在压缩.mp4 -> D:\Users\Videos\第一次选择\新建文件夹 (2)\test-001.mp4
2025-05-24T07:02:34.444Z [COMPRESS] 原文件已重命名: D:\Users\Videos\第一次选择\新建文件夹 (2)\test-001.AVI -> D:\Users\Videos\第一次选择\新建文件夹 (2)\test-001_原文件.AVI
2025-05-24T07:02:34.444Z [COMPRESS] 压缩文件已重命名: D:\Users\Videos\第一次选择\新建文件夹 (2)\test-001_正在压缩.mp4 -> D:\Users\Videos\第一次选择\新建文件夹 (2)\test-001.mp4
2025-05-24T07:02:34.446Z [LOG] 已获取到原视频记录: {"id":"1748067716858-RDpcVXNl","fileName":"test-001.AVI","filePath":"D:\\Users\\Videos\\第一次选择\\新建文件夹 (2)\\test-001.AVI","fileSize":"10.06 MB","createDate":"2025-05-24T06:21:44.277Z","importDate":"2025-05-24 06:21:56","viewCount":0,"lastViewDate":"","selected":false,"thumbnailUrl":"app://thumbnail/1748067716858-RDpcVXNl.jpg","rating":0,"actors":"","code":"test-001","collection":"","resolution":"320×240","duration":"00:02:05","notes":"","releaseDate":"","_id":"Eo0Des8Meg1QNkYJ","createdAt":"2025-05-24T06:21:57.274Z","updatedAt":"2025-05-24T06:21:57.274Z"}
2025-05-24T07:02:34.446Z [COMPRESS] 已获取到原视频记录: ID=1748067716858-RDpcVXNl, 文件名=test-001.AVI
2025-05-24T07:02:34.447Z [LOG] 更新原视频记录: {"id":"1748067716858-RDpcVXNl","fileName":"test-001_原文件.AVI","filePath":"D:\\Users\\Videos\\第一次选择\\新建文件夹 (2)\\test-001_原文件.AVI","fileSize":"10.06 MB","createDate":"2025-05-24T06:21:44.277Z","importDate":"2025-05-24 06:21:56","viewCount":0,"lastViewDate":"","selected":false,"thumbnailUrl":"app://thumbnail/1748067716858-RDpcVXNl.jpg","rating":0,"actors":"","code":"test-001","collection":"压缩前","resolution":"320×240","duration":"00:02:05","notes":"","releaseDate":"","_id":"Eo0Des8Meg1QNkYJ","createdAt":"2025-05-24T06:21:57.274Z","updatedAt":"2025-05-24T06:21:57.274Z"}
2025-05-24T07:02:34.448Z [COMPRESS] 更新原视频记录: ID=1748067716858-RDpcVXNl, 新文件名=test-001_原文件.AVI
2025-05-24T07:02:34.450Z [LOG] 通知渲染进程数据已更新
2025-05-24T07:02:34.450Z [LOG] 生成唯一ID: comp-1748070154450-erp7fxb9d0aszvji
2025-05-24T07:02:34.451Z [COMPRESS] 生成唯一ID: comp-1748070154450-erp7fxb9d0aszvji
2025-05-24T07:02:34.451Z [LOG] 复制缩略图: app://thumbnail/1748067716858-RDpcVXNl.jpg, 新ID: comp-1748070154450-erp7fxb9d0aszvji
2025-05-24T07:02:34.451Z [COMPRESS] 复制缩略图: app://thumbnail/1748067716858-RDpcVXNl.jpg, 新ID: comp-1748070154450-erp7fxb9d0aszvji
2025-05-24T07:02:34.455Z [LOG] 缩略图复制成功: app://thumbnail/comp-1748070154450-erp7fxb9d0aszvji.jpg
2025-05-24T07:02:34.455Z [COMPRESS] 缩略图复制成功: app://thumbnail/comp-1748070154450-erp7fxb9d0aszvji.jpg
2025-05-24T07:02:34.456Z [LOG] 获取视频分辨率: D:\Users\Videos\第一次选择\新建文件夹 (2)\test-001.mp4
2025-05-24T07:02:34.456Z [MAIN] 开始获取视频分辨率: D:\Users\Videos\第一次选择\新建文件夹 (2)\test-001.mp4
2025-05-24T07:02:34.456Z [LOG] 直接获取视频分辨率
2025-05-24T07:02:34.456Z [RESOLUTION] 开始获取视频分辨率: D:\Users\Videos\第一次选择\新建文件夹 (2)\test-001.mp4
2025-05-24T07:02:34.456Z [PATH] 尝试获取FFprobe路径
2025-05-24T07:02:34.456Z [LOG] 使用配置的FFprobe路径: D:\code\cursor\looklook\node_modules\ffprobe-static\bin\win32\x64\ffprobe.exe
2025-05-24T07:02:34.456Z [PATH] 使用配置的FFprobe路径: D:\code\cursor\looklook\node_modules\ffprobe-static\bin\win32\x64\ffprobe.exe
2025-05-24T07:02:34.456Z [RESOLUTION] 在开发环境中使用ffprobe路径: D:\code\cursor\looklook\node_modules\ffprobe-static\bin\win32\x64\ffprobe.exe
2025-05-24T07:02:34.457Z [RESOLUTION] 检查ffprobe可执行文件是否存在: true
2025-05-24T07:02:34.457Z [LOG] 执行命令: "D:\code\cursor\looklook\node_modules\ffprobe-static\bin\win32\x64\ffprobe.exe" -v error -select_streams v:0 -show_entries stream=width,height -of csv=s=x:p=0 "D:\Users\Videos\第一次选择\新建文件夹 (2)\test-001.mp4"
2025-05-24T07:02:34.457Z [RESOLUTION] 开始执行命令获取分辨率: "D:\code\cursor\looklook\node_modules\ffprobe-static\bin\win32\x64\ffprobe.exe" -v error -select_streams v:0 -show_entries stream=width,height -of csv=s=x:p=0 "D:\Users\Videos\第一次选择\新建文件夹 (2)\test-001.mp4"
2025-05-24T07:02:34.460Z [LOG] 处理get-videos请求
2025-05-24T07:02:34.555Z [RESOLUTION] 命令输出: "320x240"
2025-05-24T07:02:34.556Z [LOG] 成功解析分辨率: 320×240
2025-05-24T07:02:34.556Z [RESOLUTION] 成功解析分辨率: 320×240
2025-05-24T07:02:34.557Z [COMPRESS] 获取新视频分辨率: 320×240
2025-05-24T07:02:34.557Z [LOG] 获取视频时长: D:\Users\Videos\第一次选择\新建文件夹 (2)\test-001.mp4
2025-05-24T07:02:34.557Z [MAIN] 开始获取视频时长: D:\Users\Videos\第一次选择\新建文件夹 (2)\test-001.mp4
2025-05-24T07:02:34.558Z [LOG] 直接获取视频时长
2025-05-24T07:02:34.558Z [DURATION] 开始获取视频时长: D:\Users\Videos\第一次选择\新建文件夹 (2)\test-001.mp4
2025-05-24T07:02:34.558Z [PATH] 尝试获取FFprobe路径
2025-05-24T07:02:34.559Z [LOG] 使用配置的FFprobe路径: D:\code\cursor\looklook\node_modules\ffprobe-static\bin\win32\x64\ffprobe.exe
2025-05-24T07:02:34.559Z [PATH] 使用配置的FFprobe路径: D:\code\cursor\looklook\node_modules\ffprobe-static\bin\win32\x64\ffprobe.exe
2025-05-24T07:02:34.559Z [DURATION] 在开发环境中使用ffprobe路径: D:\code\cursor\looklook\node_modules\ffprobe-static\bin\win32\x64\ffprobe.exe
2025-05-24T07:02:34.559Z [DURATION] 检查ffprobe可执行文件是否存在: true
2025-05-24T07:02:34.560Z [LOG] 执行命令: "D:\code\cursor\looklook\node_modules\ffprobe-static\bin\win32\x64\ffprobe.exe" -v error -show_entries format=duration -of default=noprint_wrappers=1:nokey=1 "D:\Users\Videos\第一次选择\新建文件夹 (2)\test-001.mp4"
2025-05-24T07:02:34.560Z [DURATION] 开始执行命令获取时长: "D:\code\cursor\looklook\node_modules\ffprobe-static\bin\win32\x64\ffprobe.exe" -v error -show_entries format=duration -of default=noprint_wrappers=1:nokey=1 "D:\Users\Videos\第一次选择\新建文件夹 (2)\test-001.mp4"
2025-05-24T07:02:34.646Z [DURATION] 命令输出: "125.952000"
2025-05-24T07:02:34.646Z [LOG] 成功解析时长: 00:02:05
2025-05-24T07:02:34.647Z [DURATION] 成功解析时长: 00:02:05
2025-05-24T07:02:34.647Z [COMPRESS] 获取新视频时长: 00:02:05
2025-05-24T07:02:34.648Z [LOG] 新视频记录属性: {"id":"comp-1748070154450-erp7fxb9d0aszvji","tags":["已压缩_高效感知无损"],"rating":0,"autoTag":true}
2025-05-24T07:02:34.648Z [压缩] 新视频记录属性: {"id":"comp-1748070154450-erp7fxb9d0aszvji","tags":["已压缩_高效感知无损"],"rating":0,"autoTag":true}
2025-05-24T07:02:34.649Z [LOG] 通知渲染进程数据已更新
2025-05-24T07:02:34.650Z [LOG] 新视频记录已保存: comp-1748070154450-erp7fxb9d0aszvji
2025-05-24T07:02:34.650Z [COMPRESS] 新视频记录已保存: ID=comp-1748070154450-erp7fxb9d0aszvji
2025-05-24T07:02:34.650Z [LOG] 视频处理完成 (1/1): test-001.AVI
2025-05-24T07:02:34.650Z [COMPRESS] 视频处理完成 (1/1): test-001.AVI
2025-05-24T07:02:34.651Z [LOG] 处理get-videos请求
2025-05-24T07:02:34.957Z [LOG] 所有压缩任务已完成
2025-05-24T07:02:34.957Z [COMPRESS] 所有压缩任务已完成
2025-05-24T07:02:38.924Z [LOG] 用户取消批量压缩任务
2025-05-24T07:02:38.924Z [COMPRESS] 用户取消批量压缩任务
2025-05-24T07:02:45.315Z [LOG] 准备压缩 1 个视频
2025-05-24T07:02:45.315Z [COMPRESS] 准备压缩 1 个视频
2025-05-24T07:02:45.316Z [LOG] 开始处理视频: test-002.AVI
2025-05-24T07:02:45.316Z [COMPRESS] 开始处理视频: test-002.AVI
2025-05-24T07:02:45.394Z [LOG] 开始压缩视频: D:\Users\Videos\第一次选择\新建文件夹 (2)\test-002.AVI -> D:\Users\Videos\第一次选择\新建文件夹 (2)\test-002_正在压缩.mp4
2025-05-24T07:02:45.394Z [COMPRESS] 开始压缩视频: D:\Users\Videos\第一次选择\新建文件夹 (2)\test-002.AVI -> D:\Users\Videos\第一次选择\新建文件夹 (2)\test-002_正在压缩.mp4
2025-05-24T07:02:45.394Z [PATH] 尝试获取FFmpeg路径
2025-05-24T07:02:45.394Z [LOG] 使用配置的FFmpeg路径: D:\code\cursor\looklook\node_modules\ffmpeg-static\ffmpeg.exe
2025-05-24T07:02:45.394Z [PATH] 使用配置的FFmpeg路径: D:\code\cursor\looklook\node_modules\ffmpeg-static\ffmpeg.exe
2025-05-24T07:02:45.395Z [LOG] ffmpeg命令: D:\code\cursor\looklook\node_modules\ffmpeg-static\ffmpeg.exe -i D:\Users\Videos\第一次选择\新建文件夹 (2)\test-002.AVI -c:v libx265 -crf 28 -preset medium -c:a aac -b:a 128k -movflags +faststart -pix_fmt yuv420p -y D:\Users\Videos\第一次选择\新建文件夹 (2)\test-002_正在压缩.mp4
2025-05-24T07:02:45.395Z [COMPRESS] ffmpeg命令: D:\code\cursor\looklook\node_modules\ffmpeg-static\ffmpeg.exe -i D:\Users\Videos\第一次选择\新建文件夹 (2)\test-002.AVI -c:v libx265 -crf 28 -preset medium -c:a aac -b:a 128k -movflags +faststart -pix_fmt yuv420p -y D:\Users\Videos\第一次选择\新建文件夹 (2)\test-002_正在压缩.mp4
2025-05-24T07:02:48.988Z [LOG] 视频压缩成功: D:\Users\Videos\第一次选择\新建文件夹 (2)\test-002_正在压缩.mp4
2025-05-24T07:02:48.988Z [COMPRESS] 视频压缩成功: D:\Users\Videos\第一次选择\新建文件夹 (2)\test-002_正在压缩.mp4
2025-05-24T07:02:48.988Z [LOG] 压缩成功，节省空间: 7MB (71%)
2025-05-24T07:02:48.989Z [COMPRESS] 压缩成功，节省空间: 7MB (71%)
2025-05-24T07:02:48.989Z [LOG] 原文件已重命名: D:\Users\Videos\第一次选择\新建文件夹 (2)\test-002.AVI -> D:\Users\Videos\第一次选择\新建文件夹 (2)\test-002_原文件.AVI
2025-05-24T07:02:48.989Z [LOG] 压缩文件已重命名: D:\Users\Videos\第一次选择\新建文件夹 (2)\test-002_正在压缩.mp4 -> D:\Users\Videos\第一次选择\新建文件夹 (2)\test-002.mp4
2025-05-24T07:02:48.990Z [COMPRESS] 原文件已重命名: D:\Users\Videos\第一次选择\新建文件夹 (2)\test-002.AVI -> D:\Users\Videos\第一次选择\新建文件夹 (2)\test-002_原文件.AVI
2025-05-24T07:02:48.990Z [COMPRESS] 压缩文件已重命名: D:\Users\Videos\第一次选择\新建文件夹 (2)\test-002_正在压缩.mp4 -> D:\Users\Videos\第一次选择\新建文件夹 (2)\test-002.mp4
2025-05-24T07:02:48.991Z [LOG] 已获取到原视频记录: {"id":"1748067717026-RDpcVXNl","fileName":"test-002.AVI","filePath":"D:\\Users\\Videos\\第一次选择\\新建文件夹 (2)\\test-002.AVI","fileSize":"10.06 MB","createDate":"2025-05-24T06:21:44.291Z","importDate":"2025-05-24 06:21:56","viewCount":0,"lastViewDate":"","selected":false,"thumbnailUrl":"app://thumbnail/1748067717026-RDpcVXNl.jpg","rating":0,"actors":"","code":"test-002","collection":"","resolution":"320×240","duration":"00:02:05","notes":"","releaseDate":"","_id":"5dKm2yEsIyOb4abI","createdAt":"2025-05-24T06:21:57.275Z","updatedAt":"2025-05-24T06:21:57.275Z"}
2025-05-24T07:02:48.991Z [COMPRESS] 已获取到原视频记录: ID=1748067717026-RDpcVXNl, 文件名=test-002.AVI
2025-05-24T07:02:48.992Z [LOG] 更新原视频记录: {"id":"1748067717026-RDpcVXNl","fileName":"test-002_原文件.AVI","filePath":"D:\\Users\\Videos\\第一次选择\\新建文件夹 (2)\\test-002_原文件.AVI","fileSize":"10.06 MB","createDate":"2025-05-24T06:21:44.291Z","importDate":"2025-05-24 06:21:56","viewCount":0,"lastViewDate":"","selected":false,"thumbnailUrl":"app://thumbnail/1748067717026-RDpcVXNl.jpg","rating":0,"actors":"","code":"test-002","collection":"压缩前","resolution":"320×240","duration":"00:02:05","notes":"","releaseDate":"","_id":"5dKm2yEsIyOb4abI","createdAt":"2025-05-24T06:21:57.275Z","updatedAt":"2025-05-24T06:21:57.275Z"}
2025-05-24T07:02:48.992Z [COMPRESS] 更新原视频记录: ID=1748067717026-RDpcVXNl, 新文件名=test-002_原文件.AVI
2025-05-24T07:02:48.993Z [LOG] 通知渲染进程数据已更新
2025-05-24T07:02:48.993Z [LOG] 生成唯一ID: comp-1748070168993-69xp9yy4v5tb4fsb
2025-05-24T07:02:48.993Z [COMPRESS] 生成唯一ID: comp-1748070168993-69xp9yy4v5tb4fsb
2025-05-24T07:02:48.994Z [LOG] 复制缩略图: app://thumbnail/1748067717026-RDpcVXNl.jpg, 新ID: comp-1748070168993-69xp9yy4v5tb4fsb
2025-05-24T07:02:48.994Z [COMPRESS] 复制缩略图: app://thumbnail/1748067717026-RDpcVXNl.jpg, 新ID: comp-1748070168993-69xp9yy4v5tb4fsb
2025-05-24T07:02:48.995Z [LOG] 缩略图复制成功: app://thumbnail/comp-1748070168993-69xp9yy4v5tb4fsb.jpg
2025-05-24T07:02:48.995Z [COMPRESS] 缩略图复制成功: app://thumbnail/comp-1748070168993-69xp9yy4v5tb4fsb.jpg
2025-05-24T07:02:48.995Z [LOG] 获取视频分辨率: D:\Users\Videos\第一次选择\新建文件夹 (2)\test-002.mp4
2025-05-24T07:02:48.995Z [MAIN] 开始获取视频分辨率: D:\Users\Videos\第一次选择\新建文件夹 (2)\test-002.mp4
2025-05-24T07:02:48.995Z [LOG] 直接获取视频分辨率
2025-05-24T07:02:48.995Z [RESOLUTION] 开始获取视频分辨率: D:\Users\Videos\第一次选择\新建文件夹 (2)\test-002.mp4
2025-05-24T07:02:48.995Z [PATH] 尝试获取FFprobe路径
2025-05-24T07:02:48.996Z [LOG] 使用配置的FFprobe路径: D:\code\cursor\looklook\node_modules\ffprobe-static\bin\win32\x64\ffprobe.exe
2025-05-24T07:02:48.996Z [PATH] 使用配置的FFprobe路径: D:\code\cursor\looklook\node_modules\ffprobe-static\bin\win32\x64\ffprobe.exe
2025-05-24T07:02:48.996Z [RESOLUTION] 在开发环境中使用ffprobe路径: D:\code\cursor\looklook\node_modules\ffprobe-static\bin\win32\x64\ffprobe.exe
2025-05-24T07:02:48.996Z [RESOLUTION] 检查ffprobe可执行文件是否存在: true
2025-05-24T07:02:48.996Z [LOG] 执行命令: "D:\code\cursor\looklook\node_modules\ffprobe-static\bin\win32\x64\ffprobe.exe" -v error -select_streams v:0 -show_entries stream=width,height -of csv=s=x:p=0 "D:\Users\Videos\第一次选择\新建文件夹 (2)\test-002.mp4"
2025-05-24T07:02:48.996Z [RESOLUTION] 开始执行命令获取分辨率: "D:\code\cursor\looklook\node_modules\ffprobe-static\bin\win32\x64\ffprobe.exe" -v error -select_streams v:0 -show_entries stream=width,height -of csv=s=x:p=0 "D:\Users\Videos\第一次选择\新建文件夹 (2)\test-002.mp4"
2025-05-24T07:02:49.000Z [LOG] 处理get-videos请求
2025-05-24T07:02:49.059Z [RESOLUTION] 命令输出: "320x240"
2025-05-24T07:02:49.059Z [LOG] 成功解析分辨率: 320×240
2025-05-24T07:02:49.059Z [RESOLUTION] 成功解析分辨率: 320×240
2025-05-24T07:02:49.060Z [COMPRESS] 获取新视频分辨率: 320×240
2025-05-24T07:02:49.060Z [LOG] 获取视频时长: D:\Users\Videos\第一次选择\新建文件夹 (2)\test-002.mp4
2025-05-24T07:02:49.060Z [MAIN] 开始获取视频时长: D:\Users\Videos\第一次选择\新建文件夹 (2)\test-002.mp4
2025-05-24T07:02:49.060Z [LOG] 直接获取视频时长
2025-05-24T07:02:49.060Z [DURATION] 开始获取视频时长: D:\Users\Videos\第一次选择\新建文件夹 (2)\test-002.mp4
2025-05-24T07:02:49.060Z [PATH] 尝试获取FFprobe路径
2025-05-24T07:02:49.061Z [LOG] 使用配置的FFprobe路径: D:\code\cursor\looklook\node_modules\ffprobe-static\bin\win32\x64\ffprobe.exe
2025-05-24T07:02:49.061Z [PATH] 使用配置的FFprobe路径: D:\code\cursor\looklook\node_modules\ffprobe-static\bin\win32\x64\ffprobe.exe
2025-05-24T07:02:49.061Z [DURATION] 在开发环境中使用ffprobe路径: D:\code\cursor\looklook\node_modules\ffprobe-static\bin\win32\x64\ffprobe.exe
2025-05-24T07:02:49.061Z [DURATION] 检查ffprobe可执行文件是否存在: true
2025-05-24T07:02:49.061Z [LOG] 执行命令: "D:\code\cursor\looklook\node_modules\ffprobe-static\bin\win32\x64\ffprobe.exe" -v error -show_entries format=duration -of default=noprint_wrappers=1:nokey=1 "D:\Users\Videos\第一次选择\新建文件夹 (2)\test-002.mp4"
2025-05-24T07:02:49.061Z [DURATION] 开始执行命令获取时长: "D:\code\cursor\looklook\node_modules\ffprobe-static\bin\win32\x64\ffprobe.exe" -v error -show_entries format=duration -of default=noprint_wrappers=1:nokey=1 "D:\Users\Videos\第一次选择\新建文件夹 (2)\test-002.mp4"
2025-05-24T07:02:49.123Z [DURATION] 命令输出: "125.952000"
2025-05-24T07:02:49.124Z [LOG] 成功解析时长: 00:02:05
2025-05-24T07:02:49.124Z [DURATION] 成功解析时长: 00:02:05
2025-05-24T07:02:49.124Z [COMPRESS] 获取新视频时长: 00:02:05
2025-05-24T07:02:49.125Z [LOG] 新视频记录属性: {"id":"comp-1748070168993-69xp9yy4v5tb4fsb","tags":["已压缩_高效感知无损"],"rating":0,"autoTag":true}
2025-05-24T07:02:49.125Z [压缩] 新视频记录属性: {"id":"comp-1748070168993-69xp9yy4v5tb4fsb","tags":["已压缩_高效感知无损"],"rating":0,"autoTag":true}
2025-05-24T07:02:49.129Z [LOG] 通知渲染进程数据已更新
2025-05-24T07:02:49.129Z [LOG] 新视频记录已保存: comp-1748070168993-69xp9yy4v5tb4fsb
2025-05-24T07:02:49.129Z [COMPRESS] 新视频记录已保存: ID=comp-1748070168993-69xp9yy4v5tb4fsb
2025-05-24T07:02:49.129Z [LOG] 删除原文件: D:\Users\Videos\第一次选择\新建文件夹 (2)\test-002_原文件.AVI
2025-05-24T07:02:49.130Z [COMPRESS] 删除原文件: D:\Users\Videos\第一次选择\新建文件夹 (2)\test-002_原文件.AVI
2025-05-24T07:02:49.130Z [LOG] 视频处理完成 (1/1): test-002.AVI
2025-05-24T07:02:49.130Z [COMPRESS] 视频处理完成 (1/1): test-002.AVI
2025-05-24T07:02:49.130Z [LOG] 处理get-videos请求
2025-05-24T07:02:49.160Z [LOG] 原文件已移至回收站
2025-05-24T07:02:49.160Z [COMPRESS] 原文件已移至回收站
2025-05-24T07:02:49.162Z [LOG] 通知渲染进程数据已更新
2025-05-24T07:02:49.163Z [LOG] 原视频记录已从数据库删除: 1748067717026-RDpcVXNl
2025-05-24T07:02:49.163Z [COMPRESS] 原视频记录已从数据库删除: 1748067717026-RDpcVXNl
2025-05-24T07:02:49.163Z [LOG] 处理get-videos请求
2025-05-24T07:02:49.438Z [LOG] 所有压缩任务已完成
2025-05-24T07:02:49.438Z [COMPRESS] 所有压缩任务已完成
2025-05-24T07:02:50.458Z [LOG] 用户取消批量压缩任务
2025-05-24T07:02:50.458Z [COMPRESS] 用户取消批量压缩任务
2025-05-24T07:03:06.906Z [LOG] 处理get-enum-values请求: collection
2025-05-24T07:03:06.908Z [LOG] 处理get-enum-values请求: actors
2025-05-24T07:04:06.901Z [LOG] 处理get-enum-values请求: collection
2025-05-24T07:04:06.903Z [LOG] 处理get-enum-values请求: actors
2025-05-24T07:05:06.898Z [LOG] 处理get-enum-values请求: collection
2025-05-24T07:05:06.899Z [LOG] 处理get-enum-values请求: actors
2025-05-24T07:06:06.906Z [LOG] 处理get-enum-values请求: collection
2025-05-24T07:06:06.906Z [LOG] 处理get-enum-values请求: actors
2025-05-24T07:07:06.901Z [LOG] 处理get-enum-values请求: collection
2025-05-24T07:07:06.903Z [LOG] 处理get-enum-values请求: actors
2025-05-24T07:08:06.891Z [LOG] 处理get-enum-values请求: collection
2025-05-24T07:08:06.891Z [LOG] 处理get-enum-values请求: actors
2025-05-24T07:09:06.895Z [LOG] 处理get-enum-values请求: collection
2025-05-24T07:09:06.896Z [LOG] 处理get-enum-values请求: actors
2025-05-24T07:10:06.899Z [LOG] 处理get-enum-values请求: collection
2025-05-24T07:10:06.900Z [LOG] 处理get-enum-values请求: actors
2025-05-24T07:11:06.894Z [LOG] 处理get-enum-values请求: collection
2025-05-24T07:11:06.896Z [LOG] 处理get-enum-values请求: actors
2025-05-24T07:12:06.896Z [LOG] 处理get-enum-values请求: collection
2025-05-24T07:12:06.897Z [LOG] 处理get-enum-values请求: actors
2025-05-24T07:14:24.951Z 日志开始 - 2025-05-24T07:14:24.951Z - 应用版本: 2.1.2 - 运行环境: 开发环境
2025-05-24T07:14:24.952Z 系统信息: win32 x64 - Node.js 18.18.2
2025-05-24T07:14:24.952Z App路径: D:\code\cursor\looklook
2025-05-24T07:14:24.952Z 可执行文件路径: D:\code\cursor\looklook\node_modules\electron\dist\electron.exe
2025-05-24T07:14:24.952Z [LOG] 日志文件已创建: D:\code\cursor\looklook\userdata\logs\app-2025-05-24.log
2025-05-24T07:14:24.953Z [ERROR] 设置控制台编码失败: process.stdout.setEncoding is not a function
2025-05-24T07:14:24.953Z [LOG] 应用准备就绪
2025-05-24T07:14:24.953Z [ENV] 运行模式: 开发环境
2025-05-24T07:14:24.953Z [ENV] 应用路径: D:\code\cursor\looklook
2025-05-24T07:14:24.953Z [ENV] 可执行文件路径: D:\code\cursor\looklook\node_modules\electron\dist\electron.exe
2025-05-24T07:14:24.953Z [ENV] 用户数据路径: D:\code\cursor\looklook\userdata
2025-05-24T07:14:24.954Z [FFMPEG_COPY] 开发环境中无需复制FFmpeg和FFprobe
2025-05-24T07:14:24.954Z [LOG] 用户数据目录: D:\code\cursor\looklook\userdata
2025-05-24T07:14:24.954Z [LOG] 缩略图目录: D:\code\cursor\looklook\userdata\thumbnails
2025-05-24T07:14:24.955Z [LOG] 设置文件已存在，无需创建默认设置
2025-05-24T07:14:24.958Z [LOG] 打包状态: 开发环境
2025-05-24T07:14:24.958Z [LOG] App Path: D:\code\cursor\looklook
2025-05-24T07:14:24.958Z [LOG] Exe Path: D:\code\cursor\looklook\node_modules\electron\dist\electron.exe
2025-05-24T07:14:24.959Z [LOG] 应用目录: D:\code\cursor\looklook\node_modules\electron\dist
2025-05-24T07:14:24.959Z [LOG] 资源目录: D:\code\cursor\looklook\node_modules\electron\dist\resources
2025-05-24T07:14:24.959Z [TEST] 开始测试FFmpeg和FFprobe可执行性
2025-05-24T07:14:24.959Z [TEST] 打包状态: 开发环境
2025-05-24T07:14:24.959Z [TEST] App路径: D:\code\cursor\looklook
2025-05-24T07:14:24.960Z [TEST] 可执行文件路径: D:\code\cursor\looklook\node_modules\electron\dist\electron.exe
2025-05-24T07:14:24.960Z [TEST] 应用目录: D:\code\cursor\looklook\node_modules\electron\dist
2025-05-24T07:14:24.960Z [TEST] 资源目录: D:\code\cursor\looklook\node_modules\electron\dist\resources
2025-05-24T07:14:24.960Z [LOG] 检查node_modules路径: D:\code\cursor\looklook\node_modules\electron\dist\resources\node_modules, 存在: false
2025-05-24T07:14:24.960Z [TEST] 检查node_modules路径: D:\code\cursor\looklook\node_modules\electron\dist\resources\node_modules, 存在: false
2025-05-24T07:14:24.961Z [LOG] 检查node_modules路径: D:\code\cursor\looklook\node_modules\electron\dist\node_modules, 存在: false
2025-05-24T07:14:24.961Z [TEST] 检查node_modules路径: D:\code\cursor\looklook\node_modules\electron\dist\node_modules, 存在: false
2025-05-24T07:14:24.961Z [LOG] 检查node_modules路径: D:\code\cursor\looklook\node_modules, 存在: true
2025-05-24T07:14:24.961Z [TEST] 检查node_modules路径: D:\code\cursor\looklook\node_modules, 存在: true
2025-05-24T07:14:24.962Z [TEST] D:\code\cursor\looklook\node_modules 中内容: .bin, .package-lock.json, 7zip-bin, @derhuerst, @develar, @electron, @isaacs, @malept, @pkgjs, @sindresorhus, @szmarczak, @tootallnate, @types, @xmldom, agent-base, ajv, ajv-formats, ajv-keywords, ansi-regex, ansi-styles, app-builder-bin, app-builder-lib, archiver, archiver-utils, argparse, async, async-exit-hook, asynckit, at-least-node, atomically, balanced-match, base64-js, binary-search-tree, bl, bluebird, bluebird-lst, boolean, brace-expansion, buffer, buffer-crc32, buffer-equal, buffer-from, builder-util, builder-util-runtime, cacheable-lookup, cacheable-request, call-bind-apply-helpers, caseless, chalk, chownr, chromium-pickle-js, ci-info, cliui, clone-response, color-convert, color-name, combined-stream, commander, compare-version, compress-commons, concat-map, concat-stream, conf, config-file-ts, core-util-is, crc-32, crc32-stream, cross-spawn, debounce-fn, debug, decompress-response, defer-to-connect, define-data-property, define-properties, delayed-stream, detect-node, dir-compare, dmg-builder, dot-prop, dotenv, dotenv-expand, dunder-proto, eastasianwidth, ejs, electron, electron-builder, electron-builder-squirrel-windows, electron-publish, electron-store, emoji-regex, end-of-stream, env-paths, err-code, es-define-property, es-errors, es-object-atoms, es-set-tostringtag, es6-error, escalade, escape-string-regexp, extract-zip, fast-deep-equal, fast-json-stable-stringify, fast-uri, fd-slicer, ffmpeg-static, ffprobe-static, filelist, fluent-ffmpeg, foreground-child, form-data, fs-constants, fs-extra, fs-minipass, fs.realpath, function-bind, get-caller-file, get-intrinsic, get-proto, get-stream, glob, global-agent, globalthis, gopd, got, graceful-fs, has-flag, has-property-descriptors, has-symbols, has-tostringtag, hasown, hosted-git-info, http-cache-semantics, http-proxy-agent, http-response-object, http2-wrapper, https-proxy-agent, iconv-lite, ieee754, immediate, inflight, inherits, is-ci, is-fullwidth-code-point, isarray, isbinaryfile, isexe, jackspeak, jake, js-yaml, json-buffer, json-schema-traverse, json-schema-typed, json-stringify-safe, json5, jsonfile, keyv, lazy-val, lazystream, lie, localforage, lodash, lodash.defaults, lodash.difference, lodash.flatten, lodash.isplainobject, lodash.union, lowercase-keys, lru-cache, matcher, math-intrinsics, mime, mime-db, mime-types, mimic-function, mimic-response, minimatch, minimist, minipass, minizlib, mkdirp, ms, nedb, normalize-path, normalize-url, object-keys, once, p-cancelable, package-json-from-dist, parse-cache-control, path-is-absolute, path-key, path-scurry, pend, plist, process-nextick-args, progress, promise-retry, pump, punycode, quick-lru, read-config-file, readable-stream, readdir-glob, require-directory, require-from-string, resolve-alpn, responselike, retry, rimraf, roarr, safe-buffer, safer-buffer, sanitize-filename, sax, semver, semver-compare, serialize-error, shebang-command, shebang-regex, signal-exit, simple-update-notifier, source-map, source-map-support, sprintf-js, stat-mode, string-width, string-width-cjs, string_decoder, strip-ansi, strip-ansi-cjs, stubborn-fs, sumchecker, supports-color, tar, tar-stream, temp-file, tmp, tmp-promise, truncate-utf8-bytes, type-fest, typedarray, typescript, uint8array-extras, underscore, undici-types, universalify, uri-js, utf8-byte-length, util-deprecate, when-exit, which, wrap-ansi, wrap-ansi-cjs, wrappy, xmlbuilder, y18n, yallist, yargs, yargs-parser, yauzl, zip-stream
2025-05-24T07:14:24.962Z [TEST] ffmpeg-static存在于 D:\code\cursor\looklook\node_modules\ffmpeg-static
2025-05-24T07:14:24.962Z [TEST] ffmpeg-static内容: example.js, ffmpeg.exe, index.js, install.js, LICENSE, package.json, README.md, types
2025-05-24T07:14:24.962Z [TEST] ffprobe-static存在于 D:\code\cursor\looklook\node_modules\ffprobe-static
2025-05-24T07:14:24.962Z [TEST] ffprobe-static内容: bin, index.js, LICENSE, package.json, README.md, tests
2025-05-24T07:14:24.962Z [TEST] ffprobe-static/bin内容: darwin, linux, win32
2025-05-24T07:14:24.962Z [TEST] ffprobe-static/bin/win32内容: ia32, x64
2025-05-24T07:14:24.963Z [TEST] ffprobe-static/bin/win32/x64内容: ffprobe.exe
2025-05-24T07:14:24.963Z [LOG] 测试FFmpeg可执行性...
2025-05-24T07:14:24.963Z [TEST] 开始测试FFmpeg可执行性
2025-05-24T07:14:24.964Z [LOG] FFmpeg文件存在: D:\code\cursor\looklook\node_modules\ffmpeg-static\ffmpeg.exe
2025-05-24T07:14:24.964Z [TEST] FFmpeg文件存在: D:\code\cursor\looklook\node_modules\ffmpeg-static\ffmpeg.exe
2025-05-24T07:14:24.964Z [LOG] FFmpeg有执行权限
2025-05-24T07:14:24.965Z [TEST] FFmpeg有执行权限
2025-05-24T07:14:24.995Z [LOG] 测试FFprobe可执行性...
2025-05-24T07:14:24.995Z [LOG] FFprobe文件存在: D:\code\cursor\looklook\node_modules\ffprobe-static\bin\win32\x64\ffprobe.exe
2025-05-24T07:14:24.995Z [LOG] FFprobe有执行权限
2025-05-24T07:14:25.064Z [LOG] 注册IPC事件处理程序...
2025-05-24T07:14:25.065Z [LOG] IPC事件处理程序注册完成
2025-05-24T07:14:25.070Z [LOG] FFprobe执行测试成功: ffprobe version 4.0.2 Copyright (c) 2007-2018 the FFmpeg developers
2025-05-24T07:14:25.070Z [LOG] FFmpeg执行测试成功: ffmpeg version 7.1.1-essentials_build-www.gyan.dev Copyright (c) 2000-2025 the FFmpeg developers
2025-05-24T07:14:25.070Z [TEST] FFmpeg执行测试成功: ffmpeg version 7.1.1-essentials_build-www.gyan.dev Copyright (c) 2000-2025 the FFmpeg developers
2025-05-24T07:14:25.071Z [LOG] FFprobe执行测试成功: ffprobe version 4.0.2 Copyright (c) 2007-2018 the FFmpeg developers
2025-05-24T07:14:25.071Z [LOG] FFmpeg执行测试成功: ffmpeg version 7.1.1-essentials_build-www.gyan.dev Copyright (c) 2000-2025 the FFmpeg developers
2025-05-24T07:14:25.071Z [TEST] FFmpeg执行测试成功: ffmpeg version 7.1.1-essentials_build-www.gyan.dev Copyright (c) 2000-2025 the FFmpeg developers
2025-05-24T07:14:25.104Z [LOG] 已加载 12 个视频记录
2025-05-24T07:14:25.105Z [LOG] 开始检查是否存在重复视频记录...
2025-05-24T07:14:25.105Z [LOG] 没有发现重复视频记录
2025-05-24T07:14:25.106Z [LOG] 已加载枚举值[collection]: 4个
2025-05-24T07:14:25.106Z [LOG] 已加载枚举值[actors]: 0个
2025-05-24T07:14:25.107Z [LOG] 开始检查 12 个视频文件是否存在...
2025-05-24T07:14:25.130Z [LOG] 视频文件检查完成，共检查 12 个文件，发现 0 个问题
2025-05-24T07:14:25.130Z [LOG] 数据库模块初始化完成
2025-05-24T07:14:25.230Z [LOG] 处理get-videos请求
2025-05-24T07:14:25.234Z [LOG] 处理get-enum-values请求: collection
2025-05-24T07:14:25.236Z [LOG] 处理get-enum-values请求: actors
2025-05-24T07:14:25.258Z [LOG] 处理自定义协议请求: app://thumbnail/1748067723673-RDpcVXNl.jpg
2025-05-24T07:14:25.259Z [LOG] 缩略图路径: D:\code\cursor\looklook\userdata\thumbnails\1748067723673-RDpcVXNl.jpg
2025-05-24T07:14:25.260Z [LOG] 处理自定义协议请求: app://thumbnail/1748067716858-RDpcVXNl.jpg
2025-05-24T07:14:25.261Z [LOG] 缩略图路径: D:\code\cursor\looklook\userdata\thumbnails\1748067716858-RDpcVXNl.jpg
2025-05-24T07:14:25.262Z [LOG] 处理自定义协议请求: app://thumbnail/comp-1748070154450-erp7fxb9d0aszvji.jpg
2025-05-24T07:14:25.263Z [LOG] 缩略图路径: D:\code\cursor\looklook\userdata\thumbnails\comp-1748070154450-erp7fxb9d0aszvji.jpg
2025-05-24T07:14:25.265Z [LOG] 处理自定义协议请求: app://thumbnail/comp-1748070168993-69xp9yy4v5tb4fsb.jpg
2025-05-24T07:14:25.265Z [LOG] 缩略图路径: D:\code\cursor\looklook\userdata\thumbnails\comp-1748070168993-69xp9yy4v5tb4fsb.jpg
2025-05-24T07:14:25.266Z [LOG] 处理自定义协议请求: app://thumbnail/1748067717436-RDpcVXNl.jpg
2025-05-24T07:14:25.267Z [LOG] 缩略图路径: D:\code\cursor\looklook\userdata\thumbnails\1748067717436-RDpcVXNl.jpg
2025-05-24T07:14:25.268Z [LOG] 处理自定义协议请求: app://thumbnail/1748067717057-RDpcVXNl.jpg
2025-05-24T07:14:25.268Z [LOG] 缩略图路径: D:\code\cursor\looklook\userdata\thumbnails\1748067717057-RDpcVXNl.jpg
2025-05-24T07:14:25.269Z [LOG] 处理自定义协议请求: app://thumbnail/1748067717957-RDpcVXNl.jpg
2025-05-24T07:14:25.269Z [LOG] 缩略图路径: D:\code\cursor\looklook\userdata\thumbnails\1748067717957-RDpcVXNl.jpg
2025-05-24T07:14:25.270Z [LOG] 处理自定义协议请求: app://thumbnail/1748067715392-RDpcVXNl.jpg
2025-05-24T07:14:25.270Z [LOG] 缩略图路径: D:\code\cursor\looklook\userdata\thumbnails\1748067715392-RDpcVXNl.jpg
2025-05-24T07:14:25.271Z [LOG] 处理自定义协议请求: app://thumbnail/1748067715744-RDpcVXNl.jpg
2025-05-24T07:14:25.272Z [LOG] 缩略图路径: D:\code\cursor\looklook\userdata\thumbnails\1748067715744-RDpcVXNl.jpg
2025-05-24T07:14:25.273Z [LOG] 处理自定义协议请求: app://thumbnail/1748067716085-RDpcVXNl.jpg
2025-05-24T07:14:25.274Z [LOG] 缩略图路径: D:\code\cursor\looklook\userdata\thumbnails\1748067716085-RDpcVXNl.jpg
2025-05-24T07:14:25.274Z [LOG] 处理自定义协议请求: app://thumbnail/1748067716377-RDpcVXNl.jpg
2025-05-24T07:14:25.275Z [LOG] 缩略图路径: D:\code\cursor\looklook\userdata\thumbnails\1748067716377-RDpcVXNl.jpg
2025-05-24T07:14:25.276Z [LOG] 处理自定义协议请求: app://thumbnail/1748067716422-RDpcVXNl.jpg
2025-05-24T07:14:25.277Z [LOG] 缩略图路径: D:\code\cursor\looklook\userdata\thumbnails\1748067716422-RDpcVXNl.jpg
2025-05-24T07:14:25.284Z [LOG] 处理get-enum-values请求: collection
2025-05-24T07:14:25.285Z [LOG] 处理get-enum-values请求: actors
2025-05-24T07:14:29.324Z [LOG] 处理自定义协议请求: app://thumbnail/1748067723673-RDpcVXNl.jpg
2025-05-24T07:14:29.325Z [LOG] 缩略图路径: D:\code\cursor\looklook\userdata\thumbnails\1748067723673-RDpcVXNl.jpg
2025-05-24T07:14:29.325Z [LOG] 处理自定义协议请求: app://thumbnail/1748067716858-RDpcVXNl.jpg
2025-05-24T07:14:29.326Z [LOG] 缩略图路径: D:\code\cursor\looklook\userdata\thumbnails\1748067716858-RDpcVXNl.jpg
2025-05-24T07:14:29.326Z [LOG] 处理自定义协议请求: app://thumbnail/comp-1748070154450-erp7fxb9d0aszvji.jpg
2025-05-24T07:14:29.327Z [LOG] 缩略图路径: D:\code\cursor\looklook\userdata\thumbnails\comp-1748070154450-erp7fxb9d0aszvji.jpg
2025-05-24T07:14:29.327Z [LOG] 处理自定义协议请求: app://thumbnail/comp-1748070168993-69xp9yy4v5tb4fsb.jpg
2025-05-24T07:14:29.328Z [LOG] 缩略图路径: D:\code\cursor\looklook\userdata\thumbnails\comp-1748070168993-69xp9yy4v5tb4fsb.jpg
2025-05-24T07:14:29.329Z [LOG] 处理自定义协议请求: app://thumbnail/1748067717436-RDpcVXNl.jpg
2025-05-24T07:14:29.329Z [LOG] 缩略图路径: D:\code\cursor\looklook\userdata\thumbnails\1748067717436-RDpcVXNl.jpg
2025-05-24T07:14:29.330Z [LOG] 处理自定义协议请求: app://thumbnail/1748067717057-RDpcVXNl.jpg
2025-05-24T07:14:29.330Z [LOG] 缩略图路径: D:\code\cursor\looklook\userdata\thumbnails\1748067717057-RDpcVXNl.jpg
2025-05-24T07:14:29.331Z [LOG] 处理自定义协议请求: app://thumbnail/1748067717957-RDpcVXNl.jpg
2025-05-24T07:14:29.331Z [LOG] 缩略图路径: D:\code\cursor\looklook\userdata\thumbnails\1748067717957-RDpcVXNl.jpg
2025-05-24T07:14:29.332Z [LOG] 处理自定义协议请求: app://thumbnail/1748067715392-RDpcVXNl.jpg
2025-05-24T07:14:29.332Z [LOG] 缩略图路径: D:\code\cursor\looklook\userdata\thumbnails\1748067715392-RDpcVXNl.jpg
2025-05-24T07:14:29.333Z [LOG] 处理自定义协议请求: app://thumbnail/1748067715744-RDpcVXNl.jpg
2025-05-24T07:14:29.333Z [LOG] 缩略图路径: D:\code\cursor\looklook\userdata\thumbnails\1748067715744-RDpcVXNl.jpg
2025-05-24T07:14:29.334Z [LOG] 处理自定义协议请求: app://thumbnail/1748067716085-RDpcVXNl.jpg
2025-05-24T07:14:29.334Z [LOG] 缩略图路径: D:\code\cursor\looklook\userdata\thumbnails\1748067716085-RDpcVXNl.jpg
2025-05-24T07:14:29.335Z [LOG] 处理自定义协议请求: app://thumbnail/1748067716377-RDpcVXNl.jpg
2025-05-24T07:14:29.335Z [LOG] 缩略图路径: D:\code\cursor\looklook\userdata\thumbnails\1748067716377-RDpcVXNl.jpg
2025-05-24T07:14:29.336Z [LOG] 处理自定义协议请求: app://thumbnail/1748067716422-RDpcVXNl.jpg
2025-05-24T07:14:29.336Z [LOG] 缩略图路径: D:\code\cursor\looklook\userdata\thumbnails\1748067716422-RDpcVXNl.jpg
2025-05-24T07:14:32.981Z [LOG] 处理get-settings请求
2025-05-24T07:14:32.982Z [LOG] 设置已加载
2025-05-24T07:14:33.936Z [LOG] 打开源文件夹: D:\Users\Videos\第一次选择\新建文件夹 (2)\test-001_原文件.AVI
2025-05-24T07:14:39.764Z [LOG] 打开文件选择对话框: {"title":"选择目标文件夹","properties":["openDirectory"]}
2025-05-24T07:14:42.268Z [LOG] 文件选择结果: {"canceled":false,"filePaths":["D:\\Users\\Videos\\测试长视频"]}
2025-05-24T07:14:42.270Z [LOG] 准备移动 12 个视频到 D:\Users\Videos\测试长视频
2025-05-24T07:14:42.271Z [LOG] 使用快速移动: test-002.mp4 -> test-002.mp4
2025-05-24T07:14:42.272Z [LOG] 更新视频ID: comp-1748070168993-69xp9yy4v5tb4fsb 的文件路径为: D:\Users\Videos\测试长视频\test-002.mp4
2025-05-24T07:14:42.273Z [LOG] 成功更新 1 条视频记录的文件路径和文件名
2025-05-24T07:14:42.325Z [LOG] 使用快速移动: test-001.mp4 -> test-001.mp4
2025-05-24T07:14:42.326Z [LOG] 更新视频ID: comp-1748070154450-erp7fxb9d0aszvji 的文件路径为: D:\Users\Videos\测试长视频\test-001.mp4
2025-05-24T07:14:42.326Z [LOG] 成功更新 1 条视频记录的文件路径和文件名
2025-05-24T07:14:42.385Z [LOG] 使用快速移动: test-001_原文件.AVI -> test-001_原文件.AVI
2025-05-24T07:14:42.386Z [LOG] 更新视频ID: 1748067716858-RDpcVXNl 的文件路径为: D:\Users\Videos\测试长视频\test-001_原文件.AVI
2025-05-24T07:14:42.387Z [LOG] 成功更新 1 条视频记录的文件路径和文件名
2025-05-24T07:14:42.442Z [LOG] 使用快速移动: 1538673501-1-192.mp4 -> 1538673501-1-192(1).mp4
2025-05-24T07:14:42.442Z [LOG] 更新视频ID: 1748067723673-RDpcVXNl 的文件路径为: D:\Users\Videos\测试长视频\1538673501-1-192(1).mp4
2025-05-24T07:14:42.443Z [LOG] 成功更新 1 条视频记录的文件路径和文件名
2025-05-24T07:14:42.508Z [LOG] 使用快速移动: test-005.AVI -> test-005.AVI
2025-05-24T07:14:42.508Z [LOG] 更新视频ID: 1748067717957-RDpcVXNl 的文件路径为: D:\Users\Videos\测试长视频\test-005.AVI
2025-05-24T07:14:42.510Z [LOG] 成功更新 1 条视频记录的文件路径和文件名
2025-05-24T07:14:42.567Z [LOG] 使用快速移动: test-004.AVI -> test-004.AVI
2025-05-24T07:14:42.567Z [LOG] 更新视频ID: 1748067717057-RDpcVXNl 的文件路径为: D:\Users\Videos\测试长视频\test-004.AVI
2025-05-24T07:14:42.568Z [LOG] 成功更新 1 条视频记录的文件路径和文件名
2025-05-24T07:14:42.630Z [LOG] 使用快速移动: test-003.AVI -> test-003.AVI
2025-05-24T07:14:42.630Z [LOG] 更新视频ID: 1748067717436-RDpcVXNl 的文件路径为: D:\Users\Videos\测试长视频\test-003.AVI
2025-05-24T07:14:42.632Z [LOG] 成功更新 1 条视频记录的文件路径和文件名
2025-05-24T07:14:42.693Z [LOG] 使用快速移动: test-005.AVI -> test-005(1).AVI
2025-05-24T07:14:42.694Z [LOG] 更新视频ID: 1748067716422-RDpcVXNl 的文件路径为: D:\Users\Videos\测试长视频\test-005(1).AVI
2025-05-24T07:14:42.695Z [LOG] 成功更新 1 条视频记录的文件路径和文件名
2025-05-24T07:14:42.754Z [LOG] 使用快速移动: test-004.AVI -> test-004(1).AVI
2025-05-24T07:14:42.755Z [LOG] 更新视频ID: 1748067716377-RDpcVXNl 的文件路径为: D:\Users\Videos\测试长视频\test-004(1).AVI
2025-05-24T07:14:42.756Z [LOG] 成功更新 1 条视频记录的文件路径和文件名
2025-05-24T07:14:42.817Z [LOG] 使用快速移动: test-003.AVI -> test-003(1).AVI
2025-05-24T07:14:42.817Z [LOG] 更新视频ID: 1748067716085-RDpcVXNl 的文件路径为: D:\Users\Videos\测试长视频\test-003(1).AVI
2025-05-24T07:14:42.819Z [LOG] 成功更新 1 条视频记录的文件路径和文件名
2025-05-24T07:14:42.878Z [LOG] 使用快速移动: test-002.AVI -> test-002.AVI
2025-05-24T07:14:42.879Z [LOG] 更新视频ID: 1748067715744-RDpcVXNl 的文件路径为: D:\Users\Videos\测试长视频\test-002.AVI
2025-05-24T07:14:42.880Z [LOG] 成功更新 1 条视频记录的文件路径和文件名
2025-05-24T07:14:42.944Z [LOG] 使用快速移动: test-001.AVI -> test-001.AVI
2025-05-24T07:14:42.945Z [LOG] 更新视频ID: 1748067715392-RDpcVXNl 的文件路径为: D:\Users\Videos\测试长视频\test-001.AVI
2025-05-24T07:14:42.946Z [LOG] 成功更新 1 条视频记录的文件路径和文件名
2025-05-24T07:14:43.002Z [LOG] 移动完成: 总共 12 个视频，成功 12 个，失败 0 个
2025-05-24T07:14:43.004Z [LOG] 处理get-videos请求
2025-05-24T07:14:49.412Z [LOG] 处理自定义协议请求: app://thumbnail/1748067723673-RDpcVXNl.jpg
2025-05-24T07:14:49.413Z [LOG] 缩略图路径: D:\code\cursor\looklook\userdata\thumbnails\1748067723673-RDpcVXNl.jpg
2025-05-24T07:14:49.414Z [LOG] 处理自定义协议请求: app://thumbnail/1748067716858-RDpcVXNl.jpg
2025-05-24T07:14:49.415Z [LOG] 缩略图路径: D:\code\cursor\looklook\userdata\thumbnails\1748067716858-RDpcVXNl.jpg
2025-05-24T07:14:49.415Z [LOG] 处理自定义协议请求: app://thumbnail/1748067715392-RDpcVXNl.jpg
2025-05-24T07:14:49.416Z [LOG] 缩略图路径: D:\code\cursor\looklook\userdata\thumbnails\1748067715392-RDpcVXNl.jpg
2025-05-24T07:14:49.417Z [LOG] 处理自定义协议请求: app://thumbnail/comp-1748070154450-erp7fxb9d0aszvji.jpg
2025-05-24T07:14:49.417Z [LOG] 缩略图路径: D:\code\cursor\looklook\userdata\thumbnails\comp-1748070154450-erp7fxb9d0aszvji.jpg
2025-05-24T07:14:49.418Z [LOG] 处理自定义协议请求: app://thumbnail/1748067715744-RDpcVXNl.jpg
2025-05-24T07:14:49.418Z [LOG] 缩略图路径: D:\code\cursor\looklook\userdata\thumbnails\1748067715744-RDpcVXNl.jpg
2025-05-24T07:14:49.419Z [LOG] 处理自定义协议请求: app://thumbnail/comp-1748070168993-69xp9yy4v5tb4fsb.jpg
2025-05-24T07:14:49.419Z [LOG] 缩略图路径: D:\code\cursor\looklook\userdata\thumbnails\comp-1748070168993-69xp9yy4v5tb4fsb.jpg
2025-05-24T07:14:49.420Z [LOG] 处理自定义协议请求: app://thumbnail/1748067717436-RDpcVXNl.jpg
2025-05-24T07:14:49.421Z [LOG] 缩略图路径: D:\code\cursor\looklook\userdata\thumbnails\1748067717436-RDpcVXNl.jpg
2025-05-24T07:14:49.422Z [LOG] 处理自定义协议请求: app://thumbnail/1748067716085-RDpcVXNl.jpg
2025-05-24T07:14:49.422Z [LOG] 缩略图路径: D:\code\cursor\looklook\userdata\thumbnails\1748067716085-RDpcVXNl.jpg
2025-05-24T07:14:49.423Z [LOG] 处理自定义协议请求: app://thumbnail/1748067717057-RDpcVXNl.jpg
2025-05-24T07:14:49.423Z [LOG] 缩略图路径: D:\code\cursor\looklook\userdata\thumbnails\1748067717057-RDpcVXNl.jpg
2025-05-24T07:14:49.424Z [LOG] 处理自定义协议请求: app://thumbnail/1748067716377-RDpcVXNl.jpg
2025-05-24T07:14:49.424Z [LOG] 缩略图路径: D:\code\cursor\looklook\userdata\thumbnails\1748067716377-RDpcVXNl.jpg
2025-05-24T07:14:49.425Z [LOG] 处理自定义协议请求: app://thumbnail/1748067717957-RDpcVXNl.jpg
2025-05-24T07:14:49.425Z [LOG] 缩略图路径: D:\code\cursor\looklook\userdata\thumbnails\1748067717957-RDpcVXNl.jpg
2025-05-24T07:14:49.426Z [LOG] 处理自定义协议请求: app://thumbnail/1748067716422-RDpcVXNl.jpg
2025-05-24T07:14:49.427Z [LOG] 缩略图路径: D:\code\cursor\looklook\userdata\thumbnails\1748067716422-RDpcVXNl.jpg
2025-05-24T07:14:51.984Z [LOG] 删除视频ID: comp-1748070168993-69xp9yy4v5tb4fsb
2025-05-24T07:14:51.990Z [LOG] 通知渲染进程数据已更新
2025-05-24T07:14:51.991Z [LOG] 处理get-videos请求
2025-05-24T07:14:51.991Z [LOG] 删除缩略图: app://thumbnail/comp-1748070168993-69xp9yy4v5tb4fsb.jpg
2025-05-24T07:14:51.992Z [LOG] 缩略图已成功删除: D:\code\cursor\looklook\userdata\thumbnails\comp-1748070168993-69xp9yy4v5tb4fsb.jpg
2025-05-24T07:14:51.996Z [LOG] 删除视频ID: comp-1748070154450-erp7fxb9d0aszvji
2025-05-24T07:14:51.997Z [LOG] 通知渲染进程数据已更新
2025-05-24T07:14:51.998Z [LOG] 处理get-videos请求
2025-05-24T07:14:51.998Z [LOG] 删除缩略图: app://thumbnail/comp-1748070154450-erp7fxb9d0aszvji.jpg
2025-05-24T07:14:51.999Z [LOG] 缩略图已成功删除: D:\code\cursor\looklook\userdata\thumbnails\comp-1748070154450-erp7fxb9d0aszvji.jpg
2025-05-24T07:14:52.013Z [LOG] 删除视频ID: 1748067716858-RDpcVXNl
2025-05-24T07:14:52.014Z [LOG] 通知渲染进程数据已更新
2025-05-24T07:14:52.015Z [LOG] 处理get-videos请求
2025-05-24T07:14:52.015Z [LOG] 删除缩略图: app://thumbnail/1748067716858-RDpcVXNl.jpg
2025-05-24T07:14:52.016Z [LOG] 缩略图已成功删除: D:\code\cursor\looklook\userdata\thumbnails\1748067716858-RDpcVXNl.jpg
2025-05-24T07:14:52.020Z [LOG] 删除视频ID: 1748067717957-RDpcVXNl
2025-05-24T07:14:52.022Z [LOG] 通知渲染进程数据已更新
2025-05-24T07:14:52.030Z [LOG] 处理get-videos请求
2025-05-24T07:14:52.031Z [LOG] 删除缩略图: app://thumbnail/1748067717957-RDpcVXNl.jpg
2025-05-24T07:14:52.031Z [LOG] 缩略图已成功删除: D:\code\cursor\looklook\userdata\thumbnails\1748067717957-RDpcVXNl.jpg
2025-05-24T07:14:52.035Z [LOG] 删除视频ID: 1748067717057-RDpcVXNl
2025-05-24T07:14:52.036Z [LOG] 通知渲染进程数据已更新
2025-05-24T07:14:52.037Z [LOG] 处理get-videos请求
2025-05-24T07:14:52.038Z [LOG] 删除缩略图: app://thumbnail/1748067717057-RDpcVXNl.jpg
2025-05-24T07:14:52.039Z [LOG] 缩略图已成功删除: D:\code\cursor\looklook\userdata\thumbnails\1748067717057-RDpcVXNl.jpg
2025-05-24T07:14:52.042Z [LOG] 删除视频ID: 1748067717436-RDpcVXNl
2025-05-24T07:14:52.044Z [LOG] 通知渲染进程数据已更新
2025-05-24T07:14:52.048Z [LOG] 处理get-videos请求
2025-05-24T07:14:52.048Z [LOG] 删除缩略图: app://thumbnail/1748067717436-RDpcVXNl.jpg
2025-05-24T07:14:52.049Z [LOG] 缩略图已成功删除: D:\code\cursor\looklook\userdata\thumbnails\1748067717436-RDpcVXNl.jpg
2025-05-24T07:14:52.050Z [LOG] 删除视频ID: 1748067716422-RDpcVXNl
2025-05-24T07:14:52.051Z [LOG] 通知渲染进程数据已更新
2025-05-24T07:14:52.052Z [LOG] 处理get-videos请求
2025-05-24T07:14:52.052Z [LOG] 删除缩略图: app://thumbnail/1748067716422-RDpcVXNl.jpg
2025-05-24T07:14:52.053Z [LOG] 缩略图已成功删除: D:\code\cursor\looklook\userdata\thumbnails\1748067716422-RDpcVXNl.jpg
2025-05-24T07:14:52.053Z [LOG] 删除视频ID: 1748067716377-RDpcVXNl
2025-05-24T07:14:52.054Z [LOG] 通知渲染进程数据已更新
2025-05-24T07:14:52.054Z [LOG] 处理get-videos请求
2025-05-24T07:14:52.054Z [LOG] 删除缩略图: app://thumbnail/1748067716377-RDpcVXNl.jpg
2025-05-24T07:14:52.064Z [LOG] 缩略图已成功删除: D:\code\cursor\looklook\userdata\thumbnails\1748067716377-RDpcVXNl.jpg
2025-05-24T07:14:52.065Z [LOG] 删除视频ID: 1748067716085-RDpcVXNl
2025-05-24T07:14:52.068Z [LOG] 通知渲染进程数据已更新
2025-05-24T07:14:52.068Z [LOG] 处理get-videos请求
2025-05-24T07:14:52.068Z [LOG] 删除缩略图: app://thumbnail/1748067716085-RDpcVXNl.jpg
2025-05-24T07:14:52.069Z [LOG] 缩略图已成功删除: D:\code\cursor\looklook\userdata\thumbnails\1748067716085-RDpcVXNl.jpg
2025-05-24T07:14:52.069Z [LOG] 删除视频ID: 1748067715744-RDpcVXNl
2025-05-24T07:14:52.070Z [LOG] 通知渲染进程数据已更新
2025-05-24T07:14:52.070Z [LOG] 处理get-videos请求
2025-05-24T07:14:52.071Z [LOG] 删除缩略图: app://thumbnail/1748067715744-RDpcVXNl.jpg
2025-05-24T07:14:52.071Z [LOG] 缩略图已成功删除: D:\code\cursor\looklook\userdata\thumbnails\1748067715744-RDpcVXNl.jpg
2025-05-24T07:14:52.072Z [LOG] 删除视频ID: 1748067715392-RDpcVXNl
2025-05-24T07:14:52.072Z [LOG] 通知渲染进程数据已更新
2025-05-24T07:14:52.073Z [LOG] 处理get-videos请求
2025-05-24T07:14:52.073Z [LOG] 删除缩略图: app://thumbnail/1748067715392-RDpcVXNl.jpg
2025-05-24T07:14:52.073Z [LOG] 缩略图已成功删除: D:\code\cursor\looklook\userdata\thumbnails\1748067715392-RDpcVXNl.jpg
2025-05-24T07:15:09.157Z [LOG] 删除视频ID: 1748067723673-RDpcVXNl
2025-05-24T07:15:09.159Z [LOG] 通知渲染进程数据已更新
2025-05-24T07:15:09.161Z [LOG] 处理get-videos请求
2025-05-24T07:15:09.162Z [LOG] 删除缩略图: app://thumbnail/1748067723673-RDpcVXNl.jpg
2025-05-24T07:15:09.163Z [LOG] 缩略图已成功删除: D:\code\cursor\looklook\userdata\thumbnails\1748067723673-RDpcVXNl.jpg
2025-05-24T07:15:10.318Z [LOG] 处理import-folder请求
2025-05-24T07:15:13.539Z [LOG] 用户选择了文件夹: D:\Users\Videos\测试长视频
2025-05-24T07:15:13.540Z [LOG] 开始搜索文件夹 D:\Users\Videos\测试长视频 中的视频文件
2025-05-24T07:15:13.540Z [LOG] 搜索文件夹: D:\Users\Videos\测试长视频
2025-05-24T07:15:13.541Z [LOG] 搜索文件夹: D:\Users\Videos\测试长视频\新建文件夹
2025-05-24T07:15:13.541Z [LOG] 在文件夹中找到 1 个视频文件
2025-05-24T07:15:13.542Z [LOG] 当前数据库中有 0 个视频记录
2025-05-24T07:15:13.542Z [LOG] 其中新增视频 1 个，重复视频 0 个
2025-05-24T07:15:13.542Z [LOG] 设置已加载
2025-05-24T07:15:13.543Z [LOG] 获取视频分辨率: D:\Users\Videos\测试长视频\1538673501-1-192.mp4
2025-05-24T07:15:13.543Z [MAIN] 开始获取视频分辨率: D:\Users\Videos\测试长视频\1538673501-1-192.mp4
2025-05-24T07:15:13.543Z [LOG] 直接获取视频分辨率
2025-05-24T07:15:13.543Z [RESOLUTION] 开始获取视频分辨率: D:\Users\Videos\测试长视频\1538673501-1-192.mp4
2025-05-24T07:15:13.544Z [PATH] 尝试获取FFprobe路径
2025-05-24T07:15:13.544Z [LOG] 使用配置的FFprobe路径: D:\code\cursor\looklook\node_modules\ffprobe-static\bin\win32\x64\ffprobe.exe
2025-05-24T07:15:13.544Z [PATH] 使用配置的FFprobe路径: D:\code\cursor\looklook\node_modules\ffprobe-static\bin\win32\x64\ffprobe.exe
2025-05-24T07:15:13.544Z [RESOLUTION] 在开发环境中使用ffprobe路径: D:\code\cursor\looklook\node_modules\ffprobe-static\bin\win32\x64\ffprobe.exe
2025-05-24T07:15:13.544Z [RESOLUTION] 检查ffprobe可执行文件是否存在: true
2025-05-24T07:15:13.544Z [LOG] 执行命令: "D:\code\cursor\looklook\node_modules\ffprobe-static\bin\win32\x64\ffprobe.exe" -v error -select_streams v:0 -show_entries stream=width,height -of csv=s=x:p=0 "D:\Users\Videos\测试长视频\1538673501-1-192.mp4"
2025-05-24T07:15:13.544Z [RESOLUTION] 开始执行命令获取分辨率: "D:\code\cursor\looklook\node_modules\ffprobe-static\bin\win32\x64\ffprobe.exe" -v error -select_streams v:0 -show_entries stream=width,height -of csv=s=x:p=0 "D:\Users\Videos\测试长视频\1538673501-1-192.mp4"
2025-05-24T07:15:13.619Z [RESOLUTION] 命令输出: "1280x720"
2025-05-24T07:15:13.620Z [LOG] 成功解析分辨率: 1280×720
2025-05-24T07:15:13.620Z [RESOLUTION] 成功解析分辨率: 1280×720
2025-05-24T07:15:13.620Z [LOG] 获取视频时长: D:\Users\Videos\测试长视频\1538673501-1-192.mp4
2025-05-24T07:15:13.621Z [MAIN] 开始获取视频时长: D:\Users\Videos\测试长视频\1538673501-1-192.mp4
2025-05-24T07:15:13.621Z [LOG] 直接获取视频时长
2025-05-24T07:15:13.622Z [DURATION] 开始获取视频时长: D:\Users\Videos\测试长视频\1538673501-1-192.mp4
2025-05-24T07:15:13.622Z [PATH] 尝试获取FFprobe路径
2025-05-24T07:15:13.622Z [LOG] 使用配置的FFprobe路径: D:\code\cursor\looklook\node_modules\ffprobe-static\bin\win32\x64\ffprobe.exe
2025-05-24T07:15:13.622Z [PATH] 使用配置的FFprobe路径: D:\code\cursor\looklook\node_modules\ffprobe-static\bin\win32\x64\ffprobe.exe
2025-05-24T07:15:13.622Z [DURATION] 在开发环境中使用ffprobe路径: D:\code\cursor\looklook\node_modules\ffprobe-static\bin\win32\x64\ffprobe.exe
2025-05-24T07:15:13.622Z [DURATION] 检查ffprobe可执行文件是否存在: true
2025-05-24T07:15:13.623Z [LOG] 执行命令: "D:\code\cursor\looklook\node_modules\ffprobe-static\bin\win32\x64\ffprobe.exe" -v error -show_entries format=duration -of default=noprint_wrappers=1:nokey=1 "D:\Users\Videos\测试长视频\1538673501-1-192.mp4"
2025-05-24T07:15:13.623Z [DURATION] 开始执行命令获取时长: "D:\code\cursor\looklook\node_modules\ffprobe-static\bin\win32\x64\ffprobe.exe" -v error -show_entries format=duration -of default=noprint_wrappers=1:nokey=1 "D:\Users\Videos\测试长视频\1538673501-1-192.mp4"
2025-05-24T07:15:13.699Z [DURATION] 命令输出: "2390.144000"
2025-05-24T07:15:13.700Z [LOG] 成功解析时长: 00:39:50
2025-05-24T07:15:13.700Z [DURATION] 成功解析时长: 00:39:50
2025-05-24T07:15:13.700Z [LOG] 开始生成缩略图，视频路径: D:\Users\Videos\测试长视频\1538673501-1-192.mp4
2025-05-24T07:15:13.701Z [LOG] 缩略图输出路径: D:\code\cursor\looklook\userdata\thumbnails\1748070913943-RDpcVXNl.jpg
2025-05-24T07:15:13.701Z [LOG] 生成随机时间点: 00:00:11
2025-05-24T07:15:13.701Z [LOG] 使用直接命令行ffmpeg生成缩略图
2025-05-24T07:15:13.702Z [PATH] 尝试获取FFmpeg路径
2025-05-24T07:15:13.702Z [LOG] 使用配置的FFmpeg路径: D:\code\cursor\looklook\node_modules\ffmpeg-static\ffmpeg.exe
2025-05-24T07:15:13.702Z [PATH] 使用配置的FFmpeg路径: D:\code\cursor\looklook\node_modules\ffmpeg-static\ffmpeg.exe
2025-05-24T07:15:13.702Z [LOG] 将使用时间点 00:00:11 生成缩略图
2025-05-24T07:15:13.703Z [LOG] 执行命令: D:\code\cursor\looklook\node_modules\ffmpeg-static\ffmpeg.exe -ss 00:00:11 -i D:\Users\Videos\测试长视频\1538673501-1-192.mp4 -vframes 1 -s 320x180 -y D:\code\cursor\looklook\userdata\thumbnails\1748070913943-RDpcVXNl.jpg
2025-05-24T07:15:13.812Z [LOG] 直接ffmpeg成功生成缩略图: D:\code\cursor\looklook\userdata\thumbnails\1748070913943-RDpcVXNl.jpg
2025-05-24T07:15:13.812Z [LOG] 通过直接ffmpeg命令生成缩略图成功
2025-05-24T07:15:13.812Z [LOG] 保存当前批次的 1 个视频到数据库
2025-05-24T07:15:13.814Z [LOG] 通知渲染进程数据已更新
2025-05-24T07:15:13.814Z [LOG] 成功保存批次中的 1 个视频到数据库
2025-05-24T07:15:13.814Z [LOG] 处理get-videos请求
2025-05-24T07:15:13.815Z [LOG] 处理get-videos请求
2025-05-24T07:15:21.771Z [LOG] 准备压缩 1 个视频
2025-05-24T07:15:21.771Z [COMPRESS] 准备压缩 1 个视频
2025-05-24T07:15:21.773Z [LOG] 开始处理视频: 1538673501-1-192.mp4
2025-05-24T07:15:21.773Z [COMPRESS] 开始处理视频: 1538673501-1-192.mp4
2025-05-24T07:15:21.878Z [LOG] 开始压缩视频: D:\Users\Videos\测试长视频\1538673501-1-192.mp4 -> D:\Users\Videos\测试长视频\1538673501-1-192_正在压缩.mp4
2025-05-24T07:15:21.879Z [COMPRESS] 开始压缩视频: D:\Users\Videos\测试长视频\1538673501-1-192.mp4 -> D:\Users\Videos\测试长视频\1538673501-1-192_正在压缩.mp4
2025-05-24T07:15:21.879Z [PATH] 尝试获取FFmpeg路径
2025-05-24T07:15:21.879Z [LOG] 使用配置的FFmpeg路径: D:\code\cursor\looklook\node_modules\ffmpeg-static\ffmpeg.exe
2025-05-24T07:15:21.879Z [PATH] 使用配置的FFmpeg路径: D:\code\cursor\looklook\node_modules\ffmpeg-static\ffmpeg.exe
2025-05-24T07:15:21.880Z [LOG] ffmpeg命令: D:\code\cursor\looklook\node_modules\ffmpeg-static\ffmpeg.exe -i D:\Users\Videos\测试长视频\1538673501-1-192.mp4 -c:v libx265 -crf 28 -preset medium -c:a aac -b:a 128k -movflags +faststart -pix_fmt yuv420p -y D:\Users\Videos\测试长视频\1538673501-1-192_正在压缩.mp4
2025-05-24T07:15:21.880Z [COMPRESS] ffmpeg命令: D:\code\cursor\looklook\node_modules\ffmpeg-static\ffmpeg.exe -i D:\Users\Videos\测试长视频\1538673501-1-192.mp4 -c:v libx265 -crf 28 -preset medium -c:a aac -b:a 128k -movflags +faststart -pix_fmt yuv420p -y D:\Users\Videos\测试长视频\1538673501-1-192_正在压缩.mp4
2025-05-24T07:15:25.293Z [LOG] 处理get-enum-values请求: collection
2025-05-24T07:15:25.294Z [LOG] 处理get-enum-values请求: actors
2025-05-24T07:15:31.902Z [LOG] 用户暂停压缩视频
2025-05-24T07:15:31.903Z [COMPRESS] 用户暂停压缩视频
2025-05-24T07:15:31.903Z [LOG] 终止当前压缩进程: 1538673501-1-192.mp4
2025-05-24T07:15:31.903Z [COMPRESS] 终止当前压缩进程: 1538673501-1-192.mp4
2025-05-24T07:15:31.952Z [LOG] 压缩已暂停，将当前任务重新加入队列
2025-05-24T07:15:31.952Z [COMPRESS] 压缩已暂停，将当前任务重新加入队列
2025-05-24T07:15:31.953Z [LOG] 已删除临时文件: D:\Users\Videos\测试长视频\1538673501-1-192_正在压缩.mp4
2025-05-24T07:15:31.953Z [COMPRESS] 已删除临时文件: D:\Users\Videos\测试长视频\1538673501-1-192_正在压缩.mp4
2025-05-24T07:15:38.025Z [LOG] 用户继续压缩视频（更新参数）: {"mode":"perceptual","autoTag":true,"autoDelete":false,"useGpu":false}
2025-05-24T07:15:38.026Z [COMPRESS] 用户继续压缩视频（更新参数）: {"mode":"perceptual","autoTag":true,"autoDelete":false,"useGpu":false}
2025-05-24T07:15:38.027Z [LOG] 压缩参数已更新: {"mode":"perceptual","autoTag":true,"autoDelete":false,"useGpu":false}
2025-05-24T07:15:38.027Z [COMPRESS] 压缩参数已更新: {"mode":"perceptual","autoTag":true,"autoDelete":false,"useGpu":false}
2025-05-24T07:15:38.028Z [LOG] 开始处理视频: 1538673501-1-192.mp4
2025-05-24T07:15:38.028Z [COMPRESS] 开始处理视频: 1538673501-1-192.mp4
2025-05-24T07:15:38.108Z [LOG] 开始压缩视频: D:\Users\Videos\测试长视频\1538673501-1-192.mp4 -> D:\Users\Videos\测试长视频\1538673501-1-192_正在压缩.mp4
2025-05-24T07:15:38.108Z [COMPRESS] 开始压缩视频: D:\Users\Videos\测试长视频\1538673501-1-192.mp4 -> D:\Users\Videos\测试长视频\1538673501-1-192_正在压缩.mp4
2025-05-24T07:15:38.108Z [PATH] 尝试获取FFmpeg路径
2025-05-24T07:15:38.109Z [LOG] 使用配置的FFmpeg路径: D:\code\cursor\looklook\node_modules\ffmpeg-static\ffmpeg.exe
2025-05-24T07:15:38.109Z [PATH] 使用配置的FFmpeg路径: D:\code\cursor\looklook\node_modules\ffmpeg-static\ffmpeg.exe
2025-05-24T07:15:38.109Z [LOG] ffmpeg命令: D:\code\cursor\looklook\node_modules\ffmpeg-static\ffmpeg.exe -i D:\Users\Videos\测试长视频\1538673501-1-192.mp4 -c:v libx265 -crf 28 -preset medium -c:a aac -b:a 128k -movflags +faststart -pix_fmt yuv420p -y D:\Users\Videos\测试长视频\1538673501-1-192_正在压缩.mp4
2025-05-24T07:15:38.109Z [COMPRESS] ffmpeg命令: D:\code\cursor\looklook\node_modules\ffmpeg-static\ffmpeg.exe -i D:\Users\Videos\测试长视频\1538673501-1-192.mp4 -c:v libx265 -crf 28 -preset medium -c:a aac -b:a 128k -movflags +faststart -pix_fmt yuv420p -y D:\Users\Videos\测试长视频\1538673501-1-192_正在压缩.mp4
2025-05-24T07:15:38.819Z [LOG] 用户暂停压缩视频
2025-05-24T07:15:38.820Z [COMPRESS] 用户暂停压缩视频
2025-05-24T07:15:38.821Z [LOG] 终止当前压缩进程: 1538673501-1-192.mp4
2025-05-24T07:15:38.821Z [COMPRESS] 终止当前压缩进程: 1538673501-1-192.mp4
2025-05-24T07:15:38.866Z [LOG] 压缩已暂停，将当前任务重新加入队列
2025-05-24T07:15:38.867Z [COMPRESS] 压缩已暂停，将当前任务重新加入队列
2025-05-24T07:15:38.867Z [LOG] 已删除临时文件: D:\Users\Videos\测试长视频\1538673501-1-192_正在压缩.mp4
2025-05-24T07:15:38.868Z [COMPRESS] 已删除临时文件: D:\Users\Videos\测试长视频\1538673501-1-192_正在压缩.mp4
2025-05-24T07:15:55.654Z [LOG] 用户取消批量压缩任务
2025-05-24T07:15:55.654Z [COMPRESS] 用户取消批量压缩任务
2025-05-24T07:16:25.293Z [LOG] 处理get-enum-values请求: collection
2025-05-24T07:16:25.294Z [LOG] 处理get-enum-values请求: actors
2025-05-24T07:17:40.653Z 日志开始 - 2025-05-24T07:17:40.652Z - 应用版本: 2.1.2 - 运行环境: 开发环境
2025-05-24T07:17:40.653Z 系统信息: win32 x64 - Node.js 18.18.2
2025-05-24T07:17:40.653Z App路径: D:\code\cursor\looklook
2025-05-24T07:17:40.653Z 可执行文件路径: D:\code\cursor\looklook\node_modules\electron\dist\electron.exe
2025-05-24T07:17:40.653Z [LOG] 日志文件已创建: D:\code\cursor\looklook\userdata\logs\app-2025-05-24.log
2025-05-24T07:17:40.654Z [ERROR] 设置控制台编码失败: process.stdout.setEncoding is not a function
2025-05-24T07:17:40.654Z [LOG] 应用准备就绪
2025-05-24T07:17:40.655Z [ENV] 运行模式: 开发环境
2025-05-24T07:17:40.655Z [ENV] 应用路径: D:\code\cursor\looklook
2025-05-24T07:17:40.655Z [ENV] 可执行文件路径: D:\code\cursor\looklook\node_modules\electron\dist\electron.exe
2025-05-24T07:17:40.655Z [ENV] 用户数据路径: D:\code\cursor\looklook\userdata
2025-05-24T07:17:40.655Z [FFMPEG_COPY] 开发环境中无需复制FFmpeg和FFprobe
2025-05-24T07:17:40.656Z [LOG] 用户数据目录: D:\code\cursor\looklook\userdata
2025-05-24T07:17:40.656Z [LOG] 缩略图目录: D:\code\cursor\looklook\userdata\thumbnails
2025-05-24T07:17:40.657Z [LOG] 设置文件已存在，无需创建默认设置
2025-05-24T07:17:40.659Z [LOG] 打包状态: 开发环境
2025-05-24T07:17:40.660Z [LOG] App Path: D:\code\cursor\looklook
2025-05-24T07:17:40.660Z [LOG] Exe Path: D:\code\cursor\looklook\node_modules\electron\dist\electron.exe
2025-05-24T07:17:40.661Z [LOG] 应用目录: D:\code\cursor\looklook\node_modules\electron\dist
2025-05-24T07:17:40.661Z [LOG] 资源目录: D:\code\cursor\looklook\node_modules\electron\dist\resources
2025-05-24T07:17:40.661Z [TEST] 开始测试FFmpeg和FFprobe可执行性
2025-05-24T07:17:40.661Z [TEST] 打包状态: 开发环境
2025-05-24T07:17:40.661Z [TEST] App路径: D:\code\cursor\looklook
2025-05-24T07:17:40.661Z [TEST] 可执行文件路径: D:\code\cursor\looklook\node_modules\electron\dist\electron.exe
2025-05-24T07:17:40.661Z [TEST] 应用目录: D:\code\cursor\looklook\node_modules\electron\dist
2025-05-24T07:17:40.661Z [TEST] 资源目录: D:\code\cursor\looklook\node_modules\electron\dist\resources
2025-05-24T07:17:40.662Z [LOG] 检查node_modules路径: D:\code\cursor\looklook\node_modules\electron\dist\resources\node_modules, 存在: false
2025-05-24T07:17:40.662Z [TEST] 检查node_modules路径: D:\code\cursor\looklook\node_modules\electron\dist\resources\node_modules, 存在: false
2025-05-24T07:17:40.662Z [LOG] 检查node_modules路径: D:\code\cursor\looklook\node_modules\electron\dist\node_modules, 存在: false
2025-05-24T07:17:40.662Z [TEST] 检查node_modules路径: D:\code\cursor\looklook\node_modules\electron\dist\node_modules, 存在: false
2025-05-24T07:17:40.663Z [LOG] 检查node_modules路径: D:\code\cursor\looklook\node_modules, 存在: true
2025-05-24T07:17:40.663Z [TEST] 检查node_modules路径: D:\code\cursor\looklook\node_modules, 存在: true
2025-05-24T07:17:40.663Z [TEST] D:\code\cursor\looklook\node_modules 中内容: .bin, .package-lock.json, 7zip-bin, @derhuerst, @develar, @electron, @isaacs, @malept, @pkgjs, @sindresorhus, @szmarczak, @tootallnate, @types, @xmldom, agent-base, ajv, ajv-formats, ajv-keywords, ansi-regex, ansi-styles, app-builder-bin, app-builder-lib, archiver, archiver-utils, argparse, async, async-exit-hook, asynckit, at-least-node, atomically, balanced-match, base64-js, binary-search-tree, bl, bluebird, bluebird-lst, boolean, brace-expansion, buffer, buffer-crc32, buffer-equal, buffer-from, builder-util, builder-util-runtime, cacheable-lookup, cacheable-request, call-bind-apply-helpers, caseless, chalk, chownr, chromium-pickle-js, ci-info, cliui, clone-response, color-convert, color-name, combined-stream, commander, compare-version, compress-commons, concat-map, concat-stream, conf, config-file-ts, core-util-is, crc-32, crc32-stream, cross-spawn, debounce-fn, debug, decompress-response, defer-to-connect, define-data-property, define-properties, delayed-stream, detect-node, dir-compare, dmg-builder, dot-prop, dotenv, dotenv-expand, dunder-proto, eastasianwidth, ejs, electron, electron-builder, electron-builder-squirrel-windows, electron-publish, electron-store, emoji-regex, end-of-stream, env-paths, err-code, es-define-property, es-errors, es-object-atoms, es-set-tostringtag, es6-error, escalade, escape-string-regexp, extract-zip, fast-deep-equal, fast-json-stable-stringify, fast-uri, fd-slicer, ffmpeg-static, ffprobe-static, filelist, fluent-ffmpeg, foreground-child, form-data, fs-constants, fs-extra, fs-minipass, fs.realpath, function-bind, get-caller-file, get-intrinsic, get-proto, get-stream, glob, global-agent, globalthis, gopd, got, graceful-fs, has-flag, has-property-descriptors, has-symbols, has-tostringtag, hasown, hosted-git-info, http-cache-semantics, http-proxy-agent, http-response-object, http2-wrapper, https-proxy-agent, iconv-lite, ieee754, immediate, inflight, inherits, is-ci, is-fullwidth-code-point, isarray, isbinaryfile, isexe, jackspeak, jake, js-yaml, json-buffer, json-schema-traverse, json-schema-typed, json-stringify-safe, json5, jsonfile, keyv, lazy-val, lazystream, lie, localforage, lodash, lodash.defaults, lodash.difference, lodash.flatten, lodash.isplainobject, lodash.union, lowercase-keys, lru-cache, matcher, math-intrinsics, mime, mime-db, mime-types, mimic-function, mimic-response, minimatch, minimist, minipass, minizlib, mkdirp, ms, nedb, normalize-path, normalize-url, object-keys, once, p-cancelable, package-json-from-dist, parse-cache-control, path-is-absolute, path-key, path-scurry, pend, plist, process-nextick-args, progress, promise-retry, pump, punycode, quick-lru, read-config-file, readable-stream, readdir-glob, require-directory, require-from-string, resolve-alpn, responselike, retry, rimraf, roarr, safe-buffer, safer-buffer, sanitize-filename, sax, semver, semver-compare, serialize-error, shebang-command, shebang-regex, signal-exit, simple-update-notifier, source-map, source-map-support, sprintf-js, stat-mode, string-width, string-width-cjs, string_decoder, strip-ansi, strip-ansi-cjs, stubborn-fs, sumchecker, supports-color, tar, tar-stream, temp-file, tmp, tmp-promise, truncate-utf8-bytes, type-fest, typedarray, typescript, uint8array-extras, underscore, undici-types, universalify, uri-js, utf8-byte-length, util-deprecate, when-exit, which, wrap-ansi, wrap-ansi-cjs, wrappy, xmlbuilder, y18n, yallist, yargs, yargs-parser, yauzl, zip-stream
2025-05-24T07:17:40.664Z [TEST] ffmpeg-static存在于 D:\code\cursor\looklook\node_modules\ffmpeg-static
2025-05-24T07:17:40.664Z [TEST] ffmpeg-static内容: example.js, ffmpeg.exe, index.js, install.js, LICENSE, package.json, README.md, types
2025-05-24T07:17:40.664Z [TEST] ffprobe-static存在于 D:\code\cursor\looklook\node_modules\ffprobe-static
2025-05-24T07:17:40.664Z [TEST] ffprobe-static内容: bin, index.js, LICENSE, package.json, README.md, tests
2025-05-24T07:17:40.664Z [TEST] ffprobe-static/bin内容: darwin, linux, win32
2025-05-24T07:17:40.664Z [TEST] ffprobe-static/bin/win32内容: ia32, x64
2025-05-24T07:17:40.664Z [TEST] ffprobe-static/bin/win32/x64内容: ffprobe.exe
2025-05-24T07:17:40.665Z [LOG] 测试FFmpeg可执行性...
2025-05-24T07:17:40.665Z [TEST] 开始测试FFmpeg可执行性
2025-05-24T07:17:40.666Z [LOG] FFmpeg文件存在: D:\code\cursor\looklook\node_modules\ffmpeg-static\ffmpeg.exe
2025-05-24T07:17:40.666Z [TEST] FFmpeg文件存在: D:\code\cursor\looklook\node_modules\ffmpeg-static\ffmpeg.exe
2025-05-24T07:17:40.666Z [LOG] FFmpeg有执行权限
2025-05-24T07:17:40.666Z [TEST] FFmpeg有执行权限
2025-05-24T07:17:40.697Z [LOG] 测试FFprobe可执行性...
2025-05-24T07:17:40.698Z [LOG] FFprobe文件存在: D:\code\cursor\looklook\node_modules\ffprobe-static\bin\win32\x64\ffprobe.exe
2025-05-24T07:17:40.698Z [LOG] FFprobe有执行权限
2025-05-24T07:17:40.765Z [LOG] 注册IPC事件处理程序...
2025-05-24T07:17:40.765Z [LOG] IPC事件处理程序注册完成
2025-05-24T07:17:40.771Z [LOG] FFprobe执行测试成功: ffprobe version 4.0.2 Copyright (c) 2007-2018 the FFmpeg developers
2025-05-24T07:17:40.771Z [LOG] FFmpeg执行测试成功: ffmpeg version 7.1.1-essentials_build-www.gyan.dev Copyright (c) 2000-2025 the FFmpeg developers
2025-05-24T07:17:40.771Z [TEST] FFmpeg执行测试成功: ffmpeg version 7.1.1-essentials_build-www.gyan.dev Copyright (c) 2000-2025 the FFmpeg developers
2025-05-24T07:17:40.772Z [LOG] FFprobe执行测试成功: ffprobe version 4.0.2 Copyright (c) 2007-2018 the FFmpeg developers
2025-05-24T07:17:40.772Z [LOG] FFmpeg执行测试成功: ffmpeg version 7.1.1-essentials_build-www.gyan.dev Copyright (c) 2000-2025 the FFmpeg developers
2025-05-24T07:17:40.772Z [TEST] FFmpeg执行测试成功: ffmpeg version 7.1.1-essentials_build-www.gyan.dev Copyright (c) 2000-2025 the FFmpeg developers
2025-05-24T07:17:40.796Z [LOG] 已加载 1 个视频记录
2025-05-24T07:17:40.797Z [LOG] 开始检查是否存在重复视频记录...
2025-05-24T07:17:40.797Z [LOG] 没有发现重复视频记录
2025-05-24T07:17:40.800Z [LOG] 已加载枚举值[collection]: 4个
2025-05-24T07:17:40.801Z [LOG] 已加载枚举值[actors]: 0个
2025-05-24T07:17:40.801Z [LOG] 开始检查 1 个视频文件是否存在...
2025-05-24T07:17:40.815Z [LOG] 视频文件检查完成，共检查 1 个文件，发现 0 个问题
2025-05-24T07:17:40.815Z [LOG] 数据库模块初始化完成
2025-05-24T07:17:40.920Z [LOG] 处理get-videos请求
2025-05-24T07:17:40.923Z [LOG] 处理get-enum-values请求: collection
2025-05-24T07:17:40.923Z [LOG] 处理get-enum-values请求: actors
2025-05-24T07:17:40.936Z [LOG] 处理自定义协议请求: app://thumbnail/1748070913943-RDpcVXNl.jpg
2025-05-24T07:17:40.937Z [LOG] 缩略图路径: D:\code\cursor\looklook\userdata\thumbnails\1748070913943-RDpcVXNl.jpg
2025-05-24T07:17:40.938Z [LOG] 处理get-enum-values请求: collection
2025-05-24T07:17:40.939Z [LOG] 处理get-enum-values请求: actors
2025-05-24T07:17:49.949Z [LOG] 准备压缩 1 个视频
2025-05-24T07:17:49.950Z [COMPRESS] 准备压缩 1 个视频
2025-05-24T07:17:49.952Z [LOG] 开始处理视频: 1538673501-1-192.mp4
2025-05-24T07:17:49.953Z [COMPRESS] 开始处理视频: 1538673501-1-192.mp4
2025-05-24T07:17:50.043Z [LOG] 开始压缩视频: D:\Users\Videos\测试长视频\1538673501-1-192.mp4 -> D:\Users\Videos\测试长视频\1538673501-1-192_正在压缩.mp4
2025-05-24T07:17:50.044Z [COMPRESS] 开始压缩视频: D:\Users\Videos\测试长视频\1538673501-1-192.mp4 -> D:\Users\Videos\测试长视频\1538673501-1-192_正在压缩.mp4
2025-05-24T07:17:50.044Z [PATH] 尝试获取FFmpeg路径
2025-05-24T07:17:50.044Z [LOG] 使用配置的FFmpeg路径: D:\code\cursor\looklook\node_modules\ffmpeg-static\ffmpeg.exe
2025-05-24T07:17:50.044Z [PATH] 使用配置的FFmpeg路径: D:\code\cursor\looklook\node_modules\ffmpeg-static\ffmpeg.exe
2025-05-24T07:17:50.045Z [LOG] ffmpeg命令: D:\code\cursor\looklook\node_modules\ffmpeg-static\ffmpeg.exe -i D:\Users\Videos\测试长视频\1538673501-1-192.mp4 -c:v libx265 -crf 28 -preset medium -c:a aac -b:a 128k -movflags +faststart -pix_fmt yuv420p -y D:\Users\Videos\测试长视频\1538673501-1-192_正在压缩.mp4
2025-05-24T07:17:50.045Z [COMPRESS] ffmpeg命令: D:\code\cursor\looklook\node_modules\ffmpeg-static\ffmpeg.exe -i D:\Users\Videos\测试长视频\1538673501-1-192.mp4 -c:v libx265 -crf 28 -preset medium -c:a aac -b:a 128k -movflags +faststart -pix_fmt yuv420p -y D:\Users\Videos\测试长视频\1538673501-1-192_正在压缩.mp4
2025-05-24T07:17:57.366Z [LOG] 用户暂停压缩视频
2025-05-24T07:17:57.366Z [COMPRESS] 用户暂停压缩视频
2025-05-24T07:17:57.366Z [LOG] 终止当前压缩进程: 1538673501-1-192.mp4
2025-05-24T07:17:57.367Z [COMPRESS] 终止当前压缩进程: 1538673501-1-192.mp4
2025-05-24T07:17:57.418Z [LOG] 压缩已暂停，将当前任务重新加入队列
2025-05-24T07:17:57.419Z [COMPRESS] 压缩已暂停，将当前任务重新加入队列
2025-05-24T07:17:57.419Z [LOG] 已删除临时文件: D:\Users\Videos\测试长视频\1538673501-1-192_正在压缩.mp4
2025-05-24T07:17:57.419Z [COMPRESS] 已删除临时文件: D:\Users\Videos\测试长视频\1538673501-1-192_正在压缩.mp4
2025-05-24T07:17:57.791Z [LOG] 用户取消批量压缩任务
2025-05-24T07:17:57.792Z [COMPRESS] 用户取消批量压缩任务
2025-05-24T07:23:24.358Z 日志开始 - 2025-05-24T07:23:24.357Z - 应用版本: 2.1.2 - 运行环境: 开发环境
2025-05-24T07:23:24.358Z 系统信息: win32 x64 - Node.js 18.18.2
2025-05-24T07:23:24.358Z App路径: D:\code\cursor\looklook
2025-05-24T07:23:24.358Z 可执行文件路径: D:\code\cursor\looklook\node_modules\electron\dist\electron.exe
2025-05-24T07:23:24.359Z [LOG] 日志文件已创建: D:\code\cursor\looklook\userdata\logs\app-2025-05-24.log
2025-05-24T07:23:24.359Z [ERROR] 设置控制台编码失败: process.stdout.setEncoding is not a function
2025-05-24T07:23:24.359Z [LOG] 应用准备就绪
2025-05-24T07:23:24.359Z [ENV] 运行模式: 开发环境
2025-05-24T07:23:24.360Z [ENV] 应用路径: D:\code\cursor\looklook
2025-05-24T07:23:24.360Z [ENV] 可执行文件路径: D:\code\cursor\looklook\node_modules\electron\dist\electron.exe
2025-05-24T07:23:24.360Z [ENV] 用户数据路径: D:\code\cursor\looklook\userdata
2025-05-24T07:23:24.360Z [FFMPEG_COPY] 开发环境中无需复制FFmpeg和FFprobe
2025-05-24T07:23:24.360Z [LOG] 用户数据目录: D:\code\cursor\looklook\userdata
2025-05-24T07:23:24.361Z [LOG] 缩略图目录: D:\code\cursor\looklook\userdata\thumbnails
2025-05-24T07:23:24.361Z [LOG] 设置文件已存在，无需创建默认设置
2025-05-24T07:23:24.364Z [LOG] 打包状态: 开发环境
2025-05-24T07:23:24.365Z [LOG] App Path: D:\code\cursor\looklook
2025-05-24T07:23:24.365Z [LOG] Exe Path: D:\code\cursor\looklook\node_modules\electron\dist\electron.exe
2025-05-24T07:23:24.365Z [LOG] 应用目录: D:\code\cursor\looklook\node_modules\electron\dist
2025-05-24T07:23:24.366Z [LOG] 资源目录: D:\code\cursor\looklook\node_modules\electron\dist\resources
2025-05-24T07:23:24.366Z [TEST] 开始测试FFmpeg和FFprobe可执行性
2025-05-24T07:23:24.366Z [TEST] 打包状态: 开发环境
2025-05-24T07:23:24.366Z [TEST] App路径: D:\code\cursor\looklook
2025-05-24T07:23:24.366Z [TEST] 可执行文件路径: D:\code\cursor\looklook\node_modules\electron\dist\electron.exe
2025-05-24T07:23:24.366Z [TEST] 应用目录: D:\code\cursor\looklook\node_modules\electron\dist
2025-05-24T07:23:24.366Z [TEST] 资源目录: D:\code\cursor\looklook\node_modules\electron\dist\resources
2025-05-24T07:23:24.367Z [LOG] 检查node_modules路径: D:\code\cursor\looklook\node_modules\electron\dist\resources\node_modules, 存在: false
2025-05-24T07:23:24.367Z [TEST] 检查node_modules路径: D:\code\cursor\looklook\node_modules\electron\dist\resources\node_modules, 存在: false
2025-05-24T07:23:24.367Z [LOG] 检查node_modules路径: D:\code\cursor\looklook\node_modules\electron\dist\node_modules, 存在: false
2025-05-24T07:23:24.367Z [TEST] 检查node_modules路径: D:\code\cursor\looklook\node_modules\electron\dist\node_modules, 存在: false
2025-05-24T07:23:24.368Z [LOG] 检查node_modules路径: D:\code\cursor\looklook\node_modules, 存在: true
2025-05-24T07:23:24.368Z [TEST] 检查node_modules路径: D:\code\cursor\looklook\node_modules, 存在: true
2025-05-24T07:23:24.368Z [TEST] D:\code\cursor\looklook\node_modules 中内容: .bin, .package-lock.json, 7zip-bin, @derhuerst, @develar, @electron, @isaacs, @malept, @pkgjs, @sindresorhus, @szmarczak, @tootallnate, @types, @xmldom, agent-base, ajv, ajv-formats, ajv-keywords, ansi-regex, ansi-styles, app-builder-bin, app-builder-lib, archiver, archiver-utils, argparse, async, async-exit-hook, asynckit, at-least-node, atomically, balanced-match, base64-js, binary-search-tree, bl, bluebird, bluebird-lst, boolean, brace-expansion, buffer, buffer-crc32, buffer-equal, buffer-from, builder-util, builder-util-runtime, cacheable-lookup, cacheable-request, call-bind-apply-helpers, caseless, chalk, chownr, chromium-pickle-js, ci-info, cliui, clone-response, color-convert, color-name, combined-stream, commander, compare-version, compress-commons, concat-map, concat-stream, conf, config-file-ts, core-util-is, crc-32, crc32-stream, cross-spawn, debounce-fn, debug, decompress-response, defer-to-connect, define-data-property, define-properties, delayed-stream, detect-node, dir-compare, dmg-builder, dot-prop, dotenv, dotenv-expand, dunder-proto, eastasianwidth, ejs, electron, electron-builder, electron-builder-squirrel-windows, electron-publish, electron-store, emoji-regex, end-of-stream, env-paths, err-code, es-define-property, es-errors, es-object-atoms, es-set-tostringtag, es6-error, escalade, escape-string-regexp, extract-zip, fast-deep-equal, fast-json-stable-stringify, fast-uri, fd-slicer, ffmpeg-static, ffprobe-static, filelist, fluent-ffmpeg, foreground-child, form-data, fs-constants, fs-extra, fs-minipass, fs.realpath, function-bind, get-caller-file, get-intrinsic, get-proto, get-stream, glob, global-agent, globalthis, gopd, got, graceful-fs, has-flag, has-property-descriptors, has-symbols, has-tostringtag, hasown, hosted-git-info, http-cache-semantics, http-proxy-agent, http-response-object, http2-wrapper, https-proxy-agent, iconv-lite, ieee754, immediate, inflight, inherits, is-ci, is-fullwidth-code-point, isarray, isbinaryfile, isexe, jackspeak, jake, js-yaml, json-buffer, json-schema-traverse, json-schema-typed, json-stringify-safe, json5, jsonfile, keyv, lazy-val, lazystream, lie, localforage, lodash, lodash.defaults, lodash.difference, lodash.flatten, lodash.isplainobject, lodash.union, lowercase-keys, lru-cache, matcher, math-intrinsics, mime, mime-db, mime-types, mimic-function, mimic-response, minimatch, minimist, minipass, minizlib, mkdirp, ms, nedb, normalize-path, normalize-url, object-keys, once, p-cancelable, package-json-from-dist, parse-cache-control, path-is-absolute, path-key, path-scurry, pend, plist, process-nextick-args, progress, promise-retry, pump, punycode, quick-lru, read-config-file, readable-stream, readdir-glob, require-directory, require-from-string, resolve-alpn, responselike, retry, rimraf, roarr, safe-buffer, safer-buffer, sanitize-filename, sax, semver, semver-compare, serialize-error, shebang-command, shebang-regex, signal-exit, simple-update-notifier, source-map, source-map-support, sprintf-js, stat-mode, string-width, string-width-cjs, string_decoder, strip-ansi, strip-ansi-cjs, stubborn-fs, sumchecker, supports-color, tar, tar-stream, temp-file, tmp, tmp-promise, truncate-utf8-bytes, type-fest, typedarray, typescript, uint8array-extras, underscore, undici-types, universalify, uri-js, utf8-byte-length, util-deprecate, when-exit, which, wrap-ansi, wrap-ansi-cjs, wrappy, xmlbuilder, y18n, yallist, yargs, yargs-parser, yauzl, zip-stream
2025-05-24T07:23:24.369Z [TEST] ffmpeg-static存在于 D:\code\cursor\looklook\node_modules\ffmpeg-static
2025-05-24T07:23:24.369Z [TEST] ffmpeg-static内容: example.js, ffmpeg.exe, index.js, install.js, LICENSE, package.json, README.md, types
2025-05-24T07:23:24.369Z [TEST] ffprobe-static存在于 D:\code\cursor\looklook\node_modules\ffprobe-static
2025-05-24T07:23:24.369Z [TEST] ffprobe-static内容: bin, index.js, LICENSE, package.json, README.md, tests
2025-05-24T07:23:24.369Z [TEST] ffprobe-static/bin内容: darwin, linux, win32
2025-05-24T07:23:24.369Z [TEST] ffprobe-static/bin/win32内容: ia32, x64
2025-05-24T07:23:24.370Z [TEST] ffprobe-static/bin/win32/x64内容: ffprobe.exe
2025-05-24T07:23:24.370Z [LOG] 测试FFmpeg可执行性...
2025-05-24T07:23:24.370Z [TEST] 开始测试FFmpeg可执行性
2025-05-24T07:23:24.370Z [LOG] FFmpeg文件存在: D:\code\cursor\looklook\node_modules\ffmpeg-static\ffmpeg.exe
2025-05-24T07:23:24.371Z [TEST] FFmpeg文件存在: D:\code\cursor\looklook\node_modules\ffmpeg-static\ffmpeg.exe
2025-05-24T07:23:24.371Z [LOG] FFmpeg有执行权限
2025-05-24T07:23:24.371Z [TEST] FFmpeg有执行权限
2025-05-24T07:23:24.402Z [LOG] 测试FFprobe可执行性...
2025-05-24T07:23:24.402Z [LOG] FFprobe文件存在: D:\code\cursor\looklook\node_modules\ffprobe-static\bin\win32\x64\ffprobe.exe
2025-05-24T07:23:24.403Z [LOG] FFprobe有执行权限
2025-05-24T07:23:24.466Z [LOG] 注册IPC事件处理程序...
2025-05-24T07:23:24.467Z [LOG] IPC事件处理程序注册完成
2025-05-24T07:23:24.472Z [LOG] FFprobe执行测试成功: ffprobe version 4.0.2 Copyright (c) 2007-2018 the FFmpeg developers
2025-05-24T07:23:24.473Z [LOG] FFmpeg执行测试成功: ffmpeg version 7.1.1-essentials_build-www.gyan.dev Copyright (c) 2000-2025 the FFmpeg developers
2025-05-24T07:23:24.473Z [TEST] FFmpeg执行测试成功: ffmpeg version 7.1.1-essentials_build-www.gyan.dev Copyright (c) 2000-2025 the FFmpeg developers
2025-05-24T07:23:24.473Z [LOG] FFprobe执行测试成功: ffprobe version 4.0.2 Copyright (c) 2007-2018 the FFmpeg developers
2025-05-24T07:23:24.474Z [LOG] FFmpeg执行测试成功: ffmpeg version 7.1.1-essentials_build-www.gyan.dev Copyright (c) 2000-2025 the FFmpeg developers
2025-05-24T07:23:24.474Z [TEST] FFmpeg执行测试成功: ffmpeg version 7.1.1-essentials_build-www.gyan.dev Copyright (c) 2000-2025 the FFmpeg developers
2025-05-24T07:23:24.498Z [LOG] 已加载 1 个视频记录
2025-05-24T07:23:24.499Z [LOG] 开始检查是否存在重复视频记录...
2025-05-24T07:23:24.499Z [LOG] 没有发现重复视频记录
2025-05-24T07:23:24.501Z [LOG] 已加载枚举值[collection]: 4个
2025-05-24T07:23:24.502Z [LOG] 已加载枚举值[actors]: 0个
2025-05-24T07:23:24.502Z [LOG] 开始检查 1 个视频文件是否存在...
2025-05-24T07:23:24.518Z [LOG] 视频文件检查完成，共检查 1 个文件，发现 0 个问题
2025-05-24T07:23:24.519Z [LOG] 数据库模块初始化完成
2025-05-24T07:23:24.628Z [LOG] 处理get-videos请求
2025-05-24T07:23:24.631Z [LOG] 处理get-enum-values请求: collection
2025-05-24T07:23:24.632Z [LOG] 处理get-enum-values请求: actors
2025-05-24T07:23:24.642Z [LOG] 处理自定义协议请求: app://thumbnail/1748070913943-RDpcVXNl.jpg
2025-05-24T07:23:24.643Z [LOG] 缩略图路径: D:\code\cursor\looklook\userdata\thumbnails\1748070913943-RDpcVXNl.jpg
2025-05-24T07:23:24.644Z [LOG] 处理get-enum-values请求: collection
2025-05-24T07:23:24.645Z [LOG] 处理get-enum-values请求: actors
2025-05-24T07:23:30.630Z [LOG] 准备压缩 1 个视频
2025-05-24T07:23:30.631Z [COMPRESS] 准备压缩 1 个视频
2025-05-24T07:23:30.632Z [LOG] 开始处理视频: 1538673501-1-192.mp4
2025-05-24T07:23:30.632Z [COMPRESS] 开始处理视频: 1538673501-1-192.mp4
2025-05-24T07:23:30.741Z [LOG] 开始压缩视频: D:\Users\Videos\测试长视频\1538673501-1-192.mp4 -> D:\Users\Videos\测试长视频\1538673501-1-192_正在压缩.mp4
2025-05-24T07:23:30.741Z [COMPRESS] 开始压缩视频: D:\Users\Videos\测试长视频\1538673501-1-192.mp4 -> D:\Users\Videos\测试长视频\1538673501-1-192_正在压缩.mp4
2025-05-24T07:23:30.741Z [PATH] 尝试获取FFmpeg路径
2025-05-24T07:23:30.741Z [LOG] 使用配置的FFmpeg路径: D:\code\cursor\looklook\node_modules\ffmpeg-static\ffmpeg.exe
2025-05-24T07:23:30.741Z [PATH] 使用配置的FFmpeg路径: D:\code\cursor\looklook\node_modules\ffmpeg-static\ffmpeg.exe
2025-05-24T07:23:30.742Z [LOG] ffmpeg命令: D:\code\cursor\looklook\node_modules\ffmpeg-static\ffmpeg.exe -i D:\Users\Videos\测试长视频\1538673501-1-192.mp4 -c:v libx265 -crf 28 -preset medium -c:a aac -b:a 128k -movflags +faststart -pix_fmt yuv420p -y D:\Users\Videos\测试长视频\1538673501-1-192_正在压缩.mp4
2025-05-24T07:23:30.742Z [COMPRESS] ffmpeg命令: D:\code\cursor\looklook\node_modules\ffmpeg-static\ffmpeg.exe -i D:\Users\Videos\测试长视频\1538673501-1-192.mp4 -c:v libx265 -crf 28 -preset medium -c:a aac -b:a 128k -movflags +faststart -pix_fmt yuv420p -y D:\Users\Videos\测试长视频\1538673501-1-192_正在压缩.mp4
2025-05-24T07:23:40.603Z [LOG] 用户暂停压缩视频
2025-05-24T07:23:40.604Z [COMPRESS] 用户暂停压缩视频
2025-05-24T07:23:40.604Z [LOG] 终止当前压缩进程: 1538673501-1-192.mp4
2025-05-24T07:23:40.604Z [COMPRESS] 终止当前压缩进程: 1538673501-1-192.mp4
2025-05-24T07:23:40.654Z [LOG] 压缩已暂停，将当前任务重新加入队列
2025-05-24T07:23:40.655Z [COMPRESS] 压缩已暂停，将当前任务重新加入队列
2025-05-24T07:23:40.655Z [LOG] 已删除临时文件: D:\Users\Videos\测试长视频\1538673501-1-192_正在压缩.mp4
2025-05-24T07:23:40.655Z [COMPRESS] 已删除临时文件: D:\Users\Videos\测试长视频\1538673501-1-192_正在压缩.mp4
2025-05-24T07:23:41.065Z [LOG] 用户取消批量压缩任务
2025-05-24T07:23:41.065Z [COMPRESS] 用户取消批量压缩任务
2025-05-24T07:40:45.095Z 日志开始 - 2025-05-24T07:40:45.094Z - 应用版本: 2.1.2 - 运行环境: 开发环境
2025-05-24T07:40:45.095Z 系统信息: win32 x64 - Node.js 18.18.2
2025-05-24T07:40:45.096Z App路径: D:\code\cursor\looklook
2025-05-24T07:40:45.096Z 可执行文件路径: D:\code\cursor\looklook\node_modules\electron\dist\electron.exe
2025-05-24T07:40:45.096Z [LOG] 日志文件已创建: D:\code\cursor\looklook\userdata\logs\app-2025-05-24.log
2025-05-24T07:40:45.096Z [ERROR] 设置控制台编码失败: process.stdout.setEncoding is not a function
2025-05-24T07:40:45.097Z [LOG] 应用准备就绪
2025-05-24T07:40:45.097Z [ENV] 运行模式: 开发环境
2025-05-24T07:40:45.097Z [ENV] 应用路径: D:\code\cursor\looklook
2025-05-24T07:40:45.097Z [ENV] 可执行文件路径: D:\code\cursor\looklook\node_modules\electron\dist\electron.exe
2025-05-24T07:40:45.097Z [ENV] 用户数据路径: D:\code\cursor\looklook\userdata
2025-05-24T07:40:45.097Z [FFMPEG_COPY] 开发环境中无需复制FFmpeg和FFprobe
2025-05-24T07:40:45.098Z [LOG] 用户数据目录: D:\code\cursor\looklook\userdata
2025-05-24T07:40:45.098Z [LOG] 缩略图目录: D:\code\cursor\looklook\userdata\thumbnails
2025-05-24T07:40:45.098Z [LOG] 设置文件已存在，无需创建默认设置
2025-05-24T07:40:45.102Z [LOG] 打包状态: 开发环境
2025-05-24T07:40:45.102Z [LOG] App Path: D:\code\cursor\looklook
2025-05-24T07:40:45.102Z [LOG] Exe Path: D:\code\cursor\looklook\node_modules\electron\dist\electron.exe
2025-05-24T07:40:45.103Z [LOG] 应用目录: D:\code\cursor\looklook\node_modules\electron\dist
2025-05-24T07:40:45.103Z [LOG] 资源目录: D:\code\cursor\looklook\node_modules\electron\dist\resources
2025-05-24T07:40:45.103Z [TEST] 开始测试FFmpeg和FFprobe可执行性
2025-05-24T07:40:45.103Z [TEST] 打包状态: 开发环境
2025-05-24T07:40:45.104Z [TEST] App路径: D:\code\cursor\looklook
2025-05-24T07:40:45.104Z [TEST] 可执行文件路径: D:\code\cursor\looklook\node_modules\electron\dist\electron.exe
2025-05-24T07:40:45.104Z [TEST] 应用目录: D:\code\cursor\looklook\node_modules\electron\dist
2025-05-24T07:40:45.104Z [TEST] 资源目录: D:\code\cursor\looklook\node_modules\electron\dist\resources
2025-05-24T07:40:45.104Z [LOG] 检查node_modules路径: D:\code\cursor\looklook\node_modules\electron\dist\resources\node_modules, 存在: false
2025-05-24T07:40:45.104Z [TEST] 检查node_modules路径: D:\code\cursor\looklook\node_modules\electron\dist\resources\node_modules, 存在: false
2025-05-24T07:40:45.105Z [LOG] 检查node_modules路径: D:\code\cursor\looklook\node_modules\electron\dist\node_modules, 存在: false
2025-05-24T07:40:45.105Z [TEST] 检查node_modules路径: D:\code\cursor\looklook\node_modules\electron\dist\node_modules, 存在: false
2025-05-24T07:40:45.105Z [LOG] 检查node_modules路径: D:\code\cursor\looklook\node_modules, 存在: true
2025-05-24T07:40:45.106Z [TEST] 检查node_modules路径: D:\code\cursor\looklook\node_modules, 存在: true
2025-05-24T07:40:45.106Z [TEST] D:\code\cursor\looklook\node_modules 中内容: .bin, .package-lock.json, 7zip-bin, @derhuerst, @develar, @electron, @isaacs, @malept, @pkgjs, @sindresorhus, @szmarczak, @tootallnate, @types, @xmldom, agent-base, ajv, ajv-formats, ajv-keywords, ansi-regex, ansi-styles, app-builder-bin, app-builder-lib, archiver, archiver-utils, argparse, async, async-exit-hook, asynckit, at-least-node, atomically, balanced-match, base64-js, binary-search-tree, bl, bluebird, bluebird-lst, boolean, brace-expansion, buffer, buffer-crc32, buffer-equal, buffer-from, builder-util, builder-util-runtime, cacheable-lookup, cacheable-request, call-bind-apply-helpers, caseless, chalk, chownr, chromium-pickle-js, ci-info, cliui, clone-response, color-convert, color-name, combined-stream, commander, compare-version, compress-commons, concat-map, concat-stream, conf, config-file-ts, core-util-is, crc-32, crc32-stream, cross-spawn, debounce-fn, debug, decompress-response, defer-to-connect, define-data-property, define-properties, delayed-stream, detect-node, dir-compare, dmg-builder, dot-prop, dotenv, dotenv-expand, dunder-proto, eastasianwidth, ejs, electron, electron-builder, electron-builder-squirrel-windows, electron-publish, electron-store, emoji-regex, end-of-stream, env-paths, err-code, es-define-property, es-errors, es-object-atoms, es-set-tostringtag, es6-error, escalade, escape-string-regexp, extract-zip, fast-deep-equal, fast-json-stable-stringify, fast-uri, fd-slicer, ffmpeg-static, ffprobe-static, filelist, fluent-ffmpeg, foreground-child, form-data, fs-constants, fs-extra, fs-minipass, fs.realpath, function-bind, get-caller-file, get-intrinsic, get-proto, get-stream, glob, global-agent, globalthis, gopd, got, graceful-fs, has-flag, has-property-descriptors, has-symbols, has-tostringtag, hasown, hosted-git-info, http-cache-semantics, http-proxy-agent, http-response-object, http2-wrapper, https-proxy-agent, iconv-lite, ieee754, immediate, inflight, inherits, is-ci, is-fullwidth-code-point, isarray, isbinaryfile, isexe, jackspeak, jake, js-yaml, json-buffer, json-schema-traverse, json-schema-typed, json-stringify-safe, json5, jsonfile, keyv, lazy-val, lazystream, lie, localforage, lodash, lodash.defaults, lodash.difference, lodash.flatten, lodash.isplainobject, lodash.union, lowercase-keys, lru-cache, matcher, math-intrinsics, mime, mime-db, mime-types, mimic-function, mimic-response, minimatch, minimist, minipass, minizlib, mkdirp, ms, nedb, normalize-path, normalize-url, object-keys, once, p-cancelable, package-json-from-dist, parse-cache-control, path-is-absolute, path-key, path-scurry, pend, plist, process-nextick-args, progress, promise-retry, pump, punycode, quick-lru, read-config-file, readable-stream, readdir-glob, require-directory, require-from-string, resolve-alpn, responselike, retry, rimraf, roarr, safe-buffer, safer-buffer, sanitize-filename, sax, semver, semver-compare, serialize-error, shebang-command, shebang-regex, signal-exit, simple-update-notifier, source-map, source-map-support, sprintf-js, stat-mode, string-width, string-width-cjs, string_decoder, strip-ansi, strip-ansi-cjs, stubborn-fs, sumchecker, supports-color, tar, tar-stream, temp-file, tmp, tmp-promise, truncate-utf8-bytes, type-fest, typedarray, typescript, uint8array-extras, underscore, undici-types, universalify, uri-js, utf8-byte-length, util-deprecate, when-exit, which, wrap-ansi, wrap-ansi-cjs, wrappy, xmlbuilder, y18n, yallist, yargs, yargs-parser, yauzl, zip-stream
2025-05-24T07:40:45.106Z [TEST] ffmpeg-static存在于 D:\code\cursor\looklook\node_modules\ffmpeg-static
2025-05-24T07:40:45.106Z [TEST] ffmpeg-static内容: example.js, ffmpeg.exe, index.js, install.js, LICENSE, package.json, README.md, types
2025-05-24T07:40:45.107Z [TEST] ffprobe-static存在于 D:\code\cursor\looklook\node_modules\ffprobe-static
2025-05-24T07:40:45.107Z [TEST] ffprobe-static内容: bin, index.js, LICENSE, package.json, README.md, tests
2025-05-24T07:40:45.107Z [TEST] ffprobe-static/bin内容: darwin, linux, win32
2025-05-24T07:40:45.107Z [TEST] ffprobe-static/bin/win32内容: ia32, x64
2025-05-24T07:40:45.107Z [TEST] ffprobe-static/bin/win32/x64内容: ffprobe.exe
2025-05-24T07:40:45.107Z [LOG] 测试FFmpeg可执行性...
2025-05-24T07:40:45.108Z [TEST] 开始测试FFmpeg可执行性
2025-05-24T07:40:45.108Z [LOG] FFmpeg文件存在: D:\code\cursor\looklook\node_modules\ffmpeg-static\ffmpeg.exe
2025-05-24T07:40:45.108Z [TEST] FFmpeg文件存在: D:\code\cursor\looklook\node_modules\ffmpeg-static\ffmpeg.exe
2025-05-24T07:40:45.109Z [LOG] FFmpeg有执行权限
2025-05-24T07:40:45.109Z [TEST] FFmpeg有执行权限
2025-05-24T07:40:45.140Z [LOG] 测试FFprobe可执行性...
2025-05-24T07:40:45.141Z [LOG] FFprobe文件存在: D:\code\cursor\looklook\node_modules\ffprobe-static\bin\win32\x64\ffprobe.exe
2025-05-24T07:40:45.141Z [LOG] FFprobe有执行权限
2025-05-24T07:40:45.202Z [LOG] 注册IPC事件处理程序...
2025-05-24T07:40:45.203Z [LOG] IPC事件处理程序注册完成
2025-05-24T07:40:45.208Z [LOG] FFprobe执行测试成功: ffprobe version 4.0.2 Copyright (c) 2007-2018 the FFmpeg developers
2025-05-24T07:40:45.209Z [LOG] FFmpeg执行测试成功: ffmpeg version 7.1.1-essentials_build-www.gyan.dev Copyright (c) 2000-2025 the FFmpeg developers
2025-05-24T07:40:45.209Z [TEST] FFmpeg执行测试成功: ffmpeg version 7.1.1-essentials_build-www.gyan.dev Copyright (c) 2000-2025 the FFmpeg developers
2025-05-24T07:40:45.209Z [LOG] FFprobe执行测试成功: ffprobe version 4.0.2 Copyright (c) 2007-2018 the FFmpeg developers
2025-05-24T07:40:45.209Z [LOG] FFmpeg执行测试成功: ffmpeg version 7.1.1-essentials_build-www.gyan.dev Copyright (c) 2000-2025 the FFmpeg developers
2025-05-24T07:40:45.209Z [TEST] FFmpeg执行测试成功: ffmpeg version 7.1.1-essentials_build-www.gyan.dev Copyright (c) 2000-2025 the FFmpeg developers
2025-05-24T07:40:45.237Z [LOG] 已加载 1 个视频记录
2025-05-24T07:40:45.237Z [LOG] 开始检查是否存在重复视频记录...
2025-05-24T07:40:45.238Z [LOG] 没有发现重复视频记录
2025-05-24T07:40:45.239Z [LOG] 已加载枚举值[collection]: 4个
2025-05-24T07:40:45.239Z [LOG] 已加载枚举值[actors]: 0个
2025-05-24T07:40:45.240Z [LOG] 开始检查 1 个视频文件是否存在...
2025-05-24T07:40:45.254Z [LOG] 视频文件检查完成，共检查 1 个文件，发现 0 个问题
2025-05-24T07:40:45.254Z [LOG] 数据库模块初始化完成
2025-05-24T07:40:45.361Z [LOG] 处理get-videos请求
2025-05-24T07:40:45.363Z [LOG] 处理get-enum-values请求: collection
2025-05-24T07:40:45.364Z [LOG] 处理get-enum-values请求: actors
2025-05-24T07:40:45.370Z [LOG] 处理自定义协议请求: app://thumbnail/1748070913943-RDpcVXNl.jpg
2025-05-24T07:40:45.371Z [LOG] 缩略图路径: D:\code\cursor\looklook\userdata\thumbnails\1748070913943-RDpcVXNl.jpg
2025-05-24T07:40:45.372Z [LOG] 处理get-enum-values请求: collection
2025-05-24T07:40:45.373Z [LOG] 处理get-enum-values请求: actors
2025-05-24T07:40:52.122Z [LOG] 准备压缩 1 个视频
2025-05-24T07:40:52.122Z [COMPRESS] 准备压缩 1 个视频
2025-05-24T07:40:52.125Z [LOG] 开始处理视频: 1538673501-1-192.mp4
2025-05-24T07:40:52.125Z [COMPRESS] 开始处理视频: 1538673501-1-192.mp4
2025-05-24T07:40:52.210Z [LOG] 开始压缩视频: D:\Users\Videos\测试长视频\1538673501-1-192.mp4 -> D:\Users\Videos\测试长视频\1538673501-1-192_正在压缩.mp4
2025-05-24T07:40:52.210Z [COMPRESS] 开始压缩视频: D:\Users\Videos\测试长视频\1538673501-1-192.mp4 -> D:\Users\Videos\测试长视频\1538673501-1-192_正在压缩.mp4
2025-05-24T07:40:52.210Z [PATH] 尝试获取FFmpeg路径
2025-05-24T07:40:52.210Z [LOG] 使用配置的FFmpeg路径: D:\code\cursor\looklook\node_modules\ffmpeg-static\ffmpeg.exe
2025-05-24T07:40:52.211Z [PATH] 使用配置的FFmpeg路径: D:\code\cursor\looklook\node_modules\ffmpeg-static\ffmpeg.exe
2025-05-24T07:40:52.211Z [LOG] ffmpeg命令: D:\code\cursor\looklook\node_modules\ffmpeg-static\ffmpeg.exe -i D:\Users\Videos\测试长视频\1538673501-1-192.mp4 -c:v libx265 -crf 28 -preset medium -c:a aac -b:a 128k -movflags +faststart -pix_fmt yuv420p -y D:\Users\Videos\测试长视频\1538673501-1-192_正在压缩.mp4
2025-05-24T07:40:52.211Z [COMPRESS] ffmpeg命令: D:\code\cursor\looklook\node_modules\ffmpeg-static\ffmpeg.exe -i D:\Users\Videos\测试长视频\1538673501-1-192.mp4 -c:v libx265 -crf 28 -preset medium -c:a aac -b:a 128k -movflags +faststart -pix_fmt yuv420p -y D:\Users\Videos\测试长视频\1538673501-1-192_正在压缩.mp4
2025-05-24T07:41:04.940Z [LOG] 用户暂停压缩视频
2025-05-24T07:41:04.940Z [COMPRESS] 用户暂停压缩视频
2025-05-24T07:41:04.941Z [LOG] 终止当前压缩进程: 1538673501-1-192.mp4
2025-05-24T07:41:04.941Z [COMPRESS] 终止当前压缩进程: 1538673501-1-192.mp4
2025-05-24T07:41:04.990Z [LOG] 压缩已暂停，将当前任务重新加入队列
2025-05-24T07:41:04.990Z [COMPRESS] 压缩已暂停，将当前任务重新加入队列
2025-05-24T07:41:04.991Z [LOG] 已删除临时文件: D:\Users\Videos\测试长视频\1538673501-1-192_正在压缩.mp4
2025-05-24T07:41:04.991Z [COMPRESS] 已删除临时文件: D:\Users\Videos\测试长视频\1538673501-1-192_正在压缩.mp4
2025-05-24T07:41:06.480Z [LOG] 用户取消批量压缩任务
2025-05-24T07:41:06.480Z [COMPRESS] 用户取消批量压缩任务
2025-05-24T07:41:52.944Z 日志开始 - 2025-05-24T07:41:52.943Z - 应用版本: 2.1.2 - 运行环境: 开发环境
2025-05-24T07:41:52.944Z 系统信息: win32 x64 - Node.js 18.18.2
2025-05-24T07:41:52.944Z App路径: D:\code\cursor\looklook
2025-05-24T07:41:52.944Z 可执行文件路径: D:\code\cursor\looklook\node_modules\electron\dist\electron.exe
2025-05-24T07:41:52.945Z [LOG] 日志文件已创建: D:\code\cursor\looklook\userdata\logs\app-2025-05-24.log
2025-05-24T07:41:52.945Z [ERROR] 设置控制台编码失败: process.stdout.setEncoding is not a function
2025-05-24T07:41:52.946Z [LOG] 应用准备就绪
2025-05-24T07:41:52.946Z [ENV] 运行模式: 开发环境
2025-05-24T07:41:52.946Z [ENV] 应用路径: D:\code\cursor\looklook
2025-05-24T07:41:52.946Z [ENV] 可执行文件路径: D:\code\cursor\looklook\node_modules\electron\dist\electron.exe
2025-05-24T07:41:52.946Z [ENV] 用户数据路径: D:\code\cursor\looklook\userdata
2025-05-24T07:41:52.946Z [FFMPEG_COPY] 开发环境中无需复制FFmpeg和FFprobe
2025-05-24T07:41:52.947Z [LOG] 用户数据目录: D:\code\cursor\looklook\userdata
2025-05-24T07:41:52.947Z [LOG] 缩略图目录: D:\code\cursor\looklook\userdata\thumbnails
2025-05-24T07:41:52.947Z [LOG] 设置文件已存在，无需创建默认设置
2025-05-24T07:41:52.950Z [LOG] 打包状态: 开发环境
2025-05-24T07:41:52.950Z [LOG] App Path: D:\code\cursor\looklook
2025-05-24T07:41:52.951Z [LOG] Exe Path: D:\code\cursor\looklook\node_modules\electron\dist\electron.exe
2025-05-24T07:41:52.951Z [LOG] 应用目录: D:\code\cursor\looklook\node_modules\electron\dist
2025-05-24T07:41:52.951Z [LOG] 资源目录: D:\code\cursor\looklook\node_modules\electron\dist\resources
2025-05-24T07:41:52.951Z [TEST] 开始测试FFmpeg和FFprobe可执行性
2025-05-24T07:41:52.952Z [TEST] 打包状态: 开发环境
2025-05-24T07:41:52.952Z [TEST] App路径: D:\code\cursor\looklook
2025-05-24T07:41:52.952Z [TEST] 可执行文件路径: D:\code\cursor\looklook\node_modules\electron\dist\electron.exe
2025-05-24T07:41:52.952Z [TEST] 应用目录: D:\code\cursor\looklook\node_modules\electron\dist
2025-05-24T07:41:52.952Z [TEST] 资源目录: D:\code\cursor\looklook\node_modules\electron\dist\resources
2025-05-24T07:41:52.952Z [LOG] 检查node_modules路径: D:\code\cursor\looklook\node_modules\electron\dist\resources\node_modules, 存在: false
2025-05-24T07:41:52.953Z [TEST] 检查node_modules路径: D:\code\cursor\looklook\node_modules\electron\dist\resources\node_modules, 存在: false
2025-05-24T07:41:52.953Z [LOG] 检查node_modules路径: D:\code\cursor\looklook\node_modules\electron\dist\node_modules, 存在: false
2025-05-24T07:41:52.953Z [TEST] 检查node_modules路径: D:\code\cursor\looklook\node_modules\electron\dist\node_modules, 存在: false
2025-05-24T07:41:52.953Z [LOG] 检查node_modules路径: D:\code\cursor\looklook\node_modules, 存在: true
2025-05-24T07:41:52.953Z [TEST] 检查node_modules路径: D:\code\cursor\looklook\node_modules, 存在: true
2025-05-24T07:41:52.954Z [TEST] D:\code\cursor\looklook\node_modules 中内容: .bin, .package-lock.json, 7zip-bin, @derhuerst, @develar, @electron, @isaacs, @malept, @pkgjs, @sindresorhus, @szmarczak, @tootallnate, @types, @xmldom, agent-base, ajv, ajv-formats, ajv-keywords, ansi-regex, ansi-styles, app-builder-bin, app-builder-lib, archiver, archiver-utils, argparse, async, async-exit-hook, asynckit, at-least-node, atomically, balanced-match, base64-js, binary-search-tree, bl, bluebird, bluebird-lst, boolean, brace-expansion, buffer, buffer-crc32, buffer-equal, buffer-from, builder-util, builder-util-runtime, cacheable-lookup, cacheable-request, call-bind-apply-helpers, caseless, chalk, chownr, chromium-pickle-js, ci-info, cliui, clone-response, color-convert, color-name, combined-stream, commander, compare-version, compress-commons, concat-map, concat-stream, conf, config-file-ts, core-util-is, crc-32, crc32-stream, cross-spawn, debounce-fn, debug, decompress-response, defer-to-connect, define-data-property, define-properties, delayed-stream, detect-node, dir-compare, dmg-builder, dot-prop, dotenv, dotenv-expand, dunder-proto, eastasianwidth, ejs, electron, electron-builder, electron-builder-squirrel-windows, electron-publish, electron-store, emoji-regex, end-of-stream, env-paths, err-code, es-define-property, es-errors, es-object-atoms, es-set-tostringtag, es6-error, escalade, escape-string-regexp, extract-zip, fast-deep-equal, fast-json-stable-stringify, fast-uri, fd-slicer, ffmpeg-static, ffprobe-static, filelist, fluent-ffmpeg, foreground-child, form-data, fs-constants, fs-extra, fs-minipass, fs.realpath, function-bind, get-caller-file, get-intrinsic, get-proto, get-stream, glob, global-agent, globalthis, gopd, got, graceful-fs, has-flag, has-property-descriptors, has-symbols, has-tostringtag, hasown, hosted-git-info, http-cache-semantics, http-proxy-agent, http-response-object, http2-wrapper, https-proxy-agent, iconv-lite, ieee754, immediate, inflight, inherits, is-ci, is-fullwidth-code-point, isarray, isbinaryfile, isexe, jackspeak, jake, js-yaml, json-buffer, json-schema-traverse, json-schema-typed, json-stringify-safe, json5, jsonfile, keyv, lazy-val, lazystream, lie, localforage, lodash, lodash.defaults, lodash.difference, lodash.flatten, lodash.isplainobject, lodash.union, lowercase-keys, lru-cache, matcher, math-intrinsics, mime, mime-db, mime-types, mimic-function, mimic-response, minimatch, minimist, minipass, minizlib, mkdirp, ms, nedb, normalize-path, normalize-url, object-keys, once, p-cancelable, package-json-from-dist, parse-cache-control, path-is-absolute, path-key, path-scurry, pend, plist, process-nextick-args, progress, promise-retry, pump, punycode, quick-lru, read-config-file, readable-stream, readdir-glob, require-directory, require-from-string, resolve-alpn, responselike, retry, rimraf, roarr, safe-buffer, safer-buffer, sanitize-filename, sax, semver, semver-compare, serialize-error, shebang-command, shebang-regex, signal-exit, simple-update-notifier, source-map, source-map-support, sprintf-js, stat-mode, string-width, string-width-cjs, string_decoder, strip-ansi, strip-ansi-cjs, stubborn-fs, sumchecker, supports-color, tar, tar-stream, temp-file, tmp, tmp-promise, truncate-utf8-bytes, type-fest, typedarray, typescript, uint8array-extras, underscore, undici-types, universalify, uri-js, utf8-byte-length, util-deprecate, when-exit, which, wrap-ansi, wrap-ansi-cjs, wrappy, xmlbuilder, y18n, yallist, yargs, yargs-parser, yauzl, zip-stream
2025-05-24T07:41:52.954Z [TEST] ffmpeg-static存在于 D:\code\cursor\looklook\node_modules\ffmpeg-static
2025-05-24T07:41:52.954Z [TEST] ffmpeg-static内容: example.js, ffmpeg.exe, index.js, install.js, LICENSE, package.json, README.md, types
2025-05-24T07:41:52.954Z [TEST] ffprobe-static存在于 D:\code\cursor\looklook\node_modules\ffprobe-static
2025-05-24T07:41:52.954Z [TEST] ffprobe-static内容: bin, index.js, LICENSE, package.json, README.md, tests
2025-05-24T07:41:52.954Z [TEST] ffprobe-static/bin内容: darwin, linux, win32
2025-05-24T07:41:52.955Z [TEST] ffprobe-static/bin/win32内容: ia32, x64
2025-05-24T07:41:52.955Z [TEST] ffprobe-static/bin/win32/x64内容: ffprobe.exe
2025-05-24T07:41:52.955Z [LOG] 测试FFmpeg可执行性...
2025-05-24T07:41:52.955Z [TEST] 开始测试FFmpeg可执行性
2025-05-24T07:41:52.955Z [LOG] FFmpeg文件存在: D:\code\cursor\looklook\node_modules\ffmpeg-static\ffmpeg.exe
2025-05-24T07:41:52.956Z [TEST] FFmpeg文件存在: D:\code\cursor\looklook\node_modules\ffmpeg-static\ffmpeg.exe
2025-05-24T07:41:52.956Z [LOG] FFmpeg有执行权限
2025-05-24T07:41:52.956Z [TEST] FFmpeg有执行权限
2025-05-24T07:41:52.987Z [LOG] 测试FFprobe可执行性...
2025-05-24T07:41:52.987Z [LOG] FFprobe文件存在: D:\code\cursor\looklook\node_modules\ffprobe-static\bin\win32\x64\ffprobe.exe
2025-05-24T07:41:52.987Z [LOG] FFprobe有执行权限
2025-05-24T07:41:53.058Z [LOG] 注册IPC事件处理程序...
2025-05-24T07:41:53.059Z [LOG] IPC事件处理程序注册完成
2025-05-24T07:41:53.071Z [LOG] FFprobe执行测试成功: ffprobe version 4.0.2 Copyright (c) 2007-2018 the FFmpeg developers
2025-05-24T07:41:53.072Z [LOG] FFmpeg执行测试成功: ffmpeg version 7.1.1-essentials_build-www.gyan.dev Copyright (c) 2000-2025 the FFmpeg developers
2025-05-24T07:41:53.072Z [TEST] FFmpeg执行测试成功: ffmpeg version 7.1.1-essentials_build-www.gyan.dev Copyright (c) 2000-2025 the FFmpeg developers
2025-05-24T07:41:53.072Z [LOG] FFprobe执行测试成功: ffprobe version 4.0.2 Copyright (c) 2007-2018 the FFmpeg developers
2025-05-24T07:41:53.073Z [LOG] FFmpeg执行测试成功: ffmpeg version 7.1.1-essentials_build-www.gyan.dev Copyright (c) 2000-2025 the FFmpeg developers
2025-05-24T07:41:53.073Z [TEST] FFmpeg执行测试成功: ffmpeg version 7.1.1-essentials_build-www.gyan.dev Copyright (c) 2000-2025 the FFmpeg developers
2025-05-24T07:41:53.106Z [LOG] 已加载 1 个视频记录
2025-05-24T07:41:53.106Z [LOG] 开始检查是否存在重复视频记录...
2025-05-24T07:41:53.106Z [LOG] 没有发现重复视频记录
2025-05-24T07:41:53.107Z [LOG] 已加载枚举值[collection]: 4个
2025-05-24T07:41:53.108Z [LOG] 已加载枚举值[actors]: 0个
2025-05-24T07:41:53.109Z [LOG] 开始检查 1 个视频文件是否存在...
2025-05-24T07:41:53.134Z [LOG] 视频文件检查完成，共检查 1 个文件，发现 0 个问题
2025-05-24T07:41:53.134Z [LOG] 数据库模块初始化完成
2025-05-24T07:41:53.249Z [LOG] 处理get-videos请求
2025-05-24T07:41:53.252Z [LOG] 处理get-enum-values请求: collection
2025-05-24T07:41:53.252Z [LOG] 处理get-enum-values请求: actors
2025-05-24T07:41:53.265Z [LOG] 处理自定义协议请求: app://thumbnail/1748070913943-RDpcVXNl.jpg
2025-05-24T07:41:53.266Z [LOG] 缩略图路径: D:\code\cursor\looklook\userdata\thumbnails\1748070913943-RDpcVXNl.jpg
2025-05-24T07:41:53.267Z [LOG] 处理get-enum-values请求: collection
2025-05-24T07:41:53.267Z [LOG] 处理get-enum-values请求: actors
2025-05-24T07:41:59.045Z [LOG] 准备压缩 1 个视频
2025-05-24T07:41:59.046Z [COMPRESS] 准备压缩 1 个视频
2025-05-24T07:41:59.048Z [LOG] 开始处理视频: 1538673501-1-192.mp4
2025-05-24T07:41:59.048Z [COMPRESS] 开始处理视频: 1538673501-1-192.mp4
2025-05-24T07:41:59.157Z [LOG] 开始压缩视频: D:\Users\Videos\测试长视频\1538673501-1-192.mp4 -> D:\Users\Videos\测试长视频\1538673501-1-192_正在压缩.mp4
2025-05-24T07:41:59.157Z [COMPRESS] 开始压缩视频: D:\Users\Videos\测试长视频\1538673501-1-192.mp4 -> D:\Users\Videos\测试长视频\1538673501-1-192_正在压缩.mp4
2025-05-24T07:41:59.158Z [PATH] 尝试获取FFmpeg路径
2025-05-24T07:41:59.158Z [LOG] 使用配置的FFmpeg路径: D:\code\cursor\looklook\node_modules\ffmpeg-static\ffmpeg.exe
2025-05-24T07:41:59.158Z [PATH] 使用配置的FFmpeg路径: D:\code\cursor\looklook\node_modules\ffmpeg-static\ffmpeg.exe
2025-05-24T07:41:59.158Z [LOG] ffmpeg命令: D:\code\cursor\looklook\node_modules\ffmpeg-static\ffmpeg.exe -i D:\Users\Videos\测试长视频\1538673501-1-192.mp4 -c:v libx265 -crf 28 -preset medium -c:a aac -b:a 128k -movflags +faststart -pix_fmt yuv420p -y D:\Users\Videos\测试长视频\1538673501-1-192_正在压缩.mp4
2025-05-24T07:41:59.159Z [COMPRESS] ffmpeg命令: D:\code\cursor\looklook\node_modules\ffmpeg-static\ffmpeg.exe -i D:\Users\Videos\测试长视频\1538673501-1-192.mp4 -c:v libx265 -crf 28 -preset medium -c:a aac -b:a 128k -movflags +faststart -pix_fmt yuv420p -y D:\Users\Videos\测试长视频\1538673501-1-192_正在压缩.mp4
2025-05-24T07:42:18.858Z [LOG] 用户暂停压缩视频
2025-05-24T07:42:18.858Z [COMPRESS] 用户暂停压缩视频
2025-05-24T07:42:18.859Z [LOG] 终止当前压缩进程: 1538673501-1-192.mp4
2025-05-24T07:42:18.859Z [COMPRESS] 终止当前压缩进程: 1538673501-1-192.mp4
2025-05-24T07:42:18.908Z [LOG] 压缩已暂停，将当前任务重新加入队列
2025-05-24T07:42:18.909Z [COMPRESS] 压缩已暂停，将当前任务重新加入队列
2025-05-24T07:42:18.910Z [LOG] 已删除临时文件: D:\Users\Videos\测试长视频\1538673501-1-192_正在压缩.mp4
2025-05-24T07:42:18.910Z [COMPRESS] 已删除临时文件: D:\Users\Videos\测试长视频\1538673501-1-192_正在压缩.mp4
2025-05-24T07:42:19.294Z [LOG] 用户取消批量压缩任务
2025-05-24T07:42:19.295Z [COMPRESS] 用户取消批量压缩任务
2025-05-24T07:42:32.725Z 日志开始 - 2025-05-24T07:42:32.725Z - 应用版本: 2.1.2 - 运行环境: 开发环境
2025-05-24T07:42:32.726Z 系统信息: win32 x64 - Node.js 18.18.2
2025-05-24T07:42:32.726Z App路径: D:\code\cursor\looklook
2025-05-24T07:42:32.726Z 可执行文件路径: D:\code\cursor\looklook\node_modules\electron\dist\electron.exe
2025-05-24T07:42:32.726Z [LOG] 日志文件已创建: D:\code\cursor\looklook\userdata\logs\app-2025-05-24.log
2025-05-24T07:42:32.727Z [ERROR] 设置控制台编码失败: process.stdout.setEncoding is not a function
2025-05-24T07:42:32.727Z [LOG] 应用准备就绪
2025-05-24T07:42:32.727Z [ENV] 运行模式: 开发环境
2025-05-24T07:42:32.727Z [ENV] 应用路径: D:\code\cursor\looklook
2025-05-24T07:42:32.727Z [ENV] 可执行文件路径: D:\code\cursor\looklook\node_modules\electron\dist\electron.exe
2025-05-24T07:42:32.728Z [ENV] 用户数据路径: D:\code\cursor\looklook\userdata
2025-05-24T07:42:32.728Z [FFMPEG_COPY] 开发环境中无需复制FFmpeg和FFprobe
2025-05-24T07:42:32.728Z [LOG] 用户数据目录: D:\code\cursor\looklook\userdata
2025-05-24T07:42:32.728Z [LOG] 缩略图目录: D:\code\cursor\looklook\userdata\thumbnails
2025-05-24T07:42:32.729Z [LOG] 设置文件已存在，无需创建默认设置
2025-05-24T07:42:32.731Z [LOG] 打包状态: 开发环境
2025-05-24T07:42:32.732Z [LOG] App Path: D:\code\cursor\looklook
2025-05-24T07:42:32.732Z [LOG] Exe Path: D:\code\cursor\looklook\node_modules\electron\dist\electron.exe
2025-05-24T07:42:32.733Z [LOG] 应用目录: D:\code\cursor\looklook\node_modules\electron\dist
2025-05-24T07:42:32.733Z [LOG] 资源目录: D:\code\cursor\looklook\node_modules\electron\dist\resources
2025-05-24T07:42:32.733Z [TEST] 开始测试FFmpeg和FFprobe可执行性
2025-05-24T07:42:32.733Z [TEST] 打包状态: 开发环境
2025-05-24T07:42:32.734Z [TEST] App路径: D:\code\cursor\looklook
2025-05-24T07:42:32.734Z [TEST] 可执行文件路径: D:\code\cursor\looklook\node_modules\electron\dist\electron.exe
2025-05-24T07:42:32.734Z [TEST] 应用目录: D:\code\cursor\looklook\node_modules\electron\dist
2025-05-24T07:42:32.734Z [TEST] 资源目录: D:\code\cursor\looklook\node_modules\electron\dist\resources
2025-05-24T07:42:32.734Z [LOG] 检查node_modules路径: D:\code\cursor\looklook\node_modules\electron\dist\resources\node_modules, 存在: false
2025-05-24T07:42:32.734Z [TEST] 检查node_modules路径: D:\code\cursor\looklook\node_modules\electron\dist\resources\node_modules, 存在: false
2025-05-24T07:42:32.734Z [LOG] 检查node_modules路径: D:\code\cursor\looklook\node_modules\electron\dist\node_modules, 存在: false
2025-05-24T07:42:32.735Z [TEST] 检查node_modules路径: D:\code\cursor\looklook\node_modules\electron\dist\node_modules, 存在: false
2025-05-24T07:42:32.735Z [LOG] 检查node_modules路径: D:\code\cursor\looklook\node_modules, 存在: true
2025-05-24T07:42:32.735Z [TEST] 检查node_modules路径: D:\code\cursor\looklook\node_modules, 存在: true
2025-05-24T07:42:32.736Z [TEST] D:\code\cursor\looklook\node_modules 中内容: .bin, .package-lock.json, 7zip-bin, @derhuerst, @develar, @electron, @isaacs, @malept, @pkgjs, @sindresorhus, @szmarczak, @tootallnate, @types, @xmldom, agent-base, ajv, ajv-formats, ajv-keywords, ansi-regex, ansi-styles, app-builder-bin, app-builder-lib, archiver, archiver-utils, argparse, async, async-exit-hook, asynckit, at-least-node, atomically, balanced-match, base64-js, binary-search-tree, bl, bluebird, bluebird-lst, boolean, brace-expansion, buffer, buffer-crc32, buffer-equal, buffer-from, builder-util, builder-util-runtime, cacheable-lookup, cacheable-request, call-bind-apply-helpers, caseless, chalk, chownr, chromium-pickle-js, ci-info, cliui, clone-response, color-convert, color-name, combined-stream, commander, compare-version, compress-commons, concat-map, concat-stream, conf, config-file-ts, core-util-is, crc-32, crc32-stream, cross-spawn, debounce-fn, debug, decompress-response, defer-to-connect, define-data-property, define-properties, delayed-stream, detect-node, dir-compare, dmg-builder, dot-prop, dotenv, dotenv-expand, dunder-proto, eastasianwidth, ejs, electron, electron-builder, electron-builder-squirrel-windows, electron-publish, electron-store, emoji-regex, end-of-stream, env-paths, err-code, es-define-property, es-errors, es-object-atoms, es-set-tostringtag, es6-error, escalade, escape-string-regexp, extract-zip, fast-deep-equal, fast-json-stable-stringify, fast-uri, fd-slicer, ffmpeg-static, ffprobe-static, filelist, fluent-ffmpeg, foreground-child, form-data, fs-constants, fs-extra, fs-minipass, fs.realpath, function-bind, get-caller-file, get-intrinsic, get-proto, get-stream, glob, global-agent, globalthis, gopd, got, graceful-fs, has-flag, has-property-descriptors, has-symbols, has-tostringtag, hasown, hosted-git-info, http-cache-semantics, http-proxy-agent, http-response-object, http2-wrapper, https-proxy-agent, iconv-lite, ieee754, immediate, inflight, inherits, is-ci, is-fullwidth-code-point, isarray, isbinaryfile, isexe, jackspeak, jake, js-yaml, json-buffer, json-schema-traverse, json-schema-typed, json-stringify-safe, json5, jsonfile, keyv, lazy-val, lazystream, lie, localforage, lodash, lodash.defaults, lodash.difference, lodash.flatten, lodash.isplainobject, lodash.union, lowercase-keys, lru-cache, matcher, math-intrinsics, mime, mime-db, mime-types, mimic-function, mimic-response, minimatch, minimist, minipass, minizlib, mkdirp, ms, nedb, normalize-path, normalize-url, object-keys, once, p-cancelable, package-json-from-dist, parse-cache-control, path-is-absolute, path-key, path-scurry, pend, plist, process-nextick-args, progress, promise-retry, pump, punycode, quick-lru, read-config-file, readable-stream, readdir-glob, require-directory, require-from-string, resolve-alpn, responselike, retry, rimraf, roarr, safe-buffer, safer-buffer, sanitize-filename, sax, semver, semver-compare, serialize-error, shebang-command, shebang-regex, signal-exit, simple-update-notifier, source-map, source-map-support, sprintf-js, stat-mode, string-width, string-width-cjs, string_decoder, strip-ansi, strip-ansi-cjs, stubborn-fs, sumchecker, supports-color, tar, tar-stream, temp-file, tmp, tmp-promise, truncate-utf8-bytes, type-fest, typedarray, typescript, uint8array-extras, underscore, undici-types, universalify, uri-js, utf8-byte-length, util-deprecate, when-exit, which, wrap-ansi, wrap-ansi-cjs, wrappy, xmlbuilder, y18n, yallist, yargs, yargs-parser, yauzl, zip-stream
2025-05-24T07:42:32.736Z [TEST] ffmpeg-static存在于 D:\code\cursor\looklook\node_modules\ffmpeg-static
2025-05-24T07:42:32.736Z [TEST] ffmpeg-static内容: example.js, ffmpeg.exe, index.js, install.js, LICENSE, package.json, README.md, types
2025-05-24T07:42:32.736Z [TEST] ffprobe-static存在于 D:\code\cursor\looklook\node_modules\ffprobe-static
2025-05-24T07:42:32.737Z [TEST] ffprobe-static内容: bin, index.js, LICENSE, package.json, README.md, tests
2025-05-24T07:42:32.737Z [TEST] ffprobe-static/bin内容: darwin, linux, win32
2025-05-24T07:42:32.737Z [TEST] ffprobe-static/bin/win32内容: ia32, x64
2025-05-24T07:42:32.737Z [TEST] ffprobe-static/bin/win32/x64内容: ffprobe.exe
2025-05-24T07:42:32.738Z [LOG] 测试FFmpeg可执行性...
2025-05-24T07:42:32.738Z [TEST] 开始测试FFmpeg可执行性
2025-05-24T07:42:32.738Z [LOG] FFmpeg文件存在: D:\code\cursor\looklook\node_modules\ffmpeg-static\ffmpeg.exe
2025-05-24T07:42:32.738Z [TEST] FFmpeg文件存在: D:\code\cursor\looklook\node_modules\ffmpeg-static\ffmpeg.exe
2025-05-24T07:42:32.738Z [LOG] FFmpeg有执行权限
2025-05-24T07:42:32.739Z [TEST] FFmpeg有执行权限
2025-05-24T07:42:32.774Z [LOG] 测试FFprobe可执行性...
2025-05-24T07:42:32.774Z [LOG] FFprobe文件存在: D:\code\cursor\looklook\node_modules\ffprobe-static\bin\win32\x64\ffprobe.exe
2025-05-24T07:42:32.775Z [LOG] FFprobe有执行权限
2025-05-24T07:42:32.839Z [LOG] 注册IPC事件处理程序...
2025-05-24T07:42:32.840Z [LOG] IPC事件处理程序注册完成
2025-05-24T07:42:32.845Z [LOG] FFprobe执行测试成功: ffprobe version 4.0.2 Copyright (c) 2007-2018 the FFmpeg developers
2025-05-24T07:42:32.847Z [LOG] FFmpeg执行测试成功: ffmpeg version 7.1.1-essentials_build-www.gyan.dev Copyright (c) 2000-2025 the FFmpeg developers
2025-05-24T07:42:32.847Z [TEST] FFmpeg执行测试成功: ffmpeg version 7.1.1-essentials_build-www.gyan.dev Copyright (c) 2000-2025 the FFmpeg developers
2025-05-24T07:42:32.847Z [LOG] FFprobe执行测试成功: ffprobe version 4.0.2 Copyright (c) 2007-2018 the FFmpeg developers
2025-05-24T07:42:32.848Z [LOG] FFmpeg执行测试成功: ffmpeg version 7.1.1-essentials_build-www.gyan.dev Copyright (c) 2000-2025 the FFmpeg developers
2025-05-24T07:42:32.848Z [TEST] FFmpeg执行测试成功: ffmpeg version 7.1.1-essentials_build-www.gyan.dev Copyright (c) 2000-2025 the FFmpeg developers
2025-05-24T07:42:32.873Z [LOG] 已加载 1 个视频记录
2025-05-24T07:42:32.874Z [LOG] 开始检查是否存在重复视频记录...
2025-05-24T07:42:32.874Z [LOG] 没有发现重复视频记录
2025-05-24T07:42:32.876Z [LOG] 已加载枚举值[collection]: 4个
2025-05-24T07:42:32.877Z [LOG] 已加载枚举值[actors]: 0个
2025-05-24T07:42:32.877Z [LOG] 开始检查 1 个视频文件是否存在...
2025-05-24T07:42:32.892Z [LOG] 视频文件检查完成，共检查 1 个文件，发现 0 个问题
2025-05-24T07:42:32.892Z [LOG] 数据库模块初始化完成
2025-05-24T07:42:32.999Z [LOG] 处理get-videos请求
2025-05-24T07:42:33.001Z [LOG] 处理get-enum-values请求: collection
2025-05-24T07:42:33.002Z [LOG] 处理get-enum-values请求: actors
2025-05-24T07:42:33.008Z [LOG] 处理自定义协议请求: app://thumbnail/1748070913943-RDpcVXNl.jpg
2025-05-24T07:42:33.009Z [LOG] 缩略图路径: D:\code\cursor\looklook\userdata\thumbnails\1748070913943-RDpcVXNl.jpg
2025-05-24T07:42:33.010Z [LOG] 处理get-enum-values请求: collection
2025-05-24T07:42:33.011Z [LOG] 处理get-enum-values请求: actors
2025-05-24T07:42:36.940Z [LOG] 打开文件选择对话框: {"title":"选择目标文件夹","properties":["openDirectory"]}
2025-05-24T07:42:41.444Z [LOG] 文件选择结果: {"canceled":false,"filePaths":["C:\\"]}
2025-05-24T07:42:41.447Z [LOG] 准备移动 1 个视频到 C:\
2025-05-24T07:42:41.516Z [LOG] 使用复制-删除模式: 1538673501-1-192.mp4 -> 1538673501-1-192.mp4
2025-05-24T07:42:41.516Z [LOG] 更新视频ID: 1748070913943-RDpcVXNl 的文件路径为: C:\1538673501-1-192.mp4, 文件名为: 1538673501-1-192.mp4
2025-05-24T07:42:41.518Z [LOG] 成功更新 1 条视频记录的文件路径和文件名
2025-05-24T07:42:41.571Z [LOG] 移动完成: 总共 1 个视频，成功 1 个，失败 0 个
2025-05-24T07:42:41.572Z [LOG] 处理get-videos请求
2025-05-24T07:43:40.478Z 日志开始 - 2025-05-24T07:43:40.477Z - 应用版本: 2.1.2 - 运行环境: 开发环境
2025-05-24T07:43:40.478Z 系统信息: win32 x64 - Node.js 18.18.2
2025-05-24T07:43:40.478Z App路径: D:\code\cursor\looklook
2025-05-24T07:43:40.478Z 可执行文件路径: D:\code\cursor\looklook\node_modules\electron\dist\electron.exe
2025-05-24T07:43:40.479Z [LOG] 日志文件已创建: D:\code\cursor\looklook\userdata\logs\app-2025-05-24.log
2025-05-24T07:43:40.479Z [ERROR] 设置控制台编码失败: process.stdout.setEncoding is not a function
2025-05-24T07:43:40.480Z [LOG] 应用准备就绪
2025-05-24T07:43:40.480Z [ENV] 运行模式: 开发环境
2025-05-24T07:43:40.480Z [ENV] 应用路径: D:\code\cursor\looklook
2025-05-24T07:43:40.480Z [ENV] 可执行文件路径: D:\code\cursor\looklook\node_modules\electron\dist\electron.exe
2025-05-24T07:43:40.480Z [ENV] 用户数据路径: D:\code\cursor\looklook\userdata
2025-05-24T07:43:40.480Z [FFMPEG_COPY] 开发环境中无需复制FFmpeg和FFprobe
2025-05-24T07:43:40.481Z [LOG] 用户数据目录: D:\code\cursor\looklook\userdata
2025-05-24T07:43:40.481Z [LOG] 缩略图目录: D:\code\cursor\looklook\userdata\thumbnails
2025-05-24T07:43:40.481Z [LOG] 设置文件已存在，无需创建默认设置
2025-05-24T07:43:40.485Z [LOG] 打包状态: 开发环境
2025-05-24T07:43:40.486Z [LOG] App Path: D:\code\cursor\looklook
2025-05-24T07:43:40.486Z [LOG] Exe Path: D:\code\cursor\looklook\node_modules\electron\dist\electron.exe
2025-05-24T07:43:40.487Z [LOG] 应用目录: D:\code\cursor\looklook\node_modules\electron\dist
2025-05-24T07:43:40.487Z [LOG] 资源目录: D:\code\cursor\looklook\node_modules\electron\dist\resources
2025-05-24T07:43:40.487Z [TEST] 开始测试FFmpeg和FFprobe可执行性
2025-05-24T07:43:40.487Z [TEST] 打包状态: 开发环境
2025-05-24T07:43:40.487Z [TEST] App路径: D:\code\cursor\looklook
2025-05-24T07:43:40.488Z [TEST] 可执行文件路径: D:\code\cursor\looklook\node_modules\electron\dist\electron.exe
2025-05-24T07:43:40.488Z [TEST] 应用目录: D:\code\cursor\looklook\node_modules\electron\dist
2025-05-24T07:43:40.488Z [TEST] 资源目录: D:\code\cursor\looklook\node_modules\electron\dist\resources
2025-05-24T07:43:40.488Z [LOG] 检查node_modules路径: D:\code\cursor\looklook\node_modules\electron\dist\resources\node_modules, 存在: false
2025-05-24T07:43:40.488Z [TEST] 检查node_modules路径: D:\code\cursor\looklook\node_modules\electron\dist\resources\node_modules, 存在: false
2025-05-24T07:43:40.488Z [LOG] 检查node_modules路径: D:\code\cursor\looklook\node_modules\electron\dist\node_modules, 存在: false
2025-05-24T07:43:40.489Z [TEST] 检查node_modules路径: D:\code\cursor\looklook\node_modules\electron\dist\node_modules, 存在: false
2025-05-24T07:43:40.489Z [LOG] 检查node_modules路径: D:\code\cursor\looklook\node_modules, 存在: true
2025-05-24T07:43:40.489Z [TEST] 检查node_modules路径: D:\code\cursor\looklook\node_modules, 存在: true
2025-05-24T07:43:40.489Z [TEST] D:\code\cursor\looklook\node_modules 中内容: .bin, .package-lock.json, 7zip-bin, @derhuerst, @develar, @electron, @isaacs, @malept, @pkgjs, @sindresorhus, @szmarczak, @tootallnate, @types, @xmldom, agent-base, ajv, ajv-formats, ajv-keywords, ansi-regex, ansi-styles, app-builder-bin, app-builder-lib, archiver, archiver-utils, argparse, async, async-exit-hook, asynckit, at-least-node, atomically, balanced-match, base64-js, binary-search-tree, bl, bluebird, bluebird-lst, boolean, brace-expansion, buffer, buffer-crc32, buffer-equal, buffer-from, builder-util, builder-util-runtime, cacheable-lookup, cacheable-request, call-bind-apply-helpers, caseless, chalk, chownr, chromium-pickle-js, ci-info, cliui, clone-response, color-convert, color-name, combined-stream, commander, compare-version, compress-commons, concat-map, concat-stream, conf, config-file-ts, core-util-is, crc-32, crc32-stream, cross-spawn, debounce-fn, debug, decompress-response, defer-to-connect, define-data-property, define-properties, delayed-stream, detect-node, dir-compare, dmg-builder, dot-prop, dotenv, dotenv-expand, dunder-proto, eastasianwidth, ejs, electron, electron-builder, electron-builder-squirrel-windows, electron-publish, electron-store, emoji-regex, end-of-stream, env-paths, err-code, es-define-property, es-errors, es-object-atoms, es-set-tostringtag, es6-error, escalade, escape-string-regexp, extract-zip, fast-deep-equal, fast-json-stable-stringify, fast-uri, fd-slicer, ffmpeg-static, ffprobe-static, filelist, fluent-ffmpeg, foreground-child, form-data, fs-constants, fs-extra, fs-minipass, fs.realpath, function-bind, get-caller-file, get-intrinsic, get-proto, get-stream, glob, global-agent, globalthis, gopd, got, graceful-fs, has-flag, has-property-descriptors, has-symbols, has-tostringtag, hasown, hosted-git-info, http-cache-semantics, http-proxy-agent, http-response-object, http2-wrapper, https-proxy-agent, iconv-lite, ieee754, immediate, inflight, inherits, is-ci, is-fullwidth-code-point, isarray, isbinaryfile, isexe, jackspeak, jake, js-yaml, json-buffer, json-schema-traverse, json-schema-typed, json-stringify-safe, json5, jsonfile, keyv, lazy-val, lazystream, lie, localforage, lodash, lodash.defaults, lodash.difference, lodash.flatten, lodash.isplainobject, lodash.union, lowercase-keys, lru-cache, matcher, math-intrinsics, mime, mime-db, mime-types, mimic-function, mimic-response, minimatch, minimist, minipass, minizlib, mkdirp, ms, nedb, normalize-path, normalize-url, object-keys, once, p-cancelable, package-json-from-dist, parse-cache-control, path-is-absolute, path-key, path-scurry, pend, plist, process-nextick-args, progress, promise-retry, pump, punycode, quick-lru, read-config-file, readable-stream, readdir-glob, require-directory, require-from-string, resolve-alpn, responselike, retry, rimraf, roarr, safe-buffer, safer-buffer, sanitize-filename, sax, semver, semver-compare, serialize-error, shebang-command, shebang-regex, signal-exit, simple-update-notifier, source-map, source-map-support, sprintf-js, stat-mode, string-width, string-width-cjs, string_decoder, strip-ansi, strip-ansi-cjs, stubborn-fs, sumchecker, supports-color, tar, tar-stream, temp-file, tmp, tmp-promise, truncate-utf8-bytes, type-fest, typedarray, typescript, uint8array-extras, underscore, undici-types, universalify, uri-js, utf8-byte-length, util-deprecate, when-exit, which, wrap-ansi, wrap-ansi-cjs, wrappy, xmlbuilder, y18n, yallist, yargs, yargs-parser, yauzl, zip-stream
2025-05-24T07:43:40.489Z [TEST] ffmpeg-static存在于 D:\code\cursor\looklook\node_modules\ffmpeg-static
2025-05-24T07:43:40.490Z [TEST] ffmpeg-static内容: example.js, ffmpeg.exe, index.js, install.js, LICENSE, package.json, README.md, types
2025-05-24T07:43:40.490Z [TEST] ffprobe-static存在于 D:\code\cursor\looklook\node_modules\ffprobe-static
2025-05-24T07:43:40.490Z [TEST] ffprobe-static内容: bin, index.js, LICENSE, package.json, README.md, tests
2025-05-24T07:43:40.490Z [TEST] ffprobe-static/bin内容: darwin, linux, win32
2025-05-24T07:43:40.490Z [TEST] ffprobe-static/bin/win32内容: ia32, x64
2025-05-24T07:43:40.490Z [TEST] ffprobe-static/bin/win32/x64内容: ffprobe.exe
2025-05-24T07:43:40.491Z [LOG] 测试FFmpeg可执行性...
2025-05-24T07:43:40.491Z [TEST] 开始测试FFmpeg可执行性
2025-05-24T07:43:40.491Z [LOG] FFmpeg文件存在: D:\code\cursor\looklook\node_modules\ffmpeg-static\ffmpeg.exe
2025-05-24T07:43:40.492Z [TEST] FFmpeg文件存在: D:\code\cursor\looklook\node_modules\ffmpeg-static\ffmpeg.exe
2025-05-24T07:43:40.492Z [LOG] FFmpeg有执行权限
2025-05-24T07:43:40.492Z [TEST] FFmpeg有执行权限
2025-05-24T07:43:40.525Z [LOG] 测试FFprobe可执行性...
2025-05-24T07:43:40.526Z [LOG] FFprobe文件存在: D:\code\cursor\looklook\node_modules\ffprobe-static\bin\win32\x64\ffprobe.exe
2025-05-24T07:43:40.526Z [LOG] FFprobe有执行权限
2025-05-24T07:43:40.591Z [LOG] 注册IPC事件处理程序...
2025-05-24T07:43:40.592Z [LOG] IPC事件处理程序注册完成
2025-05-24T07:43:40.599Z [LOG] FFprobe执行测试成功: ffprobe version 4.0.2 Copyright (c) 2007-2018 the FFmpeg developers
2025-05-24T07:43:40.600Z [LOG] FFmpeg执行测试成功: ffmpeg version 7.1.1-essentials_build-www.gyan.dev Copyright (c) 2000-2025 the FFmpeg developers
2025-05-24T07:43:40.600Z [TEST] FFmpeg执行测试成功: ffmpeg version 7.1.1-essentials_build-www.gyan.dev Copyright (c) 2000-2025 the FFmpeg developers
2025-05-24T07:43:40.600Z [LOG] FFprobe执行测试成功: ffprobe version 4.0.2 Copyright (c) 2007-2018 the FFmpeg developers
2025-05-24T07:43:40.600Z [LOG] FFmpeg执行测试成功: ffmpeg version 7.1.1-essentials_build-www.gyan.dev Copyright (c) 2000-2025 the FFmpeg developers
2025-05-24T07:43:40.601Z [TEST] FFmpeg执行测试成功: ffmpeg version 7.1.1-essentials_build-www.gyan.dev Copyright (c) 2000-2025 the FFmpeg developers
2025-05-24T07:43:40.626Z [LOG] 已加载 1 个视频记录
2025-05-24T07:43:40.627Z [LOG] 开始检查是否存在重复视频记录...
2025-05-24T07:43:40.627Z [LOG] 没有发现重复视频记录
2025-05-24T07:43:40.628Z [LOG] 已加载枚举值[collection]: 4个
2025-05-24T07:43:40.629Z [LOG] 已加载枚举值[actors]: 0个
2025-05-24T07:43:40.629Z [LOG] 开始检查 1 个视频文件是否存在...
2025-05-24T07:43:40.643Z [LOG] 视频文件检查完成，共检查 1 个文件，发现 0 个问题
2025-05-24T07:43:40.643Z [LOG] 数据库模块初始化完成
2025-05-24T07:43:40.748Z [LOG] 处理get-videos请求
2025-05-24T07:43:40.751Z [LOG] 处理get-enum-values请求: collection
2025-05-24T07:43:40.751Z [LOG] 处理get-enum-values请求: actors
2025-05-24T07:43:40.758Z [LOG] 处理自定义协议请求: app://thumbnail/1748070913943-RDpcVXNl.jpg
2025-05-24T07:43:40.758Z [LOG] 缩略图路径: D:\code\cursor\looklook\userdata\thumbnails\1748070913943-RDpcVXNl.jpg
2025-05-24T07:43:40.759Z [LOG] 处理get-enum-values请求: collection
2025-05-24T07:43:40.760Z [LOG] 处理get-enum-values请求: actors
2025-05-24T07:43:43.269Z [LOG] 打开文件选择对话框: {"title":"选择目标文件夹","properties":["openDirectory"]}
2025-05-24T07:43:47.853Z [LOG] 文件选择结果: {"canceled":false,"filePaths":["D:\\Users\\Videos\\测试长视频"]}
2025-05-24T07:43:47.855Z [LOG] 准备移动 1 个视频到 D:\Users\Videos\测试长视频
2025-05-24T07:43:47.891Z [LOG] 使用复制-删除模式: 1538673501-1-192.mp4 -> 1538673501-1-192.mp4
2025-05-24T07:43:47.891Z [LOG] 更新视频ID: 1748070913943-RDpcVXNl 的文件路径为: D:\Users\Videos\测试长视频\1538673501-1-192.mp4, 文件名为: 1538673501-1-192.mp4
2025-05-24T07:43:47.893Z [LOG] 成功更新 1 条视频记录的文件路径和文件名
2025-05-24T07:43:47.952Z [LOG] 移动完成: 总共 1 个视频，成功 1 个，失败 0 个
2025-05-24T07:43:47.954Z [LOG] 处理get-videos请求
2025-05-24T07:44:01.027Z [LOG] 处理import-folder请求
2025-05-24T07:44:06.553Z [LOG] 用户选择了文件夹: D:\Users\Videos\第一次选择
2025-05-24T07:44:06.554Z [LOG] 开始搜索文件夹 D:\Users\Videos\第一次选择 中的视频文件
2025-05-24T07:44:06.554Z [LOG] 搜索文件夹: D:\Users\Videos\第一次选择
2025-05-24T07:44:06.555Z [LOG] 搜索文件夹: D:\Users\Videos\第一次选择\新建文件夹
2025-05-24T07:44:06.555Z [LOG] 搜索文件夹: D:\Users\Videos\第一次选择\新建文件夹 (2)
2025-05-24T07:44:06.555Z [LOG] 在文件夹中找到 0 个视频文件
2025-05-24T07:44:06.555Z [LOG] 文件夹中没有找到视频文件
2025-05-24T07:44:30.213Z [LOG] 处理import-folder请求
2025-05-24T07:44:31.475Z [LOG] 用户选择了文件夹: D:\Users\Videos\第一次选择
2025-05-24T07:44:31.476Z [LOG] 开始搜索文件夹 D:\Users\Videos\第一次选择 中的视频文件
2025-05-24T07:44:31.476Z [LOG] 搜索文件夹: D:\Users\Videos\第一次选择
2025-05-24T07:44:31.476Z [LOG] 搜索文件夹: D:\Users\Videos\第一次选择\新建文件夹
2025-05-24T07:44:31.477Z [LOG] 搜索文件夹: D:\Users\Videos\第一次选择\新建文件夹 (2)
2025-05-24T07:44:31.477Z [LOG] 在文件夹中找到 10 个视频文件
2025-05-24T07:44:31.477Z [LOG] 当前数据库中有 1 个视频记录
2025-05-24T07:44:31.478Z [LOG] 其中新增视频 10 个，重复视频 0 个
2025-05-24T07:44:31.478Z [LOG] 设置已加载
2025-05-24T07:44:31.478Z [LOG] 获取视频分辨率: D:\Users\Videos\第一次选择\新建文件夹\test-001.AVI
2025-05-24T07:44:31.479Z [MAIN] 开始获取视频分辨率: D:\Users\Videos\第一次选择\新建文件夹\test-001.AVI
2025-05-24T07:44:31.479Z [LOG] 直接获取视频分辨率
2025-05-24T07:44:31.479Z [RESOLUTION] 开始获取视频分辨率: D:\Users\Videos\第一次选择\新建文件夹\test-001.AVI
2025-05-24T07:44:31.479Z [PATH] 尝试获取FFprobe路径
2025-05-24T07:44:31.480Z [LOG] 使用配置的FFprobe路径: D:\code\cursor\looklook\node_modules\ffprobe-static\bin\win32\x64\ffprobe.exe
2025-05-24T07:44:31.480Z [PATH] 使用配置的FFprobe路径: D:\code\cursor\looklook\node_modules\ffprobe-static\bin\win32\x64\ffprobe.exe
2025-05-24T07:44:31.480Z [RESOLUTION] 在开发环境中使用ffprobe路径: D:\code\cursor\looklook\node_modules\ffprobe-static\bin\win32\x64\ffprobe.exe
2025-05-24T07:44:31.480Z [RESOLUTION] 检查ffprobe可执行文件是否存在: true
2025-05-24T07:44:31.480Z [LOG] 执行命令: "D:\code\cursor\looklook\node_modules\ffprobe-static\bin\win32\x64\ffprobe.exe" -v error -select_streams v:0 -show_entries stream=width,height -of csv=s=x:p=0 "D:\Users\Videos\第一次选择\新建文件夹\test-001.AVI"
2025-05-24T07:44:31.480Z [RESOLUTION] 开始执行命令获取分辨率: "D:\code\cursor\looklook\node_modules\ffprobe-static\bin\win32\x64\ffprobe.exe" -v error -select_streams v:0 -show_entries stream=width,height -of csv=s=x:p=0 "D:\Users\Videos\第一次选择\新建文件夹\test-001.AVI"
2025-05-24T07:44:31.543Z [RESOLUTION] 命令输出: "320x240"
2025-05-24T07:44:31.544Z [LOG] 成功解析分辨率: 320×240
2025-05-24T07:44:31.544Z [RESOLUTION] 成功解析分辨率: 320×240
2025-05-24T07:44:31.544Z [LOG] 获取视频时长: D:\Users\Videos\第一次选择\新建文件夹\test-001.AVI
2025-05-24T07:44:31.544Z [MAIN] 开始获取视频时长: D:\Users\Videos\第一次选择\新建文件夹\test-001.AVI
2025-05-24T07:44:31.545Z [LOG] 直接获取视频时长
2025-05-24T07:44:31.545Z [DURATION] 开始获取视频时长: D:\Users\Videos\第一次选择\新建文件夹\test-001.AVI
2025-05-24T07:44:31.546Z [PATH] 尝试获取FFprobe路径
2025-05-24T07:44:31.546Z [LOG] 使用配置的FFprobe路径: D:\code\cursor\looklook\node_modules\ffprobe-static\bin\win32\x64\ffprobe.exe
2025-05-24T07:44:31.546Z [PATH] 使用配置的FFprobe路径: D:\code\cursor\looklook\node_modules\ffprobe-static\bin\win32\x64\ffprobe.exe
2025-05-24T07:44:31.546Z [DURATION] 在开发环境中使用ffprobe路径: D:\code\cursor\looklook\node_modules\ffprobe-static\bin\win32\x64\ffprobe.exe
2025-05-24T07:44:31.546Z [DURATION] 检查ffprobe可执行文件是否存在: true
2025-05-24T07:44:31.546Z [LOG] 执行命令: "D:\code\cursor\looklook\node_modules\ffprobe-static\bin\win32\x64\ffprobe.exe" -v error -show_entries format=duration -of default=noprint_wrappers=1:nokey=1 "D:\Users\Videos\第一次选择\新建文件夹\test-001.AVI"
2025-05-24T07:44:31.546Z [DURATION] 开始执行命令获取时长: "D:\code\cursor\looklook\node_modules\ffprobe-static\bin\win32\x64\ffprobe.exe" -v error -show_entries format=duration -of default=noprint_wrappers=1:nokey=1 "D:\Users\Videos\第一次选择\新建文件夹\test-001.AVI"
2025-05-24T07:44:31.612Z [DURATION] 命令输出: "125.952000"
2025-05-24T07:44:31.612Z [LOG] 成功解析时长: 00:02:05
2025-05-24T07:44:31.612Z [DURATION] 成功解析时长: 00:02:05
2025-05-24T07:44:31.613Z [LOG] 开始生成缩略图，视频路径: D:\Users\Videos\第一次选择\新建文件夹\test-001.AVI
2025-05-24T07:44:31.613Z [LOG] 缩略图输出路径: D:\code\cursor\looklook\userdata\thumbnails\1748072672086-RDpcVXNl.jpg
2025-05-24T07:44:31.613Z [LOG] 生成随机时间点: 00:00:46
2025-05-24T07:44:31.614Z [LOG] 使用直接命令行ffmpeg生成缩略图
2025-05-24T07:44:31.614Z [PATH] 尝试获取FFmpeg路径
2025-05-24T07:44:31.614Z [LOG] 使用配置的FFmpeg路径: D:\code\cursor\looklook\node_modules\ffmpeg-static\ffmpeg.exe
2025-05-24T07:44:31.614Z [PATH] 使用配置的FFmpeg路径: D:\code\cursor\looklook\node_modules\ffmpeg-static\ffmpeg.exe
2025-05-24T07:44:31.614Z [LOG] 将使用时间点 00:00:46 生成缩略图
2025-05-24T07:44:31.615Z [LOG] 执行命令: D:\code\cursor\looklook\node_modules\ffmpeg-static\ffmpeg.exe -ss 00:00:46 -i D:\Users\Videos\第一次选择\新建文件夹\test-001.AVI -vframes 1 -s 320x180 -y D:\code\cursor\looklook\userdata\thumbnails\1748072672086-RDpcVXNl.jpg
2025-05-24T07:44:31.687Z [LOG] 直接ffmpeg成功生成缩略图: D:\code\cursor\looklook\userdata\thumbnails\1748072672086-RDpcVXNl.jpg
2025-05-24T07:44:31.688Z [LOG] 通过直接ffmpeg命令生成缩略图成功
2025-05-24T07:44:31.688Z [LOG] 设置已加载
2025-05-24T07:44:31.689Z [LOG] 获取视频分辨率: D:\Users\Videos\第一次选择\新建文件夹\test-002.AVI
2025-05-24T07:44:31.689Z [MAIN] 开始获取视频分辨率: D:\Users\Videos\第一次选择\新建文件夹\test-002.AVI
2025-05-24T07:44:31.689Z [LOG] 直接获取视频分辨率
2025-05-24T07:44:31.689Z [RESOLUTION] 开始获取视频分辨率: D:\Users\Videos\第一次选择\新建文件夹\test-002.AVI
2025-05-24T07:44:31.689Z [PATH] 尝试获取FFprobe路径
2025-05-24T07:44:31.689Z [LOG] 使用配置的FFprobe路径: D:\code\cursor\looklook\node_modules\ffprobe-static\bin\win32\x64\ffprobe.exe
2025-05-24T07:44:31.690Z [PATH] 使用配置的FFprobe路径: D:\code\cursor\looklook\node_modules\ffprobe-static\bin\win32\x64\ffprobe.exe
2025-05-24T07:44:31.690Z [RESOLUTION] 在开发环境中使用ffprobe路径: D:\code\cursor\looklook\node_modules\ffprobe-static\bin\win32\x64\ffprobe.exe
2025-05-24T07:44:31.690Z [RESOLUTION] 检查ffprobe可执行文件是否存在: true
2025-05-24T07:44:31.690Z [LOG] 执行命令: "D:\code\cursor\looklook\node_modules\ffprobe-static\bin\win32\x64\ffprobe.exe" -v error -select_streams v:0 -show_entries stream=width,height -of csv=s=x:p=0 "D:\Users\Videos\第一次选择\新建文件夹\test-002.AVI"
2025-05-24T07:44:31.690Z [RESOLUTION] 开始执行命令获取分辨率: "D:\code\cursor\looklook\node_modules\ffprobe-static\bin\win32\x64\ffprobe.exe" -v error -select_streams v:0 -show_entries stream=width,height -of csv=s=x:p=0 "D:\Users\Videos\第一次选择\新建文件夹\test-002.AVI"
2025-05-24T07:44:31.753Z [RESOLUTION] 命令输出: "320x240"
2025-05-24T07:44:31.754Z [LOG] 成功解析分辨率: 320×240
2025-05-24T07:44:31.754Z [RESOLUTION] 成功解析分辨率: 320×240
2025-05-24T07:44:31.754Z [LOG] 获取视频时长: D:\Users\Videos\第一次选择\新建文件夹\test-002.AVI
2025-05-24T07:44:31.754Z [MAIN] 开始获取视频时长: D:\Users\Videos\第一次选择\新建文件夹\test-002.AVI
2025-05-24T07:44:31.754Z [LOG] 直接获取视频时长
2025-05-24T07:44:31.755Z [DURATION] 开始获取视频时长: D:\Users\Videos\第一次选择\新建文件夹\test-002.AVI
2025-05-24T07:44:31.755Z [PATH] 尝试获取FFprobe路径
2025-05-24T07:44:31.755Z [LOG] 使用配置的FFprobe路径: D:\code\cursor\looklook\node_modules\ffprobe-static\bin\win32\x64\ffprobe.exe
2025-05-24T07:44:31.755Z [PATH] 使用配置的FFprobe路径: D:\code\cursor\looklook\node_modules\ffprobe-static\bin\win32\x64\ffprobe.exe
2025-05-24T07:44:31.755Z [DURATION] 在开发环境中使用ffprobe路径: D:\code\cursor\looklook\node_modules\ffprobe-static\bin\win32\x64\ffprobe.exe
2025-05-24T07:44:31.755Z [DURATION] 检查ffprobe可执行文件是否存在: true
2025-05-24T07:44:31.755Z [LOG] 执行命令: "D:\code\cursor\looklook\node_modules\ffprobe-static\bin\win32\x64\ffprobe.exe" -v error -show_entries format=duration -of default=noprint_wrappers=1:nokey=1 "D:\Users\Videos\第一次选择\新建文件夹\test-002.AVI"
2025-05-24T07:44:31.756Z [DURATION] 开始执行命令获取时长: "D:\code\cursor\looklook\node_modules\ffprobe-static\bin\win32\x64\ffprobe.exe" -v error -show_entries format=duration -of default=noprint_wrappers=1:nokey=1 "D:\Users\Videos\第一次选择\新建文件夹\test-002.AVI"
2025-05-24T07:44:31.820Z [DURATION] 命令输出: "125.952000"
2025-05-24T07:44:31.820Z [LOG] 成功解析时长: 00:02:05
2025-05-24T07:44:31.821Z [DURATION] 成功解析时长: 00:02:05
2025-05-24T07:44:31.821Z [LOG] 开始生成缩略图，视频路径: D:\Users\Videos\第一次选择\新建文件夹\test-002.AVI
2025-05-24T07:44:31.821Z [LOG] 缩略图输出路径: D:\code\cursor\looklook\userdata\thumbnails\1748072672433-RDpcVXNl.jpg
2025-05-24T07:44:31.822Z [LOG] 生成随机时间点: 00:00:32
2025-05-24T07:44:31.822Z [LOG] 使用直接命令行ffmpeg生成缩略图
2025-05-24T07:44:31.822Z [PATH] 尝试获取FFmpeg路径
2025-05-24T07:44:31.822Z [LOG] 使用配置的FFmpeg路径: D:\code\cursor\looklook\node_modules\ffmpeg-static\ffmpeg.exe
2025-05-24T07:44:31.822Z [PATH] 使用配置的FFmpeg路径: D:\code\cursor\looklook\node_modules\ffmpeg-static\ffmpeg.exe
2025-05-24T07:44:31.822Z [LOG] 将使用时间点 00:00:32 生成缩略图
2025-05-24T07:44:31.823Z [LOG] 执行命令: D:\code\cursor\looklook\node_modules\ffmpeg-static\ffmpeg.exe -ss 00:00:32 -i D:\Users\Videos\第一次选择\新建文件夹\test-002.AVI -vframes 1 -s 320x180 -y D:\code\cursor\looklook\userdata\thumbnails\1748072672433-RDpcVXNl.jpg
2025-05-24T07:44:31.906Z [LOG] 直接ffmpeg成功生成缩略图: D:\code\cursor\looklook\userdata\thumbnails\1748072672433-RDpcVXNl.jpg
2025-05-24T07:44:31.906Z [LOG] 通过直接ffmpeg命令生成缩略图成功
2025-05-24T07:44:31.907Z [LOG] 设置已加载
2025-05-24T07:44:31.907Z [LOG] 获取视频分辨率: D:\Users\Videos\第一次选择\新建文件夹\test-003.AVI
2025-05-24T07:44:31.907Z [MAIN] 开始获取视频分辨率: D:\Users\Videos\第一次选择\新建文件夹\test-003.AVI
2025-05-24T07:44:31.908Z [LOG] 直接获取视频分辨率
2025-05-24T07:44:31.908Z [RESOLUTION] 开始获取视频分辨率: D:\Users\Videos\第一次选择\新建文件夹\test-003.AVI
2025-05-24T07:44:31.908Z [PATH] 尝试获取FFprobe路径
2025-05-24T07:44:31.908Z [LOG] 使用配置的FFprobe路径: D:\code\cursor\looklook\node_modules\ffprobe-static\bin\win32\x64\ffprobe.exe
2025-05-24T07:44:31.908Z [PATH] 使用配置的FFprobe路径: D:\code\cursor\looklook\node_modules\ffprobe-static\bin\win32\x64\ffprobe.exe
2025-05-24T07:44:31.908Z [RESOLUTION] 在开发环境中使用ffprobe路径: D:\code\cursor\looklook\node_modules\ffprobe-static\bin\win32\x64\ffprobe.exe
2025-05-24T07:44:31.909Z [RESOLUTION] 检查ffprobe可执行文件是否存在: true
2025-05-24T07:44:31.909Z [LOG] 执行命令: "D:\code\cursor\looklook\node_modules\ffprobe-static\bin\win32\x64\ffprobe.exe" -v error -select_streams v:0 -show_entries stream=width,height -of csv=s=x:p=0 "D:\Users\Videos\第一次选择\新建文件夹\test-003.AVI"
2025-05-24T07:44:31.909Z [RESOLUTION] 开始执行命令获取分辨率: "D:\code\cursor\looklook\node_modules\ffprobe-static\bin\win32\x64\ffprobe.exe" -v error -select_streams v:0 -show_entries stream=width,height -of csv=s=x:p=0 "D:\Users\Videos\第一次选择\新建文件夹\test-003.AVI"
2025-05-24T07:44:31.970Z [RESOLUTION] 命令输出: "320x240"
2025-05-24T07:44:31.971Z [LOG] 成功解析分辨率: 320×240
2025-05-24T07:44:31.971Z [RESOLUTION] 成功解析分辨率: 320×240
2025-05-24T07:44:31.971Z [LOG] 获取视频时长: D:\Users\Videos\第一次选择\新建文件夹\test-003.AVI
2025-05-24T07:44:31.971Z [MAIN] 开始获取视频时长: D:\Users\Videos\第一次选择\新建文件夹\test-003.AVI
2025-05-24T07:44:31.972Z [LOG] 直接获取视频时长
2025-05-24T07:44:31.972Z [DURATION] 开始获取视频时长: D:\Users\Videos\第一次选择\新建文件夹\test-003.AVI
2025-05-24T07:44:31.972Z [PATH] 尝试获取FFprobe路径
2025-05-24T07:44:31.972Z [LOG] 使用配置的FFprobe路径: D:\code\cursor\looklook\node_modules\ffprobe-static\bin\win32\x64\ffprobe.exe
2025-05-24T07:44:31.972Z [PATH] 使用配置的FFprobe路径: D:\code\cursor\looklook\node_modules\ffprobe-static\bin\win32\x64\ffprobe.exe
2025-05-24T07:44:31.972Z [DURATION] 在开发环境中使用ffprobe路径: D:\code\cursor\looklook\node_modules\ffprobe-static\bin\win32\x64\ffprobe.exe
2025-05-24T07:44:31.972Z [DURATION] 检查ffprobe可执行文件是否存在: true
2025-05-24T07:44:31.973Z [LOG] 执行命令: "D:\code\cursor\looklook\node_modules\ffprobe-static\bin\win32\x64\ffprobe.exe" -v error -show_entries format=duration -of default=noprint_wrappers=1:nokey=1 "D:\Users\Videos\第一次选择\新建文件夹\test-003.AVI"
2025-05-24T07:44:31.973Z [DURATION] 开始执行命令获取时长: "D:\code\cursor\looklook\node_modules\ffprobe-static\bin\win32\x64\ffprobe.exe" -v error -show_entries format=duration -of default=noprint_wrappers=1:nokey=1 "D:\Users\Videos\第一次选择\新建文件夹\test-003.AVI"
2025-05-24T07:44:32.038Z [DURATION] 命令输出: "125.952000"
2025-05-24T07:44:32.038Z [LOG] 成功解析时长: 00:02:05
2025-05-24T07:44:32.038Z [DURATION] 成功解析时长: 00:02:05
2025-05-24T07:44:32.039Z [LOG] 开始生成缩略图，视频路径: D:\Users\Videos\第一次选择\新建文件夹\test-003.AVI
2025-05-24T07:44:32.039Z [LOG] 缩略图输出路径: D:\code\cursor\looklook\userdata\thumbnails\1748072672778-RDpcVXNl.jpg
2025-05-24T07:44:32.040Z [LOG] 生成随机时间点: 00:00:45
2025-05-24T07:44:32.040Z [LOG] 使用直接命令行ffmpeg生成缩略图
2025-05-24T07:44:32.040Z [PATH] 尝试获取FFmpeg路径
2025-05-24T07:44:32.040Z [LOG] 使用配置的FFmpeg路径: D:\code\cursor\looklook\node_modules\ffmpeg-static\ffmpeg.exe
2025-05-24T07:44:32.040Z [PATH] 使用配置的FFmpeg路径: D:\code\cursor\looklook\node_modules\ffmpeg-static\ffmpeg.exe
2025-05-24T07:44:32.041Z [LOG] 将使用时间点 00:00:45 生成缩略图
2025-05-24T07:44:32.041Z [LOG] 执行命令: D:\code\cursor\looklook\node_modules\ffmpeg-static\ffmpeg.exe -ss 00:00:45 -i D:\Users\Videos\第一次选择\新建文件夹\test-003.AVI -vframes 1 -s 320x180 -y D:\code\cursor\looklook\userdata\thumbnails\1748072672778-RDpcVXNl.jpg
2025-05-24T07:44:32.113Z [LOG] 直接ffmpeg成功生成缩略图: D:\code\cursor\looklook\userdata\thumbnails\1748072672778-RDpcVXNl.jpg
2025-05-24T07:44:32.114Z [LOG] 通过直接ffmpeg命令生成缩略图成功
2025-05-24T07:44:32.114Z [LOG] 设置已加载
2025-05-24T07:44:32.115Z [LOG] 获取视频分辨率: D:\Users\Videos\第一次选择\新建文件夹\test-004.AVI
2025-05-24T07:44:32.115Z [MAIN] 开始获取视频分辨率: D:\Users\Videos\第一次选择\新建文件夹\test-004.AVI
2025-05-24T07:44:32.115Z [LOG] 直接获取视频分辨率
2025-05-24T07:44:32.115Z [RESOLUTION] 开始获取视频分辨率: D:\Users\Videos\第一次选择\新建文件夹\test-004.AVI
2025-05-24T07:44:32.115Z [PATH] 尝试获取FFprobe路径
2025-05-24T07:44:32.115Z [LOG] 使用配置的FFprobe路径: D:\code\cursor\looklook\node_modules\ffprobe-static\bin\win32\x64\ffprobe.exe
2025-05-24T07:44:32.115Z [PATH] 使用配置的FFprobe路径: D:\code\cursor\looklook\node_modules\ffprobe-static\bin\win32\x64\ffprobe.exe
2025-05-24T07:44:32.115Z [RESOLUTION] 在开发环境中使用ffprobe路径: D:\code\cursor\looklook\node_modules\ffprobe-static\bin\win32\x64\ffprobe.exe
2025-05-24T07:44:32.115Z [RESOLUTION] 检查ffprobe可执行文件是否存在: true
2025-05-24T07:44:32.116Z [LOG] 执行命令: "D:\code\cursor\looklook\node_modules\ffprobe-static\bin\win32\x64\ffprobe.exe" -v error -select_streams v:0 -show_entries stream=width,height -of csv=s=x:p=0 "D:\Users\Videos\第一次选择\新建文件夹\test-004.AVI"
2025-05-24T07:44:32.116Z [RESOLUTION] 开始执行命令获取分辨率: "D:\code\cursor\looklook\node_modules\ffprobe-static\bin\win32\x64\ffprobe.exe" -v error -select_streams v:0 -show_entries stream=width,height -of csv=s=x:p=0 "D:\Users\Videos\第一次选择\新建文件夹\test-004.AVI"
2025-05-24T07:44:32.179Z [RESOLUTION] 命令输出: "320x240"
2025-05-24T07:44:32.179Z [LOG] 成功解析分辨率: 320×240
2025-05-24T07:44:32.180Z [RESOLUTION] 成功解析分辨率: 320×240
2025-05-24T07:44:32.180Z [LOG] 获取视频时长: D:\Users\Videos\第一次选择\新建文件夹\test-004.AVI
2025-05-24T07:44:32.180Z [MAIN] 开始获取视频时长: D:\Users\Videos\第一次选择\新建文件夹\test-004.AVI
2025-05-24T07:44:32.180Z [LOG] 直接获取视频时长
2025-05-24T07:44:32.181Z [DURATION] 开始获取视频时长: D:\Users\Videos\第一次选择\新建文件夹\test-004.AVI
2025-05-24T07:44:32.181Z [PATH] 尝试获取FFprobe路径
2025-05-24T07:44:32.181Z [LOG] 使用配置的FFprobe路径: D:\code\cursor\looklook\node_modules\ffprobe-static\bin\win32\x64\ffprobe.exe
2025-05-24T07:44:32.181Z [PATH] 使用配置的FFprobe路径: D:\code\cursor\looklook\node_modules\ffprobe-static\bin\win32\x64\ffprobe.exe
2025-05-24T07:44:32.181Z [DURATION] 在开发环境中使用ffprobe路径: D:\code\cursor\looklook\node_modules\ffprobe-static\bin\win32\x64\ffprobe.exe
2025-05-24T07:44:32.181Z [DURATION] 检查ffprobe可执行文件是否存在: true
2025-05-24T07:44:32.181Z [LOG] 执行命令: "D:\code\cursor\looklook\node_modules\ffprobe-static\bin\win32\x64\ffprobe.exe" -v error -show_entries format=duration -of default=noprint_wrappers=1:nokey=1 "D:\Users\Videos\第一次选择\新建文件夹\test-004.AVI"
2025-05-24T07:44:32.182Z [DURATION] 开始执行命令获取时长: "D:\code\cursor\looklook\node_modules\ffprobe-static\bin\win32\x64\ffprobe.exe" -v error -show_entries format=duration -of default=noprint_wrappers=1:nokey=1 "D:\Users\Videos\第一次选择\新建文件夹\test-004.AVI"
2025-05-24T07:44:32.243Z [DURATION] 命令输出: "125.952000"
2025-05-24T07:44:32.244Z [LOG] 成功解析时长: 00:02:05
2025-05-24T07:44:32.244Z [DURATION] 成功解析时长: 00:02:05
2025-05-24T07:44:32.245Z [LOG] 开始生成缩略图，视频路径: D:\Users\Videos\第一次选择\新建文件夹\test-004.AVI
2025-05-24T07:44:32.245Z [LOG] 缩略图输出路径: D:\code\cursor\looklook\userdata\thumbnails\1748072672723-RDpcVXNl.jpg
2025-05-24T07:44:32.246Z [LOG] 生成随机时间点: 00:00:26
2025-05-24T07:44:32.246Z [LOG] 使用直接命令行ffmpeg生成缩略图
2025-05-24T07:44:32.246Z [PATH] 尝试获取FFmpeg路径
2025-05-24T07:44:32.246Z [LOG] 使用配置的FFmpeg路径: D:\code\cursor\looklook\node_modules\ffmpeg-static\ffmpeg.exe
2025-05-24T07:44:32.247Z [PATH] 使用配置的FFmpeg路径: D:\code\cursor\looklook\node_modules\ffmpeg-static\ffmpeg.exe
2025-05-24T07:44:32.247Z [LOG] 将使用时间点 00:00:26 生成缩略图
2025-05-24T07:44:32.247Z [LOG] 执行命令: D:\code\cursor\looklook\node_modules\ffmpeg-static\ffmpeg.exe -ss 00:00:26 -i D:\Users\Videos\第一次选择\新建文件夹\test-004.AVI -vframes 1 -s 320x180 -y D:\code\cursor\looklook\userdata\thumbnails\1748072672723-RDpcVXNl.jpg
2025-05-24T07:44:32.319Z [LOG] 直接ffmpeg成功生成缩略图: D:\code\cursor\looklook\userdata\thumbnails\1748072672723-RDpcVXNl.jpg
2025-05-24T07:44:32.320Z [LOG] 通过直接ffmpeg命令生成缩略图成功
2025-05-24T07:44:32.320Z [LOG] 设置已加载
2025-05-24T07:44:32.321Z [LOG] 获取视频分辨率: D:\Users\Videos\第一次选择\新建文件夹\test-005.AVI
2025-05-24T07:44:32.321Z [MAIN] 开始获取视频分辨率: D:\Users\Videos\第一次选择\新建文件夹\test-005.AVI
2025-05-24T07:44:32.321Z [LOG] 直接获取视频分辨率
2025-05-24T07:44:32.321Z [RESOLUTION] 开始获取视频分辨率: D:\Users\Videos\第一次选择\新建文件夹\test-005.AVI
2025-05-24T07:44:32.321Z [PATH] 尝试获取FFprobe路径
2025-05-24T07:44:32.321Z [LOG] 使用配置的FFprobe路径: D:\code\cursor\looklook\node_modules\ffprobe-static\bin\win32\x64\ffprobe.exe
2025-05-24T07:44:32.321Z [PATH] 使用配置的FFprobe路径: D:\code\cursor\looklook\node_modules\ffprobe-static\bin\win32\x64\ffprobe.exe
2025-05-24T07:44:32.321Z [RESOLUTION] 在开发环境中使用ffprobe路径: D:\code\cursor\looklook\node_modules\ffprobe-static\bin\win32\x64\ffprobe.exe
2025-05-24T07:44:32.322Z [RESOLUTION] 检查ffprobe可执行文件是否存在: true
2025-05-24T07:44:32.322Z [LOG] 执行命令: "D:\code\cursor\looklook\node_modules\ffprobe-static\bin\win32\x64\ffprobe.exe" -v error -select_streams v:0 -show_entries stream=width,height -of csv=s=x:p=0 "D:\Users\Videos\第一次选择\新建文件夹\test-005.AVI"
2025-05-24T07:44:32.322Z [RESOLUTION] 开始执行命令获取分辨率: "D:\code\cursor\looklook\node_modules\ffprobe-static\bin\win32\x64\ffprobe.exe" -v error -select_streams v:0 -show_entries stream=width,height -of csv=s=x:p=0 "D:\Users\Videos\第一次选择\新建文件夹\test-005.AVI"
2025-05-24T07:44:32.386Z [RESOLUTION] 命令输出: "320x240"
2025-05-24T07:44:32.387Z [LOG] 成功解析分辨率: 320×240
2025-05-24T07:44:32.387Z [RESOLUTION] 成功解析分辨率: 320×240
2025-05-24T07:44:32.387Z [LOG] 获取视频时长: D:\Users\Videos\第一次选择\新建文件夹\test-005.AVI
2025-05-24T07:44:32.387Z [MAIN] 开始获取视频时长: D:\Users\Videos\第一次选择\新建文件夹\test-005.AVI
2025-05-24T07:44:32.387Z [LOG] 直接获取视频时长
2025-05-24T07:44:32.388Z [DURATION] 开始获取视频时长: D:\Users\Videos\第一次选择\新建文件夹\test-005.AVI
2025-05-24T07:44:32.388Z [PATH] 尝试获取FFprobe路径
2025-05-24T07:44:32.388Z [LOG] 使用配置的FFprobe路径: D:\code\cursor\looklook\node_modules\ffprobe-static\bin\win32\x64\ffprobe.exe
2025-05-24T07:44:32.388Z [PATH] 使用配置的FFprobe路径: D:\code\cursor\looklook\node_modules\ffprobe-static\bin\win32\x64\ffprobe.exe
2025-05-24T07:44:32.388Z [DURATION] 在开发环境中使用ffprobe路径: D:\code\cursor\looklook\node_modules\ffprobe-static\bin\win32\x64\ffprobe.exe
2025-05-24T07:44:32.388Z [DURATION] 检查ffprobe可执行文件是否存在: true
2025-05-24T07:44:32.389Z [LOG] 执行命令: "D:\code\cursor\looklook\node_modules\ffprobe-static\bin\win32\x64\ffprobe.exe" -v error -show_entries format=duration -of default=noprint_wrappers=1:nokey=1 "D:\Users\Videos\第一次选择\新建文件夹\test-005.AVI"
2025-05-24T07:44:32.389Z [DURATION] 开始执行命令获取时长: "D:\code\cursor\looklook\node_modules\ffprobe-static\bin\win32\x64\ffprobe.exe" -v error -show_entries format=duration -of default=noprint_wrappers=1:nokey=1 "D:\Users\Videos\第一次选择\新建文件夹\test-005.AVI"
2025-05-24T07:44:32.456Z [DURATION] 命令输出: "125.952000"
2025-05-24T07:44:32.456Z [LOG] 成功解析时长: 00:02:05
2025-05-24T07:44:32.457Z [DURATION] 成功解析时长: 00:02:05
2025-05-24T07:44:32.457Z [LOG] 开始生成缩略图，视频路径: D:\Users\Videos\第一次选择\新建文件夹\test-005.AVI
2025-05-24T07:44:32.457Z [LOG] 缩略图输出路径: D:\code\cursor\looklook\userdata\thumbnails\1748072672501-RDpcVXNl.jpg
2025-05-24T07:44:32.458Z [LOG] 生成随机时间点: 00:00:13
2025-05-24T07:44:32.458Z [LOG] 使用直接命令行ffmpeg生成缩略图
2025-05-24T07:44:32.458Z [PATH] 尝试获取FFmpeg路径
2025-05-24T07:44:32.458Z [LOG] 使用配置的FFmpeg路径: D:\code\cursor\looklook\node_modules\ffmpeg-static\ffmpeg.exe
2025-05-24T07:44:32.458Z [PATH] 使用配置的FFmpeg路径: D:\code\cursor\looklook\node_modules\ffmpeg-static\ffmpeg.exe
2025-05-24T07:44:32.458Z [LOG] 将使用时间点 00:00:13 生成缩略图
2025-05-24T07:44:32.459Z [LOG] 执行命令: D:\code\cursor\looklook\node_modules\ffmpeg-static\ffmpeg.exe -ss 00:00:13 -i D:\Users\Videos\第一次选择\新建文件夹\test-005.AVI -vframes 1 -s 320x180 -y D:\code\cursor\looklook\userdata\thumbnails\1748072672501-RDpcVXNl.jpg
2025-05-24T07:44:32.530Z [LOG] 直接ffmpeg成功生成缩略图: D:\code\cursor\looklook\userdata\thumbnails\1748072672501-RDpcVXNl.jpg
2025-05-24T07:44:32.531Z [LOG] 通过直接ffmpeg命令生成缩略图成功
2025-05-24T07:44:32.531Z [LOG] 设置已加载
2025-05-24T07:44:32.531Z [LOG] 获取视频分辨率: D:\Users\Videos\第一次选择\新建文件夹 (2)\test-001.AVI
2025-05-24T07:44:32.531Z [MAIN] 开始获取视频分辨率: D:\Users\Videos\第一次选择\新建文件夹 (2)\test-001.AVI
2025-05-24T07:44:32.532Z [LOG] 直接获取视频分辨率
2025-05-24T07:44:32.532Z [RESOLUTION] 开始获取视频分辨率: D:\Users\Videos\第一次选择\新建文件夹 (2)\test-001.AVI
2025-05-24T07:44:32.532Z [PATH] 尝试获取FFprobe路径
2025-05-24T07:44:32.532Z [LOG] 使用配置的FFprobe路径: D:\code\cursor\looklook\node_modules\ffprobe-static\bin\win32\x64\ffprobe.exe
2025-05-24T07:44:32.532Z [PATH] 使用配置的FFprobe路径: D:\code\cursor\looklook\node_modules\ffprobe-static\bin\win32\x64\ffprobe.exe
2025-05-24T07:44:32.532Z [RESOLUTION] 在开发环境中使用ffprobe路径: D:\code\cursor\looklook\node_modules\ffprobe-static\bin\win32\x64\ffprobe.exe
2025-05-24T07:44:32.533Z [RESOLUTION] 检查ffprobe可执行文件是否存在: true
2025-05-24T07:44:32.533Z [LOG] 执行命令: "D:\code\cursor\looklook\node_modules\ffprobe-static\bin\win32\x64\ffprobe.exe" -v error -select_streams v:0 -show_entries stream=width,height -of csv=s=x:p=0 "D:\Users\Videos\第一次选择\新建文件夹 (2)\test-001.AVI"
2025-05-24T07:44:32.533Z [RESOLUTION] 开始执行命令获取分辨率: "D:\code\cursor\looklook\node_modules\ffprobe-static\bin\win32\x64\ffprobe.exe" -v error -select_streams v:0 -show_entries stream=width,height -of csv=s=x:p=0 "D:\Users\Videos\第一次选择\新建文件夹 (2)\test-001.AVI"
2025-05-24T07:44:32.597Z [RESOLUTION] 命令输出: "320x240"
2025-05-24T07:44:32.597Z [LOG] 成功解析分辨率: 320×240
2025-05-24T07:44:32.597Z [RESOLUTION] 成功解析分辨率: 320×240
2025-05-24T07:44:32.598Z [LOG] 获取视频时长: D:\Users\Videos\第一次选择\新建文件夹 (2)\test-001.AVI
2025-05-24T07:44:32.598Z [MAIN] 开始获取视频时长: D:\Users\Videos\第一次选择\新建文件夹 (2)\test-001.AVI
2025-05-24T07:44:32.598Z [LOG] 直接获取视频时长
2025-05-24T07:44:32.598Z [DURATION] 开始获取视频时长: D:\Users\Videos\第一次选择\新建文件夹 (2)\test-001.AVI
2025-05-24T07:44:32.598Z [PATH] 尝试获取FFprobe路径
2025-05-24T07:44:32.598Z [LOG] 使用配置的FFprobe路径: D:\code\cursor\looklook\node_modules\ffprobe-static\bin\win32\x64\ffprobe.exe
2025-05-24T07:44:32.598Z [PATH] 使用配置的FFprobe路径: D:\code\cursor\looklook\node_modules\ffprobe-static\bin\win32\x64\ffprobe.exe
2025-05-24T07:44:32.599Z [DURATION] 在开发环境中使用ffprobe路径: D:\code\cursor\looklook\node_modules\ffprobe-static\bin\win32\x64\ffprobe.exe
2025-05-24T07:44:32.599Z [DURATION] 检查ffprobe可执行文件是否存在: true
2025-05-24T07:44:32.599Z [LOG] 执行命令: "D:\code\cursor\looklook\node_modules\ffprobe-static\bin\win32\x64\ffprobe.exe" -v error -show_entries format=duration -of default=noprint_wrappers=1:nokey=1 "D:\Users\Videos\第一次选择\新建文件夹 (2)\test-001.AVI"
2025-05-24T07:44:32.599Z [DURATION] 开始执行命令获取时长: "D:\code\cursor\looklook\node_modules\ffprobe-static\bin\win32\x64\ffprobe.exe" -v error -show_entries format=duration -of default=noprint_wrappers=1:nokey=1 "D:\Users\Videos\第一次选择\新建文件夹 (2)\test-001.AVI"
2025-05-24T07:44:32.661Z [DURATION] 命令输出: "125.952000"
2025-05-24T07:44:32.662Z [LOG] 成功解析时长: 00:02:05
2025-05-24T07:44:32.662Z [DURATION] 成功解析时长: 00:02:05
2025-05-24T07:44:32.662Z [LOG] 开始生成缩略图，视频路径: D:\Users\Videos\第一次选择\新建文件夹 (2)\test-001.AVI
2025-05-24T07:44:32.663Z [LOG] 缩略图输出路径: D:\code\cursor\looklook\userdata\thumbnails\1748072672858-RDpcVXNl.jpg
2025-05-24T07:44:32.663Z [LOG] 生成随机时间点: 00:00:21
2025-05-24T07:44:32.663Z [LOG] 使用直接命令行ffmpeg生成缩略图
2025-05-24T07:44:32.663Z [PATH] 尝试获取FFmpeg路径
2025-05-24T07:44:32.664Z [LOG] 使用配置的FFmpeg路径: D:\code\cursor\looklook\node_modules\ffmpeg-static\ffmpeg.exe
2025-05-24T07:44:32.664Z [PATH] 使用配置的FFmpeg路径: D:\code\cursor\looklook\node_modules\ffmpeg-static\ffmpeg.exe
2025-05-24T07:44:32.664Z [LOG] 将使用时间点 00:00:21 生成缩略图
2025-05-24T07:44:32.664Z [LOG] 执行命令: D:\code\cursor\looklook\node_modules\ffmpeg-static\ffmpeg.exe -ss 00:00:21 -i D:\Users\Videos\第一次选择\新建文件夹 (2)\test-001.AVI -vframes 1 -s 320x180 -y D:\code\cursor\looklook\userdata\thumbnails\1748072672858-RDpcVXNl.jpg
2025-05-24T07:44:32.744Z [LOG] 直接ffmpeg成功生成缩略图: D:\code\cursor\looklook\userdata\thumbnails\1748072672858-RDpcVXNl.jpg
2025-05-24T07:44:32.745Z [LOG] 通过直接ffmpeg命令生成缩略图成功
2025-05-24T07:44:32.745Z [LOG] 设置已加载
2025-05-24T07:44:32.745Z [LOG] 获取视频分辨率: D:\Users\Videos\第一次选择\新建文件夹 (2)\test-002.AVI
2025-05-24T07:44:32.746Z [MAIN] 开始获取视频分辨率: D:\Users\Videos\第一次选择\新建文件夹 (2)\test-002.AVI
2025-05-24T07:44:32.746Z [LOG] 直接获取视频分辨率
2025-05-24T07:44:32.746Z [RESOLUTION] 开始获取视频分辨率: D:\Users\Videos\第一次选择\新建文件夹 (2)\test-002.AVI
2025-05-24T07:44:32.746Z [PATH] 尝试获取FFprobe路径
2025-05-24T07:44:32.746Z [LOG] 使用配置的FFprobe路径: D:\code\cursor\looklook\node_modules\ffprobe-static\bin\win32\x64\ffprobe.exe
2025-05-24T07:44:32.747Z [PATH] 使用配置的FFprobe路径: D:\code\cursor\looklook\node_modules\ffprobe-static\bin\win32\x64\ffprobe.exe
2025-05-24T07:44:32.747Z [RESOLUTION] 在开发环境中使用ffprobe路径: D:\code\cursor\looklook\node_modules\ffprobe-static\bin\win32\x64\ffprobe.exe
2025-05-24T07:44:32.747Z [RESOLUTION] 检查ffprobe可执行文件是否存在: true
2025-05-24T07:44:32.747Z [LOG] 执行命令: "D:\code\cursor\looklook\node_modules\ffprobe-static\bin\win32\x64\ffprobe.exe" -v error -select_streams v:0 -show_entries stream=width,height -of csv=s=x:p=0 "D:\Users\Videos\第一次选择\新建文件夹 (2)\test-002.AVI"
2025-05-24T07:44:32.747Z [RESOLUTION] 开始执行命令获取分辨率: "D:\code\cursor\looklook\node_modules\ffprobe-static\bin\win32\x64\ffprobe.exe" -v error -select_streams v:0 -show_entries stream=width,height -of csv=s=x:p=0 "D:\Users\Videos\第一次选择\新建文件夹 (2)\test-002.AVI"
2025-05-24T07:44:32.811Z [RESOLUTION] 命令输出: "320x240"
2025-05-24T07:44:32.811Z [LOG] 成功解析分辨率: 320×240
2025-05-24T07:44:32.812Z [RESOLUTION] 成功解析分辨率: 320×240
2025-05-24T07:44:32.812Z [LOG] 获取视频时长: D:\Users\Videos\第一次选择\新建文件夹 (2)\test-002.AVI
2025-05-24T07:44:32.812Z [MAIN] 开始获取视频时长: D:\Users\Videos\第一次选择\新建文件夹 (2)\test-002.AVI
2025-05-24T07:44:32.812Z [LOG] 直接获取视频时长
2025-05-24T07:44:32.813Z [DURATION] 开始获取视频时长: D:\Users\Videos\第一次选择\新建文件夹 (2)\test-002.AVI
2025-05-24T07:44:32.813Z [PATH] 尝试获取FFprobe路径
2025-05-24T07:44:32.813Z [LOG] 使用配置的FFprobe路径: D:\code\cursor\looklook\node_modules\ffprobe-static\bin\win32\x64\ffprobe.exe
2025-05-24T07:44:32.813Z [PATH] 使用配置的FFprobe路径: D:\code\cursor\looklook\node_modules\ffprobe-static\bin\win32\x64\ffprobe.exe
2025-05-24T07:44:32.813Z [DURATION] 在开发环境中使用ffprobe路径: D:\code\cursor\looklook\node_modules\ffprobe-static\bin\win32\x64\ffprobe.exe
2025-05-24T07:44:32.813Z [DURATION] 检查ffprobe可执行文件是否存在: true
2025-05-24T07:44:32.813Z [LOG] 执行命令: "D:\code\cursor\looklook\node_modules\ffprobe-static\bin\win32\x64\ffprobe.exe" -v error -show_entries format=duration -of default=noprint_wrappers=1:nokey=1 "D:\Users\Videos\第一次选择\新建文件夹 (2)\test-002.AVI"
2025-05-24T07:44:32.813Z [DURATION] 开始执行命令获取时长: "D:\code\cursor\looklook\node_modules\ffprobe-static\bin\win32\x64\ffprobe.exe" -v error -show_entries format=duration -of default=noprint_wrappers=1:nokey=1 "D:\Users\Videos\第一次选择\新建文件夹 (2)\test-002.AVI"
2025-05-24T07:44:32.880Z [DURATION] 命令输出: "125.952000"
2025-05-24T07:44:32.880Z [LOG] 成功解析时长: 00:02:05
2025-05-24T07:44:32.880Z [DURATION] 成功解析时长: 00:02:05
2025-05-24T07:44:32.881Z [LOG] 开始生成缩略图，视频路径: D:\Users\Videos\第一次选择\新建文件夹 (2)\test-002.AVI
2025-05-24T07:44:32.881Z [LOG] 缩略图输出路径: D:\code\cursor\looklook\userdata\thumbnails\1748072673297-RDpcVXNl.jpg
2025-05-24T07:44:32.882Z [LOG] 生成随机时间点: 00:00:44
2025-05-24T07:44:32.882Z [LOG] 使用直接命令行ffmpeg生成缩略图
2025-05-24T07:44:32.882Z [PATH] 尝试获取FFmpeg路径
2025-05-24T07:44:32.882Z [LOG] 使用配置的FFmpeg路径: D:\code\cursor\looklook\node_modules\ffmpeg-static\ffmpeg.exe
2025-05-24T07:44:32.882Z [PATH] 使用配置的FFmpeg路径: D:\code\cursor\looklook\node_modules\ffmpeg-static\ffmpeg.exe
2025-05-24T07:44:32.883Z [LOG] 将使用时间点 00:00:44 生成缩略图
2025-05-24T07:44:32.883Z [LOG] 执行命令: D:\code\cursor\looklook\node_modules\ffmpeg-static\ffmpeg.exe -ss 00:00:44 -i D:\Users\Videos\第一次选择\新建文件夹 (2)\test-002.AVI -vframes 1 -s 320x180 -y D:\code\cursor\looklook\userdata\thumbnails\1748072673297-RDpcVXNl.jpg
2025-05-24T07:44:32.957Z [LOG] 直接ffmpeg成功生成缩略图: D:\code\cursor\looklook\userdata\thumbnails\1748072673297-RDpcVXNl.jpg
2025-05-24T07:44:32.957Z [LOG] 通过直接ffmpeg命令生成缩略图成功
2025-05-24T07:44:32.958Z [LOG] 设置已加载
2025-05-24T07:44:32.958Z [LOG] 获取视频分辨率: D:\Users\Videos\第一次选择\新建文件夹 (2)\test-003.AVI
2025-05-24T07:44:32.958Z [MAIN] 开始获取视频分辨率: D:\Users\Videos\第一次选择\新建文件夹 (2)\test-003.AVI
2025-05-24T07:44:32.958Z [LOG] 直接获取视频分辨率
2025-05-24T07:44:32.959Z [RESOLUTION] 开始获取视频分辨率: D:\Users\Videos\第一次选择\新建文件夹 (2)\test-003.AVI
2025-05-24T07:44:32.959Z [PATH] 尝试获取FFprobe路径
2025-05-24T07:44:32.959Z [LOG] 使用配置的FFprobe路径: D:\code\cursor\looklook\node_modules\ffprobe-static\bin\win32\x64\ffprobe.exe
2025-05-24T07:44:32.959Z [PATH] 使用配置的FFprobe路径: D:\code\cursor\looklook\node_modules\ffprobe-static\bin\win32\x64\ffprobe.exe
2025-05-24T07:44:32.959Z [RESOLUTION] 在开发环境中使用ffprobe路径: D:\code\cursor\looklook\node_modules\ffprobe-static\bin\win32\x64\ffprobe.exe
2025-05-24T07:44:32.959Z [RESOLUTION] 检查ffprobe可执行文件是否存在: true
2025-05-24T07:44:32.959Z [LOG] 执行命令: "D:\code\cursor\looklook\node_modules\ffprobe-static\bin\win32\x64\ffprobe.exe" -v error -select_streams v:0 -show_entries stream=width,height -of csv=s=x:p=0 "D:\Users\Videos\第一次选择\新建文件夹 (2)\test-003.AVI"
2025-05-24T07:44:32.959Z [RESOLUTION] 开始执行命令获取分辨率: "D:\code\cursor\looklook\node_modules\ffprobe-static\bin\win32\x64\ffprobe.exe" -v error -select_streams v:0 -show_entries stream=width,height -of csv=s=x:p=0 "D:\Users\Videos\第一次选择\新建文件夹 (2)\test-003.AVI"
2025-05-24T07:44:33.023Z [RESOLUTION] 命令输出: "320x240"
2025-05-24T07:44:33.023Z [LOG] 成功解析分辨率: 320×240
2025-05-24T07:44:33.024Z [RESOLUTION] 成功解析分辨率: 320×240
2025-05-24T07:44:33.024Z [LOG] 获取视频时长: D:\Users\Videos\第一次选择\新建文件夹 (2)\test-003.AVI
2025-05-24T07:44:33.024Z [MAIN] 开始获取视频时长: D:\Users\Videos\第一次选择\新建文件夹 (2)\test-003.AVI
2025-05-24T07:44:33.024Z [LOG] 直接获取视频时长
2025-05-24T07:44:33.025Z [DURATION] 开始获取视频时长: D:\Users\Videos\第一次选择\新建文件夹 (2)\test-003.AVI
2025-05-24T07:44:33.025Z [PATH] 尝试获取FFprobe路径
2025-05-24T07:44:33.025Z [LOG] 使用配置的FFprobe路径: D:\code\cursor\looklook\node_modules\ffprobe-static\bin\win32\x64\ffprobe.exe
2025-05-24T07:44:33.025Z [PATH] 使用配置的FFprobe路径: D:\code\cursor\looklook\node_modules\ffprobe-static\bin\win32\x64\ffprobe.exe
2025-05-24T07:44:33.025Z [DURATION] 在开发环境中使用ffprobe路径: D:\code\cursor\looklook\node_modules\ffprobe-static\bin\win32\x64\ffprobe.exe
2025-05-24T07:44:33.025Z [DURATION] 检查ffprobe可执行文件是否存在: true
2025-05-24T07:44:33.026Z [LOG] 执行命令: "D:\code\cursor\looklook\node_modules\ffprobe-static\bin\win32\x64\ffprobe.exe" -v error -show_entries format=duration -of default=noprint_wrappers=1:nokey=1 "D:\Users\Videos\第一次选择\新建文件夹 (2)\test-003.AVI"
2025-05-24T07:44:33.026Z [DURATION] 开始执行命令获取时长: "D:\code\cursor\looklook\node_modules\ffprobe-static\bin\win32\x64\ffprobe.exe" -v error -show_entries format=duration -of default=noprint_wrappers=1:nokey=1 "D:\Users\Videos\第一次选择\新建文件夹 (2)\test-003.AVI"
2025-05-24T07:44:33.091Z [DURATION] 命令输出: "125.952000"
2025-05-24T07:44:33.091Z [LOG] 成功解析时长: 00:02:05
2025-05-24T07:44:33.091Z [DURATION] 成功解析时长: 00:02:05
2025-05-24T07:44:33.092Z [LOG] 开始生成缩略图，视频路径: D:\Users\Videos\第一次选择\新建文件夹 (2)\test-003.AVI
2025-05-24T07:44:33.092Z [LOG] 缩略图输出路径: D:\code\cursor\looklook\userdata\thumbnails\1748072673101-RDpcVXNl.jpg
2025-05-24T07:44:33.092Z [LOG] 生成随机时间点: 00:00:10
2025-05-24T07:44:33.093Z [LOG] 使用直接命令行ffmpeg生成缩略图
2025-05-24T07:44:33.093Z [PATH] 尝试获取FFmpeg路径
2025-05-24T07:44:33.093Z [LOG] 使用配置的FFmpeg路径: D:\code\cursor\looklook\node_modules\ffmpeg-static\ffmpeg.exe
2025-05-24T07:44:33.093Z [PATH] 使用配置的FFmpeg路径: D:\code\cursor\looklook\node_modules\ffmpeg-static\ffmpeg.exe
2025-05-24T07:44:33.093Z [LOG] 将使用时间点 00:00:10 生成缩略图
2025-05-24T07:44:33.094Z [LOG] 执行命令: D:\code\cursor\looklook\node_modules\ffmpeg-static\ffmpeg.exe -ss 00:00:10 -i D:\Users\Videos\第一次选择\新建文件夹 (2)\test-003.AVI -vframes 1 -s 320x180 -y D:\code\cursor\looklook\userdata\thumbnails\1748072673101-RDpcVXNl.jpg
2025-05-24T07:44:33.170Z [LOG] 直接ffmpeg成功生成缩略图: D:\code\cursor\looklook\userdata\thumbnails\1748072673101-RDpcVXNl.jpg
2025-05-24T07:44:33.170Z [LOG] 通过直接ffmpeg命令生成缩略图成功
2025-05-24T07:44:33.171Z [LOG] 设置已加载
2025-05-24T07:44:33.171Z [LOG] 获取视频分辨率: D:\Users\Videos\第一次选择\新建文件夹 (2)\test-004.AVI
2025-05-24T07:44:33.171Z [MAIN] 开始获取视频分辨率: D:\Users\Videos\第一次选择\新建文件夹 (2)\test-004.AVI
2025-05-24T07:44:33.171Z [LOG] 直接获取视频分辨率
2025-05-24T07:44:33.171Z [RESOLUTION] 开始获取视频分辨率: D:\Users\Videos\第一次选择\新建文件夹 (2)\test-004.AVI
2025-05-24T07:44:33.172Z [PATH] 尝试获取FFprobe路径
2025-05-24T07:44:33.172Z [LOG] 使用配置的FFprobe路径: D:\code\cursor\looklook\node_modules\ffprobe-static\bin\win32\x64\ffprobe.exe
2025-05-24T07:44:33.172Z [PATH] 使用配置的FFprobe路径: D:\code\cursor\looklook\node_modules\ffprobe-static\bin\win32\x64\ffprobe.exe
2025-05-24T07:44:33.172Z [RESOLUTION] 在开发环境中使用ffprobe路径: D:\code\cursor\looklook\node_modules\ffprobe-static\bin\win32\x64\ffprobe.exe
2025-05-24T07:44:33.172Z [RESOLUTION] 检查ffprobe可执行文件是否存在: true
2025-05-24T07:44:33.172Z [LOG] 执行命令: "D:\code\cursor\looklook\node_modules\ffprobe-static\bin\win32\x64\ffprobe.exe" -v error -select_streams v:0 -show_entries stream=width,height -of csv=s=x:p=0 "D:\Users\Videos\第一次选择\新建文件夹 (2)\test-004.AVI"
2025-05-24T07:44:33.172Z [RESOLUTION] 开始执行命令获取分辨率: "D:\code\cursor\looklook\node_modules\ffprobe-static\bin\win32\x64\ffprobe.exe" -v error -select_streams v:0 -show_entries stream=width,height -of csv=s=x:p=0 "D:\Users\Videos\第一次选择\新建文件夹 (2)\test-004.AVI"
2025-05-24T07:44:33.237Z [RESOLUTION] 命令输出: "320x240"
2025-05-24T07:44:33.237Z [LOG] 成功解析分辨率: 320×240
2025-05-24T07:44:33.237Z [RESOLUTION] 成功解析分辨率: 320×240
2025-05-24T07:44:33.238Z [LOG] 获取视频时长: D:\Users\Videos\第一次选择\新建文件夹 (2)\test-004.AVI
2025-05-24T07:44:33.238Z [MAIN] 开始获取视频时长: D:\Users\Videos\第一次选择\新建文件夹 (2)\test-004.AVI
2025-05-24T07:44:33.238Z [LOG] 直接获取视频时长
2025-05-24T07:44:33.239Z [DURATION] 开始获取视频时长: D:\Users\Videos\第一次选择\新建文件夹 (2)\test-004.AVI
2025-05-24T07:44:33.239Z [PATH] 尝试获取FFprobe路径
2025-05-24T07:44:33.239Z [LOG] 使用配置的FFprobe路径: D:\code\cursor\looklook\node_modules\ffprobe-static\bin\win32\x64\ffprobe.exe
2025-05-24T07:44:33.239Z [PATH] 使用配置的FFprobe路径: D:\code\cursor\looklook\node_modules\ffprobe-static\bin\win32\x64\ffprobe.exe
2025-05-24T07:44:33.239Z [DURATION] 在开发环境中使用ffprobe路径: D:\code\cursor\looklook\node_modules\ffprobe-static\bin\win32\x64\ffprobe.exe
2025-05-24T07:44:33.239Z [DURATION] 检查ffprobe可执行文件是否存在: true
2025-05-24T07:44:33.239Z [LOG] 执行命令: "D:\code\cursor\looklook\node_modules\ffprobe-static\bin\win32\x64\ffprobe.exe" -v error -show_entries format=duration -of default=noprint_wrappers=1:nokey=1 "D:\Users\Videos\第一次选择\新建文件夹 (2)\test-004.AVI"
2025-05-24T07:44:33.239Z [DURATION] 开始执行命令获取时长: "D:\code\cursor\looklook\node_modules\ffprobe-static\bin\win32\x64\ffprobe.exe" -v error -show_entries format=duration -of default=noprint_wrappers=1:nokey=1 "D:\Users\Videos\第一次选择\新建文件夹 (2)\test-004.AVI"
2025-05-24T07:44:33.303Z [DURATION] 命令输出: "125.952000"
2025-05-24T07:44:33.304Z [LOG] 成功解析时长: 00:02:05
2025-05-24T07:44:33.304Z [DURATION] 成功解析时长: 00:02:05
2025-05-24T07:44:33.304Z [LOG] 开始生成缩略图，视频路径: D:\Users\Videos\第一次选择\新建文件夹 (2)\test-004.AVI
2025-05-24T07:44:33.305Z [LOG] 缩略图输出路径: D:\code\cursor\looklook\userdata\thumbnails\1748072673794-RDpcVXNl.jpg
2025-05-24T07:44:33.306Z [LOG] 生成随机时间点: 00:00:52
2025-05-24T07:44:33.306Z [LOG] 使用直接命令行ffmpeg生成缩略图
2025-05-24T07:44:33.306Z [PATH] 尝试获取FFmpeg路径
2025-05-24T07:44:33.306Z [LOG] 使用配置的FFmpeg路径: D:\code\cursor\looklook\node_modules\ffmpeg-static\ffmpeg.exe
2025-05-24T07:44:33.306Z [PATH] 使用配置的FFmpeg路径: D:\code\cursor\looklook\node_modules\ffmpeg-static\ffmpeg.exe
2025-05-24T07:44:33.307Z [LOG] 将使用时间点 00:00:52 生成缩略图
2025-05-24T07:44:33.307Z [LOG] 执行命令: D:\code\cursor\looklook\node_modules\ffmpeg-static\ffmpeg.exe -ss 00:00:52 -i D:\Users\Videos\第一次选择\新建文件夹 (2)\test-004.AVI -vframes 1 -s 320x180 -y D:\code\cursor\looklook\userdata\thumbnails\1748072673794-RDpcVXNl.jpg
2025-05-24T07:44:33.387Z [LOG] 直接ffmpeg成功生成缩略图: D:\code\cursor\looklook\userdata\thumbnails\1748072673794-RDpcVXNl.jpg
2025-05-24T07:44:33.388Z [LOG] 通过直接ffmpeg命令生成缩略图成功
2025-05-24T07:44:33.388Z [LOG] 设置已加载
2025-05-24T07:44:33.388Z [LOG] 获取视频分辨率: D:\Users\Videos\第一次选择\新建文件夹 (2)\test-005.AVI
2025-05-24T07:44:33.389Z [MAIN] 开始获取视频分辨率: D:\Users\Videos\第一次选择\新建文件夹 (2)\test-005.AVI
2025-05-24T07:44:33.389Z [LOG] 直接获取视频分辨率
2025-05-24T07:44:33.389Z [RESOLUTION] 开始获取视频分辨率: D:\Users\Videos\第一次选择\新建文件夹 (2)\test-005.AVI
2025-05-24T07:44:33.389Z [PATH] 尝试获取FFprobe路径
2025-05-24T07:44:33.389Z [LOG] 使用配置的FFprobe路径: D:\code\cursor\looklook\node_modules\ffprobe-static\bin\win32\x64\ffprobe.exe
2025-05-24T07:44:33.389Z [PATH] 使用配置的FFprobe路径: D:\code\cursor\looklook\node_modules\ffprobe-static\bin\win32\x64\ffprobe.exe
2025-05-24T07:44:33.389Z [RESOLUTION] 在开发环境中使用ffprobe路径: D:\code\cursor\looklook\node_modules\ffprobe-static\bin\win32\x64\ffprobe.exe
2025-05-24T07:44:33.389Z [RESOLUTION] 检查ffprobe可执行文件是否存在: true
2025-05-24T07:44:33.390Z [LOG] 执行命令: "D:\code\cursor\looklook\node_modules\ffprobe-static\bin\win32\x64\ffprobe.exe" -v error -select_streams v:0 -show_entries stream=width,height -of csv=s=x:p=0 "D:\Users\Videos\第一次选择\新建文件夹 (2)\test-005.AVI"
2025-05-24T07:44:33.390Z [RESOLUTION] 开始执行命令获取分辨率: "D:\code\cursor\looklook\node_modules\ffprobe-static\bin\win32\x64\ffprobe.exe" -v error -select_streams v:0 -show_entries stream=width,height -of csv=s=x:p=0 "D:\Users\Videos\第一次选择\新建文件夹 (2)\test-005.AVI"
2025-05-24T07:44:33.456Z [RESOLUTION] 命令输出: "320x240"
2025-05-24T07:44:33.456Z [LOG] 成功解析分辨率: 320×240
2025-05-24T07:44:33.456Z [RESOLUTION] 成功解析分辨率: 320×240
2025-05-24T07:44:33.457Z [LOG] 获取视频时长: D:\Users\Videos\第一次选择\新建文件夹 (2)\test-005.AVI
2025-05-24T07:44:33.457Z [MAIN] 开始获取视频时长: D:\Users\Videos\第一次选择\新建文件夹 (2)\test-005.AVI
2025-05-24T07:44:33.457Z [LOG] 直接获取视频时长
2025-05-24T07:44:33.457Z [DURATION] 开始获取视频时长: D:\Users\Videos\第一次选择\新建文件夹 (2)\test-005.AVI
2025-05-24T07:44:33.457Z [PATH] 尝试获取FFprobe路径
2025-05-24T07:44:33.458Z [LOG] 使用配置的FFprobe路径: D:\code\cursor\looklook\node_modules\ffprobe-static\bin\win32\x64\ffprobe.exe
2025-05-24T07:44:33.458Z [PATH] 使用配置的FFprobe路径: D:\code\cursor\looklook\node_modules\ffprobe-static\bin\win32\x64\ffprobe.exe
2025-05-24T07:44:33.458Z [DURATION] 在开发环境中使用ffprobe路径: D:\code\cursor\looklook\node_modules\ffprobe-static\bin\win32\x64\ffprobe.exe
2025-05-24T07:44:33.458Z [DURATION] 检查ffprobe可执行文件是否存在: true
2025-05-24T07:44:33.458Z [LOG] 执行命令: "D:\code\cursor\looklook\node_modules\ffprobe-static\bin\win32\x64\ffprobe.exe" -v error -show_entries format=duration -of default=noprint_wrappers=1:nokey=1 "D:\Users\Videos\第一次选择\新建文件夹 (2)\test-005.AVI"
2025-05-24T07:44:33.458Z [DURATION] 开始执行命令获取时长: "D:\code\cursor\looklook\node_modules\ffprobe-static\bin\win32\x64\ffprobe.exe" -v error -show_entries format=duration -of default=noprint_wrappers=1:nokey=1 "D:\Users\Videos\第一次选择\新建文件夹 (2)\test-005.AVI"
2025-05-24T07:44:33.521Z [DURATION] 命令输出: "125.952000"
2025-05-24T07:44:33.521Z [LOG] 成功解析时长: 00:02:05
2025-05-24T07:44:33.521Z [DURATION] 成功解析时长: 00:02:05
2025-05-24T07:44:33.522Z [LOG] 开始生成缩略图，视频路径: D:\Users\Videos\第一次选择\新建文件夹 (2)\test-005.AVI
2025-05-24T07:44:33.522Z [LOG] 缩略图输出路径: D:\code\cursor\looklook\userdata\thumbnails\1748072674062-RDpcVXNl.jpg
2025-05-24T07:44:33.522Z [LOG] 生成随机时间点: 00:00:31
2025-05-24T07:44:33.522Z [LOG] 使用直接命令行ffmpeg生成缩略图
2025-05-24T07:44:33.522Z [PATH] 尝试获取FFmpeg路径
2025-05-24T07:44:33.523Z [LOG] 使用配置的FFmpeg路径: D:\code\cursor\looklook\node_modules\ffmpeg-static\ffmpeg.exe
2025-05-24T07:44:33.523Z [PATH] 使用配置的FFmpeg路径: D:\code\cursor\looklook\node_modules\ffmpeg-static\ffmpeg.exe
2025-05-24T07:44:33.523Z [LOG] 将使用时间点 00:00:31 生成缩略图
2025-05-24T07:44:33.523Z [LOG] 执行命令: D:\code\cursor\looklook\node_modules\ffmpeg-static\ffmpeg.exe -ss 00:00:31 -i D:\Users\Videos\第一次选择\新建文件夹 (2)\test-005.AVI -vframes 1 -s 320x180 -y D:\code\cursor\looklook\userdata\thumbnails\1748072674062-RDpcVXNl.jpg
2025-05-24T07:44:33.602Z [LOG] 直接ffmpeg成功生成缩略图: D:\code\cursor\looklook\userdata\thumbnails\1748072674062-RDpcVXNl.jpg
2025-05-24T07:44:33.602Z [LOG] 通过直接ffmpeg命令生成缩略图成功
2025-05-24T07:44:33.603Z [LOG] 保存当前批次的 10 个视频到数据库
2025-05-24T07:44:33.604Z [LOG] 通知渲染进程数据已更新
2025-05-24T07:44:33.605Z [LOG] 通知渲染进程数据已更新
2025-05-24T07:44:33.606Z [LOG] 处理get-videos请求
2025-05-24T07:44:33.606Z [LOG] 处理get-videos请求
2025-05-24T07:44:33.607Z [LOG] 通知渲染进程数据已更新
2025-05-24T07:44:33.607Z [LOG] 通知渲染进程数据已更新
2025-05-24T07:44:33.608Z [LOG] 通知渲染进程数据已更新
2025-05-24T07:44:33.609Z [LOG] 通知渲染进程数据已更新
2025-05-24T07:44:33.609Z [LOG] 通知渲染进程数据已更新
2025-05-24T07:44:33.610Z [LOG] 通知渲染进程数据已更新
2025-05-24T07:44:33.610Z [LOG] 通知渲染进程数据已更新
2025-05-24T07:44:33.611Z [LOG] 通知渲染进程数据已更新
2025-05-24T07:44:33.611Z [LOG] 成功保存批次中的 10 个视频到数据库
2025-05-24T07:44:33.614Z [LOG] 处理get-videos请求
2025-05-24T07:44:33.615Z [LOG] 处理get-videos请求
2025-05-24T07:44:33.615Z [LOG] 处理get-videos请求
2025-05-24T07:44:33.615Z [LOG] 处理get-videos请求
2025-05-24T07:44:33.616Z [LOG] 处理get-videos请求
2025-05-24T07:44:33.616Z [LOG] 处理get-videos请求
2025-05-24T07:44:33.616Z [LOG] 处理get-videos请求
2025-05-24T07:44:33.616Z [LOG] 处理get-videos请求
2025-05-24T07:44:33.617Z [LOG] 处理get-videos请求
2025-05-24T07:44:37.104Z [LOG] 处理自定义协议请求: app://thumbnail/1748070913943-RDpcVXNl.jpg
2025-05-24T07:44:37.105Z [LOG] 缩略图路径: D:\code\cursor\looklook\userdata\thumbnails\1748070913943-RDpcVXNl.jpg
2025-05-24T07:44:37.106Z [LOG] 处理自定义协议请求: app://thumbnail/1748072672858-RDpcVXNl.jpg
2025-05-24T07:44:37.107Z [LOG] 缩略图路径: D:\code\cursor\looklook\userdata\thumbnails\1748072672858-RDpcVXNl.jpg
2025-05-24T07:44:37.108Z [LOG] 处理自定义协议请求: app://thumbnail/1748072673297-RDpcVXNl.jpg
2025-05-24T07:44:37.108Z [LOG] 缩略图路径: D:\code\cursor\looklook\userdata\thumbnails\1748072673297-RDpcVXNl.jpg
2025-05-24T07:44:37.109Z [LOG] 处理自定义协议请求: app://thumbnail/1748072673101-RDpcVXNl.jpg
2025-05-24T07:44:37.109Z [LOG] 缩略图路径: D:\code\cursor\looklook\userdata\thumbnails\1748072673101-RDpcVXNl.jpg
2025-05-24T07:44:37.110Z [LOG] 处理自定义协议请求: app://thumbnail/1748072673794-RDpcVXNl.jpg
2025-05-24T07:44:37.111Z [LOG] 缩略图路径: D:\code\cursor\looklook\userdata\thumbnails\1748072673794-RDpcVXNl.jpg
2025-05-24T07:44:37.111Z [LOG] 处理自定义协议请求: app://thumbnail/1748072674062-RDpcVXNl.jpg
2025-05-24T07:44:37.112Z [LOG] 缩略图路径: D:\code\cursor\looklook\userdata\thumbnails\1748072674062-RDpcVXNl.jpg
2025-05-24T07:44:37.112Z [LOG] 处理自定义协议请求: app://thumbnail/1748072672086-RDpcVXNl.jpg
2025-05-24T07:44:37.113Z [LOG] 缩略图路径: D:\code\cursor\looklook\userdata\thumbnails\1748072672086-RDpcVXNl.jpg
2025-05-24T07:44:37.113Z [LOG] 处理自定义协议请求: app://thumbnail/1748072672433-RDpcVXNl.jpg
2025-05-24T07:44:37.114Z [LOG] 缩略图路径: D:\code\cursor\looklook\userdata\thumbnails\1748072672433-RDpcVXNl.jpg
2025-05-24T07:44:37.114Z [LOG] 处理自定义协议请求: app://thumbnail/1748072672778-RDpcVXNl.jpg
2025-05-24T07:44:37.115Z [LOG] 缩略图路径: D:\code\cursor\looklook\userdata\thumbnails\1748072672778-RDpcVXNl.jpg
2025-05-24T07:44:37.116Z [LOG] 处理自定义协议请求: app://thumbnail/1748072672723-RDpcVXNl.jpg
2025-05-24T07:44:37.116Z [LOG] 缩略图路径: D:\code\cursor\looklook\userdata\thumbnails\1748072672723-RDpcVXNl.jpg
2025-05-24T07:44:37.117Z [LOG] 处理自定义协议请求: app://thumbnail/1748072672501-RDpcVXNl.jpg
2025-05-24T07:44:37.117Z [LOG] 缩略图路径: D:\code\cursor\looklook\userdata\thumbnails\1748072672501-RDpcVXNl.jpg
2025-05-24T07:44:38.668Z [LOG] 打开文件选择对话框: {"title":"选择目标文件夹","properties":["openDirectory"]}
2025-05-24T07:44:40.240Z [LOG] 文件选择结果: {"canceled":false,"filePaths":["D:\\Users\\Videos\\第一次选择"]}
2025-05-24T07:44:40.241Z [LOG] 准备移动 10 个视频到 D:\Users\Videos\第一次选择
2025-05-24T07:44:40.242Z [LOG] 使用快速移动: test-001.AVI -> test-001.AVI
2025-05-24T07:44:40.243Z [LOG] 更新视频ID: 1748072672086-RDpcVXNl 的文件路径为: D:\Users\Videos\第一次选择\test-001.AVI, 文件名为: test-001.AVI
2025-05-24T07:44:40.244Z [LOG] 成功更新 1 条视频记录的文件路径和文件名
2025-05-24T07:44:40.295Z [LOG] 使用快速移动: test-002.AVI -> test-002.AVI
2025-05-24T07:44:40.295Z [LOG] 更新视频ID: 1748072672433-RDpcVXNl 的文件路径为: D:\Users\Videos\第一次选择\test-002.AVI, 文件名为: test-002.AVI
2025-05-24T07:44:40.296Z [LOG] 成功更新 1 条视频记录的文件路径和文件名
2025-05-24T07:44:40.362Z [LOG] 使用快速移动: test-003.AVI -> test-003.AVI
2025-05-24T07:44:40.363Z [LOG] 更新视频ID: 1748072672778-RDpcVXNl 的文件路径为: D:\Users\Videos\第一次选择\test-003.AVI, 文件名为: test-003.AVI
2025-05-24T07:44:40.364Z [LOG] 成功更新 1 条视频记录的文件路径和文件名
2025-05-24T07:44:40.425Z [LOG] 使用快速移动: test-004.AVI -> test-004.AVI
2025-05-24T07:44:40.426Z [LOG] 更新视频ID: 1748072672723-RDpcVXNl 的文件路径为: D:\Users\Videos\第一次选择\test-004.AVI, 文件名为: test-004.AVI
2025-05-24T07:44:40.427Z [LOG] 成功更新 1 条视频记录的文件路径和文件名
2025-05-24T07:44:40.488Z [LOG] 使用快速移动: test-005.AVI -> test-005.AVI
2025-05-24T07:44:40.488Z [LOG] 更新视频ID: 1748072672501-RDpcVXNl 的文件路径为: D:\Users\Videos\第一次选择\test-005.AVI, 文件名为: test-005.AVI
2025-05-24T07:44:40.490Z [LOG] 成功更新 1 条视频记录的文件路径和文件名
2025-05-24T07:44:40.549Z [LOG] 使用快速移动: test-001.AVI -> test-001(1).AVI
2025-05-24T07:44:40.550Z [LOG] 更新视频ID: 1748072672858-RDpcVXNl 的文件路径为: D:\Users\Videos\第一次选择\test-001(1).AVI, 文件名为: test-001(1).AVI
2025-05-24T07:44:40.551Z [LOG] 成功更新 1 条视频记录的文件路径和文件名
2025-05-24T07:44:40.614Z [LOG] 使用快速移动: test-002.AVI -> test-002(1).AVI
2025-05-24T07:44:40.614Z [LOG] 更新视频ID: 1748072673297-RDpcVXNl 的文件路径为: D:\Users\Videos\第一次选择\test-002(1).AVI, 文件名为: test-002(1).AVI
2025-05-24T07:44:40.615Z [LOG] 成功更新 1 条视频记录的文件路径和文件名
2025-05-24T07:44:40.677Z [LOG] 使用快速移动: test-003.AVI -> test-003(1).AVI
2025-05-24T07:44:40.677Z [LOG] 更新视频ID: 1748072673101-RDpcVXNl 的文件路径为: D:\Users\Videos\第一次选择\test-003(1).AVI, 文件名为: test-003(1).AVI
2025-05-24T07:44:40.679Z [LOG] 成功更新 1 条视频记录的文件路径和文件名
2025-05-24T07:44:40.741Z [LOG] 使用快速移动: test-004.AVI -> test-004(1).AVI
2025-05-24T07:44:40.741Z [LOG] 更新视频ID: 1748072673794-RDpcVXNl 的文件路径为: D:\Users\Videos\第一次选择\test-004(1).AVI, 文件名为: test-004(1).AVI
2025-05-24T07:44:40.743Z [LOG] 成功更新 1 条视频记录的文件路径和文件名
2025-05-24T07:44:40.767Z [LOG] 处理get-enum-values请求: collection
2025-05-24T07:44:40.767Z [LOG] 处理get-enum-values请求: actors
2025-05-24T07:44:40.806Z [LOG] 使用快速移动: test-005.AVI -> test-005(1).AVI
2025-05-24T07:44:40.807Z [LOG] 更新视频ID: 1748072674062-RDpcVXNl 的文件路径为: D:\Users\Videos\第一次选择\test-005(1).AVI, 文件名为: test-005(1).AVI
2025-05-24T07:44:40.808Z [LOG] 成功更新 1 条视频记录的文件路径和文件名
2025-05-24T07:44:40.865Z [LOG] 移动完成: 总共 10 个视频，成功 10 个，失败 0 个
2025-05-24T07:44:40.867Z [LOG] 处理get-videos请求
2025-05-24T07:45:06.842Z [LOG] 处理自定义协议请求: app://thumbnail/1748070913943-RDpcVXNl.jpg
2025-05-24T07:45:06.842Z [LOG] 缩略图路径: D:\code\cursor\looklook\userdata\thumbnails\1748070913943-RDpcVXNl.jpg
2025-05-24T07:45:06.843Z [LOG] 处理自定义协议请求: app://thumbnail/1748072672086-RDpcVXNl.jpg
2025-05-24T07:45:06.844Z [LOG] 缩略图路径: D:\code\cursor\looklook\userdata\thumbnails\1748072672086-RDpcVXNl.jpg
2025-05-24T07:45:06.844Z [LOG] 处理自定义协议请求: app://thumbnail/1748072672858-RDpcVXNl.jpg
2025-05-24T07:45:06.845Z [LOG] 缩略图路径: D:\code\cursor\looklook\userdata\thumbnails\1748072672858-RDpcVXNl.jpg
2025-05-24T07:45:06.845Z [LOG] 处理自定义协议请求: app://thumbnail/1748072672433-RDpcVXNl.jpg
2025-05-24T07:45:06.846Z [LOG] 缩略图路径: D:\code\cursor\looklook\userdata\thumbnails\1748072672433-RDpcVXNl.jpg
2025-05-24T07:45:06.847Z [LOG] 处理自定义协议请求: app://thumbnail/1748072673297-RDpcVXNl.jpg
2025-05-24T07:45:06.847Z [LOG] 缩略图路径: D:\code\cursor\looklook\userdata\thumbnails\1748072673297-RDpcVXNl.jpg
2025-05-24T07:45:06.848Z [LOG] 处理自定义协议请求: app://thumbnail/1748072672778-RDpcVXNl.jpg
2025-05-24T07:45:06.849Z [LOG] 缩略图路径: D:\code\cursor\looklook\userdata\thumbnails\1748072672778-RDpcVXNl.jpg
2025-05-24T07:45:06.849Z [LOG] 处理自定义协议请求: app://thumbnail/1748072673101-RDpcVXNl.jpg
2025-05-24T07:45:06.850Z [LOG] 缩略图路径: D:\code\cursor\looklook\userdata\thumbnails\1748072673101-RDpcVXNl.jpg
2025-05-24T07:45:06.850Z [LOG] 处理自定义协议请求: app://thumbnail/1748072672723-RDpcVXNl.jpg
2025-05-24T07:45:06.851Z [LOG] 缩略图路径: D:\code\cursor\looklook\userdata\thumbnails\1748072672723-RDpcVXNl.jpg
2025-05-24T07:45:06.851Z [LOG] 处理自定义协议请求: app://thumbnail/1748072673794-RDpcVXNl.jpg
2025-05-24T07:45:06.852Z [LOG] 缩略图路径: D:\code\cursor\looklook\userdata\thumbnails\1748072673794-RDpcVXNl.jpg
2025-05-24T07:45:06.852Z [LOG] 处理自定义协议请求: app://thumbnail/1748072672501-RDpcVXNl.jpg
2025-05-24T07:45:06.853Z [LOG] 缩略图路径: D:\code\cursor\looklook\userdata\thumbnails\1748072672501-RDpcVXNl.jpg
2025-05-24T07:45:06.853Z [LOG] 处理自定义协议请求: app://thumbnail/1748072674062-RDpcVXNl.jpg
2025-05-24T07:45:06.854Z [LOG] 缩略图路径: D:\code\cursor\looklook\userdata\thumbnails\1748072674062-RDpcVXNl.jpg
2025-05-24T07:45:14.441Z [LOG] 准备压缩 11 个视频
2025-05-24T07:45:14.441Z [COMPRESS] 准备压缩 11 个视频
2025-05-24T07:45:14.444Z [LOG] 开始处理视频: 1538673501-1-192.mp4
2025-05-24T07:45:14.444Z [COMPRESS] 开始处理视频: 1538673501-1-192.mp4
2025-05-24T07:45:14.549Z [LOG] 开始压缩视频: D:\Users\Videos\测试长视频\1538673501-1-192.mp4 -> D:\Users\Videos\测试长视频\1538673501-1-192_正在压缩.mp4
2025-05-24T07:45:14.549Z [COMPRESS] 开始压缩视频: D:\Users\Videos\测试长视频\1538673501-1-192.mp4 -> D:\Users\Videos\测试长视频\1538673501-1-192_正在压缩.mp4
2025-05-24T07:45:14.549Z [PATH] 尝试获取FFmpeg路径
2025-05-24T07:45:14.550Z [LOG] 使用配置的FFmpeg路径: D:\code\cursor\looklook\node_modules\ffmpeg-static\ffmpeg.exe
2025-05-24T07:45:14.550Z [PATH] 使用配置的FFmpeg路径: D:\code\cursor\looklook\node_modules\ffmpeg-static\ffmpeg.exe
2025-05-24T07:45:14.550Z [LOG] ffmpeg命令: D:\code\cursor\looklook\node_modules\ffmpeg-static\ffmpeg.exe -i D:\Users\Videos\测试长视频\1538673501-1-192.mp4 -c:v libx265 -crf 28 -preset medium -c:a aac -b:a 128k -movflags +faststart -pix_fmt yuv420p -y D:\Users\Videos\测试长视频\1538673501-1-192_正在压缩.mp4
2025-05-24T07:45:14.550Z [COMPRESS] ffmpeg命令: D:\code\cursor\looklook\node_modules\ffmpeg-static\ffmpeg.exe -i D:\Users\Videos\测试长视频\1538673501-1-192.mp4 -c:v libx265 -crf 28 -preset medium -c:a aac -b:a 128k -movflags +faststart -pix_fmt yuv420p -y D:\Users\Videos\测试长视频\1538673501-1-192_正在压缩.mp4
2025-05-24T07:45:19.120Z [LOG] 用户暂停压缩视频
2025-05-24T07:45:19.120Z [COMPRESS] 用户暂停压缩视频
2025-05-24T07:45:19.121Z [LOG] 终止当前压缩进程: 1538673501-1-192.mp4
2025-05-24T07:45:19.121Z [COMPRESS] 终止当前压缩进程: 1538673501-1-192.mp4
2025-05-24T07:45:19.174Z [LOG] 压缩已暂停，将当前任务重新加入队列
2025-05-24T07:45:19.175Z [COMPRESS] 压缩已暂停，将当前任务重新加入队列
2025-05-24T07:45:19.175Z [LOG] 已删除临时文件: D:\Users\Videos\测试长视频\1538673501-1-192_正在压缩.mp4
2025-05-24T07:45:19.175Z [COMPRESS] 已删除临时文件: D:\Users\Videos\测试长视频\1538673501-1-192_正在压缩.mp4
2025-05-24T07:45:19.677Z [LOG] 用户取消批量压缩任务
2025-05-24T07:45:19.677Z [COMPRESS] 用户取消批量压缩任务
2025-05-24T07:45:22.584Z [LOG] 准备压缩 10 个视频
2025-05-24T07:45:22.585Z [COMPRESS] 准备压缩 10 个视频
2025-05-24T07:45:22.586Z [LOG] 开始处理视频: test-001.AVI
2025-05-24T07:45:22.586Z [COMPRESS] 开始处理视频: test-001.AVI
2025-05-24T07:45:22.665Z [LOG] 开始压缩视频: D:\Users\Videos\第一次选择\test-001.AVI -> D:\Users\Videos\第一次选择\test-001_正在压缩.mp4
2025-05-24T07:45:22.665Z [COMPRESS] 开始压缩视频: D:\Users\Videos\第一次选择\test-001.AVI -> D:\Users\Videos\第一次选择\test-001_正在压缩.mp4
2025-05-24T07:45:22.665Z [PATH] 尝试获取FFmpeg路径
2025-05-24T07:45:22.665Z [LOG] 使用配置的FFmpeg路径: D:\code\cursor\looklook\node_modules\ffmpeg-static\ffmpeg.exe
2025-05-24T07:45:22.665Z [PATH] 使用配置的FFmpeg路径: D:\code\cursor\looklook\node_modules\ffmpeg-static\ffmpeg.exe
2025-05-24T07:45:22.666Z [LOG] ffmpeg命令: D:\code\cursor\looklook\node_modules\ffmpeg-static\ffmpeg.exe -i D:\Users\Videos\第一次选择\test-001.AVI -c:v libx265 -crf 28 -preset medium -c:a aac -b:a 128k -movflags +faststart -pix_fmt yuv420p -y D:\Users\Videos\第一次选择\test-001_正在压缩.mp4
2025-05-24T07:45:22.666Z [COMPRESS] ffmpeg命令: D:\code\cursor\looklook\node_modules\ffmpeg-static\ffmpeg.exe -i D:\Users\Videos\第一次选择\test-001.AVI -c:v libx265 -crf 28 -preset medium -c:a aac -b:a 128k -movflags +faststart -pix_fmt yuv420p -y D:\Users\Videos\第一次选择\test-001_正在压缩.mp4
2025-05-24T07:45:26.286Z [LOG] 视频压缩成功: D:\Users\Videos\第一次选择\test-001_正在压缩.mp4
2025-05-24T07:45:26.286Z [COMPRESS] 视频压缩成功: D:\Users\Videos\第一次选择\test-001_正在压缩.mp4
2025-05-24T07:45:26.286Z [LOG] 压缩成功，节省空间: 7MB (71%)
2025-05-24T07:45:26.287Z [COMPRESS] 压缩成功，节省空间: 7MB (71%)
2025-05-24T07:45:26.287Z [LOG] 原文件已重命名: D:\Users\Videos\第一次选择\test-001.AVI -> D:\Users\Videos\第一次选择\test-001_原文件.AVI
2025-05-24T07:45:26.288Z [LOG] 压缩文件已重命名: D:\Users\Videos\第一次选择\test-001_正在压缩.mp4 -> D:\Users\Videos\第一次选择\test-001.mp4
2025-05-24T07:45:26.288Z [COMPRESS] 原文件已重命名: D:\Users\Videos\第一次选择\test-001.AVI -> D:\Users\Videos\第一次选择\test-001_原文件.AVI
2025-05-24T07:45:26.288Z [COMPRESS] 压缩文件已重命名: D:\Users\Videos\第一次选择\test-001_正在压缩.mp4 -> D:\Users\Videos\第一次选择\test-001.mp4
2025-05-24T07:45:26.290Z [LOG] 已获取到原视频记录: {"id":"1748072672086-RDpcVXNl","fileName":"test-001.AVI","filePath":"D:\\Users\\Videos\\第一次选择\\test-001.AVI","fileSize":"10.06 MB","createDate":"2025-05-24T07:44:18.360Z","importDate":"2025-05-24 07:44:31","viewCount":0,"lastViewDate":"","selected":false,"thumbnailUrl":"app://thumbnail/1748072672086-RDpcVXNl.jpg","rating":0,"actors":"","code":"test-001","collection":"","resolution":"320×240","duration":"00:02:05","notes":"","releaseDate":"","_id":"GqO9cQY2eTj4yS4e","createdAt":"2025-05-24T07:44:33.603Z","updatedAt":"2025-05-24T07:44:33.603Z"}
2025-05-24T07:45:26.290Z [COMPRESS] 已获取到原视频记录: ID=1748072672086-RDpcVXNl, 文件名=test-001.AVI
2025-05-24T07:45:26.291Z [LOG] 更新原视频记录: {"id":"1748072672086-RDpcVXNl","fileName":"test-001_原文件.AVI","filePath":"D:\\Users\\Videos\\第一次选择\\test-001_原文件.AVI","fileSize":"10.06 MB","createDate":"2025-05-24T07:44:18.360Z","importDate":"2025-05-24 07:44:31","viewCount":0,"lastViewDate":"","selected":false,"thumbnailUrl":"app://thumbnail/1748072672086-RDpcVXNl.jpg","rating":0,"actors":"","code":"test-001","collection":"压缩前","resolution":"320×240","duration":"00:02:05","notes":"","releaseDate":"","_id":"GqO9cQY2eTj4yS4e","createdAt":"2025-05-24T07:44:33.603Z","updatedAt":"2025-05-24T07:44:33.603Z"}
2025-05-24T07:45:26.291Z [COMPRESS] 更新原视频记录: ID=1748072672086-RDpcVXNl, 新文件名=test-001_原文件.AVI
2025-05-24T07:45:26.293Z [LOG] 通知渲染进程数据已更新
2025-05-24T07:45:26.294Z [LOG] 生成唯一ID: comp-1748072726293-i51fmaebsqt88nzo
2025-05-24T07:45:26.294Z [COMPRESS] 生成唯一ID: comp-1748072726293-i51fmaebsqt88nzo
2025-05-24T07:45:26.294Z [LOG] 复制缩略图: app://thumbnail/1748072672086-RDpcVXNl.jpg, 新ID: comp-1748072726293-i51fmaebsqt88nzo
2025-05-24T07:45:26.294Z [COMPRESS] 复制缩略图: app://thumbnail/1748072672086-RDpcVXNl.jpg, 新ID: comp-1748072726293-i51fmaebsqt88nzo
2025-05-24T07:45:26.295Z [LOG] 缩略图复制成功: app://thumbnail/comp-1748072726293-i51fmaebsqt88nzo.jpg
2025-05-24T07:45:26.296Z [COMPRESS] 缩略图复制成功: app://thumbnail/comp-1748072726293-i51fmaebsqt88nzo.jpg
2025-05-24T07:45:26.296Z [LOG] 获取视频分辨率: D:\Users\Videos\第一次选择\test-001.mp4
2025-05-24T07:45:26.296Z [MAIN] 开始获取视频分辨率: D:\Users\Videos\第一次选择\test-001.mp4
2025-05-24T07:45:26.296Z [LOG] 直接获取视频分辨率
2025-05-24T07:45:26.296Z [RESOLUTION] 开始获取视频分辨率: D:\Users\Videos\第一次选择\test-001.mp4
2025-05-24T07:45:26.296Z [PATH] 尝试获取FFprobe路径
2025-05-24T07:45:26.296Z [LOG] 使用配置的FFprobe路径: D:\code\cursor\looklook\node_modules\ffprobe-static\bin\win32\x64\ffprobe.exe
2025-05-24T07:45:26.296Z [PATH] 使用配置的FFprobe路径: D:\code\cursor\looklook\node_modules\ffprobe-static\bin\win32\x64\ffprobe.exe
2025-05-24T07:45:26.297Z [RESOLUTION] 在开发环境中使用ffprobe路径: D:\code\cursor\looklook\node_modules\ffprobe-static\bin\win32\x64\ffprobe.exe
2025-05-24T07:45:26.297Z [RESOLUTION] 检查ffprobe可执行文件是否存在: true
2025-05-24T07:45:26.297Z [LOG] 执行命令: "D:\code\cursor\looklook\node_modules\ffprobe-static\bin\win32\x64\ffprobe.exe" -v error -select_streams v:0 -show_entries stream=width,height -of csv=s=x:p=0 "D:\Users\Videos\第一次选择\test-001.mp4"
2025-05-24T07:45:26.297Z [RESOLUTION] 开始执行命令获取分辨率: "D:\code\cursor\looklook\node_modules\ffprobe-static\bin\win32\x64\ffprobe.exe" -v error -select_streams v:0 -show_entries stream=width,height -of csv=s=x:p=0 "D:\Users\Videos\第一次选择\test-001.mp4"
2025-05-24T07:45:26.301Z [LOG] 处理get-videos请求
2025-05-24T07:45:26.364Z [RESOLUTION] 命令输出: "320x240"
2025-05-24T07:45:26.365Z [LOG] 成功解析分辨率: 320×240
2025-05-24T07:45:26.365Z [RESOLUTION] 成功解析分辨率: 320×240
2025-05-24T07:45:26.365Z [COMPRESS] 获取新视频分辨率: 320×240
2025-05-24T07:45:26.365Z [LOG] 获取视频时长: D:\Users\Videos\第一次选择\test-001.mp4
2025-05-24T07:45:26.365Z [MAIN] 开始获取视频时长: D:\Users\Videos\第一次选择\test-001.mp4
2025-05-24T07:45:26.365Z [LOG] 直接获取视频时长
2025-05-24T07:45:26.366Z [DURATION] 开始获取视频时长: D:\Users\Videos\第一次选择\test-001.mp4
2025-05-24T07:45:26.366Z [PATH] 尝试获取FFprobe路径
2025-05-24T07:45:26.366Z [LOG] 使用配置的FFprobe路径: D:\code\cursor\looklook\node_modules\ffprobe-static\bin\win32\x64\ffprobe.exe
2025-05-24T07:45:26.366Z [PATH] 使用配置的FFprobe路径: D:\code\cursor\looklook\node_modules\ffprobe-static\bin\win32\x64\ffprobe.exe
2025-05-24T07:45:26.366Z [DURATION] 在开发环境中使用ffprobe路径: D:\code\cursor\looklook\node_modules\ffprobe-static\bin\win32\x64\ffprobe.exe
2025-05-24T07:45:26.366Z [DURATION] 检查ffprobe可执行文件是否存在: true
2025-05-24T07:45:26.366Z [LOG] 执行命令: "D:\code\cursor\looklook\node_modules\ffprobe-static\bin\win32\x64\ffprobe.exe" -v error -show_entries format=duration -of default=noprint_wrappers=1:nokey=1 "D:\Users\Videos\第一次选择\test-001.mp4"
2025-05-24T07:45:26.366Z [DURATION] 开始执行命令获取时长: "D:\code\cursor\looklook\node_modules\ffprobe-static\bin\win32\x64\ffprobe.exe" -v error -show_entries format=duration -of default=noprint_wrappers=1:nokey=1 "D:\Users\Videos\第一次选择\test-001.mp4"
2025-05-24T07:45:26.428Z [DURATION] 命令输出: "125.952000"
2025-05-24T07:45:26.428Z [LOG] 成功解析时长: 00:02:05
2025-05-24T07:45:26.429Z [DURATION] 成功解析时长: 00:02:05
2025-05-24T07:45:26.429Z [COMPRESS] 获取新视频时长: 00:02:05
2025-05-24T07:45:26.430Z [LOG] 新视频记录属性: {"id":"comp-1748072726293-i51fmaebsqt88nzo","tags":["已压缩_高效感知无损"],"rating":0,"autoTag":true}
2025-05-24T07:45:26.430Z [压缩] 新视频记录属性: {"id":"comp-1748072726293-i51fmaebsqt88nzo","tags":["已压缩_高效感知无损"],"rating":0,"autoTag":true}
2025-05-24T07:45:26.431Z [LOG] 通知渲染进程数据已更新
2025-05-24T07:45:26.431Z [LOG] 新视频记录已保存: comp-1748072726293-i51fmaebsqt88nzo
2025-05-24T07:45:26.432Z [COMPRESS] 新视频记录已保存: ID=comp-1748072726293-i51fmaebsqt88nzo
2025-05-24T07:45:26.433Z [LOG] 删除原文件: D:\Users\Videos\第一次选择\test-001_原文件.AVI
2025-05-24T07:45:26.433Z [COMPRESS] 删除原文件: D:\Users\Videos\第一次选择\test-001_原文件.AVI
2025-05-24T07:45:26.433Z [LOG] 视频处理完成 (1/10): test-001.AVI
2025-05-24T07:45:26.433Z [COMPRESS] 视频处理完成 (1/10): test-001.AVI
2025-05-24T07:45:26.434Z [LOG] 处理get-videos请求
2025-05-24T07:45:26.460Z [LOG] 原文件已移至回收站
2025-05-24T07:45:26.461Z [COMPRESS] 原文件已移至回收站
2025-05-24T07:45:26.463Z [LOG] 通知渲染进程数据已更新
2025-05-24T07:45:26.463Z [LOG] 原视频记录已从数据库删除: 1748072672086-RDpcVXNl
2025-05-24T07:45:26.463Z [COMPRESS] 原视频记录已从数据库删除: 1748072672086-RDpcVXNl
2025-05-24T07:45:26.464Z [LOG] 处理get-videos请求
2025-05-24T07:45:26.742Z [LOG] 开始处理视频: test-002.AVI
2025-05-24T07:45:26.742Z [COMPRESS] 开始处理视频: test-002.AVI
2025-05-24T07:45:26.823Z [LOG] 开始压缩视频: D:\Users\Videos\第一次选择\test-002.AVI -> D:\Users\Videos\第一次选择\test-002_正在压缩.mp4
2025-05-24T07:45:26.823Z [COMPRESS] 开始压缩视频: D:\Users\Videos\第一次选择\test-002.AVI -> D:\Users\Videos\第一次选择\test-002_正在压缩.mp4
2025-05-24T07:45:26.823Z [PATH] 尝试获取FFmpeg路径
2025-05-24T07:45:26.824Z [LOG] 使用配置的FFmpeg路径: D:\code\cursor\looklook\node_modules\ffmpeg-static\ffmpeg.exe
2025-05-24T07:45:26.824Z [PATH] 使用配置的FFmpeg路径: D:\code\cursor\looklook\node_modules\ffmpeg-static\ffmpeg.exe
2025-05-24T07:45:26.824Z [LOG] ffmpeg命令: D:\code\cursor\looklook\node_modules\ffmpeg-static\ffmpeg.exe -i D:\Users\Videos\第一次选择\test-002.AVI -c:v libx265 -crf 28 -preset medium -c:a aac -b:a 128k -movflags +faststart -pix_fmt yuv420p -y D:\Users\Videos\第一次选择\test-002_正在压缩.mp4
2025-05-24T07:45:26.825Z [COMPRESS] ffmpeg命令: D:\code\cursor\looklook\node_modules\ffmpeg-static\ffmpeg.exe -i D:\Users\Videos\第一次选择\test-002.AVI -c:v libx265 -crf 28 -preset medium -c:a aac -b:a 128k -movflags +faststart -pix_fmt yuv420p -y D:\Users\Videos\第一次选择\test-002_正在压缩.mp4
2025-05-24T07:45:30.436Z [LOG] 视频压缩成功: D:\Users\Videos\第一次选择\test-002_正在压缩.mp4
2025-05-24T07:45:30.436Z [COMPRESS] 视频压缩成功: D:\Users\Videos\第一次选择\test-002_正在压缩.mp4
2025-05-24T07:45:30.436Z [LOG] 压缩成功，节省空间: 7MB (71%)
2025-05-24T07:45:30.437Z [COMPRESS] 压缩成功，节省空间: 7MB (71%)
2025-05-24T07:45:30.437Z [LOG] 原文件已重命名: D:\Users\Videos\第一次选择\test-002.AVI -> D:\Users\Videos\第一次选择\test-002_原文件.AVI
2025-05-24T07:45:30.438Z [LOG] 压缩文件已重命名: D:\Users\Videos\第一次选择\test-002_正在压缩.mp4 -> D:\Users\Videos\第一次选择\test-002.mp4
2025-05-24T07:45:30.438Z [COMPRESS] 原文件已重命名: D:\Users\Videos\第一次选择\test-002.AVI -> D:\Users\Videos\第一次选择\test-002_原文件.AVI
2025-05-24T07:45:30.438Z [COMPRESS] 压缩文件已重命名: D:\Users\Videos\第一次选择\test-002_正在压缩.mp4 -> D:\Users\Videos\第一次选择\test-002.mp4
2025-05-24T07:45:30.439Z [LOG] 已获取到原视频记录: {"id":"1748072672433-RDpcVXNl","fileName":"test-002.AVI","filePath":"D:\\Users\\Videos\\第一次选择\\test-002.AVI","fileSize":"10.06 MB","createDate":"2025-05-24T07:44:18.366Z","importDate":"2025-05-24 07:44:31","viewCount":0,"lastViewDate":"","selected":false,"thumbnailUrl":"app://thumbnail/1748072672433-RDpcVXNl.jpg","rating":0,"actors":"","code":"test-002","collection":"","resolution":"320×240","duration":"00:02:05","notes":"","releaseDate":"","_id":"XYD11CAs2ZtAoKlu","createdAt":"2025-05-24T07:44:33.604Z","updatedAt":"2025-05-24T07:44:33.604Z"}
2025-05-24T07:45:30.439Z [COMPRESS] 已获取到原视频记录: ID=1748072672433-RDpcVXNl, 文件名=test-002.AVI
2025-05-24T07:45:30.440Z [LOG] 更新原视频记录: {"id":"1748072672433-RDpcVXNl","fileName":"test-002_原文件.AVI","filePath":"D:\\Users\\Videos\\第一次选择\\test-002_原文件.AVI","fileSize":"10.06 MB","createDate":"2025-05-24T07:44:18.366Z","importDate":"2025-05-24 07:44:31","viewCount":0,"lastViewDate":"","selected":false,"thumbnailUrl":"app://thumbnail/1748072672433-RDpcVXNl.jpg","rating":0,"actors":"","code":"test-002","collection":"压缩前","resolution":"320×240","duration":"00:02:05","notes":"","releaseDate":"","_id":"XYD11CAs2ZtAoKlu","createdAt":"2025-05-24T07:44:33.604Z","updatedAt":"2025-05-24T07:44:33.604Z"}
2025-05-24T07:45:30.440Z [COMPRESS] 更新原视频记录: ID=1748072672433-RDpcVXNl, 新文件名=test-002_原文件.AVI
2025-05-24T07:45:30.442Z [LOG] 通知渲染进程数据已更新
2025-05-24T07:45:30.442Z [LOG] 生成唯一ID: comp-1748072730442-ogkax688yi0cspdc
2025-05-24T07:45:30.442Z [COMPRESS] 生成唯一ID: comp-1748072730442-ogkax688yi0cspdc
2025-05-24T07:45:30.442Z [LOG] 复制缩略图: app://thumbnail/1748072672433-RDpcVXNl.jpg, 新ID: comp-1748072730442-ogkax688yi0cspdc
2025-05-24T07:45:30.442Z [COMPRESS] 复制缩略图: app://thumbnail/1748072672433-RDpcVXNl.jpg, 新ID: comp-1748072730442-ogkax688yi0cspdc
2025-05-24T07:45:30.443Z [LOG] 缩略图复制成功: app://thumbnail/comp-1748072730442-ogkax688yi0cspdc.jpg
2025-05-24T07:45:30.443Z [COMPRESS] 缩略图复制成功: app://thumbnail/comp-1748072730442-ogkax688yi0cspdc.jpg
2025-05-24T07:45:30.444Z [LOG] 获取视频分辨率: D:\Users\Videos\第一次选择\test-002.mp4
2025-05-24T07:45:30.444Z [MAIN] 开始获取视频分辨率: D:\Users\Videos\第一次选择\test-002.mp4
2025-05-24T07:45:30.444Z [LOG] 直接获取视频分辨率
2025-05-24T07:45:30.444Z [RESOLUTION] 开始获取视频分辨率: D:\Users\Videos\第一次选择\test-002.mp4
2025-05-24T07:45:30.444Z [PATH] 尝试获取FFprobe路径
2025-05-24T07:45:30.444Z [LOG] 使用配置的FFprobe路径: D:\code\cursor\looklook\node_modules\ffprobe-static\bin\win32\x64\ffprobe.exe
2025-05-24T07:45:30.444Z [PATH] 使用配置的FFprobe路径: D:\code\cursor\looklook\node_modules\ffprobe-static\bin\win32\x64\ffprobe.exe
2025-05-24T07:45:30.445Z [RESOLUTION] 在开发环境中使用ffprobe路径: D:\code\cursor\looklook\node_modules\ffprobe-static\bin\win32\x64\ffprobe.exe
2025-05-24T07:45:30.445Z [RESOLUTION] 检查ffprobe可执行文件是否存在: true
2025-05-24T07:45:30.445Z [LOG] 执行命令: "D:\code\cursor\looklook\node_modules\ffprobe-static\bin\win32\x64\ffprobe.exe" -v error -select_streams v:0 -show_entries stream=width,height -of csv=s=x:p=0 "D:\Users\Videos\第一次选择\test-002.mp4"
2025-05-24T07:45:30.445Z [RESOLUTION] 开始执行命令获取分辨率: "D:\code\cursor\looklook\node_modules\ffprobe-static\bin\win32\x64\ffprobe.exe" -v error -select_streams v:0 -show_entries stream=width,height -of csv=s=x:p=0 "D:\Users\Videos\第一次选择\test-002.mp4"
2025-05-24T07:45:30.448Z [LOG] 处理get-videos请求
2025-05-24T07:45:30.508Z [RESOLUTION] 命令输出: "320x240"
2025-05-24T07:45:30.508Z [LOG] 成功解析分辨率: 320×240
2025-05-24T07:45:30.509Z [RESOLUTION] 成功解析分辨率: 320×240
2025-05-24T07:45:30.509Z [COMPRESS] 获取新视频分辨率: 320×240
2025-05-24T07:45:30.509Z [LOG] 获取视频时长: D:\Users\Videos\第一次选择\test-002.mp4
2025-05-24T07:45:30.509Z [MAIN] 开始获取视频时长: D:\Users\Videos\第一次选择\test-002.mp4
2025-05-24T07:45:30.509Z [LOG] 直接获取视频时长
2025-05-24T07:45:30.510Z [DURATION] 开始获取视频时长: D:\Users\Videos\第一次选择\test-002.mp4
2025-05-24T07:45:30.510Z [PATH] 尝试获取FFprobe路径
2025-05-24T07:45:30.510Z [LOG] 使用配置的FFprobe路径: D:\code\cursor\looklook\node_modules\ffprobe-static\bin\win32\x64\ffprobe.exe
2025-05-24T07:45:30.510Z [PATH] 使用配置的FFprobe路径: D:\code\cursor\looklook\node_modules\ffprobe-static\bin\win32\x64\ffprobe.exe
2025-05-24T07:45:30.511Z [DURATION] 在开发环境中使用ffprobe路径: D:\code\cursor\looklook\node_modules\ffprobe-static\bin\win32\x64\ffprobe.exe
2025-05-24T07:45:30.511Z [DURATION] 检查ffprobe可执行文件是否存在: true
2025-05-24T07:45:30.511Z [LOG] 执行命令: "D:\code\cursor\looklook\node_modules\ffprobe-static\bin\win32\x64\ffprobe.exe" -v error -show_entries format=duration -of default=noprint_wrappers=1:nokey=1 "D:\Users\Videos\第一次选择\test-002.mp4"
2025-05-24T07:45:30.512Z [DURATION] 开始执行命令获取时长: "D:\code\cursor\looklook\node_modules\ffprobe-static\bin\win32\x64\ffprobe.exe" -v error -show_entries format=duration -of default=noprint_wrappers=1:nokey=1 "D:\Users\Videos\第一次选择\test-002.mp4"
2025-05-24T07:45:30.580Z [DURATION] 命令输出: "125.952000"
2025-05-24T07:45:30.580Z [LOG] 成功解析时长: 00:02:05
2025-05-24T07:45:30.581Z [DURATION] 成功解析时长: 00:02:05
2025-05-24T07:45:30.581Z [COMPRESS] 获取新视频时长: 00:02:05
2025-05-24T07:45:30.581Z [LOG] 新视频记录属性: {"id":"comp-1748072730442-ogkax688yi0cspdc","tags":["已压缩_高效感知无损"],"rating":0,"autoTag":true}
2025-05-24T07:45:30.581Z [压缩] 新视频记录属性: {"id":"comp-1748072730442-ogkax688yi0cspdc","tags":["已压缩_高效感知无损"],"rating":0,"autoTag":true}
2025-05-24T07:45:30.582Z [LOG] 通知渲染进程数据已更新
2025-05-24T07:45:30.583Z [LOG] 新视频记录已保存: comp-1748072730442-ogkax688yi0cspdc
2025-05-24T07:45:30.583Z [COMPRESS] 新视频记录已保存: ID=comp-1748072730442-ogkax688yi0cspdc
2025-05-24T07:45:30.583Z [LOG] 删除原文件: D:\Users\Videos\第一次选择\test-002_原文件.AVI
2025-05-24T07:45:30.583Z [COMPRESS] 删除原文件: D:\Users\Videos\第一次选择\test-002_原文件.AVI
2025-05-24T07:45:30.583Z [LOG] 视频处理完成 (2/10): test-002.AVI
2025-05-24T07:45:30.583Z [COMPRESS] 视频处理完成 (2/10): test-002.AVI
2025-05-24T07:45:30.584Z [LOG] 处理get-videos请求
2025-05-24T07:45:30.596Z [LOG] 原文件已移至回收站
2025-05-24T07:45:30.596Z [COMPRESS] 原文件已移至回收站
2025-05-24T07:45:30.598Z [LOG] 通知渲染进程数据已更新
2025-05-24T07:45:30.598Z [LOG] 原视频记录已从数据库删除: 1748072672433-RDpcVXNl
2025-05-24T07:45:30.598Z [COMPRESS] 原视频记录已从数据库删除: 1748072672433-RDpcVXNl
2025-05-24T07:45:30.599Z [LOG] 处理get-videos请求
2025-05-24T07:45:30.888Z [LOG] 开始处理视频: test-003.AVI
2025-05-24T07:45:30.888Z [COMPRESS] 开始处理视频: test-003.AVI
2025-05-24T07:45:30.963Z [LOG] 开始压缩视频: D:\Users\Videos\第一次选择\test-003.AVI -> D:\Users\Videos\第一次选择\test-003_正在压缩.mp4
2025-05-24T07:45:30.963Z [COMPRESS] 开始压缩视频: D:\Users\Videos\第一次选择\test-003.AVI -> D:\Users\Videos\第一次选择\test-003_正在压缩.mp4
2025-05-24T07:45:30.963Z [PATH] 尝试获取FFmpeg路径
2025-05-24T07:45:30.964Z [LOG] 使用配置的FFmpeg路径: D:\code\cursor\looklook\node_modules\ffmpeg-static\ffmpeg.exe
2025-05-24T07:45:30.964Z [PATH] 使用配置的FFmpeg路径: D:\code\cursor\looklook\node_modules\ffmpeg-static\ffmpeg.exe
2025-05-24T07:45:30.964Z [LOG] ffmpeg命令: D:\code\cursor\looklook\node_modules\ffmpeg-static\ffmpeg.exe -i D:\Users\Videos\第一次选择\test-003.AVI -c:v libx265 -crf 28 -preset medium -c:a aac -b:a 128k -movflags +faststart -pix_fmt yuv420p -y D:\Users\Videos\第一次选择\test-003_正在压缩.mp4
2025-05-24T07:45:30.964Z [COMPRESS] ffmpeg命令: D:\code\cursor\looklook\node_modules\ffmpeg-static\ffmpeg.exe -i D:\Users\Videos\第一次选择\test-003.AVI -c:v libx265 -crf 28 -preset medium -c:a aac -b:a 128k -movflags +faststart -pix_fmt yuv420p -y D:\Users\Videos\第一次选择\test-003_正在压缩.mp4
2025-05-24T07:45:34.508Z [LOG] 视频压缩成功: D:\Users\Videos\第一次选择\test-003_正在压缩.mp4
2025-05-24T07:45:34.508Z [COMPRESS] 视频压缩成功: D:\Users\Videos\第一次选择\test-003_正在压缩.mp4
2025-05-24T07:45:34.509Z [LOG] 压缩成功，节省空间: 7MB (71%)
2025-05-24T07:45:34.509Z [COMPRESS] 压缩成功，节省空间: 7MB (71%)
2025-05-24T07:45:34.518Z [LOG] 原文件已重命名: D:\Users\Videos\第一次选择\test-003.AVI -> D:\Users\Videos\第一次选择\test-003_原文件.AVI
2025-05-24T07:45:34.519Z [LOG] 压缩文件已重命名: D:\Users\Videos\第一次选择\test-003_正在压缩.mp4 -> D:\Users\Videos\第一次选择\test-003.mp4
2025-05-24T07:45:34.519Z [COMPRESS] 原文件已重命名: D:\Users\Videos\第一次选择\test-003.AVI -> D:\Users\Videos\第一次选择\test-003_原文件.AVI
2025-05-24T07:45:34.519Z [COMPRESS] 压缩文件已重命名: D:\Users\Videos\第一次选择\test-003_正在压缩.mp4 -> D:\Users\Videos\第一次选择\test-003.mp4
2025-05-24T07:45:34.521Z [LOG] 已获取到原视频记录: {"id":"1748072672778-RDpcVXNl","fileName":"test-003.AVI","filePath":"D:\\Users\\Videos\\第一次选择\\test-003.AVI","fileSize":"10.06 MB","createDate":"2025-05-24T07:44:18.372Z","importDate":"2025-05-24 07:44:31","viewCount":0,"lastViewDate":"","selected":false,"thumbnailUrl":"app://thumbnail/1748072672778-RDpcVXNl.jpg","rating":0,"actors":"","code":"test-003","collection":"","resolution":"320×240","duration":"00:02:05","notes":"","releaseDate":"","_id":"4iP5VMhoJN0maM6L","createdAt":"2025-05-24T07:44:33.605Z","updatedAt":"2025-05-24T07:44:33.605Z"}
2025-05-24T07:45:34.522Z [COMPRESS] 已获取到原视频记录: ID=1748072672778-RDpcVXNl, 文件名=test-003.AVI
2025-05-24T07:45:34.523Z [LOG] 更新原视频记录: {"id":"1748072672778-RDpcVXNl","fileName":"test-003_原文件.AVI","filePath":"D:\\Users\\Videos\\第一次选择\\test-003_原文件.AVI","fileSize":"10.06 MB","createDate":"2025-05-24T07:44:18.372Z","importDate":"2025-05-24 07:44:31","viewCount":0,"lastViewDate":"","selected":false,"thumbnailUrl":"app://thumbnail/1748072672778-RDpcVXNl.jpg","rating":0,"actors":"","code":"test-003","collection":"压缩前","resolution":"320×240","duration":"00:02:05","notes":"","releaseDate":"","_id":"4iP5VMhoJN0maM6L","createdAt":"2025-05-24T07:44:33.605Z","updatedAt":"2025-05-24T07:44:33.605Z"}
2025-05-24T07:45:34.524Z [COMPRESS] 更新原视频记录: ID=1748072672778-RDpcVXNl, 新文件名=test-003_原文件.AVI
2025-05-24T07:45:34.525Z [LOG] 通知渲染进程数据已更新
2025-05-24T07:45:34.525Z [LOG] 生成唯一ID: comp-1748072734525-ag0i8tsli4udj359
2025-05-24T07:45:34.526Z [COMPRESS] 生成唯一ID: comp-1748072734525-ag0i8tsli4udj359
2025-05-24T07:45:34.526Z [LOG] 复制缩略图: app://thumbnail/1748072672778-RDpcVXNl.jpg, 新ID: comp-1748072734525-ag0i8tsli4udj359
2025-05-24T07:45:34.526Z [COMPRESS] 复制缩略图: app://thumbnail/1748072672778-RDpcVXNl.jpg, 新ID: comp-1748072734525-ag0i8tsli4udj359
2025-05-24T07:45:34.527Z [LOG] 缩略图复制成功: app://thumbnail/comp-1748072734525-ag0i8tsli4udj359.jpg
2025-05-24T07:45:34.527Z [COMPRESS] 缩略图复制成功: app://thumbnail/comp-1748072734525-ag0i8tsli4udj359.jpg
2025-05-24T07:45:34.528Z [LOG] 获取视频分辨率: D:\Users\Videos\第一次选择\test-003.mp4
2025-05-24T07:45:34.528Z [MAIN] 开始获取视频分辨率: D:\Users\Videos\第一次选择\test-003.mp4
2025-05-24T07:45:34.528Z [LOG] 直接获取视频分辨率
2025-05-24T07:45:34.528Z [RESOLUTION] 开始获取视频分辨率: D:\Users\Videos\第一次选择\test-003.mp4
2025-05-24T07:45:34.529Z [PATH] 尝试获取FFprobe路径
2025-05-24T07:45:34.529Z [LOG] 使用配置的FFprobe路径: D:\code\cursor\looklook\node_modules\ffprobe-static\bin\win32\x64\ffprobe.exe
2025-05-24T07:45:34.530Z [PATH] 使用配置的FFprobe路径: D:\code\cursor\looklook\node_modules\ffprobe-static\bin\win32\x64\ffprobe.exe
2025-05-24T07:45:34.530Z [RESOLUTION] 在开发环境中使用ffprobe路径: D:\code\cursor\looklook\node_modules\ffprobe-static\bin\win32\x64\ffprobe.exe
2025-05-24T07:45:34.530Z [RESOLUTION] 检查ffprobe可执行文件是否存在: true
2025-05-24T07:45:34.530Z [LOG] 执行命令: "D:\code\cursor\looklook\node_modules\ffprobe-static\bin\win32\x64\ffprobe.exe" -v error -select_streams v:0 -show_entries stream=width,height -of csv=s=x:p=0 "D:\Users\Videos\第一次选择\test-003.mp4"
2025-05-24T07:45:34.530Z [RESOLUTION] 开始执行命令获取分辨率: "D:\code\cursor\looklook\node_modules\ffprobe-static\bin\win32\x64\ffprobe.exe" -v error -select_streams v:0 -show_entries stream=width,height -of csv=s=x:p=0 "D:\Users\Videos\第一次选择\test-003.mp4"
2025-05-24T07:45:34.535Z [LOG] 处理get-videos请求
2025-05-24T07:45:34.594Z [RESOLUTION] 命令输出: "320x240"
2025-05-24T07:45:34.595Z [LOG] 成功解析分辨率: 320×240
2025-05-24T07:45:34.595Z [RESOLUTION] 成功解析分辨率: 320×240
2025-05-24T07:45:34.595Z [COMPRESS] 获取新视频分辨率: 320×240
2025-05-24T07:45:34.596Z [LOG] 获取视频时长: D:\Users\Videos\第一次选择\test-003.mp4
2025-05-24T07:45:34.596Z [MAIN] 开始获取视频时长: D:\Users\Videos\第一次选择\test-003.mp4
2025-05-24T07:45:34.596Z [LOG] 直接获取视频时长
2025-05-24T07:45:34.596Z [DURATION] 开始获取视频时长: D:\Users\Videos\第一次选择\test-003.mp4
2025-05-24T07:45:34.596Z [PATH] 尝试获取FFprobe路径
2025-05-24T07:45:34.596Z [LOG] 使用配置的FFprobe路径: D:\code\cursor\looklook\node_modules\ffprobe-static\bin\win32\x64\ffprobe.exe
2025-05-24T07:45:34.596Z [PATH] 使用配置的FFprobe路径: D:\code\cursor\looklook\node_modules\ffprobe-static\bin\win32\x64\ffprobe.exe
2025-05-24T07:45:34.597Z [DURATION] 在开发环境中使用ffprobe路径: D:\code\cursor\looklook\node_modules\ffprobe-static\bin\win32\x64\ffprobe.exe
2025-05-24T07:45:34.597Z [DURATION] 检查ffprobe可执行文件是否存在: true
2025-05-24T07:45:34.597Z [LOG] 执行命令: "D:\code\cursor\looklook\node_modules\ffprobe-static\bin\win32\x64\ffprobe.exe" -v error -show_entries format=duration -of default=noprint_wrappers=1:nokey=1 "D:\Users\Videos\第一次选择\test-003.mp4"
2025-05-24T07:45:34.597Z [DURATION] 开始执行命令获取时长: "D:\code\cursor\looklook\node_modules\ffprobe-static\bin\win32\x64\ffprobe.exe" -v error -show_entries format=duration -of default=noprint_wrappers=1:nokey=1 "D:\Users\Videos\第一次选择\test-003.mp4"
2025-05-24T07:45:34.657Z [DURATION] 命令输出: "125.952000"
2025-05-24T07:45:34.658Z [LOG] 成功解析时长: 00:02:05
2025-05-24T07:45:34.658Z [DURATION] 成功解析时长: 00:02:05
2025-05-24T07:45:34.658Z [COMPRESS] 获取新视频时长: 00:02:05
2025-05-24T07:45:34.659Z [LOG] 新视频记录属性: {"id":"comp-1748072734525-ag0i8tsli4udj359","tags":["已压缩_高效感知无损"],"rating":0,"autoTag":true}
2025-05-24T07:45:34.659Z [压缩] 新视频记录属性: {"id":"comp-1748072734525-ag0i8tsli4udj359","tags":["已压缩_高效感知无损"],"rating":0,"autoTag":true}
2025-05-24T07:45:34.660Z [LOG] 通知渲染进程数据已更新
2025-05-24T07:45:34.660Z [LOG] 新视频记录已保存: comp-1748072734525-ag0i8tsli4udj359
2025-05-24T07:45:34.660Z [COMPRESS] 新视频记录已保存: ID=comp-1748072734525-ag0i8tsli4udj359
2025-05-24T07:45:34.661Z [LOG] 删除原文件: D:\Users\Videos\第一次选择\test-003_原文件.AVI
2025-05-24T07:45:34.661Z [COMPRESS] 删除原文件: D:\Users\Videos\第一次选择\test-003_原文件.AVI
2025-05-24T07:45:34.661Z [LOG] 视频处理完成 (3/10): test-003.AVI
2025-05-24T07:45:34.661Z [COMPRESS] 视频处理完成 (3/10): test-003.AVI
2025-05-24T07:45:34.662Z [LOG] 处理get-videos请求
2025-05-24T07:45:34.672Z [LOG] 原文件已移至回收站
2025-05-24T07:45:34.672Z [COMPRESS] 原文件已移至回收站
2025-05-24T07:45:34.673Z [LOG] 通知渲染进程数据已更新
2025-05-24T07:45:34.674Z [LOG] 原视频记录已从数据库删除: 1748072672778-RDpcVXNl
2025-05-24T07:45:34.674Z [COMPRESS] 原视频记录已从数据库删除: 1748072672778-RDpcVXNl
2025-05-24T07:45:34.677Z [LOG] 处理get-videos请求
2025-05-24T07:45:34.975Z [LOG] 开始处理视频: test-004.AVI
2025-05-24T07:45:34.976Z [COMPRESS] 开始处理视频: test-004.AVI
2025-05-24T07:45:35.053Z [LOG] 开始压缩视频: D:\Users\Videos\第一次选择\test-004.AVI -> D:\Users\Videos\第一次选择\test-004_正在压缩.mp4
2025-05-24T07:45:35.053Z [COMPRESS] 开始压缩视频: D:\Users\Videos\第一次选择\test-004.AVI -> D:\Users\Videos\第一次选择\test-004_正在压缩.mp4
2025-05-24T07:45:35.053Z [PATH] 尝试获取FFmpeg路径
2025-05-24T07:45:35.054Z [LOG] 使用配置的FFmpeg路径: D:\code\cursor\looklook\node_modules\ffmpeg-static\ffmpeg.exe
2025-05-24T07:45:35.054Z [PATH] 使用配置的FFmpeg路径: D:\code\cursor\looklook\node_modules\ffmpeg-static\ffmpeg.exe
2025-05-24T07:45:35.054Z [LOG] ffmpeg命令: D:\code\cursor\looklook\node_modules\ffmpeg-static\ffmpeg.exe -i D:\Users\Videos\第一次选择\test-004.AVI -c:v libx265 -crf 28 -preset medium -c:a aac -b:a 128k -movflags +faststart -pix_fmt yuv420p -y D:\Users\Videos\第一次选择\test-004_正在压缩.mp4
2025-05-24T07:45:35.055Z [COMPRESS] ffmpeg命令: D:\code\cursor\looklook\node_modules\ffmpeg-static\ffmpeg.exe -i D:\Users\Videos\第一次选择\test-004.AVI -c:v libx265 -crf 28 -preset medium -c:a aac -b:a 128k -movflags +faststart -pix_fmt yuv420p -y D:\Users\Videos\第一次选择\test-004_正在压缩.mp4
2025-05-24T07:45:38.632Z [LOG] 视频压缩成功: D:\Users\Videos\第一次选择\test-004_正在压缩.mp4
2025-05-24T07:45:38.632Z [COMPRESS] 视频压缩成功: D:\Users\Videos\第一次选择\test-004_正在压缩.mp4
2025-05-24T07:45:38.633Z [LOG] 压缩成功，节省空间: 7MB (71%)
2025-05-24T07:45:38.633Z [COMPRESS] 压缩成功，节省空间: 7MB (71%)
2025-05-24T07:45:38.634Z [LOG] 原文件已重命名: D:\Users\Videos\第一次选择\test-004.AVI -> D:\Users\Videos\第一次选择\test-004_原文件.AVI
2025-05-24T07:45:38.634Z [LOG] 压缩文件已重命名: D:\Users\Videos\第一次选择\test-004_正在压缩.mp4 -> D:\Users\Videos\第一次选择\test-004.mp4
2025-05-24T07:45:38.634Z [COMPRESS] 原文件已重命名: D:\Users\Videos\第一次选择\test-004.AVI -> D:\Users\Videos\第一次选择\test-004_原文件.AVI
2025-05-24T07:45:38.634Z [COMPRESS] 压缩文件已重命名: D:\Users\Videos\第一次选择\test-004_正在压缩.mp4 -> D:\Users\Videos\第一次选择\test-004.mp4
2025-05-24T07:45:38.635Z [LOG] 已获取到原视频记录: {"id":"1748072672723-RDpcVXNl","fileName":"test-004.AVI","filePath":"D:\\Users\\Videos\\第一次选择\\test-004.AVI","fileSize":"10.06 MB","createDate":"2025-05-24T07:44:18.377Z","importDate":"2025-05-24 07:44:32","viewCount":0,"lastViewDate":"","selected":false,"thumbnailUrl":"app://thumbnail/1748072672723-RDpcVXNl.jpg","rating":0,"actors":"","code":"test-004","collection":"","resolution":"320×240","duration":"00:02:05","notes":"","releaseDate":"","_id":"CA15G4YNyozNRIvg","createdAt":"2025-05-24T07:44:33.607Z","updatedAt":"2025-05-24T07:44:33.607Z"}
2025-05-24T07:45:38.635Z [COMPRESS] 已获取到原视频记录: ID=1748072672723-RDpcVXNl, 文件名=test-004.AVI
2025-05-24T07:45:38.636Z [LOG] 更新原视频记录: {"id":"1748072672723-RDpcVXNl","fileName":"test-004_原文件.AVI","filePath":"D:\\Users\\Videos\\第一次选择\\test-004_原文件.AVI","fileSize":"10.06 MB","createDate":"2025-05-24T07:44:18.377Z","importDate":"2025-05-24 07:44:32","viewCount":0,"lastViewDate":"","selected":false,"thumbnailUrl":"app://thumbnail/1748072672723-RDpcVXNl.jpg","rating":0,"actors":"","code":"test-004","collection":"压缩前","resolution":"320×240","duration":"00:02:05","notes":"","releaseDate":"","_id":"CA15G4YNyozNRIvg","createdAt":"2025-05-24T07:44:33.607Z","updatedAt":"2025-05-24T07:44:33.607Z"}
2025-05-24T07:45:38.636Z [COMPRESS] 更新原视频记录: ID=1748072672723-RDpcVXNl, 新文件名=test-004_原文件.AVI
2025-05-24T07:45:38.637Z [LOG] 通知渲染进程数据已更新
2025-05-24T07:45:38.637Z [LOG] 生成唯一ID: comp-1748072738637-2uf633jqrvers0jb
2025-05-24T07:45:38.638Z [COMPRESS] 生成唯一ID: comp-1748072738637-2uf633jqrvers0jb
2025-05-24T07:45:38.638Z [LOG] 复制缩略图: app://thumbnail/1748072672723-RDpcVXNl.jpg, 新ID: comp-1748072738637-2uf633jqrvers0jb
2025-05-24T07:45:38.638Z [COMPRESS] 复制缩略图: app://thumbnail/1748072672723-RDpcVXNl.jpg, 新ID: comp-1748072738637-2uf633jqrvers0jb
2025-05-24T07:45:38.639Z [LOG] 缩略图复制成功: app://thumbnail/comp-1748072738637-2uf633jqrvers0jb.jpg
2025-05-24T07:45:38.639Z [COMPRESS] 缩略图复制成功: app://thumbnail/comp-1748072738637-2uf633jqrvers0jb.jpg
2025-05-24T07:45:38.639Z [LOG] 获取视频分辨率: D:\Users\Videos\第一次选择\test-004.mp4
2025-05-24T07:45:38.639Z [MAIN] 开始获取视频分辨率: D:\Users\Videos\第一次选择\test-004.mp4
2025-05-24T07:45:38.639Z [LOG] 直接获取视频分辨率
2025-05-24T07:45:38.639Z [RESOLUTION] 开始获取视频分辨率: D:\Users\Videos\第一次选择\test-004.mp4
2025-05-24T07:45:38.639Z [PATH] 尝试获取FFprobe路径
2025-05-24T07:45:38.640Z [LOG] 使用配置的FFprobe路径: D:\code\cursor\looklook\node_modules\ffprobe-static\bin\win32\x64\ffprobe.exe
2025-05-24T07:45:38.640Z [PATH] 使用配置的FFprobe路径: D:\code\cursor\looklook\node_modules\ffprobe-static\bin\win32\x64\ffprobe.exe
2025-05-24T07:45:38.640Z [RESOLUTION] 在开发环境中使用ffprobe路径: D:\code\cursor\looklook\node_modules\ffprobe-static\bin\win32\x64\ffprobe.exe
2025-05-24T07:45:38.640Z [RESOLUTION] 检查ffprobe可执行文件是否存在: true
2025-05-24T07:45:38.640Z [LOG] 执行命令: "D:\code\cursor\looklook\node_modules\ffprobe-static\bin\win32\x64\ffprobe.exe" -v error -select_streams v:0 -show_entries stream=width,height -of csv=s=x:p=0 "D:\Users\Videos\第一次选择\test-004.mp4"
2025-05-24T07:45:38.640Z [RESOLUTION] 开始执行命令获取分辨率: "D:\code\cursor\looklook\node_modules\ffprobe-static\bin\win32\x64\ffprobe.exe" -v error -select_streams v:0 -show_entries stream=width,height -of csv=s=x:p=0 "D:\Users\Videos\第一次选择\test-004.mp4"
2025-05-24T07:45:38.645Z [LOG] 处理get-videos请求
2025-05-24T07:45:38.702Z [RESOLUTION] 命令输出: "320x240"
2025-05-24T07:45:38.702Z [LOG] 成功解析分辨率: 320×240
2025-05-24T07:45:38.702Z [RESOLUTION] 成功解析分辨率: 320×240
2025-05-24T07:45:38.702Z [COMPRESS] 获取新视频分辨率: 320×240
2025-05-24T07:45:38.703Z [LOG] 获取视频时长: D:\Users\Videos\第一次选择\test-004.mp4
2025-05-24T07:45:38.703Z [MAIN] 开始获取视频时长: D:\Users\Videos\第一次选择\test-004.mp4
2025-05-24T07:45:38.703Z [LOG] 直接获取视频时长
2025-05-24T07:45:38.703Z [DURATION] 开始获取视频时长: D:\Users\Videos\第一次选择\test-004.mp4
2025-05-24T07:45:38.703Z [PATH] 尝试获取FFprobe路径
2025-05-24T07:45:38.704Z [LOG] 使用配置的FFprobe路径: D:\code\cursor\looklook\node_modules\ffprobe-static\bin\win32\x64\ffprobe.exe
2025-05-24T07:45:38.704Z [PATH] 使用配置的FFprobe路径: D:\code\cursor\looklook\node_modules\ffprobe-static\bin\win32\x64\ffprobe.exe
2025-05-24T07:45:38.704Z [DURATION] 在开发环境中使用ffprobe路径: D:\code\cursor\looklook\node_modules\ffprobe-static\bin\win32\x64\ffprobe.exe
2025-05-24T07:45:38.704Z [DURATION] 检查ffprobe可执行文件是否存在: true
2025-05-24T07:45:38.704Z [LOG] 执行命令: "D:\code\cursor\looklook\node_modules\ffprobe-static\bin\win32\x64\ffprobe.exe" -v error -show_entries format=duration -of default=noprint_wrappers=1:nokey=1 "D:\Users\Videos\第一次选择\test-004.mp4"
2025-05-24T07:45:38.704Z [DURATION] 开始执行命令获取时长: "D:\code\cursor\looklook\node_modules\ffprobe-static\bin\win32\x64\ffprobe.exe" -v error -show_entries format=duration -of default=noprint_wrappers=1:nokey=1 "D:\Users\Videos\第一次选择\test-004.mp4"
2025-05-24T07:45:38.765Z [DURATION] 命令输出: "125.952000"
2025-05-24T07:45:38.765Z [LOG] 成功解析时长: 00:02:05
2025-05-24T07:45:38.765Z [DURATION] 成功解析时长: 00:02:05
2025-05-24T07:45:38.765Z [COMPRESS] 获取新视频时长: 00:02:05
2025-05-24T07:45:38.766Z [LOG] 新视频记录属性: {"id":"comp-1748072738637-2uf633jqrvers0jb","tags":["已压缩_高效感知无损"],"rating":0,"autoTag":true}
2025-05-24T07:45:38.766Z [压缩] 新视频记录属性: {"id":"comp-1748072738637-2uf633jqrvers0jb","tags":["已压缩_高效感知无损"],"rating":0,"autoTag":true}
2025-05-24T07:45:38.770Z [LOG] 通知渲染进程数据已更新
2025-05-24T07:45:38.771Z [LOG] 新视频记录已保存: comp-1748072738637-2uf633jqrvers0jb
2025-05-24T07:45:38.771Z [COMPRESS] 新视频记录已保存: ID=comp-1748072738637-2uf633jqrvers0jb
2025-05-24T07:45:38.771Z [LOG] 删除原文件: D:\Users\Videos\第一次选择\test-004_原文件.AVI
2025-05-24T07:45:38.771Z [COMPRESS] 删除原文件: D:\Users\Videos\第一次选择\test-004_原文件.AVI
2025-05-24T07:45:38.771Z [LOG] 视频处理完成 (4/10): test-004.AVI
2025-05-24T07:45:38.772Z [COMPRESS] 视频处理完成 (4/10): test-004.AVI
2025-05-24T07:45:38.772Z [LOG] 处理get-videos请求
2025-05-24T07:45:38.780Z [LOG] 原文件已移至回收站
2025-05-24T07:45:38.780Z [COMPRESS] 原文件已移至回收站
2025-05-24T07:45:38.782Z [LOG] 通知渲染进程数据已更新
2025-05-24T07:45:38.782Z [LOG] 原视频记录已从数据库删除: 1748072672723-RDpcVXNl
2025-05-24T07:45:38.783Z [COMPRESS] 原视频记录已从数据库删除: 1748072672723-RDpcVXNl
2025-05-24T07:45:38.783Z [LOG] 处理get-videos请求
2025-05-24T07:45:39.083Z [LOG] 开始处理视频: test-005.AVI
2025-05-24T07:45:39.084Z [COMPRESS] 开始处理视频: test-005.AVI
2025-05-24T07:45:39.170Z [LOG] 开始压缩视频: D:\Users\Videos\第一次选择\test-005.AVI -> D:\Users\Videos\第一次选择\test-005_正在压缩.mp4
2025-05-24T07:45:39.170Z [COMPRESS] 开始压缩视频: D:\Users\Videos\第一次选择\test-005.AVI -> D:\Users\Videos\第一次选择\test-005_正在压缩.mp4
2025-05-24T07:45:39.171Z [PATH] 尝试获取FFmpeg路径
2025-05-24T07:45:39.171Z [LOG] 使用配置的FFmpeg路径: D:\code\cursor\looklook\node_modules\ffmpeg-static\ffmpeg.exe
2025-05-24T07:45:39.172Z [PATH] 使用配置的FFmpeg路径: D:\code\cursor\looklook\node_modules\ffmpeg-static\ffmpeg.exe
2025-05-24T07:45:39.172Z [LOG] ffmpeg命令: D:\code\cursor\looklook\node_modules\ffmpeg-static\ffmpeg.exe -i D:\Users\Videos\第一次选择\test-005.AVI -c:v libx265 -crf 28 -preset medium -c:a aac -b:a 128k -movflags +faststart -pix_fmt yuv420p -y D:\Users\Videos\第一次选择\test-005_正在压缩.mp4
2025-05-24T07:45:39.172Z [COMPRESS] ffmpeg命令: D:\code\cursor\looklook\node_modules\ffmpeg-static\ffmpeg.exe -i D:\Users\Videos\第一次选择\test-005.AVI -c:v libx265 -crf 28 -preset medium -c:a aac -b:a 128k -movflags +faststart -pix_fmt yuv420p -y D:\Users\Videos\第一次选择\test-005_正在压缩.mp4
2025-05-24T07:45:40.763Z [LOG] 处理get-enum-values请求: collection
2025-05-24T07:45:40.763Z [LOG] 处理get-enum-values请求: actors
2025-05-24T07:45:42.765Z [LOG] 视频压缩成功: D:\Users\Videos\第一次选择\test-005_正在压缩.mp4
2025-05-24T07:45:42.765Z [COMPRESS] 视频压缩成功: D:\Users\Videos\第一次选择\test-005_正在压缩.mp4
2025-05-24T07:45:42.765Z [LOG] 压缩成功，节省空间: 7MB (71%)
2025-05-24T07:45:42.765Z [COMPRESS] 压缩成功，节省空间: 7MB (71%)
2025-05-24T07:45:42.766Z [LOG] 原文件已重命名: D:\Users\Videos\第一次选择\test-005.AVI -> D:\Users\Videos\第一次选择\test-005_原文件.AVI
2025-05-24T07:45:42.766Z [LOG] 压缩文件已重命名: D:\Users\Videos\第一次选择\test-005_正在压缩.mp4 -> D:\Users\Videos\第一次选择\test-005.mp4
2025-05-24T07:45:42.766Z [COMPRESS] 原文件已重命名: D:\Users\Videos\第一次选择\test-005.AVI -> D:\Users\Videos\第一次选择\test-005_原文件.AVI
2025-05-24T07:45:42.766Z [COMPRESS] 压缩文件已重命名: D:\Users\Videos\第一次选择\test-005_正在压缩.mp4 -> D:\Users\Videos\第一次选择\test-005.mp4
2025-05-24T07:45:42.767Z [LOG] 已获取到原视频记录: {"id":"1748072672501-RDpcVXNl","fileName":"test-005.AVI","filePath":"D:\\Users\\Videos\\第一次选择\\test-005.AVI","fileSize":"10.06 MB","createDate":"2025-05-24T07:44:18.382Z","importDate":"2025-05-24 07:44:32","viewCount":0,"lastViewDate":"","selected":false,"thumbnailUrl":"app://thumbnail/1748072672501-RDpcVXNl.jpg","rating":0,"actors":"","code":"test-005","collection":"","resolution":"320×240","duration":"00:02:05","notes":"","releaseDate":"","_id":"7rk4CgAioE5tsyoN","createdAt":"2025-05-24T07:44:33.607Z","updatedAt":"2025-05-24T07:44:33.607Z"}
2025-05-24T07:45:42.768Z [COMPRESS] 已获取到原视频记录: ID=1748072672501-RDpcVXNl, 文件名=test-005.AVI
2025-05-24T07:45:42.769Z [LOG] 更新原视频记录: {"id":"1748072672501-RDpcVXNl","fileName":"test-005_原文件.AVI","filePath":"D:\\Users\\Videos\\第一次选择\\test-005_原文件.AVI","fileSize":"10.06 MB","createDate":"2025-05-24T07:44:18.382Z","importDate":"2025-05-24 07:44:32","viewCount":0,"lastViewDate":"","selected":false,"thumbnailUrl":"app://thumbnail/1748072672501-RDpcVXNl.jpg","rating":0,"actors":"","code":"test-005","collection":"压缩前","resolution":"320×240","duration":"00:02:05","notes":"","releaseDate":"","_id":"7rk4CgAioE5tsyoN","createdAt":"2025-05-24T07:44:33.607Z","updatedAt":"2025-05-24T07:44:33.607Z"}
2025-05-24T07:45:42.769Z [COMPRESS] 更新原视频记录: ID=1748072672501-RDpcVXNl, 新文件名=test-005_原文件.AVI
2025-05-24T07:45:42.770Z [LOG] 通知渲染进程数据已更新
2025-05-24T07:45:42.770Z [LOG] 生成唯一ID: comp-1748072742770-hwtkhlvgq9qc070l
2025-05-24T07:45:42.771Z [COMPRESS] 生成唯一ID: comp-1748072742770-hwtkhlvgq9qc070l
2025-05-24T07:45:42.771Z [LOG] 复制缩略图: app://thumbnail/1748072672501-RDpcVXNl.jpg, 新ID: comp-1748072742770-hwtkhlvgq9qc070l
2025-05-24T07:45:42.771Z [COMPRESS] 复制缩略图: app://thumbnail/1748072672501-RDpcVXNl.jpg, 新ID: comp-1748072742770-hwtkhlvgq9qc070l
2025-05-24T07:45:42.772Z [LOG] 缩略图复制成功: app://thumbnail/comp-1748072742770-hwtkhlvgq9qc070l.jpg
2025-05-24T07:45:42.772Z [COMPRESS] 缩略图复制成功: app://thumbnail/comp-1748072742770-hwtkhlvgq9qc070l.jpg
2025-05-24T07:45:42.772Z [LOG] 获取视频分辨率: D:\Users\Videos\第一次选择\test-005.mp4
2025-05-24T07:45:42.772Z [MAIN] 开始获取视频分辨率: D:\Users\Videos\第一次选择\test-005.mp4
2025-05-24T07:45:42.773Z [LOG] 直接获取视频分辨率
2025-05-24T07:45:42.773Z [RESOLUTION] 开始获取视频分辨率: D:\Users\Videos\第一次选择\test-005.mp4
2025-05-24T07:45:42.773Z [PATH] 尝试获取FFprobe路径
2025-05-24T07:45:42.773Z [LOG] 使用配置的FFprobe路径: D:\code\cursor\looklook\node_modules\ffprobe-static\bin\win32\x64\ffprobe.exe
2025-05-24T07:45:42.773Z [PATH] 使用配置的FFprobe路径: D:\code\cursor\looklook\node_modules\ffprobe-static\bin\win32\x64\ffprobe.exe
2025-05-24T07:45:42.773Z [RESOLUTION] 在开发环境中使用ffprobe路径: D:\code\cursor\looklook\node_modules\ffprobe-static\bin\win32\x64\ffprobe.exe
2025-05-24T07:45:42.773Z [RESOLUTION] 检查ffprobe可执行文件是否存在: true
2025-05-24T07:45:42.774Z [LOG] 执行命令: "D:\code\cursor\looklook\node_modules\ffprobe-static\bin\win32\x64\ffprobe.exe" -v error -select_streams v:0 -show_entries stream=width,height -of csv=s=x:p=0 "D:\Users\Videos\第一次选择\test-005.mp4"
2025-05-24T07:45:42.774Z [RESOLUTION] 开始执行命令获取分辨率: "D:\code\cursor\looklook\node_modules\ffprobe-static\bin\win32\x64\ffprobe.exe" -v error -select_streams v:0 -show_entries stream=width,height -of csv=s=x:p=0 "D:\Users\Videos\第一次选择\test-005.mp4"
2025-05-24T07:45:42.777Z [LOG] 处理get-videos请求
2025-05-24T07:45:42.835Z [RESOLUTION] 命令输出: "320x240"
2025-05-24T07:45:42.835Z [LOG] 成功解析分辨率: 320×240
2025-05-24T07:45:42.835Z [RESOLUTION] 成功解析分辨率: 320×240
2025-05-24T07:45:42.835Z [COMPRESS] 获取新视频分辨率: 320×240
2025-05-24T07:45:42.836Z [LOG] 获取视频时长: D:\Users\Videos\第一次选择\test-005.mp4
2025-05-24T07:45:42.836Z [MAIN] 开始获取视频时长: D:\Users\Videos\第一次选择\test-005.mp4
2025-05-24T07:45:42.836Z [LOG] 直接获取视频时长
2025-05-24T07:45:42.836Z [DURATION] 开始获取视频时长: D:\Users\Videos\第一次选择\test-005.mp4
2025-05-24T07:45:42.836Z [PATH] 尝试获取FFprobe路径
2025-05-24T07:45:42.837Z [LOG] 使用配置的FFprobe路径: D:\code\cursor\looklook\node_modules\ffprobe-static\bin\win32\x64\ffprobe.exe
2025-05-24T07:45:42.837Z [PATH] 使用配置的FFprobe路径: D:\code\cursor\looklook\node_modules\ffprobe-static\bin\win32\x64\ffprobe.exe
2025-05-24T07:45:42.837Z [DURATION] 在开发环境中使用ffprobe路径: D:\code\cursor\looklook\node_modules\ffprobe-static\bin\win32\x64\ffprobe.exe
2025-05-24T07:45:42.837Z [DURATION] 检查ffprobe可执行文件是否存在: true
2025-05-24T07:45:42.837Z [LOG] 执行命令: "D:\code\cursor\looklook\node_modules\ffprobe-static\bin\win32\x64\ffprobe.exe" -v error -show_entries format=duration -of default=noprint_wrappers=1:nokey=1 "D:\Users\Videos\第一次选择\test-005.mp4"
2025-05-24T07:45:42.837Z [DURATION] 开始执行命令获取时长: "D:\code\cursor\looklook\node_modules\ffprobe-static\bin\win32\x64\ffprobe.exe" -v error -show_entries format=duration -of default=noprint_wrappers=1:nokey=1 "D:\Users\Videos\第一次选择\test-005.mp4"
2025-05-24T07:45:42.906Z [DURATION] 命令输出: "125.952000"
2025-05-24T07:45:42.906Z [LOG] 成功解析时长: 00:02:05
2025-05-24T07:45:42.906Z [DURATION] 成功解析时长: 00:02:05
2025-05-24T07:45:42.907Z [COMPRESS] 获取新视频时长: 00:02:05
2025-05-24T07:45:42.907Z [LOG] 新视频记录属性: {"id":"comp-1748072742770-hwtkhlvgq9qc070l","tags":["已压缩_高效感知无损"],"rating":0,"autoTag":true}
2025-05-24T07:45:42.908Z [压缩] 新视频记录属性: {"id":"comp-1748072742770-hwtkhlvgq9qc070l","tags":["已压缩_高效感知无损"],"rating":0,"autoTag":true}
2025-05-24T07:45:42.909Z [LOG] 通知渲染进程数据已更新
2025-05-24T07:45:42.909Z [LOG] 新视频记录已保存: comp-1748072742770-hwtkhlvgq9qc070l
2025-05-24T07:45:42.909Z [COMPRESS] 新视频记录已保存: ID=comp-1748072742770-hwtkhlvgq9qc070l
2025-05-24T07:45:42.910Z [LOG] 删除原文件: D:\Users\Videos\第一次选择\test-005_原文件.AVI
2025-05-24T07:45:42.910Z [COMPRESS] 删除原文件: D:\Users\Videos\第一次选择\test-005_原文件.AVI
2025-05-24T07:45:42.910Z [LOG] 视频处理完成 (5/10): test-005.AVI
2025-05-24T07:45:42.910Z [COMPRESS] 视频处理完成 (5/10): test-005.AVI
2025-05-24T07:45:42.911Z [LOG] 处理get-videos请求
2025-05-24T07:45:42.920Z [LOG] 原文件已移至回收站
2025-05-24T07:45:42.920Z [COMPRESS] 原文件已移至回收站
2025-05-24T07:45:42.921Z [LOG] 通知渲染进程数据已更新
2025-05-24T07:45:42.921Z [LOG] 原视频记录已从数据库删除: 1748072672501-RDpcVXNl
2025-05-24T07:45:42.921Z [COMPRESS] 原视频记录已从数据库删除: 1748072672501-RDpcVXNl
2025-05-24T07:45:42.923Z [LOG] 处理get-videos请求
2025-05-24T07:45:43.221Z [LOG] 开始处理视频: test-001(1).AVI
2025-05-24T07:45:43.221Z [COMPRESS] 开始处理视频: test-001(1).AVI
2025-05-24T07:45:43.313Z [LOG] 开始压缩视频: D:\Users\Videos\第一次选择\test-001(1).AVI -> D:\Users\Videos\第一次选择\test-001(1)_正在压缩.mp4
2025-05-24T07:45:43.314Z [COMPRESS] 开始压缩视频: D:\Users\Videos\第一次选择\test-001(1).AVI -> D:\Users\Videos\第一次选择\test-001(1)_正在压缩.mp4
2025-05-24T07:45:43.314Z [PATH] 尝试获取FFmpeg路径
2025-05-24T07:45:43.314Z [LOG] 使用配置的FFmpeg路径: D:\code\cursor\looklook\node_modules\ffmpeg-static\ffmpeg.exe
2025-05-24T07:45:43.314Z [PATH] 使用配置的FFmpeg路径: D:\code\cursor\looklook\node_modules\ffmpeg-static\ffmpeg.exe
2025-05-24T07:45:43.315Z [LOG] ffmpeg命令: D:\code\cursor\looklook\node_modules\ffmpeg-static\ffmpeg.exe -i D:\Users\Videos\第一次选择\test-001(1).AVI -c:v libx265 -crf 28 -preset medium -c:a aac -b:a 128k -movflags +faststart -pix_fmt yuv420p -y D:\Users\Videos\第一次选择\test-001(1)_正在压缩.mp4
2025-05-24T07:45:43.315Z [COMPRESS] ffmpeg命令: D:\code\cursor\looklook\node_modules\ffmpeg-static\ffmpeg.exe -i D:\Users\Videos\第一次选择\test-001(1).AVI -c:v libx265 -crf 28 -preset medium -c:a aac -b:a 128k -movflags +faststart -pix_fmt yuv420p -y D:\Users\Videos\第一次选择\test-001(1)_正在压缩.mp4
2025-05-24T07:45:47.052Z [LOG] 视频压缩成功: D:\Users\Videos\第一次选择\test-001(1)_正在压缩.mp4
2025-05-24T07:45:47.052Z [COMPRESS] 视频压缩成功: D:\Users\Videos\第一次选择\test-001(1)_正在压缩.mp4
2025-05-24T07:45:47.052Z [LOG] 压缩成功，节省空间: 7MB (71%)
2025-05-24T07:45:47.053Z [COMPRESS] 压缩成功，节省空间: 7MB (71%)
2025-05-24T07:45:47.053Z [LOG] 原文件已重命名: D:\Users\Videos\第一次选择\test-001(1).AVI -> D:\Users\Videos\第一次选择\test-001(1)_原文件.AVI
2025-05-24T07:45:47.053Z [LOG] 压缩文件已重命名: D:\Users\Videos\第一次选择\test-001(1)_正在压缩.mp4 -> D:\Users\Videos\第一次选择\test-001(1).mp4
2025-05-24T07:45:47.054Z [COMPRESS] 原文件已重命名: D:\Users\Videos\第一次选择\test-001(1).AVI -> D:\Users\Videos\第一次选择\test-001(1)_原文件.AVI
2025-05-24T07:45:47.054Z [COMPRESS] 压缩文件已重命名: D:\Users\Videos\第一次选择\test-001(1)_正在压缩.mp4 -> D:\Users\Videos\第一次选择\test-001(1).mp4
2025-05-24T07:45:47.055Z [LOG] 已获取到原视频记录: {"id":"1748072672858-RDpcVXNl","fileName":"test-001(1).AVI","filePath":"D:\\Users\\Videos\\第一次选择\\test-001(1).AVI","fileSize":"10.06 MB","createDate":"2025-05-24T07:44:25.848Z","importDate":"2025-05-24 07:44:32","viewCount":0,"lastViewDate":"","selected":false,"thumbnailUrl":"app://thumbnail/1748072672858-RDpcVXNl.jpg","rating":0,"actors":"","code":"test-001","collection":"","resolution":"320×240","duration":"00:02:05","notes":"","releaseDate":"","_id":"MGiv8YGGivSxPUw3","createdAt":"2025-05-24T07:44:33.608Z","updatedAt":"2025-05-24T07:44:33.608Z"}
2025-05-24T07:45:47.055Z [COMPRESS] 已获取到原视频记录: ID=1748072672858-RDpcVXNl, 文件名=test-001(1).AVI
2025-05-24T07:45:47.056Z [LOG] 更新原视频记录: {"id":"1748072672858-RDpcVXNl","fileName":"test-001(1)_原文件.AVI","filePath":"D:\\Users\\Videos\\第一次选择\\test-001(1)_原文件.AVI","fileSize":"10.06 MB","createDate":"2025-05-24T07:44:25.848Z","importDate":"2025-05-24 07:44:32","viewCount":0,"lastViewDate":"","selected":false,"thumbnailUrl":"app://thumbnail/1748072672858-RDpcVXNl.jpg","rating":0,"actors":"","code":"test-001","collection":"压缩前","resolution":"320×240","duration":"00:02:05","notes":"","releaseDate":"","_id":"MGiv8YGGivSxPUw3","createdAt":"2025-05-24T07:44:33.608Z","updatedAt":"2025-05-24T07:44:33.608Z"}
2025-05-24T07:45:47.056Z [COMPRESS] 更新原视频记录: ID=1748072672858-RDpcVXNl, 新文件名=test-001(1)_原文件.AVI
2025-05-24T07:45:47.057Z [LOG] 通知渲染进程数据已更新
2025-05-24T07:45:47.057Z [LOG] 生成唯一ID: comp-1748072747057-wq4fbx0njxn8s029
2025-05-24T07:45:47.057Z [COMPRESS] 生成唯一ID: comp-1748072747057-wq4fbx0njxn8s029
2025-05-24T07:45:47.058Z [LOG] 复制缩略图: app://thumbnail/1748072672858-RDpcVXNl.jpg, 新ID: comp-1748072747057-wq4fbx0njxn8s029
2025-05-24T07:45:47.058Z [COMPRESS] 复制缩略图: app://thumbnail/1748072672858-RDpcVXNl.jpg, 新ID: comp-1748072747057-wq4fbx0njxn8s029
2025-05-24T07:45:47.059Z [LOG] 缩略图复制成功: app://thumbnail/comp-1748072747057-wq4fbx0njxn8s029.jpg
2025-05-24T07:45:47.059Z [COMPRESS] 缩略图复制成功: app://thumbnail/comp-1748072747057-wq4fbx0njxn8s029.jpg
2025-05-24T07:45:47.059Z [LOG] 获取视频分辨率: D:\Users\Videos\第一次选择\test-001(1).mp4
2025-05-24T07:45:47.059Z [MAIN] 开始获取视频分辨率: D:\Users\Videos\第一次选择\test-001(1).mp4
2025-05-24T07:45:47.059Z [LOG] 直接获取视频分辨率
2025-05-24T07:45:47.060Z [RESOLUTION] 开始获取视频分辨率: D:\Users\Videos\第一次选择\test-001(1).mp4
2025-05-24T07:45:47.060Z [PATH] 尝试获取FFprobe路径
2025-05-24T07:45:47.060Z [LOG] 使用配置的FFprobe路径: D:\code\cursor\looklook\node_modules\ffprobe-static\bin\win32\x64\ffprobe.exe
2025-05-24T07:45:47.060Z [PATH] 使用配置的FFprobe路径: D:\code\cursor\looklook\node_modules\ffprobe-static\bin\win32\x64\ffprobe.exe
2025-05-24T07:45:47.060Z [RESOLUTION] 在开发环境中使用ffprobe路径: D:\code\cursor\looklook\node_modules\ffprobe-static\bin\win32\x64\ffprobe.exe
2025-05-24T07:45:47.060Z [RESOLUTION] 检查ffprobe可执行文件是否存在: true
2025-05-24T07:45:47.061Z [LOG] 执行命令: "D:\code\cursor\looklook\node_modules\ffprobe-static\bin\win32\x64\ffprobe.exe" -v error -select_streams v:0 -show_entries stream=width,height -of csv=s=x:p=0 "D:\Users\Videos\第一次选择\test-001(1).mp4"
2025-05-24T07:45:47.061Z [RESOLUTION] 开始执行命令获取分辨率: "D:\code\cursor\looklook\node_modules\ffprobe-static\bin\win32\x64\ffprobe.exe" -v error -select_streams v:0 -show_entries stream=width,height -of csv=s=x:p=0 "D:\Users\Videos\第一次选择\test-001(1).mp4"
2025-05-24T07:45:47.064Z [LOG] 处理get-videos请求
2025-05-24T07:45:47.120Z [RESOLUTION] 命令输出: "320x240"
2025-05-24T07:45:47.120Z [LOG] 成功解析分辨率: 320×240
2025-05-24T07:45:47.120Z [RESOLUTION] 成功解析分辨率: 320×240
2025-05-24T07:45:47.120Z [COMPRESS] 获取新视频分辨率: 320×240
2025-05-24T07:45:47.121Z [LOG] 获取视频时长: D:\Users\Videos\第一次选择\test-001(1).mp4
2025-05-24T07:45:47.121Z [MAIN] 开始获取视频时长: D:\Users\Videos\第一次选择\test-001(1).mp4
2025-05-24T07:45:47.121Z [LOG] 直接获取视频时长
2025-05-24T07:45:47.121Z [DURATION] 开始获取视频时长: D:\Users\Videos\第一次选择\test-001(1).mp4
2025-05-24T07:45:47.121Z [PATH] 尝试获取FFprobe路径
2025-05-24T07:45:47.122Z [LOG] 使用配置的FFprobe路径: D:\code\cursor\looklook\node_modules\ffprobe-static\bin\win32\x64\ffprobe.exe
2025-05-24T07:45:47.122Z [PATH] 使用配置的FFprobe路径: D:\code\cursor\looklook\node_modules\ffprobe-static\bin\win32\x64\ffprobe.exe
2025-05-24T07:45:47.122Z [DURATION] 在开发环境中使用ffprobe路径: D:\code\cursor\looklook\node_modules\ffprobe-static\bin\win32\x64\ffprobe.exe
2025-05-24T07:45:47.122Z [DURATION] 检查ffprobe可执行文件是否存在: true
2025-05-24T07:45:47.122Z [LOG] 执行命令: "D:\code\cursor\looklook\node_modules\ffprobe-static\bin\win32\x64\ffprobe.exe" -v error -show_entries format=duration -of default=noprint_wrappers=1:nokey=1 "D:\Users\Videos\第一次选择\test-001(1).mp4"
2025-05-24T07:45:47.122Z [DURATION] 开始执行命令获取时长: "D:\code\cursor\looklook\node_modules\ffprobe-static\bin\win32\x64\ffprobe.exe" -v error -show_entries format=duration -of default=noprint_wrappers=1:nokey=1 "D:\Users\Videos\第一次选择\test-001(1).mp4"
2025-05-24T07:45:47.184Z [DURATION] 命令输出: "125.952000"
2025-05-24T07:45:47.185Z [LOG] 成功解析时长: 00:02:05
2025-05-24T07:45:47.185Z [DURATION] 成功解析时长: 00:02:05
2025-05-24T07:45:47.185Z [COMPRESS] 获取新视频时长: 00:02:05
2025-05-24T07:45:47.186Z [LOG] 新视频记录属性: {"id":"comp-1748072747057-wq4fbx0njxn8s029","tags":["已压缩_高效感知无损"],"rating":0,"autoTag":true}
2025-05-24T07:45:47.186Z [压缩] 新视频记录属性: {"id":"comp-1748072747057-wq4fbx0njxn8s029","tags":["已压缩_高效感知无损"],"rating":0,"autoTag":true}
2025-05-24T07:45:47.187Z [LOG] 通知渲染进程数据已更新
2025-05-24T07:45:47.187Z [LOG] 新视频记录已保存: comp-1748072747057-wq4fbx0njxn8s029
2025-05-24T07:45:47.187Z [COMPRESS] 新视频记录已保存: ID=comp-1748072747057-wq4fbx0njxn8s029
2025-05-24T07:45:47.187Z [LOG] 删除原文件: D:\Users\Videos\第一次选择\test-001(1)_原文件.AVI
2025-05-24T07:45:47.187Z [COMPRESS] 删除原文件: D:\Users\Videos\第一次选择\test-001(1)_原文件.AVI
2025-05-24T07:45:47.188Z [LOG] 视频处理完成 (6/10): test-001(1).AVI
2025-05-24T07:45:47.188Z [COMPRESS] 视频处理完成 (6/10): test-001(1).AVI
2025-05-24T07:45:47.188Z [LOG] 处理get-videos请求
2025-05-24T07:45:47.197Z [LOG] 原文件已移至回收站
2025-05-24T07:45:47.197Z [COMPRESS] 原文件已移至回收站
2025-05-24T07:45:47.198Z [LOG] 通知渲染进程数据已更新
2025-05-24T07:45:47.198Z [LOG] 原视频记录已从数据库删除: 1748072672858-RDpcVXNl
2025-05-24T07:45:47.199Z [COMPRESS] 原视频记录已从数据库删除: 1748072672858-RDpcVXNl
2025-05-24T07:45:47.199Z [LOG] 处理get-videos请求
2025-05-24T07:45:47.503Z [LOG] 开始处理视频: test-002(1).AVI
2025-05-24T07:45:47.504Z [COMPRESS] 开始处理视频: test-002(1).AVI
2025-05-24T07:45:47.581Z [LOG] 开始压缩视频: D:\Users\Videos\第一次选择\test-002(1).AVI -> D:\Users\Videos\第一次选择\test-002(1)_正在压缩.mp4
2025-05-24T07:45:47.582Z [COMPRESS] 开始压缩视频: D:\Users\Videos\第一次选择\test-002(1).AVI -> D:\Users\Videos\第一次选择\test-002(1)_正在压缩.mp4
2025-05-24T07:45:47.582Z [PATH] 尝试获取FFmpeg路径
2025-05-24T07:45:47.582Z [LOG] 使用配置的FFmpeg路径: D:\code\cursor\looklook\node_modules\ffmpeg-static\ffmpeg.exe
2025-05-24T07:45:47.582Z [PATH] 使用配置的FFmpeg路径: D:\code\cursor\looklook\node_modules\ffmpeg-static\ffmpeg.exe
2025-05-24T07:45:47.582Z [LOG] ffmpeg命令: D:\code\cursor\looklook\node_modules\ffmpeg-static\ffmpeg.exe -i D:\Users\Videos\第一次选择\test-002(1).AVI -c:v libx265 -crf 28 -preset medium -c:a aac -b:a 128k -movflags +faststart -pix_fmt yuv420p -y D:\Users\Videos\第一次选择\test-002(1)_正在压缩.mp4
2025-05-24T07:45:47.582Z [COMPRESS] ffmpeg命令: D:\code\cursor\looklook\node_modules\ffmpeg-static\ffmpeg.exe -i D:\Users\Videos\第一次选择\test-002(1).AVI -c:v libx265 -crf 28 -preset medium -c:a aac -b:a 128k -movflags +faststart -pix_fmt yuv420p -y D:\Users\Videos\第一次选择\test-002(1)_正在压缩.mp4
2025-05-24T07:45:51.145Z [LOG] 视频压缩成功: D:\Users\Videos\第一次选择\test-002(1)_正在压缩.mp4
2025-05-24T07:45:51.145Z [COMPRESS] 视频压缩成功: D:\Users\Videos\第一次选择\test-002(1)_正在压缩.mp4
2025-05-24T07:45:51.146Z [LOG] 压缩成功，节省空间: 7MB (71%)
2025-05-24T07:45:51.146Z [COMPRESS] 压缩成功，节省空间: 7MB (71%)
2025-05-24T07:45:51.146Z [LOG] 原文件已重命名: D:\Users\Videos\第一次选择\test-002(1).AVI -> D:\Users\Videos\第一次选择\test-002(1)_原文件.AVI
2025-05-24T07:45:51.147Z [LOG] 压缩文件已重命名: D:\Users\Videos\第一次选择\test-002(1)_正在压缩.mp4 -> D:\Users\Videos\第一次选择\test-002(1).mp4
2025-05-24T07:45:51.147Z [COMPRESS] 原文件已重命名: D:\Users\Videos\第一次选择\test-002(1).AVI -> D:\Users\Videos\第一次选择\test-002(1)_原文件.AVI
2025-05-24T07:45:51.147Z [COMPRESS] 压缩文件已重命名: D:\Users\Videos\第一次选择\test-002(1)_正在压缩.mp4 -> D:\Users\Videos\第一次选择\test-002(1).mp4
2025-05-24T07:45:51.148Z [LOG] 已获取到原视频记录: {"id":"1748072673297-RDpcVXNl","fileName":"test-002(1).AVI","filePath":"D:\\Users\\Videos\\第一次选择\\test-002(1).AVI","fileSize":"10.06 MB","createDate":"2025-05-24T07:44:25.852Z","importDate":"2025-05-24 07:44:32","viewCount":0,"lastViewDate":"","selected":false,"thumbnailUrl":"app://thumbnail/1748072673297-RDpcVXNl.jpg","rating":0,"actors":"","code":"test-002","collection":"","resolution":"320×240","duration":"00:02:05","notes":"","releaseDate":"","_id":"u1lLC72Kr4Kh3P0z","createdAt":"2025-05-24T07:44:33.609Z","updatedAt":"2025-05-24T07:44:33.609Z"}
2025-05-24T07:45:51.148Z [COMPRESS] 已获取到原视频记录: ID=1748072673297-RDpcVXNl, 文件名=test-002(1).AVI
2025-05-24T07:45:51.150Z [LOG] 更新原视频记录: {"id":"1748072673297-RDpcVXNl","fileName":"test-002(1)_原文件.AVI","filePath":"D:\\Users\\Videos\\第一次选择\\test-002(1)_原文件.AVI","fileSize":"10.06 MB","createDate":"2025-05-24T07:44:25.852Z","importDate":"2025-05-24 07:44:32","viewCount":0,"lastViewDate":"","selected":false,"thumbnailUrl":"app://thumbnail/1748072673297-RDpcVXNl.jpg","rating":0,"actors":"","code":"test-002","collection":"压缩前","resolution":"320×240","duration":"00:02:05","notes":"","releaseDate":"","_id":"u1lLC72Kr4Kh3P0z","createdAt":"2025-05-24T07:44:33.609Z","updatedAt":"2025-05-24T07:44:33.609Z"}
2025-05-24T07:45:51.150Z [COMPRESS] 更新原视频记录: ID=1748072673297-RDpcVXNl, 新文件名=test-002(1)_原文件.AVI
2025-05-24T07:45:51.152Z [LOG] 通知渲染进程数据已更新
2025-05-24T07:45:51.153Z [LOG] 生成唯一ID: comp-1748072751152-ndf6a5td7g2rh9lr
2025-05-24T07:45:51.153Z [COMPRESS] 生成唯一ID: comp-1748072751152-ndf6a5td7g2rh9lr
2025-05-24T07:45:51.153Z [LOG] 复制缩略图: app://thumbnail/1748072673297-RDpcVXNl.jpg, 新ID: comp-1748072751152-ndf6a5td7g2rh9lr
2025-05-24T07:45:51.153Z [COMPRESS] 复制缩略图: app://thumbnail/1748072673297-RDpcVXNl.jpg, 新ID: comp-1748072751152-ndf6a5td7g2rh9lr
2025-05-24T07:45:51.154Z [LOG] 缩略图复制成功: app://thumbnail/comp-1748072751152-ndf6a5td7g2rh9lr.jpg
2025-05-24T07:45:51.154Z [COMPRESS] 缩略图复制成功: app://thumbnail/comp-1748072751152-ndf6a5td7g2rh9lr.jpg
2025-05-24T07:45:51.154Z [LOG] 获取视频分辨率: D:\Users\Videos\第一次选择\test-002(1).mp4
2025-05-24T07:45:51.154Z [MAIN] 开始获取视频分辨率: D:\Users\Videos\第一次选择\test-002(1).mp4
2025-05-24T07:45:51.155Z [LOG] 直接获取视频分辨率
2025-05-24T07:45:51.155Z [RESOLUTION] 开始获取视频分辨率: D:\Users\Videos\第一次选择\test-002(1).mp4
2025-05-24T07:45:51.155Z [PATH] 尝试获取FFprobe路径
2025-05-24T07:45:51.155Z [LOG] 使用配置的FFprobe路径: D:\code\cursor\looklook\node_modules\ffprobe-static\bin\win32\x64\ffprobe.exe
2025-05-24T07:45:51.156Z [PATH] 使用配置的FFprobe路径: D:\code\cursor\looklook\node_modules\ffprobe-static\bin\win32\x64\ffprobe.exe
2025-05-24T07:45:51.156Z [RESOLUTION] 在开发环境中使用ffprobe路径: D:\code\cursor\looklook\node_modules\ffprobe-static\bin\win32\x64\ffprobe.exe
2025-05-24T07:45:51.156Z [RESOLUTION] 检查ffprobe可执行文件是否存在: true
2025-05-24T07:45:51.156Z [LOG] 执行命令: "D:\code\cursor\looklook\node_modules\ffprobe-static\bin\win32\x64\ffprobe.exe" -v error -select_streams v:0 -show_entries stream=width,height -of csv=s=x:p=0 "D:\Users\Videos\第一次选择\test-002(1).mp4"
2025-05-24T07:45:51.156Z [RESOLUTION] 开始执行命令获取分辨率: "D:\code\cursor\looklook\node_modules\ffprobe-static\bin\win32\x64\ffprobe.exe" -v error -select_streams v:0 -show_entries stream=width,height -of csv=s=x:p=0 "D:\Users\Videos\第一次选择\test-002(1).mp4"
2025-05-24T07:45:51.160Z [LOG] 处理get-videos请求
2025-05-24T07:45:51.216Z [RESOLUTION] 命令输出: "320x240"
2025-05-24T07:45:51.217Z [LOG] 成功解析分辨率: 320×240
2025-05-24T07:45:51.217Z [RESOLUTION] 成功解析分辨率: 320×240
2025-05-24T07:45:51.217Z [COMPRESS] 获取新视频分辨率: 320×240
2025-05-24T07:45:51.217Z [LOG] 获取视频时长: D:\Users\Videos\第一次选择\test-002(1).mp4
2025-05-24T07:45:51.217Z [MAIN] 开始获取视频时长: D:\Users\Videos\第一次选择\test-002(1).mp4
2025-05-24T07:45:51.218Z [LOG] 直接获取视频时长
2025-05-24T07:45:51.218Z [DURATION] 开始获取视频时长: D:\Users\Videos\第一次选择\test-002(1).mp4
2025-05-24T07:45:51.218Z [PATH] 尝试获取FFprobe路径
2025-05-24T07:45:51.218Z [LOG] 使用配置的FFprobe路径: D:\code\cursor\looklook\node_modules\ffprobe-static\bin\win32\x64\ffprobe.exe
2025-05-24T07:45:51.218Z [PATH] 使用配置的FFprobe路径: D:\code\cursor\looklook\node_modules\ffprobe-static\bin\win32\x64\ffprobe.exe
2025-05-24T07:45:51.218Z [DURATION] 在开发环境中使用ffprobe路径: D:\code\cursor\looklook\node_modules\ffprobe-static\bin\win32\x64\ffprobe.exe
2025-05-24T07:45:51.218Z [DURATION] 检查ffprobe可执行文件是否存在: true
2025-05-24T07:45:51.218Z [LOG] 执行命令: "D:\code\cursor\looklook\node_modules\ffprobe-static\bin\win32\x64\ffprobe.exe" -v error -show_entries format=duration -of default=noprint_wrappers=1:nokey=1 "D:\Users\Videos\第一次选择\test-002(1).mp4"
2025-05-24T07:45:51.219Z [DURATION] 开始执行命令获取时长: "D:\code\cursor\looklook\node_modules\ffprobe-static\bin\win32\x64\ffprobe.exe" -v error -show_entries format=duration -of default=noprint_wrappers=1:nokey=1 "D:\Users\Videos\第一次选择\test-002(1).mp4"
2025-05-24T07:45:51.281Z [DURATION] 命令输出: "125.952000"
2025-05-24T07:45:51.281Z [LOG] 成功解析时长: 00:02:05
2025-05-24T07:45:51.282Z [DURATION] 成功解析时长: 00:02:05
2025-05-24T07:45:51.282Z [COMPRESS] 获取新视频时长: 00:02:05
2025-05-24T07:45:51.282Z [LOG] 新视频记录属性: {"id":"comp-1748072751152-ndf6a5td7g2rh9lr","tags":["已压缩_高效感知无损"],"rating":0,"autoTag":true}
2025-05-24T07:45:51.283Z [压缩] 新视频记录属性: {"id":"comp-1748072751152-ndf6a5td7g2rh9lr","tags":["已压缩_高效感知无损"],"rating":0,"autoTag":true}
2025-05-24T07:45:51.283Z [LOG] 通知渲染进程数据已更新
2025-05-24T07:45:51.284Z [LOG] 新视频记录已保存: comp-1748072751152-ndf6a5td7g2rh9lr
2025-05-24T07:45:51.284Z [COMPRESS] 新视频记录已保存: ID=comp-1748072751152-ndf6a5td7g2rh9lr
2025-05-24T07:45:51.284Z [LOG] 删除原文件: D:\Users\Videos\第一次选择\test-002(1)_原文件.AVI
2025-05-24T07:45:51.284Z [COMPRESS] 删除原文件: D:\Users\Videos\第一次选择\test-002(1)_原文件.AVI
2025-05-24T07:45:51.285Z [LOG] 视频处理完成 (7/10): test-002(1).AVI
2025-05-24T07:45:51.285Z [COMPRESS] 视频处理完成 (7/10): test-002(1).AVI
2025-05-24T07:45:51.285Z [LOG] 处理get-videos请求
2025-05-24T07:45:51.296Z [LOG] 原文件已移至回收站
2025-05-24T07:45:51.297Z [COMPRESS] 原文件已移至回收站
2025-05-24T07:45:51.298Z [LOG] 通知渲染进程数据已更新
2025-05-24T07:45:51.298Z [LOG] 原视频记录已从数据库删除: 1748072673297-RDpcVXNl
2025-05-24T07:45:51.298Z [COMPRESS] 原视频记录已从数据库删除: 1748072673297-RDpcVXNl
2025-05-24T07:45:51.300Z [LOG] 处理get-videos请求
2025-05-24T07:45:51.588Z [LOG] 开始处理视频: test-003(1).AVI
2025-05-24T07:45:51.588Z [COMPRESS] 开始处理视频: test-003(1).AVI
2025-05-24T07:45:51.651Z [LOG] 开始压缩视频: D:\Users\Videos\第一次选择\test-003(1).AVI -> D:\Users\Videos\第一次选择\test-003(1)_正在压缩.mp4
2025-05-24T07:45:51.651Z [COMPRESS] 开始压缩视频: D:\Users\Videos\第一次选择\test-003(1).AVI -> D:\Users\Videos\第一次选择\test-003(1)_正在压缩.mp4
2025-05-24T07:45:51.651Z [PATH] 尝试获取FFmpeg路径
2025-05-24T07:45:51.652Z [LOG] 使用配置的FFmpeg路径: D:\code\cursor\looklook\node_modules\ffmpeg-static\ffmpeg.exe
2025-05-24T07:45:51.652Z [PATH] 使用配置的FFmpeg路径: D:\code\cursor\looklook\node_modules\ffmpeg-static\ffmpeg.exe
2025-05-24T07:45:51.652Z [LOG] ffmpeg命令: D:\code\cursor\looklook\node_modules\ffmpeg-static\ffmpeg.exe -i D:\Users\Videos\第一次选择\test-003(1).AVI -c:v libx265 -crf 28 -preset medium -c:a aac -b:a 128k -movflags +faststart -pix_fmt yuv420p -y D:\Users\Videos\第一次选择\test-003(1)_正在压缩.mp4
2025-05-24T07:45:51.652Z [COMPRESS] ffmpeg命令: D:\code\cursor\looklook\node_modules\ffmpeg-static\ffmpeg.exe -i D:\Users\Videos\第一次选择\test-003(1).AVI -c:v libx265 -crf 28 -preset medium -c:a aac -b:a 128k -movflags +faststart -pix_fmt yuv420p -y D:\Users\Videos\第一次选择\test-003(1)_正在压缩.mp4
2025-05-24T07:45:55.235Z [LOG] 视频压缩成功: D:\Users\Videos\第一次选择\test-003(1)_正在压缩.mp4
2025-05-24T07:45:55.235Z [COMPRESS] 视频压缩成功: D:\Users\Videos\第一次选择\test-003(1)_正在压缩.mp4
2025-05-24T07:45:55.236Z [LOG] 压缩成功，节省空间: 7MB (71%)
2025-05-24T07:45:55.236Z [COMPRESS] 压缩成功，节省空间: 7MB (71%)
2025-05-24T07:45:55.236Z [LOG] 原文件已重命名: D:\Users\Videos\第一次选择\test-003(1).AVI -> D:\Users\Videos\第一次选择\test-003(1)_原文件.AVI
2025-05-24T07:45:55.237Z [LOG] 压缩文件已重命名: D:\Users\Videos\第一次选择\test-003(1)_正在压缩.mp4 -> D:\Users\Videos\第一次选择\test-003(1).mp4
2025-05-24T07:45:55.237Z [COMPRESS] 原文件已重命名: D:\Users\Videos\第一次选择\test-003(1).AVI -> D:\Users\Videos\第一次选择\test-003(1)_原文件.AVI
2025-05-24T07:45:55.237Z [COMPRESS] 压缩文件已重命名: D:\Users\Videos\第一次选择\test-003(1)_正在压缩.mp4 -> D:\Users\Videos\第一次选择\test-003(1).mp4
2025-05-24T07:45:55.238Z [LOG] 已获取到原视频记录: {"id":"1748072673101-RDpcVXNl","fileName":"test-003(1).AVI","filePath":"D:\\Users\\Videos\\第一次选择\\test-003(1).AVI","fileSize":"10.06 MB","createDate":"2025-05-24T07:44:25.857Z","importDate":"2025-05-24 07:44:32","viewCount":0,"lastViewDate":"","selected":false,"thumbnailUrl":"app://thumbnail/1748072673101-RDpcVXNl.jpg","rating":0,"actors":"","code":"test-003","collection":"","resolution":"320×240","duration":"00:02:05","notes":"","releaseDate":"","_id":"uvyX6HWhk2YqX5vb","createdAt":"2025-05-24T07:44:33.609Z","updatedAt":"2025-05-24T07:44:33.609Z"}
2025-05-24T07:45:55.238Z [COMPRESS] 已获取到原视频记录: ID=1748072673101-RDpcVXNl, 文件名=test-003(1).AVI
2025-05-24T07:45:55.239Z [LOG] 更新原视频记录: {"id":"1748072673101-RDpcVXNl","fileName":"test-003(1)_原文件.AVI","filePath":"D:\\Users\\Videos\\第一次选择\\test-003(1)_原文件.AVI","fileSize":"10.06 MB","createDate":"2025-05-24T07:44:25.857Z","importDate":"2025-05-24 07:44:32","viewCount":0,"lastViewDate":"","selected":false,"thumbnailUrl":"app://thumbnail/1748072673101-RDpcVXNl.jpg","rating":0,"actors":"","code":"test-003","collection":"压缩前","resolution":"320×240","duration":"00:02:05","notes":"","releaseDate":"","_id":"uvyX6HWhk2YqX5vb","createdAt":"2025-05-24T07:44:33.609Z","updatedAt":"2025-05-24T07:44:33.609Z"}
2025-05-24T07:45:55.239Z [COMPRESS] 更新原视频记录: ID=1748072673101-RDpcVXNl, 新文件名=test-003(1)_原文件.AVI
2025-05-24T07:45:55.240Z [LOG] 通知渲染进程数据已更新
2025-05-24T07:45:55.241Z [LOG] 生成唯一ID: comp-1748072755241-kbf856ecf6i4lo0c
2025-05-24T07:45:55.241Z [COMPRESS] 生成唯一ID: comp-1748072755241-kbf856ecf6i4lo0c
2025-05-24T07:45:55.241Z [LOG] 复制缩略图: app://thumbnail/1748072673101-RDpcVXNl.jpg, 新ID: comp-1748072755241-kbf856ecf6i4lo0c
2025-05-24T07:45:55.241Z [COMPRESS] 复制缩略图: app://thumbnail/1748072673101-RDpcVXNl.jpg, 新ID: comp-1748072755241-kbf856ecf6i4lo0c
2025-05-24T07:45:55.242Z [LOG] 缩略图复制成功: app://thumbnail/comp-1748072755241-kbf856ecf6i4lo0c.jpg
2025-05-24T07:45:55.243Z [COMPRESS] 缩略图复制成功: app://thumbnail/comp-1748072755241-kbf856ecf6i4lo0c.jpg
2025-05-24T07:45:55.243Z [LOG] 获取视频分辨率: D:\Users\Videos\第一次选择\test-003(1).mp4
2025-05-24T07:45:55.243Z [MAIN] 开始获取视频分辨率: D:\Users\Videos\第一次选择\test-003(1).mp4
2025-05-24T07:45:55.243Z [LOG] 直接获取视频分辨率
2025-05-24T07:45:55.244Z [RESOLUTION] 开始获取视频分辨率: D:\Users\Videos\第一次选择\test-003(1).mp4
2025-05-24T07:45:55.244Z [PATH] 尝试获取FFprobe路径
2025-05-24T07:45:55.244Z [LOG] 使用配置的FFprobe路径: D:\code\cursor\looklook\node_modules\ffprobe-static\bin\win32\x64\ffprobe.exe
2025-05-24T07:45:55.244Z [PATH] 使用配置的FFprobe路径: D:\code\cursor\looklook\node_modules\ffprobe-static\bin\win32\x64\ffprobe.exe
2025-05-24T07:45:55.245Z [RESOLUTION] 在开发环境中使用ffprobe路径: D:\code\cursor\looklook\node_modules\ffprobe-static\bin\win32\x64\ffprobe.exe
2025-05-24T07:45:55.245Z [RESOLUTION] 检查ffprobe可执行文件是否存在: true
2025-05-24T07:45:55.245Z [LOG] 执行命令: "D:\code\cursor\looklook\node_modules\ffprobe-static\bin\win32\x64\ffprobe.exe" -v error -select_streams v:0 -show_entries stream=width,height -of csv=s=x:p=0 "D:\Users\Videos\第一次选择\test-003(1).mp4"
2025-05-24T07:45:55.245Z [RESOLUTION] 开始执行命令获取分辨率: "D:\code\cursor\looklook\node_modules\ffprobe-static\bin\win32\x64\ffprobe.exe" -v error -select_streams v:0 -show_entries stream=width,height -of csv=s=x:p=0 "D:\Users\Videos\第一次选择\test-003(1).mp4"
2025-05-24T07:45:55.249Z [LOG] 处理get-videos请求
2025-05-24T07:45:55.307Z [RESOLUTION] 命令输出: "320x240"
2025-05-24T07:45:55.307Z [LOG] 成功解析分辨率: 320×240
2025-05-24T07:45:55.308Z [RESOLUTION] 成功解析分辨率: 320×240
2025-05-24T07:45:55.308Z [COMPRESS] 获取新视频分辨率: 320×240
2025-05-24T07:45:55.308Z [LOG] 获取视频时长: D:\Users\Videos\第一次选择\test-003(1).mp4
2025-05-24T07:45:55.308Z [MAIN] 开始获取视频时长: D:\Users\Videos\第一次选择\test-003(1).mp4
2025-05-24T07:45:55.308Z [LOG] 直接获取视频时长
2025-05-24T07:45:55.309Z [DURATION] 开始获取视频时长: D:\Users\Videos\第一次选择\test-003(1).mp4
2025-05-24T07:45:55.309Z [PATH] 尝试获取FFprobe路径
2025-05-24T07:45:55.309Z [LOG] 使用配置的FFprobe路径: D:\code\cursor\looklook\node_modules\ffprobe-static\bin\win32\x64\ffprobe.exe
2025-05-24T07:45:55.309Z [PATH] 使用配置的FFprobe路径: D:\code\cursor\looklook\node_modules\ffprobe-static\bin\win32\x64\ffprobe.exe
2025-05-24T07:45:55.309Z [DURATION] 在开发环境中使用ffprobe路径: D:\code\cursor\looklook\node_modules\ffprobe-static\bin\win32\x64\ffprobe.exe
2025-05-24T07:45:55.309Z [DURATION] 检查ffprobe可执行文件是否存在: true
2025-05-24T07:45:55.310Z [LOG] 执行命令: "D:\code\cursor\looklook\node_modules\ffprobe-static\bin\win32\x64\ffprobe.exe" -v error -show_entries format=duration -of default=noprint_wrappers=1:nokey=1 "D:\Users\Videos\第一次选择\test-003(1).mp4"
2025-05-24T07:45:55.310Z [DURATION] 开始执行命令获取时长: "D:\code\cursor\looklook\node_modules\ffprobe-static\bin\win32\x64\ffprobe.exe" -v error -show_entries format=duration -of default=noprint_wrappers=1:nokey=1 "D:\Users\Videos\第一次选择\test-003(1).mp4"
2025-05-24T07:45:55.372Z [DURATION] 命令输出: "125.952000"
2025-05-24T07:45:55.373Z [LOG] 成功解析时长: 00:02:05
2025-05-24T07:45:55.373Z [DURATION] 成功解析时长: 00:02:05
2025-05-24T07:45:55.373Z [COMPRESS] 获取新视频时长: 00:02:05
2025-05-24T07:45:55.374Z [LOG] 新视频记录属性: {"id":"comp-1748072755241-kbf856ecf6i4lo0c","tags":["已压缩_高效感知无损"],"rating":0,"autoTag":true}
2025-05-24T07:45:55.374Z [压缩] 新视频记录属性: {"id":"comp-1748072755241-kbf856ecf6i4lo0c","tags":["已压缩_高效感知无损"],"rating":0,"autoTag":true}
2025-05-24T07:45:55.375Z [LOG] 通知渲染进程数据已更新
2025-05-24T07:45:55.376Z [LOG] 新视频记录已保存: comp-1748072755241-kbf856ecf6i4lo0c
2025-05-24T07:45:55.376Z [COMPRESS] 新视频记录已保存: ID=comp-1748072755241-kbf856ecf6i4lo0c
2025-05-24T07:45:55.376Z [LOG] 删除原文件: D:\Users\Videos\第一次选择\test-003(1)_原文件.AVI
2025-05-24T07:45:55.376Z [COMPRESS] 删除原文件: D:\Users\Videos\第一次选择\test-003(1)_原文件.AVI
2025-05-24T07:45:55.376Z [LOG] 视频处理完成 (8/10): test-003(1).AVI
2025-05-24T07:45:55.377Z [COMPRESS] 视频处理完成 (8/10): test-003(1).AVI
2025-05-24T07:45:55.377Z [LOG] 处理get-videos请求
2025-05-24T07:45:55.387Z [LOG] 原文件已移至回收站
2025-05-24T07:45:55.387Z [COMPRESS] 原文件已移至回收站
2025-05-24T07:45:55.389Z [LOG] 通知渲染进程数据已更新
2025-05-24T07:45:55.390Z [LOG] 原视频记录已从数据库删除: 1748072673101-RDpcVXNl
2025-05-24T07:45:55.390Z [COMPRESS] 原视频记录已从数据库删除: 1748072673101-RDpcVXNl
2025-05-24T07:45:55.400Z [LOG] 处理get-videos请求
2025-05-24T07:45:55.684Z [LOG] 开始处理视频: test-004(1).AVI
2025-05-24T07:45:55.684Z [COMPRESS] 开始处理视频: test-004(1).AVI
2025-05-24T07:45:55.757Z [LOG] 开始压缩视频: D:\Users\Videos\第一次选择\test-004(1).AVI -> D:\Users\Videos\第一次选择\test-004(1)_正在压缩.mp4
2025-05-24T07:45:55.757Z [COMPRESS] 开始压缩视频: D:\Users\Videos\第一次选择\test-004(1).AVI -> D:\Users\Videos\第一次选择\test-004(1)_正在压缩.mp4
2025-05-24T07:45:55.757Z [PATH] 尝试获取FFmpeg路径
2025-05-24T07:45:55.758Z [LOG] 使用配置的FFmpeg路径: D:\code\cursor\looklook\node_modules\ffmpeg-static\ffmpeg.exe
2025-05-24T07:45:55.758Z [PATH] 使用配置的FFmpeg路径: D:\code\cursor\looklook\node_modules\ffmpeg-static\ffmpeg.exe
2025-05-24T07:45:55.758Z [LOG] ffmpeg命令: D:\code\cursor\looklook\node_modules\ffmpeg-static\ffmpeg.exe -i D:\Users\Videos\第一次选择\test-004(1).AVI -c:v libx265 -crf 28 -preset medium -c:a aac -b:a 128k -movflags +faststart -pix_fmt yuv420p -y D:\Users\Videos\第一次选择\test-004(1)_正在压缩.mp4
2025-05-24T07:45:55.759Z [COMPRESS] ffmpeg命令: D:\code\cursor\looklook\node_modules\ffmpeg-static\ffmpeg.exe -i D:\Users\Videos\第一次选择\test-004(1).AVI -c:v libx265 -crf 28 -preset medium -c:a aac -b:a 128k -movflags +faststart -pix_fmt yuv420p -y D:\Users\Videos\第一次选择\test-004(1)_正在压缩.mp4
2025-05-24T07:45:59.358Z [LOG] 视频压缩成功: D:\Users\Videos\第一次选择\test-004(1)_正在压缩.mp4
2025-05-24T07:45:59.358Z [COMPRESS] 视频压缩成功: D:\Users\Videos\第一次选择\test-004(1)_正在压缩.mp4
2025-05-24T07:45:59.358Z [LOG] 压缩成功，节省空间: 7MB (71%)
2025-05-24T07:45:59.359Z [COMPRESS] 压缩成功，节省空间: 7MB (71%)
2025-05-24T07:45:59.359Z [LOG] 原文件已重命名: D:\Users\Videos\第一次选择\test-004(1).AVI -> D:\Users\Videos\第一次选择\test-004(1)_原文件.AVI
2025-05-24T07:45:59.360Z [LOG] 压缩文件已重命名: D:\Users\Videos\第一次选择\test-004(1)_正在压缩.mp4 -> D:\Users\Videos\第一次选择\test-004(1).mp4
2025-05-24T07:45:59.360Z [COMPRESS] 原文件已重命名: D:\Users\Videos\第一次选择\test-004(1).AVI -> D:\Users\Videos\第一次选择\test-004(1)_原文件.AVI
2025-05-24T07:45:59.360Z [COMPRESS] 压缩文件已重命名: D:\Users\Videos\第一次选择\test-004(1)_正在压缩.mp4 -> D:\Users\Videos\第一次选择\test-004(1).mp4
2025-05-24T07:45:59.361Z [LOG] 已获取到原视频记录: {"id":"1748072673794-RDpcVXNl","fileName":"test-004(1).AVI","filePath":"D:\\Users\\Videos\\第一次选择\\test-004(1).AVI","fileSize":"10.06 MB","createDate":"2025-05-24T07:44:25.861Z","importDate":"2025-05-24 07:44:33","viewCount":0,"lastViewDate":"","selected":false,"thumbnailUrl":"app://thumbnail/1748072673794-RDpcVXNl.jpg","rating":0,"actors":"","code":"test-004","collection":"","resolution":"320×240","duration":"00:02:05","notes":"","releaseDate":"","_id":"WKFv1WjF41Auk4eQ","createdAt":"2025-05-24T07:44:33.610Z","updatedAt":"2025-05-24T07:44:33.610Z"}
2025-05-24T07:45:59.361Z [COMPRESS] 已获取到原视频记录: ID=1748072673794-RDpcVXNl, 文件名=test-004(1).AVI
2025-05-24T07:45:59.362Z [LOG] 更新原视频记录: {"id":"1748072673794-RDpcVXNl","fileName":"test-004(1)_原文件.AVI","filePath":"D:\\Users\\Videos\\第一次选择\\test-004(1)_原文件.AVI","fileSize":"10.06 MB","createDate":"2025-05-24T07:44:25.861Z","importDate":"2025-05-24 07:44:33","viewCount":0,"lastViewDate":"","selected":false,"thumbnailUrl":"app://thumbnail/1748072673794-RDpcVXNl.jpg","rating":0,"actors":"","code":"test-004","collection":"压缩前","resolution":"320×240","duration":"00:02:05","notes":"","releaseDate":"","_id":"WKFv1WjF41Auk4eQ","createdAt":"2025-05-24T07:44:33.610Z","updatedAt":"2025-05-24T07:44:33.610Z"}
2025-05-24T07:45:59.363Z [COMPRESS] 更新原视频记录: ID=1748072673794-RDpcVXNl, 新文件名=test-004(1)_原文件.AVI
2025-05-24T07:45:59.363Z [LOG] 通知渲染进程数据已更新
2025-05-24T07:45:59.364Z [LOG] 生成唯一ID: comp-1748072759364-g5cywbyun7jlop94
2025-05-24T07:45:59.364Z [COMPRESS] 生成唯一ID: comp-1748072759364-g5cywbyun7jlop94
2025-05-24T07:45:59.364Z [LOG] 复制缩略图: app://thumbnail/1748072673794-RDpcVXNl.jpg, 新ID: comp-1748072759364-g5cywbyun7jlop94
2025-05-24T07:45:59.364Z [COMPRESS] 复制缩略图: app://thumbnail/1748072673794-RDpcVXNl.jpg, 新ID: comp-1748072759364-g5cywbyun7jlop94
2025-05-24T07:45:59.365Z [LOG] 缩略图复制成功: app://thumbnail/comp-1748072759364-g5cywbyun7jlop94.jpg
2025-05-24T07:45:59.365Z [COMPRESS] 缩略图复制成功: app://thumbnail/comp-1748072759364-g5cywbyun7jlop94.jpg
2025-05-24T07:45:59.366Z [LOG] 获取视频分辨率: D:\Users\Videos\第一次选择\test-004(1).mp4
2025-05-24T07:45:59.366Z [MAIN] 开始获取视频分辨率: D:\Users\Videos\第一次选择\test-004(1).mp4
2025-05-24T07:45:59.366Z [LOG] 直接获取视频分辨率
2025-05-24T07:45:59.366Z [RESOLUTION] 开始获取视频分辨率: D:\Users\Videos\第一次选择\test-004(1).mp4
2025-05-24T07:45:59.366Z [PATH] 尝试获取FFprobe路径
2025-05-24T07:45:59.366Z [LOG] 使用配置的FFprobe路径: D:\code\cursor\looklook\node_modules\ffprobe-static\bin\win32\x64\ffprobe.exe
2025-05-24T07:45:59.366Z [PATH] 使用配置的FFprobe路径: D:\code\cursor\looklook\node_modules\ffprobe-static\bin\win32\x64\ffprobe.exe
2025-05-24T07:45:59.367Z [RESOLUTION] 在开发环境中使用ffprobe路径: D:\code\cursor\looklook\node_modules\ffprobe-static\bin\win32\x64\ffprobe.exe
2025-05-24T07:45:59.367Z [RESOLUTION] 检查ffprobe可执行文件是否存在: true
2025-05-24T07:45:59.367Z [LOG] 执行命令: "D:\code\cursor\looklook\node_modules\ffprobe-static\bin\win32\x64\ffprobe.exe" -v error -select_streams v:0 -show_entries stream=width,height -of csv=s=x:p=0 "D:\Users\Videos\第一次选择\test-004(1).mp4"
2025-05-24T07:45:59.367Z [RESOLUTION] 开始执行命令获取分辨率: "D:\code\cursor\looklook\node_modules\ffprobe-static\bin\win32\x64\ffprobe.exe" -v error -select_streams v:0 -show_entries stream=width,height -of csv=s=x:p=0 "D:\Users\Videos\第一次选择\test-004(1).mp4"
2025-05-24T07:45:59.371Z [LOG] 处理get-videos请求
2025-05-24T07:45:59.428Z [RESOLUTION] 命令输出: "320x240"
2025-05-24T07:45:59.428Z [LOG] 成功解析分辨率: 320×240
2025-05-24T07:45:59.428Z [RESOLUTION] 成功解析分辨率: 320×240
2025-05-24T07:45:59.428Z [COMPRESS] 获取新视频分辨率: 320×240
2025-05-24T07:45:59.429Z [LOG] 获取视频时长: D:\Users\Videos\第一次选择\test-004(1).mp4
2025-05-24T07:45:59.429Z [MAIN] 开始获取视频时长: D:\Users\Videos\第一次选择\test-004(1).mp4
2025-05-24T07:45:59.429Z [LOG] 直接获取视频时长
2025-05-24T07:45:59.429Z [DURATION] 开始获取视频时长: D:\Users\Videos\第一次选择\test-004(1).mp4
2025-05-24T07:45:59.429Z [PATH] 尝试获取FFprobe路径
2025-05-24T07:45:59.430Z [LOG] 使用配置的FFprobe路径: D:\code\cursor\looklook\node_modules\ffprobe-static\bin\win32\x64\ffprobe.exe
2025-05-24T07:45:59.430Z [PATH] 使用配置的FFprobe路径: D:\code\cursor\looklook\node_modules\ffprobe-static\bin\win32\x64\ffprobe.exe
2025-05-24T07:45:59.430Z [DURATION] 在开发环境中使用ffprobe路径: D:\code\cursor\looklook\node_modules\ffprobe-static\bin\win32\x64\ffprobe.exe
2025-05-24T07:45:59.430Z [DURATION] 检查ffprobe可执行文件是否存在: true
2025-05-24T07:45:59.430Z [LOG] 执行命令: "D:\code\cursor\looklook\node_modules\ffprobe-static\bin\win32\x64\ffprobe.exe" -v error -show_entries format=duration -of default=noprint_wrappers=1:nokey=1 "D:\Users\Videos\第一次选择\test-004(1).mp4"
2025-05-24T07:45:59.430Z [DURATION] 开始执行命令获取时长: "D:\code\cursor\looklook\node_modules\ffprobe-static\bin\win32\x64\ffprobe.exe" -v error -show_entries format=duration -of default=noprint_wrappers=1:nokey=1 "D:\Users\Videos\第一次选择\test-004(1).mp4"
2025-05-24T07:45:59.490Z [DURATION] 命令输出: "125.952000"
2025-05-24T07:45:59.491Z [LOG] 成功解析时长: 00:02:05
2025-05-24T07:45:59.491Z [DURATION] 成功解析时长: 00:02:05
2025-05-24T07:45:59.491Z [COMPRESS] 获取新视频时长: 00:02:05
2025-05-24T07:45:59.492Z [LOG] 新视频记录属性: {"id":"comp-1748072759364-g5cywbyun7jlop94","tags":["已压缩_高效感知无损"],"rating":0,"autoTag":true}
2025-05-24T07:45:59.492Z [压缩] 新视频记录属性: {"id":"comp-1748072759364-g5cywbyun7jlop94","tags":["已压缩_高效感知无损"],"rating":0,"autoTag":true}
2025-05-24T07:45:59.493Z [LOG] 通知渲染进程数据已更新
2025-05-24T07:45:59.493Z [LOG] 新视频记录已保存: comp-1748072759364-g5cywbyun7jlop94
2025-05-24T07:45:59.494Z [COMPRESS] 新视频记录已保存: ID=comp-1748072759364-g5cywbyun7jlop94
2025-05-24T07:45:59.494Z [LOG] 删除原文件: D:\Users\Videos\第一次选择\test-004(1)_原文件.AVI
2025-05-24T07:45:59.494Z [COMPRESS] 删除原文件: D:\Users\Videos\第一次选择\test-004(1)_原文件.AVI
2025-05-24T07:45:59.494Z [LOG] 视频处理完成 (9/10): test-004(1).AVI
2025-05-24T07:45:59.494Z [COMPRESS] 视频处理完成 (9/10): test-004(1).AVI
2025-05-24T07:45:59.495Z [LOG] 处理get-videos请求
2025-05-24T07:45:59.505Z [LOG] 原文件已移至回收站
2025-05-24T07:45:59.505Z [COMPRESS] 原文件已移至回收站
2025-05-24T07:45:59.507Z [LOG] 通知渲染进程数据已更新
2025-05-24T07:45:59.507Z [LOG] 原视频记录已从数据库删除: 1748072673794-RDpcVXNl
2025-05-24T07:45:59.507Z [COMPRESS] 原视频记录已从数据库删除: 1748072673794-RDpcVXNl
2025-05-24T07:45:59.507Z [LOG] 处理get-videos请求
2025-05-24T07:45:59.801Z [LOG] 开始处理视频: test-005(1).AVI
2025-05-24T07:45:59.801Z [COMPRESS] 开始处理视频: test-005(1).AVI
2025-05-24T07:45:59.884Z [LOG] 开始压缩视频: D:\Users\Videos\第一次选择\test-005(1).AVI -> D:\Users\Videos\第一次选择\test-005(1)_正在压缩.mp4
2025-05-24T07:45:59.884Z [COMPRESS] 开始压缩视频: D:\Users\Videos\第一次选择\test-005(1).AVI -> D:\Users\Videos\第一次选择\test-005(1)_正在压缩.mp4
2025-05-24T07:45:59.884Z [PATH] 尝试获取FFmpeg路径
2025-05-24T07:45:59.885Z [LOG] 使用配置的FFmpeg路径: D:\code\cursor\looklook\node_modules\ffmpeg-static\ffmpeg.exe
2025-05-24T07:45:59.885Z [PATH] 使用配置的FFmpeg路径: D:\code\cursor\looklook\node_modules\ffmpeg-static\ffmpeg.exe
2025-05-24T07:45:59.885Z [LOG] ffmpeg命令: D:\code\cursor\looklook\node_modules\ffmpeg-static\ffmpeg.exe -i D:\Users\Videos\第一次选择\test-005(1).AVI -c:v libx265 -crf 28 -preset medium -c:a aac -b:a 128k -movflags +faststart -pix_fmt yuv420p -y D:\Users\Videos\第一次选择\test-005(1)_正在压缩.mp4
2025-05-24T07:45:59.886Z [COMPRESS] ffmpeg命令: D:\code\cursor\looklook\node_modules\ffmpeg-static\ffmpeg.exe -i D:\Users\Videos\第一次选择\test-005(1).AVI -c:v libx265 -crf 28 -preset medium -c:a aac -b:a 128k -movflags +faststart -pix_fmt yuv420p -y D:\Users\Videos\第一次选择\test-005(1)_正在压缩.mp4
2025-05-24T07:46:03.447Z [LOG] 视频压缩成功: D:\Users\Videos\第一次选择\test-005(1)_正在压缩.mp4
2025-05-24T07:46:03.447Z [COMPRESS] 视频压缩成功: D:\Users\Videos\第一次选择\test-005(1)_正在压缩.mp4
2025-05-24T07:46:03.447Z [LOG] 压缩成功，节省空间: 7MB (71%)
2025-05-24T07:46:03.447Z [COMPRESS] 压缩成功，节省空间: 7MB (71%)
2025-05-24T07:46:03.448Z [LOG] 原文件已重命名: D:\Users\Videos\第一次选择\test-005(1).AVI -> D:\Users\Videos\第一次选择\test-005(1)_原文件.AVI
2025-05-24T07:46:03.448Z [LOG] 压缩文件已重命名: D:\Users\Videos\第一次选择\test-005(1)_正在压缩.mp4 -> D:\Users\Videos\第一次选择\test-005(1).mp4
2025-05-24T07:46:03.448Z [COMPRESS] 原文件已重命名: D:\Users\Videos\第一次选择\test-005(1).AVI -> D:\Users\Videos\第一次选择\test-005(1)_原文件.AVI
2025-05-24T07:46:03.448Z [COMPRESS] 压缩文件已重命名: D:\Users\Videos\第一次选择\test-005(1)_正在压缩.mp4 -> D:\Users\Videos\第一次选择\test-005(1).mp4
2025-05-24T07:46:03.451Z [LOG] 已获取到原视频记录: {"id":"1748072674062-RDpcVXNl","fileName":"test-005(1).AVI","filePath":"D:\\Users\\Videos\\第一次选择\\test-005(1).AVI","fileSize":"10.06 MB","createDate":"2025-05-24T07:44:25.865Z","importDate":"2025-05-24 07:44:33","viewCount":0,"lastViewDate":"","selected":false,"thumbnailUrl":"app://thumbnail/1748072674062-RDpcVXNl.jpg","rating":0,"actors":"","code":"test-005","collection":"","resolution":"320×240","duration":"00:02:05","notes":"","releaseDate":"","_id":"pFM68m5faZlsc6Ix","createdAt":"2025-05-24T07:44:33.610Z","updatedAt":"2025-05-24T07:44:33.610Z"}
2025-05-24T07:46:03.451Z [COMPRESS] 已获取到原视频记录: ID=1748072674062-RDpcVXNl, 文件名=test-005(1).AVI
2025-05-24T07:46:03.452Z [LOG] 更新原视频记录: {"id":"1748072674062-RDpcVXNl","fileName":"test-005(1)_原文件.AVI","filePath":"D:\\Users\\Videos\\第一次选择\\test-005(1)_原文件.AVI","fileSize":"10.06 MB","createDate":"2025-05-24T07:44:25.865Z","importDate":"2025-05-24 07:44:33","viewCount":0,"lastViewDate":"","selected":false,"thumbnailUrl":"app://thumbnail/1748072674062-RDpcVXNl.jpg","rating":0,"actors":"","code":"test-005","collection":"压缩前","resolution":"320×240","duration":"00:02:05","notes":"","releaseDate":"","_id":"pFM68m5faZlsc6Ix","createdAt":"2025-05-24T07:44:33.610Z","updatedAt":"2025-05-24T07:44:33.610Z"}
2025-05-24T07:46:03.453Z [COMPRESS] 更新原视频记录: ID=1748072674062-RDpcVXNl, 新文件名=test-005(1)_原文件.AVI
2025-05-24T07:46:03.454Z [LOG] 通知渲染进程数据已更新
2025-05-24T07:46:03.454Z [LOG] 生成唯一ID: comp-1748072763454-1nlaofitsnz95hie
2025-05-24T07:46:03.455Z [COMPRESS] 生成唯一ID: comp-1748072763454-1nlaofitsnz95hie
2025-05-24T07:46:03.455Z [LOG] 复制缩略图: app://thumbnail/1748072674062-RDpcVXNl.jpg, 新ID: comp-1748072763454-1nlaofitsnz95hie
2025-05-24T07:46:03.455Z [COMPRESS] 复制缩略图: app://thumbnail/1748072674062-RDpcVXNl.jpg, 新ID: comp-1748072763454-1nlaofitsnz95hie
2025-05-24T07:46:03.456Z [LOG] 缩略图复制成功: app://thumbnail/comp-1748072763454-1nlaofitsnz95hie.jpg
2025-05-24T07:46:03.456Z [COMPRESS] 缩略图复制成功: app://thumbnail/comp-1748072763454-1nlaofitsnz95hie.jpg
2025-05-24T07:46:03.456Z [LOG] 获取视频分辨率: D:\Users\Videos\第一次选择\test-005(1).mp4
2025-05-24T07:46:03.456Z [MAIN] 开始获取视频分辨率: D:\Users\Videos\第一次选择\test-005(1).mp4
2025-05-24T07:46:03.457Z [LOG] 直接获取视频分辨率
2025-05-24T07:46:03.457Z [RESOLUTION] 开始获取视频分辨率: D:\Users\Videos\第一次选择\test-005(1).mp4
2025-05-24T07:46:03.457Z [PATH] 尝试获取FFprobe路径
2025-05-24T07:46:03.457Z [LOG] 使用配置的FFprobe路径: D:\code\cursor\looklook\node_modules\ffprobe-static\bin\win32\x64\ffprobe.exe
2025-05-24T07:46:03.457Z [PATH] 使用配置的FFprobe路径: D:\code\cursor\looklook\node_modules\ffprobe-static\bin\win32\x64\ffprobe.exe
2025-05-24T07:46:03.458Z [RESOLUTION] 在开发环境中使用ffprobe路径: D:\code\cursor\looklook\node_modules\ffprobe-static\bin\win32\x64\ffprobe.exe
2025-05-24T07:46:03.458Z [RESOLUTION] 检查ffprobe可执行文件是否存在: true
2025-05-24T07:46:03.458Z [LOG] 执行命令: "D:\code\cursor\looklook\node_modules\ffprobe-static\bin\win32\x64\ffprobe.exe" -v error -select_streams v:0 -show_entries stream=width,height -of csv=s=x:p=0 "D:\Users\Videos\第一次选择\test-005(1).mp4"
2025-05-24T07:46:03.458Z [RESOLUTION] 开始执行命令获取分辨率: "D:\code\cursor\looklook\node_modules\ffprobe-static\bin\win32\x64\ffprobe.exe" -v error -select_streams v:0 -show_entries stream=width,height -of csv=s=x:p=0 "D:\Users\Videos\第一次选择\test-005(1).mp4"
2025-05-24T07:46:03.461Z [LOG] 处理get-videos请求
2025-05-24T07:46:03.522Z [RESOLUTION] 命令输出: "320x240"
2025-05-24T07:46:03.522Z [LOG] 成功解析分辨率: 320×240
2025-05-24T07:46:03.522Z [RESOLUTION] 成功解析分辨率: 320×240
2025-05-24T07:46:03.522Z [COMPRESS] 获取新视频分辨率: 320×240
2025-05-24T07:46:03.523Z [LOG] 获取视频时长: D:\Users\Videos\第一次选择\test-005(1).mp4
2025-05-24T07:46:03.523Z [MAIN] 开始获取视频时长: D:\Users\Videos\第一次选择\test-005(1).mp4
2025-05-24T07:46:03.523Z [LOG] 直接获取视频时长
2025-05-24T07:46:03.523Z [DURATION] 开始获取视频时长: D:\Users\Videos\第一次选择\test-005(1).mp4
2025-05-24T07:46:03.523Z [PATH] 尝试获取FFprobe路径
2025-05-24T07:46:03.524Z [LOG] 使用配置的FFprobe路径: D:\code\cursor\looklook\node_modules\ffprobe-static\bin\win32\x64\ffprobe.exe
2025-05-24T07:46:03.524Z [PATH] 使用配置的FFprobe路径: D:\code\cursor\looklook\node_modules\ffprobe-static\bin\win32\x64\ffprobe.exe
2025-05-24T07:46:03.524Z [DURATION] 在开发环境中使用ffprobe路径: D:\code\cursor\looklook\node_modules\ffprobe-static\bin\win32\x64\ffprobe.exe
2025-05-24T07:46:03.524Z [DURATION] 检查ffprobe可执行文件是否存在: true
2025-05-24T07:46:03.524Z [LOG] 执行命令: "D:\code\cursor\looklook\node_modules\ffprobe-static\bin\win32\x64\ffprobe.exe" -v error -show_entries format=duration -of default=noprint_wrappers=1:nokey=1 "D:\Users\Videos\第一次选择\test-005(1).mp4"
2025-05-24T07:46:03.524Z [DURATION] 开始执行命令获取时长: "D:\code\cursor\looklook\node_modules\ffprobe-static\bin\win32\x64\ffprobe.exe" -v error -show_entries format=duration -of default=noprint_wrappers=1:nokey=1 "D:\Users\Videos\第一次选择\test-005(1).mp4"
2025-05-24T07:46:03.585Z [DURATION] 命令输出: "125.952000"
2025-05-24T07:46:03.585Z [LOG] 成功解析时长: 00:02:05
2025-05-24T07:46:03.585Z [DURATION] 成功解析时长: 00:02:05
2025-05-24T07:46:03.586Z [COMPRESS] 获取新视频时长: 00:02:05
2025-05-24T07:46:03.586Z [LOG] 新视频记录属性: {"id":"comp-1748072763454-1nlaofitsnz95hie","tags":["已压缩_高效感知无损"],"rating":0,"autoTag":true}
2025-05-24T07:46:03.586Z [压缩] 新视频记录属性: {"id":"comp-1748072763454-1nlaofitsnz95hie","tags":["已压缩_高效感知无损"],"rating":0,"autoTag":true}
2025-05-24T07:46:03.587Z [LOG] 通知渲染进程数据已更新
2025-05-24T07:46:03.587Z [LOG] 新视频记录已保存: comp-1748072763454-1nlaofitsnz95hie
2025-05-24T07:46:03.587Z [COMPRESS] 新视频记录已保存: ID=comp-1748072763454-1nlaofitsnz95hie
2025-05-24T07:46:03.587Z [LOG] 删除原文件: D:\Users\Videos\第一次选择\test-005(1)_原文件.AVI
2025-05-24T07:46:03.587Z [COMPRESS] 删除原文件: D:\Users\Videos\第一次选择\test-005(1)_原文件.AVI
2025-05-24T07:46:03.588Z [LOG] 视频处理完成 (10/10): test-005(1).AVI
2025-05-24T07:46:03.588Z [COMPRESS] 视频处理完成 (10/10): test-005(1).AVI
2025-05-24T07:46:03.588Z [LOG] 处理get-videos请求
2025-05-24T07:46:03.599Z [LOG] 原文件已移至回收站
2025-05-24T07:46:03.599Z [COMPRESS] 原文件已移至回收站
2025-05-24T07:46:03.601Z [LOG] 通知渲染进程数据已更新
2025-05-24T07:46:03.601Z [LOG] 原视频记录已从数据库删除: 1748072674062-RDpcVXNl
2025-05-24T07:46:03.601Z [COMPRESS] 原视频记录已从数据库删除: 1748072674062-RDpcVXNl
2025-05-24T07:46:03.604Z [LOG] 处理get-videos请求
2025-05-24T07:46:03.898Z [LOG] 所有压缩任务已完成
2025-05-24T07:46:03.898Z [COMPRESS] 所有压缩任务已完成
2025-05-24T07:46:08.310Z [LOG] 用户取消批量压缩任务
2025-05-24T07:46:08.310Z [COMPRESS] 用户取消批量压缩任务
2025-05-24T07:46:40.490Z [LOG] 准备压缩 1 个视频
2025-05-24T07:46:40.491Z [COMPRESS] 准备压缩 1 个视频
2025-05-24T07:46:40.492Z [LOG] 开始处理视频: 1538673501-1-192.mp4
2025-05-24T07:46:40.492Z [COMPRESS] 开始处理视频: 1538673501-1-192.mp4
2025-05-24T07:46:40.572Z [LOG] 开始压缩视频: D:\Users\Videos\测试长视频\1538673501-1-192.mp4 -> D:\Users\Videos\测试长视频\1538673501-1-192_正在压缩.mp4
2025-05-24T07:46:40.572Z [COMPRESS] 开始压缩视频: D:\Users\Videos\测试长视频\1538673501-1-192.mp4 -> D:\Users\Videos\测试长视频\1538673501-1-192_正在压缩.mp4
2025-05-24T07:46:40.572Z [PATH] 尝试获取FFmpeg路径
2025-05-24T07:46:40.573Z [LOG] 使用配置的FFmpeg路径: D:\code\cursor\looklook\node_modules\ffmpeg-static\ffmpeg.exe
2025-05-24T07:46:40.573Z [PATH] 使用配置的FFmpeg路径: D:\code\cursor\looklook\node_modules\ffmpeg-static\ffmpeg.exe
2025-05-24T07:46:40.573Z [LOG] ffmpeg命令: D:\code\cursor\looklook\node_modules\ffmpeg-static\ffmpeg.exe -i D:\Users\Videos\测试长视频\1538673501-1-192.mp4 -c:v libx265 -crf 28 -preset medium -c:a aac -b:a 128k -movflags +faststart -pix_fmt yuv420p -y D:\Users\Videos\测试长视频\1538673501-1-192_正在压缩.mp4
2025-05-24T07:46:40.573Z [COMPRESS] ffmpeg命令: D:\code\cursor\looklook\node_modules\ffmpeg-static\ffmpeg.exe -i D:\Users\Videos\测试长视频\1538673501-1-192.mp4 -c:v libx265 -crf 28 -preset medium -c:a aac -b:a 128k -movflags +faststart -pix_fmt yuv420p -y D:\Users\Videos\测试长视频\1538673501-1-192_正在压缩.mp4
2025-05-24T07:46:40.760Z [LOG] 处理get-enum-values请求: collection
2025-05-24T07:46:40.761Z [LOG] 处理get-enum-values请求: actors
2025-05-24T07:47:40.938Z [LOG] 处理get-enum-values请求: collection
2025-05-24T07:47:40.938Z [LOG] 处理get-enum-values请求: actors
2025-05-24T07:48:40.943Z [LOG] 处理get-enum-values请求: collection
2025-05-24T07:48:40.943Z [LOG] 处理get-enum-values请求: actors
2025-05-24T07:49:41.944Z [LOG] 处理get-enum-values请求: collection
2025-05-24T07:49:41.945Z [LOG] 处理get-enum-values请求: actors
2025-05-24T07:50:40.941Z [LOG] 处理get-enum-values请求: collection
2025-05-24T07:50:40.943Z [LOG] 处理get-enum-values请求: actors
2025-05-24T07:51:41.938Z [LOG] 处理get-enum-values请求: collection
2025-05-24T07:51:41.938Z [LOG] 处理get-enum-values请求: actors
2025-05-24T07:52:02.612Z [LOG] 视频压缩成功: D:\Users\Videos\测试长视频\1538673501-1-192_正在压缩.mp4
2025-05-24T07:52:02.612Z [COMPRESS] 视频压缩成功: D:\Users\Videos\测试长视频\1538673501-1-192_正在压缩.mp4
2025-05-24T07:52:02.621Z [LOG] 压缩成功，节省空间: 33MB (29%)
2025-05-24T07:52:02.621Z [COMPRESS] 压缩成功，节省空间: 33MB (29%)
2025-05-24T07:52:02.623Z [LOG] 原文件已重命名: D:\Users\Videos\测试长视频\1538673501-1-192.mp4 -> D:\Users\Videos\测试长视频\1538673501-1-192_原文件.mp4
2025-05-24T07:52:02.623Z [LOG] 压缩文件已重命名: D:\Users\Videos\测试长视频\1538673501-1-192_正在压缩.mp4 -> D:\Users\Videos\测试长视频\1538673501-1-192.mp4
2025-05-24T07:52:02.624Z [COMPRESS] 原文件已重命名: D:\Users\Videos\测试长视频\1538673501-1-192.mp4 -> D:\Users\Videos\测试长视频\1538673501-1-192_原文件.mp4
2025-05-24T07:52:02.624Z [COMPRESS] 压缩文件已重命名: D:\Users\Videos\测试长视频\1538673501-1-192_正在压缩.mp4 -> D:\Users\Videos\测试长视频\1538673501-1-192.mp4
2025-05-24T07:52:02.627Z [LOG] 已获取到原视频记录: {"id":"1748070913943-RDpcVXNl","fileName":"1538673501-1-192.mp4","filePath":"D:\\Users\\Videos\\测试长视频\\1538673501-1-192.mp4","fileSize":"113.17 MB","createDate":"2025-05-24T06:26:40.916Z","importDate":"2025-05-24 07:15:13","viewCount":0,"lastViewDate":"","selected":false,"thumbnailUrl":"app://thumbnail/1748070913943-RDpcVXNl.jpg","rating":0,"actors":"","code":"","collection":"","resolution":"1280×720","duration":"00:39:50","notes":"","releaseDate":"","_id":"3abQylXbBj4xOZzK","createdAt":"2025-05-24T07:15:13.813Z","updatedAt":"2025-05-24T07:42:41.517Z"}
2025-05-24T07:52:02.627Z [COMPRESS] 已获取到原视频记录: ID=1748070913943-RDpcVXNl, 文件名=1538673501-1-192.mp4
2025-05-24T07:52:02.630Z [LOG] 更新原视频记录: {"id":"1748070913943-RDpcVXNl","fileName":"1538673501-1-192_原文件.mp4","filePath":"D:\\Users\\Videos\\测试长视频\\1538673501-1-192_原文件.mp4","fileSize":"113.17 MB","createDate":"2025-05-24T06:26:40.916Z","importDate":"2025-05-24 07:15:13","viewCount":0,"lastViewDate":"","selected":false,"thumbnailUrl":"app://thumbnail/1748070913943-RDpcVXNl.jpg","rating":0,"actors":"","code":"","collection":"压缩前","resolution":"1280×720","duration":"00:39:50","notes":"","releaseDate":"","_id":"3abQylXbBj4xOZzK","createdAt":"2025-05-24T07:15:13.813Z","updatedAt":"2025-05-24T07:42:41.517Z"}
2025-05-24T07:52:02.630Z [COMPRESS] 更新原视频记录: ID=1748070913943-RDpcVXNl, 新文件名=1538673501-1-192_原文件.mp4
2025-05-24T07:52:02.632Z [LOG] 通知渲染进程数据已更新
2025-05-24T07:52:02.633Z [LOG] 生成唯一ID: comp-1748073122633-f3kihgv8n6c86iyo
2025-05-24T07:52:02.633Z [COMPRESS] 生成唯一ID: comp-1748073122633-f3kihgv8n6c86iyo
2025-05-24T07:52:02.634Z [LOG] 复制缩略图: app://thumbnail/1748070913943-RDpcVXNl.jpg, 新ID: comp-1748073122633-f3kihgv8n6c86iyo
2025-05-24T07:52:02.634Z [COMPRESS] 复制缩略图: app://thumbnail/1748070913943-RDpcVXNl.jpg, 新ID: comp-1748073122633-f3kihgv8n6c86iyo
2025-05-24T07:52:02.635Z [LOG] 缩略图复制成功: app://thumbnail/comp-1748073122633-f3kihgv8n6c86iyo.jpg
2025-05-24T07:52:02.636Z [COMPRESS] 缩略图复制成功: app://thumbnail/comp-1748073122633-f3kihgv8n6c86iyo.jpg
2025-05-24T07:52:02.636Z [LOG] 获取视频分辨率: D:\Users\Videos\测试长视频\1538673501-1-192.mp4
2025-05-24T07:52:02.636Z [MAIN] 开始获取视频分辨率: D:\Users\Videos\测试长视频\1538673501-1-192.mp4
2025-05-24T07:52:02.637Z [LOG] 直接获取视频分辨率
2025-05-24T07:52:02.637Z [RESOLUTION] 开始获取视频分辨率: D:\Users\Videos\测试长视频\1538673501-1-192.mp4
2025-05-24T07:52:02.637Z [PATH] 尝试获取FFprobe路径
2025-05-24T07:52:02.638Z [LOG] 使用配置的FFprobe路径: D:\code\cursor\looklook\node_modules\ffprobe-static\bin\win32\x64\ffprobe.exe
2025-05-24T07:52:02.638Z [PATH] 使用配置的FFprobe路径: D:\code\cursor\looklook\node_modules\ffprobe-static\bin\win32\x64\ffprobe.exe
2025-05-24T07:52:02.638Z [RESOLUTION] 在开发环境中使用ffprobe路径: D:\code\cursor\looklook\node_modules\ffprobe-static\bin\win32\x64\ffprobe.exe
2025-05-24T07:52:02.638Z [RESOLUTION] 检查ffprobe可执行文件是否存在: true
2025-05-24T07:52:02.639Z [LOG] 执行命令: "D:\code\cursor\looklook\node_modules\ffprobe-static\bin\win32\x64\ffprobe.exe" -v error -select_streams v:0 -show_entries stream=width,height -of csv=s=x:p=0 "D:\Users\Videos\测试长视频\1538673501-1-192.mp4"
2025-05-24T07:52:02.639Z [RESOLUTION] 开始执行命令获取分辨率: "D:\code\cursor\looklook\node_modules\ffprobe-static\bin\win32\x64\ffprobe.exe" -v error -select_streams v:0 -show_entries stream=width,height -of csv=s=x:p=0 "D:\Users\Videos\测试长视频\1538673501-1-192.mp4"
2025-05-24T07:52:02.644Z [LOG] 处理get-videos请求
2025-05-24T07:52:02.712Z [RESOLUTION] 命令输出: "1280x720"
2025-05-24T07:52:02.713Z [LOG] 成功解析分辨率: 1280×720
2025-05-24T07:52:02.713Z [RESOLUTION] 成功解析分辨率: 1280×720
2025-05-24T07:52:02.713Z [COMPRESS] 获取新视频分辨率: 1280×720
2025-05-24T07:52:02.714Z [LOG] 获取视频时长: D:\Users\Videos\测试长视频\1538673501-1-192.mp4
2025-05-24T07:52:02.714Z [MAIN] 开始获取视频时长: D:\Users\Videos\测试长视频\1538673501-1-192.mp4
2025-05-24T07:52:02.714Z [LOG] 直接获取视频时长
2025-05-24T07:52:02.715Z [DURATION] 开始获取视频时长: D:\Users\Videos\测试长视频\1538673501-1-192.mp4
2025-05-24T07:52:02.715Z [PATH] 尝试获取FFprobe路径
2025-05-24T07:52:02.715Z [LOG] 使用配置的FFprobe路径: D:\code\cursor\looklook\node_modules\ffprobe-static\bin\win32\x64\ffprobe.exe
2025-05-24T07:52:02.715Z [PATH] 使用配置的FFprobe路径: D:\code\cursor\looklook\node_modules\ffprobe-static\bin\win32\x64\ffprobe.exe
2025-05-24T07:52:02.715Z [DURATION] 在开发环境中使用ffprobe路径: D:\code\cursor\looklook\node_modules\ffprobe-static\bin\win32\x64\ffprobe.exe
2025-05-24T07:52:02.716Z [DURATION] 检查ffprobe可执行文件是否存在: true
2025-05-24T07:52:02.716Z [LOG] 执行命令: "D:\code\cursor\looklook\node_modules\ffprobe-static\bin\win32\x64\ffprobe.exe" -v error -show_entries format=duration -of default=noprint_wrappers=1:nokey=1 "D:\Users\Videos\测试长视频\1538673501-1-192.mp4"
2025-05-24T07:52:02.716Z [DURATION] 开始执行命令获取时长: "D:\code\cursor\looklook\node_modules\ffprobe-static\bin\win32\x64\ffprobe.exe" -v error -show_entries format=duration -of default=noprint_wrappers=1:nokey=1 "D:\Users\Videos\测试长视频\1538673501-1-192.mp4"
2025-05-24T07:52:02.788Z [DURATION] 命令输出: "2390.144000"
2025-05-24T07:52:02.789Z [LOG] 成功解析时长: 00:39:50
2025-05-24T07:52:02.789Z [DURATION] 成功解析时长: 00:39:50
2025-05-24T07:52:02.789Z [COMPRESS] 获取新视频时长: 00:39:50
2025-05-24T07:52:02.790Z [LOG] 新视频记录属性: {"id":"comp-1748073122633-f3kihgv8n6c86iyo","tags":["已压缩_高效感知无损"],"rating":0,"autoTag":true}
2025-05-24T07:52:02.790Z [压缩] 新视频记录属性: {"id":"comp-1748073122633-f3kihgv8n6c86iyo","tags":["已压缩_高效感知无损"],"rating":0,"autoTag":true}
2025-05-24T07:52:02.792Z [LOG] 通知渲染进程数据已更新
2025-05-24T07:52:02.792Z [LOG] 新视频记录已保存: comp-1748073122633-f3kihgv8n6c86iyo
2025-05-24T07:52:02.792Z [COMPRESS] 新视频记录已保存: ID=comp-1748073122633-f3kihgv8n6c86iyo
2025-05-24T07:52:02.793Z [LOG] 视频处理完成 (1/1): 1538673501-1-192.mp4
2025-05-24T07:52:02.793Z [COMPRESS] 视频处理完成 (1/1): 1538673501-1-192.mp4
2025-05-24T07:52:02.793Z [LOG] 处理get-videos请求
2025-05-24T07:52:03.098Z [LOG] 所有压缩任务已完成
2025-05-24T07:52:03.099Z [COMPRESS] 所有压缩任务已完成
2025-05-24T07:52:42.951Z [LOG] 处理get-enum-values请求: collection
2025-05-24T07:52:42.953Z [LOG] 处理get-enum-values请求: actors
2025-05-24T07:53:43.940Z [LOG] 处理get-enum-values请求: collection
2025-05-24T07:53:43.941Z [LOG] 处理get-enum-values请求: actors
2025-05-24T07:54:44.942Z [LOG] 处理get-enum-values请求: collection
2025-05-24T07:54:44.943Z [LOG] 处理get-enum-values请求: actors
2025-05-24T07:55:45.934Z [LOG] 处理get-enum-values请求: collection
2025-05-24T07:55:45.935Z [LOG] 处理get-enum-values请求: actors
2025-05-24T07:56:46.940Z [LOG] 处理get-enum-values请求: collection
2025-05-24T07:56:46.942Z [LOG] 处理get-enum-values请求: actors
2025-05-24T07:57:15.639Z [LOG] 用户取消批量压缩任务
2025-05-24T07:57:15.639Z [COMPRESS] 用户取消批量压缩任务
2025-05-24T08:04:53.655Z 日志开始 - 2025-05-24T08:04:53.655Z - 应用版本: 2.1.2 - 运行环境: 开发环境
2025-05-24T08:04:53.655Z 系统信息: win32 x64 - Node.js 18.18.2
2025-05-24T08:04:53.655Z App路径: D:\code\cursor\looklook
2025-05-24T08:04:53.656Z 可执行文件路径: D:\code\cursor\looklook\node_modules\electron\dist\electron.exe
2025-05-24T08:04:53.656Z [LOG] 日志文件已创建: D:\code\cursor\looklook\userdata\logs\app-2025-05-24.log
2025-05-24T08:04:53.656Z [ERROR] 设置控制台编码失败: process.stdout.setEncoding is not a function
2025-05-24T08:04:53.657Z [LOG] 应用准备就绪
2025-05-24T08:04:53.657Z [ENV] 运行模式: 开发环境
2025-05-24T08:04:53.657Z [ENV] 应用路径: D:\code\cursor\looklook
2025-05-24T08:04:53.657Z [ENV] 可执行文件路径: D:\code\cursor\looklook\node_modules\electron\dist\electron.exe
2025-05-24T08:04:53.657Z [ENV] 用户数据路径: D:\code\cursor\looklook\userdata
2025-05-24T08:04:53.658Z [FFMPEG_COPY] 开发环境中无需复制FFmpeg和FFprobe
2025-05-24T08:04:53.658Z [LOG] 用户数据目录: D:\code\cursor\looklook\userdata
2025-05-24T08:04:53.658Z [LOG] 缩略图目录: D:\code\cursor\looklook\userdata\thumbnails
2025-05-24T08:04:53.659Z [LOG] 设置文件已存在，无需创建默认设置
2025-05-24T08:04:53.661Z [LOG] 打包状态: 开发环境
2025-05-24T08:04:53.662Z [LOG] App Path: D:\code\cursor\looklook
2025-05-24T08:04:53.662Z [LOG] Exe Path: D:\code\cursor\looklook\node_modules\electron\dist\electron.exe
2025-05-24T08:04:53.662Z [LOG] 应用目录: D:\code\cursor\looklook\node_modules\electron\dist
2025-05-24T08:04:53.663Z [LOG] 资源目录: D:\code\cursor\looklook\node_modules\electron\dist\resources
2025-05-24T08:04:53.663Z [TEST] 开始测试FFmpeg和FFprobe可执行性
2025-05-24T08:04:53.663Z [TEST] 打包状态: 开发环境
2025-05-24T08:04:53.663Z [TEST] App路径: D:\code\cursor\looklook
2025-05-24T08:04:53.664Z [TEST] 可执行文件路径: D:\code\cursor\looklook\node_modules\electron\dist\electron.exe
2025-05-24T08:04:53.664Z [TEST] 应用目录: D:\code\cursor\looklook\node_modules\electron\dist
2025-05-24T08:04:53.664Z [TEST] 资源目录: D:\code\cursor\looklook\node_modules\electron\dist\resources
2025-05-24T08:04:53.664Z [LOG] 检查node_modules路径: D:\code\cursor\looklook\node_modules\electron\dist\resources\node_modules, 存在: false
2025-05-24T08:04:53.664Z [TEST] 检查node_modules路径: D:\code\cursor\looklook\node_modules\electron\dist\resources\node_modules, 存在: false
2025-05-24T08:04:53.665Z [LOG] 检查node_modules路径: D:\code\cursor\looklook\node_modules\electron\dist\node_modules, 存在: false
2025-05-24T08:04:53.665Z [TEST] 检查node_modules路径: D:\code\cursor\looklook\node_modules\electron\dist\node_modules, 存在: false
2025-05-24T08:04:53.665Z [LOG] 检查node_modules路径: D:\code\cursor\looklook\node_modules, 存在: true
2025-05-24T08:04:53.666Z [TEST] 检查node_modules路径: D:\code\cursor\looklook\node_modules, 存在: true
2025-05-24T08:04:53.666Z [TEST] D:\code\cursor\looklook\node_modules 中内容: .bin, .package-lock.json, 7zip-bin, @derhuerst, @develar, @electron, @isaacs, @malept, @pkgjs, @sindresorhus, @szmarczak, @tootallnate, @types, @xmldom, agent-base, ajv, ajv-formats, ajv-keywords, ansi-regex, ansi-styles, app-builder-bin, app-builder-lib, archiver, archiver-utils, argparse, async, async-exit-hook, asynckit, at-least-node, atomically, balanced-match, base64-js, binary-search-tree, bl, bluebird, bluebird-lst, boolean, brace-expansion, buffer, buffer-crc32, buffer-equal, buffer-from, builder-util, builder-util-runtime, cacheable-lookup, cacheable-request, call-bind-apply-helpers, caseless, chalk, chownr, chromium-pickle-js, ci-info, cliui, clone-response, color-convert, color-name, combined-stream, commander, compare-version, compress-commons, concat-map, concat-stream, conf, config-file-ts, core-util-is, crc-32, crc32-stream, cross-spawn, debounce-fn, debug, decompress-response, defer-to-connect, define-data-property, define-properties, delayed-stream, detect-node, dir-compare, dmg-builder, dot-prop, dotenv, dotenv-expand, dunder-proto, eastasianwidth, ejs, electron, electron-builder, electron-builder-squirrel-windows, electron-publish, electron-store, emoji-regex, end-of-stream, env-paths, err-code, es-define-property, es-errors, es-object-atoms, es-set-tostringtag, es6-error, escalade, escape-string-regexp, extract-zip, fast-deep-equal, fast-json-stable-stringify, fast-uri, fd-slicer, ffmpeg-static, ffprobe-static, filelist, fluent-ffmpeg, foreground-child, form-data, fs-constants, fs-extra, fs-minipass, fs.realpath, function-bind, get-caller-file, get-intrinsic, get-proto, get-stream, glob, global-agent, globalthis, gopd, got, graceful-fs, has-flag, has-property-descriptors, has-symbols, has-tostringtag, hasown, hosted-git-info, http-cache-semantics, http-proxy-agent, http-response-object, http2-wrapper, https-proxy-agent, iconv-lite, ieee754, immediate, inflight, inherits, is-ci, is-fullwidth-code-point, isarray, isbinaryfile, isexe, jackspeak, jake, js-yaml, json-buffer, json-schema-traverse, json-schema-typed, json-stringify-safe, json5, jsonfile, keyv, lazy-val, lazystream, lie, localforage, lodash, lodash.defaults, lodash.difference, lodash.flatten, lodash.isplainobject, lodash.union, lowercase-keys, lru-cache, matcher, math-intrinsics, mime, mime-db, mime-types, mimic-function, mimic-response, minimatch, minimist, minipass, minizlib, mkdirp, ms, nedb, normalize-path, normalize-url, object-keys, once, p-cancelable, package-json-from-dist, parse-cache-control, path-is-absolute, path-key, path-scurry, pend, plist, process-nextick-args, progress, promise-retry, pump, punycode, quick-lru, read-config-file, readable-stream, readdir-glob, require-directory, require-from-string, resolve-alpn, responselike, retry, rimraf, roarr, safe-buffer, safer-buffer, sanitize-filename, sax, semver, semver-compare, serialize-error, shebang-command, shebang-regex, signal-exit, simple-update-notifier, source-map, source-map-support, sprintf-js, stat-mode, string-width, string-width-cjs, string_decoder, strip-ansi, strip-ansi-cjs, stubborn-fs, sumchecker, supports-color, tar, tar-stream, temp-file, tmp, tmp-promise, truncate-utf8-bytes, type-fest, typedarray, typescript, uint8array-extras, underscore, undici-types, universalify, uri-js, utf8-byte-length, util-deprecate, when-exit, which, wrap-ansi, wrap-ansi-cjs, wrappy, xmlbuilder, y18n, yallist, yargs, yargs-parser, yauzl, zip-stream
2025-05-24T08:04:53.666Z [TEST] ffmpeg-static存在于 D:\code\cursor\looklook\node_modules\ffmpeg-static
2025-05-24T08:04:53.667Z [TEST] ffmpeg-static内容: example.js, ffmpeg.exe, index.js, install.js, LICENSE, package.json, README.md, types
2025-05-24T08:04:53.667Z [TEST] ffprobe-static存在于 D:\code\cursor\looklook\node_modules\ffprobe-static
2025-05-24T08:04:53.667Z [TEST] ffprobe-static内容: bin, index.js, LICENSE, package.json, README.md, tests
2025-05-24T08:04:53.667Z [TEST] ffprobe-static/bin内容: darwin, linux, win32
2025-05-24T08:04:53.667Z [TEST] ffprobe-static/bin/win32内容: ia32, x64
2025-05-24T08:04:53.667Z [TEST] ffprobe-static/bin/win32/x64内容: ffprobe.exe
2025-05-24T08:04:53.668Z [LOG] 测试FFmpeg可执行性...
2025-05-24T08:04:53.668Z [TEST] 开始测试FFmpeg可执行性
2025-05-24T08:04:53.668Z [LOG] FFmpeg文件存在: D:\code\cursor\looklook\node_modules\ffmpeg-static\ffmpeg.exe
2025-05-24T08:04:53.669Z [TEST] FFmpeg文件存在: D:\code\cursor\looklook\node_modules\ffmpeg-static\ffmpeg.exe
2025-05-24T08:04:53.669Z [LOG] FFmpeg有执行权限
2025-05-24T08:04:53.669Z [TEST] FFmpeg有执行权限
2025-05-24T08:04:53.700Z [LOG] 测试FFprobe可执行性...
2025-05-24T08:04:53.701Z [LOG] FFprobe文件存在: D:\code\cursor\looklook\node_modules\ffprobe-static\bin\win32\x64\ffprobe.exe
2025-05-24T08:04:53.701Z [LOG] FFprobe有执行权限
2025-05-24T08:04:53.767Z [LOG] 注册IPC事件处理程序...
2025-05-24T08:04:53.768Z [LOG] IPC事件处理程序注册完成
2025-05-24T08:04:53.773Z [LOG] FFprobe执行测试成功: ffprobe version 4.0.2 Copyright (c) 2007-2018 the FFmpeg developers
2025-05-24T08:04:53.773Z [LOG] FFmpeg执行测试成功: ffmpeg version 7.1.1-essentials_build-www.gyan.dev Copyright (c) 2000-2025 the FFmpeg developers
2025-05-24T08:04:53.774Z [TEST] FFmpeg执行测试成功: ffmpeg version 7.1.1-essentials_build-www.gyan.dev Copyright (c) 2000-2025 the FFmpeg developers
2025-05-24T08:04:53.774Z [LOG] FFprobe执行测试成功: ffprobe version 4.0.2 Copyright (c) 2007-2018 the FFmpeg developers
2025-05-24T08:04:53.774Z [LOG] FFmpeg执行测试成功: ffmpeg version 7.1.1-essentials_build-www.gyan.dev Copyright (c) 2000-2025 the FFmpeg developers
2025-05-24T08:04:53.774Z [TEST] FFmpeg执行测试成功: ffmpeg version 7.1.1-essentials_build-www.gyan.dev Copyright (c) 2000-2025 the FFmpeg developers
2025-05-24T08:04:53.800Z [LOG] 已加载 12 个视频记录
2025-05-24T08:04:53.800Z [LOG] 开始检查是否存在重复视频记录...
2025-05-24T08:04:53.800Z [LOG] 没有发现重复视频记录
2025-05-24T08:04:53.802Z [LOG] 已加载枚举值[collection]: 4个
2025-05-24T08:04:53.803Z [LOG] 已加载枚举值[actors]: 0个
2025-05-24T08:04:53.804Z [LOG] 开始检查 12 个视频文件是否存在...
2025-05-24T08:04:53.822Z [LOG] 视频文件检查完成，共检查 12 个文件，发现 0 个问题
2025-05-24T08:04:53.822Z [LOG] 数据库模块初始化完成
2025-05-24T08:04:53.923Z [LOG] 处理get-videos请求
2025-05-24T08:04:53.927Z [LOG] 处理get-enum-values请求: collection
2025-05-24T08:04:53.928Z [LOG] 处理get-enum-values请求: actors
2025-05-24T08:04:53.943Z [LOG] 处理自定义协议请求: app://thumbnail/1748070913943-RDpcVXNl.jpg
2025-05-24T08:04:53.944Z [LOG] 缩略图路径: D:\code\cursor\looklook\userdata\thumbnails\1748070913943-RDpcVXNl.jpg
2025-05-24T08:04:53.945Z [LOG] 处理get-enum-values请求: collection
2025-05-24T08:04:53.945Z [LOG] 处理自定义协议请求: app://thumbnail/comp-1748073122633-f3kihgv8n6c86iyo.jpg
2025-05-24T08:04:53.946Z [LOG] 缩略图路径: D:\code\cursor\looklook\userdata\thumbnails\comp-1748073122633-f3kihgv8n6c86iyo.jpg
2025-05-24T08:04:53.946Z [LOG] 处理get-enum-values请求: actors
2025-05-24T08:04:53.947Z [LOG] 处理自定义协议请求: app://thumbnail/comp-1748072726293-i51fmaebsqt88nzo.jpg
2025-05-24T08:04:53.947Z [LOG] 缩略图路径: D:\code\cursor\looklook\userdata\thumbnails\comp-1748072726293-i51fmaebsqt88nzo.jpg
2025-05-24T08:04:53.947Z [LOG] 处理自定义协议请求: app://thumbnail/comp-1748072747057-wq4fbx0njxn8s029.jpg
2025-05-24T08:04:53.948Z [LOG] 缩略图路径: D:\code\cursor\looklook\userdata\thumbnails\comp-1748072747057-wq4fbx0njxn8s029.jpg
2025-05-24T08:04:53.948Z [LOG] 处理自定义协议请求: app://thumbnail/comp-1748072730442-ogkax688yi0cspdc.jpg
2025-05-24T08:04:53.948Z [LOG] 缩略图路径: D:\code\cursor\looklook\userdata\thumbnails\comp-1748072730442-ogkax688yi0cspdc.jpg
2025-05-24T08:04:53.949Z [LOG] 处理自定义协议请求: app://thumbnail/comp-1748072751152-ndf6a5td7g2rh9lr.jpg
2025-05-24T08:04:53.949Z [LOG] 缩略图路径: D:\code\cursor\looklook\userdata\thumbnails\comp-1748072751152-ndf6a5td7g2rh9lr.jpg
2025-05-24T08:04:53.950Z [LOG] 处理自定义协议请求: app://thumbnail/comp-1748072734525-ag0i8tsli4udj359.jpg
2025-05-24T08:04:53.950Z [LOG] 缩略图路径: D:\code\cursor\looklook\userdata\thumbnails\comp-1748072734525-ag0i8tsli4udj359.jpg
2025-05-24T08:04:53.951Z [LOG] 处理自定义协议请求: app://thumbnail/comp-1748072755241-kbf856ecf6i4lo0c.jpg
2025-05-24T08:04:53.951Z [LOG] 缩略图路径: D:\code\cursor\looklook\userdata\thumbnails\comp-1748072755241-kbf856ecf6i4lo0c.jpg
2025-05-24T08:04:53.951Z [LOG] 处理自定义协议请求: app://thumbnail/comp-1748072738637-2uf633jqrvers0jb.jpg
2025-05-24T08:04:53.952Z [LOG] 缩略图路径: D:\code\cursor\looklook\userdata\thumbnails\comp-1748072738637-2uf633jqrvers0jb.jpg
2025-05-24T08:04:53.952Z [LOG] 处理自定义协议请求: app://thumbnail/comp-1748072759364-g5cywbyun7jlop94.jpg
2025-05-24T08:04:53.952Z [LOG] 缩略图路径: D:\code\cursor\looklook\userdata\thumbnails\comp-1748072759364-g5cywbyun7jlop94.jpg
2025-05-24T08:04:53.953Z [LOG] 处理自定义协议请求: app://thumbnail/comp-1748072742770-hwtkhlvgq9qc070l.jpg
2025-05-24T08:04:53.953Z [LOG] 缩略图路径: D:\code\cursor\looklook\userdata\thumbnails\comp-1748072742770-hwtkhlvgq9qc070l.jpg
2025-05-24T08:04:53.954Z [LOG] 处理自定义协议请求: app://thumbnail/comp-1748072763454-1nlaofitsnz95hie.jpg
2025-05-24T08:04:53.954Z [LOG] 缩略图路径: D:\code\cursor\looklook\userdata\thumbnails\comp-1748072763454-1nlaofitsnz95hie.jpg
2025-05-24T08:05:00.889Z [LOG] 开始增强版GPU编码支持检查
2025-05-24T08:05:00.889Z [COMPRESS] 开始增强版GPU编码支持检查
2025-05-24T08:05:00.890Z [PATH] 尝试获取FFmpeg路径
2025-05-24T08:05:00.890Z [LOG] 使用配置的FFmpeg路径: D:\code\cursor\looklook\node_modules\ffmpeg-static\ffmpeg.exe
2025-05-24T08:05:00.891Z [PATH] 使用配置的FFmpeg路径: D:\code\cursor\looklook\node_modules\ffmpeg-static\ffmpeg.exe
2025-05-24T08:05:00.891Z [LOG] 第一层检测：检查编码器列表
2025-05-24T08:05:00.891Z [COMPRESS] 第一层检测：检查编码器列表
2025-05-24T08:05:00.967Z [LOG] 编码器检测结果: H.264 NVENC=true, H.265 NVENC=true
2025-05-24T08:05:00.967Z [COMPRESS] 编码器检测结果: H.264 NVENC=true, H.265 NVENC=true
2025-05-24T08:05:00.968Z [LOG] 第二层检测：检查硬件设备
2025-05-24T08:05:00.968Z [COMPRESS] 第二层检测：检查硬件设备
2025-05-24T08:05:01.023Z [LOG] 硬件设备检测通过
2025-05-24T08:05:01.023Z [COMPRESS] 硬件设备检测通过
2025-05-24T08:05:01.023Z [LOG] 第三层检测：实际编码能力测试
2025-05-24T08:05:01.023Z [COMPRESS] 第三层检测：实际编码能力测试
2025-05-24T08:05:01.023Z [LOG] 测试H.264 NVENC编码能力
2025-05-24T08:05:01.024Z [COMPRESS] 测试H.264 NVENC编码能力
2025-05-24T08:05:01.617Z [LOG] H.264 NVENC编码测试失败: Command failed: D:\code\cursor\looklook\node_modules\ffmpeg-static\ffmpeg.exe -f lavfi -i testsrc2=duration=1:size=320x240:rate=1 -c:v h264_nvenc -preset fast -f null -t 0.5 -
ffmpeg version 7.1.1-essentials_build-www.gyan.dev Copyright (c) 2000-2025 the FFmpeg developers
  built with gcc 14.2.0 (Rev1, Built by MSYS2 project)
  configuration: --enable-gpl --enable-version3 --enable-static --disable-w32threads --disable-autodetect --enable-fontconfig --enable-iconv --enable-gnutls --enable-libxml2 --enable-gmp --enable-bzlib --enable-lzma --enable-zlib --enable-libsrt --enable-libssh --enable-libzmq --enable-avisynth --enable-sdl2 --enable-libwebp --enable-libx264 --enable-libx265 --enable-libxvid --enable-libaom --enable-libopenjpeg --enable-libvpx --enable-mediafoundation --enable-libass --enable-libfreetype --enable-libfribidi --enable-libharfbuzz --enable-libvidstab --enable-libvmaf --enable-libzimg --enable-amf --enable-cuda-llvm --enable-cuvid --enable-dxva2 --enable-d3d11va --enable-d3d12va --enable-ffnvcodec --enable-libvpl --enable-nvdec --enable-nvenc --enable-vaapi --enable-libgme --enable-libopenmpt --enable-libopencore-amrwb --enable-libmp3lame --enable-libtheora --enable-libvo-amrwbenc --enable-libgsm --enable-libopencore-amrnb --enable-libopus --enable-libspeex --enable-libvorbis --enable-librubberband
  libavutil      59. 39.100 / 59. 39.100
  libavcodec     61. 19.101 / 61. 19.101
  libavformat    61.  7.100 / 61.  7.100
  libavdevice    61.  3.100 / 61.  3.100
  libavfilter    10.  4.100 / 10.  4.100
  libswscale      8.  3.100 /  8.  3.100
  libswresample   5.  3.100 /  5.  3.100
  libpostproc    58.  3.100 / 58.  3.100
Input #0, lavfi, from 'testsrc2=duration=1:size=320x240:rate=1':
  Duration: N/A, start: 0.000000, bitrate: N/A
  Stream #0:0: Video: wrapped_avframe, yuv420p, 320x240 [SAR 1:1 DAR 4:3], 1 fps, 1 tbr, 1 tbn
Stream mapping:
  Stream #0:0 -> #0:0 (wrapped_avframe (native) -> h264 (h264_nvenc))
Press [q] to stop, [?] for help
[h264_nvenc @ 000000000270e200] Driver does not support the required nvenc API version. Required: 13.0 Found: 12.2
[h264_nvenc @ 000000000270e200] The minimum required Nvidia driver for nvenc is (unknown) or newer
[vost#0:0/h264_nvenc @ 00000000026eb6c0] Error while opening encoder - maybe incorrect parameters such as bit_rate, rate, width or height.
[vf#0:0 @ 000000000272a5c0] Error sending frames to consumers: Function not implemented
[vf#0:0 @ 000000000272a5c0] Task finished with error code: -40 (Function not implemented)
[vf#0:0 @ 000000000272a5c0] Terminating thread with return code -40 (Function not implemented)
[vost#0:0/h264_nvenc @ 00000000026eb6c0] Could not open encoder before EOF
[vost#0:0/h264_nvenc @ 00000000026eb6c0] Task finished with error code: -22 (Invalid argument)
[vost#0:0/h264_nvenc @ 00000000026eb6c0] Terminating thread with return code -22 (Invalid argument)
[out#0/null @ 00000000026e0900] Nothing was written into output file, because at least one of its streams received no packets.
frame=    0 fps=0.0 q=0.0 Lsize=       0KiB time=N/A bitrate=N/A speed=N/A    
Conversion failed!

2025-05-24T08:05:01.618Z [COMPRESS] H.264 NVENC编码测试失败: Command failed: D:\code\cursor\looklook\node_modules\ffmpeg-static\ffmpeg.exe -f lavfi -i testsrc2=duration=1:size=320x240:rate=1 -c:v h264_nvenc -preset fast -f null -t 0.5 -
ffmpeg version 7.1.1-essentials_build-www.gyan.dev Copyright (c) 2000-2025 the FFmpeg developers
  built with gcc 14.2.0 (Rev1, Built by MSYS2 project)
  configuration: --enable-gpl --enable-version3 --enable-static --disable-w32threads --disable-autodetect --enable-fontconfig --enable-iconv --enable-gnutls --enable-libxml2 --enable-gmp --enable-bzlib --enable-lzma --enable-zlib --enable-libsrt --enable-libssh --enable-libzmq --enable-avisynth --enable-sdl2 --enable-libwebp --enable-libx264 --enable-libx265 --enable-libxvid --enable-libaom --enable-libopenjpeg --enable-libvpx --enable-mediafoundation --enable-libass --enable-libfreetype --enable-libfribidi --enable-libharfbuzz --enable-libvidstab --enable-libvmaf --enable-libzimg --enable-amf --enable-cuda-llvm --enable-cuvid --enable-dxva2 --enable-d3d11va --enable-d3d12va --enable-ffnvcodec --enable-libvpl --enable-nvdec --enable-nvenc --enable-vaapi --enable-libgme --enable-libopenmpt --enable-libopencore-amrwb --enable-libmp3lame --enable-libtheora --enable-libvo-amrwbenc --enable-libgsm --enable-libopencore-amrnb --enable-libopus --enable-libspeex --enable-libvorbis --enable-librubberband
  libavutil      59. 39.100 / 59. 39.100
  libavcodec     61. 19.101 / 61. 19.101
  libavformat    61.  7.100 / 61.  7.100
  libavdevice    61.  3.100 / 61.  3.100
  libavfilter    10.  4.100 / 10.  4.100
  libswscale      8.  3.100 /  8.  3.100
  libswresample   5.  3.100 /  5.  3.100
  libpostproc    58.  3.100 / 58.  3.100
Input #0, lavfi, from 'testsrc2=duration=1:size=320x240:rate=1':
  Duration: N/A, start: 0.000000, bitrate: N/A
  Stream #0:0: Video: wrapped_avframe, yuv420p, 320x240 [SAR 1:1 DAR 4:3], 1 fps, 1 tbr, 1 tbn
Stream mapping:
  Stream #0:0 -> #0:0 (wrapped_avframe (native) -> h264 (h264_nvenc))
Press [q] to stop, [?] for help
[h264_nvenc @ 000000000270e200] Driver does not support the required nvenc API version. Required: 13.0 Found: 12.2
[h264_nvenc @ 000000000270e200] The minimum required Nvidia driver for nvenc is (unknown) or newer
[vost#0:0/h264_nvenc @ 00000000026eb6c0] Error while opening encoder - maybe incorrect parameters such as bit_rate, rate, width or height.
[vf#0:0 @ 000000000272a5c0] Error sending frames to consumers: Function not implemented
[vf#0:0 @ 000000000272a5c0] Task finished with error code: -40 (Function not implemented)
[vf#0:0 @ 000000000272a5c0] Terminating thread with return code -40 (Function not implemented)
[vost#0:0/h264_nvenc @ 00000000026eb6c0] Could not open encoder before EOF
[vost#0:0/h264_nvenc @ 00000000026eb6c0] Task finished with error code: -22 (Invalid argument)
[vost#0:0/h264_nvenc @ 00000000026eb6c0] Terminating thread with return code -22 (Invalid argument)
[out#0/null @ 00000000026e0900] Nothing was written into output file, because at least one of its streams received no packets.
frame=    0 fps=0.0 q=0.0 Lsize=       0KiB time=N/A bitrate=N/A speed=N/A    
Conversion failed!

2025-05-24T08:05:01.619Z [LOG] 测试H.265 NVENC编码能力
2025-05-24T08:05:01.619Z [COMPRESS] 测试H.265 NVENC编码能力
2025-05-24T08:05:02.190Z [LOG] H.265 NVENC编码测试失败: Command failed: D:\code\cursor\looklook\node_modules\ffmpeg-static\ffmpeg.exe -f lavfi -i testsrc2=duration=1:size=320x240:rate=1 -c:v hevc_nvenc -preset fast -f null -t 0.5 -
ffmpeg version 7.1.1-essentials_build-www.gyan.dev Copyright (c) 2000-2025 the FFmpeg developers
  built with gcc 14.2.0 (Rev1, Built by MSYS2 project)
  configuration: --enable-gpl --enable-version3 --enable-static --disable-w32threads --disable-autodetect --enable-fontconfig --enable-iconv --enable-gnutls --enable-libxml2 --enable-gmp --enable-bzlib --enable-lzma --enable-zlib --enable-libsrt --enable-libssh --enable-libzmq --enable-avisynth --enable-sdl2 --enable-libwebp --enable-libx264 --enable-libx265 --enable-libxvid --enable-libaom --enable-libopenjpeg --enable-libvpx --enable-mediafoundation --enable-libass --enable-libfreetype --enable-libfribidi --enable-libharfbuzz --enable-libvidstab --enable-libvmaf --enable-libzimg --enable-amf --enable-cuda-llvm --enable-cuvid --enable-dxva2 --enable-d3d11va --enable-d3d12va --enable-ffnvcodec --enable-libvpl --enable-nvdec --enable-nvenc --enable-vaapi --enable-libgme --enable-libopenmpt --enable-libopencore-amrwb --enable-libmp3lame --enable-libtheora --enable-libvo-amrwbenc --enable-libgsm --enable-libopencore-amrnb --enable-libopus --enable-libspeex --enable-libvorbis --enable-librubberband
  libavutil      59. 39.100 / 59. 39.100
  libavcodec     61. 19.101 / 61. 19.101
  libavformat    61.  7.100 / 61.  7.100
  libavdevice    61.  3.100 / 61.  3.100
  libavfilter    10.  4.100 / 10.  4.100
  libswscale      8.  3.100 /  8.  3.100
  libswresample   5.  3.100 /  5.  3.100
  libpostproc    58.  3.100 / 58.  3.100
Input #0, lavfi, from 'testsrc2=duration=1:size=320x240:rate=1':
  Duration: N/A, start: 0.000000, bitrate: N/A
  Stream #0:0: Video: wrapped_avframe, yuv420p, 320x240 [SAR 1:1 DAR 4:3], 1 fps, 1 tbr, 1 tbn
Stream mapping:
  Stream #0:0 -> #0:0 (wrapped_avframe (native) -> hevc (hevc_nvenc))
Press [q] to stop, [?] for help
[hevc_nvenc @ 000000000270e200] Driver does not support the required nvenc API version. Required: 13.0 Found: 12.2
[hevc_nvenc @ 000000000270e200] The minimum required Nvidia driver for nvenc is (unknown) or newer
[vost#0:0/hevc_nvenc @ 00000000026eb6c0] Error while opening encoder - maybe incorrect parameters such as bit_rate, rate, width or height.
[vf#0:0 @ 000000000272ae40] Error sending frames to consumers: Function not implemented
[vf#0:0 @ 000000000272ae40] Task finished with error code: -40 (Function not implemented)
[vf#0:0 @ 000000000272ae40] Terminating thread with return code -40 (Function not implemented)
[vost#0:0/hevc_nvenc @ 00000000026eb6c0] Could not open encoder before EOF
[vost#0:0/hevc_nvenc @ 00000000026eb6c0] Task finished with error code: -22 (Invalid argument)
[vost#0:0/hevc_nvenc @ 00000000026eb6c0] Terminating thread with return code -22 (Invalid argument)
[out#0/null @ 00000000026e0900] Nothing was written into output file, because at least one of its streams received no packets.
frame=    0 fps=0.0 q=0.0 Lsize=       0KiB time=N/A bitrate=N/A speed=N/A    
Conversion failed!

2025-05-24T08:05:02.190Z [COMPRESS] H.265 NVENC编码测试失败: Command failed: D:\code\cursor\looklook\node_modules\ffmpeg-static\ffmpeg.exe -f lavfi -i testsrc2=duration=1:size=320x240:rate=1 -c:v hevc_nvenc -preset fast -f null -t 0.5 -
ffmpeg version 7.1.1-essentials_build-www.gyan.dev Copyright (c) 2000-2025 the FFmpeg developers
  built with gcc 14.2.0 (Rev1, Built by MSYS2 project)
  configuration: --enable-gpl --enable-version3 --enable-static --disable-w32threads --disable-autodetect --enable-fontconfig --enable-iconv --enable-gnutls --enable-libxml2 --enable-gmp --enable-bzlib --enable-lzma --enable-zlib --enable-libsrt --enable-libssh --enable-libzmq --enable-avisynth --enable-sdl2 --enable-libwebp --enable-libx264 --enable-libx265 --enable-libxvid --enable-libaom --enable-libopenjpeg --enable-libvpx --enable-mediafoundation --enable-libass --enable-libfreetype --enable-libfribidi --enable-libharfbuzz --enable-libvidstab --enable-libvmaf --enable-libzimg --enable-amf --enable-cuda-llvm --enable-cuvid --enable-dxva2 --enable-d3d11va --enable-d3d12va --enable-ffnvcodec --enable-libvpl --enable-nvdec --enable-nvenc --enable-vaapi --enable-libgme --enable-libopenmpt --enable-libopencore-amrwb --enable-libmp3lame --enable-libtheora --enable-libvo-amrwbenc --enable-libgsm --enable-libopencore-amrnb --enable-libopus --enable-libspeex --enable-libvorbis --enable-librubberband
  libavutil      59. 39.100 / 59. 39.100
  libavcodec     61. 19.101 / 61. 19.101
  libavformat    61.  7.100 / 61.  7.100
  libavdevice    61.  3.100 / 61.  3.100
  libavfilter    10.  4.100 / 10.  4.100
  libswscale      8.  3.100 /  8.  3.100
  libswresample   5.  3.100 /  5.  3.100
  libpostproc    58.  3.100 / 58.  3.100
Input #0, lavfi, from 'testsrc2=duration=1:size=320x240:rate=1':
  Duration: N/A, start: 0.000000, bitrate: N/A
  Stream #0:0: Video: wrapped_avframe, yuv420p, 320x240 [SAR 1:1 DAR 4:3], 1 fps, 1 tbr, 1 tbn
Stream mapping:
  Stream #0:0 -> #0:0 (wrapped_avframe (native) -> hevc (hevc_nvenc))
Press [q] to stop, [?] for help
[hevc_nvenc @ 000000000270e200] Driver does not support the required nvenc API version. Required: 13.0 Found: 12.2
[hevc_nvenc @ 000000000270e200] The minimum required Nvidia driver for nvenc is (unknown) or newer
[vost#0:0/hevc_nvenc @ 00000000026eb6c0] Error while opening encoder - maybe incorrect parameters such as bit_rate, rate, width or height.
[vf#0:0 @ 000000000272ae40] Error sending frames to consumers: Function not implemented
[vf#0:0 @ 000000000272ae40] Task finished with error code: -40 (Function not implemented)
[vf#0:0 @ 000000000272ae40] Terminating thread with return code -40 (Function not implemented)
[vost#0:0/hevc_nvenc @ 00000000026eb6c0] Could not open encoder before EOF
[vost#0:0/hevc_nvenc @ 00000000026eb6c0] Task finished with error code: -22 (Invalid argument)
[vost#0:0/hevc_nvenc @ 00000000026eb6c0] Terminating thread with return code -22 (Invalid argument)
[out#0/null @ 00000000026e0900] Nothing was written into output file, because at least one of its streams received no packets.
frame=    0 fps=0.0 q=0.0 Lsize=       0KiB time=N/A bitrate=N/A speed=N/A    
Conversion failed!

2025-05-24T08:05:02.191Z [LOG] 第四层检测：环境信息收集
2025-05-24T08:05:02.191Z [COMPRESS] 第四层检测：环境信息收集
2025-05-24T08:05:02.250Z [LOG] FFmpeg版本: 7.1.1-essentials_build-www.gyan.dev, NVENC编译支持: true
2025-05-24T08:05:02.250Z [COMPRESS] FFmpeg版本: 7.1.1-essentials_build-www.gyan.dev, NVENC编译支持: true
2025-05-24T08:05:02.565Z [LOG] NVIDIA驱动: 560.76, GPU: NVIDIA GeForce RTX 3050 Laptop GPU
2025-05-24T08:05:02.565Z [COMPRESS] NVIDIA驱动: 560.76, GPU: NVIDIA GeForce RTX 3050 Laptop GPU
2025-05-24T08:05:03.072Z [LOG] CUDA版本: 12.6
2025-05-24T08:05:03.072Z [COMPRESS] CUDA版本: 12.6
2025-05-24T08:05:03.073Z [LOG] GPU编码支持最终结果: 不支持
2025-05-24T08:05:03.073Z [COMPRESS] GPU编码支持最终结果: 不支持
2025-05-24T08:05:03.073Z [LOG] 建议: 请更新NVIDIA显卡驱动到最新版本
2025-05-24T08:05:03.073Z [COMPRESS] 建议: 请更新NVIDIA显卡驱动到最新版本
2025-05-24T08:05:15.705Z [LOG] 准备压缩 1 个视频
2025-05-24T08:05:15.705Z [COMPRESS] 准备压缩 1 个视频
2025-05-24T08:05:15.707Z [LOG] 开始处理视频: 1538673501-1-192_原文件.mp4
2025-05-24T08:05:15.707Z [COMPRESS] 开始处理视频: 1538673501-1-192_原文件.mp4
2025-05-24T08:05:15.810Z [PATH] 尝试获取FFprobe路径
2025-05-24T08:05:15.811Z [LOG] 使用配置的FFprobe路径: D:\code\cursor\looklook\node_modules\ffprobe-static\bin\win32\x64\ffprobe.exe
2025-05-24T08:05:15.811Z [PATH] 使用配置的FFprobe路径: D:\code\cursor\looklook\node_modules\ffprobe-static\bin\win32\x64\ffprobe.exe
2025-05-24T08:05:15.892Z [LOG] 开始压缩视频: D:\Users\Videos\测试长视频\1538673501-1-192_原文件.mp4 -> D:\Users\Videos\测试长视频\1538673501-1-192_原文件_正在压缩.mp4
2025-05-24T08:05:15.893Z [COMPRESS] 开始压缩视频: D:\Users\Videos\测试长视频\1538673501-1-192_原文件.mp4 -> D:\Users\Videos\测试长视频\1538673501-1-192_原文件_正在压缩.mp4
2025-05-24T08:05:15.893Z [PATH] 尝试获取FFmpeg路径
2025-05-24T08:05:15.893Z [LOG] 使用配置的FFmpeg路径: D:\code\cursor\looklook\node_modules\ffmpeg-static\ffmpeg.exe
2025-05-24T08:05:15.893Z [PATH] 使用配置的FFmpeg路径: D:\code\cursor\looklook\node_modules\ffmpeg-static\ffmpeg.exe
2025-05-24T08:05:15.894Z [LOG] ffmpeg命令: D:\code\cursor\looklook\node_modules\ffmpeg-static\ffmpeg.exe -i D:\Users\Videos\测试长视频\1538673501-1-192_原文件.mp4 -c:v hevc_nvenc -preset p2 -profile:v main -rc:v vbr -qmin 18 -qmax 26 -b:v 0 -multipass qres -spatial_aq 1 -temporal_aq 1 -qmin 20 -qmax 28 -c:a aac -b:a 128k -movflags +faststart -pix_fmt yuv420p -y D:\Users\Videos\测试长视频\1538673501-1-192_原文件_正在压缩.mp4
2025-05-24T08:05:15.894Z [COMPRESS] ffmpeg命令: D:\code\cursor\looklook\node_modules\ffmpeg-static\ffmpeg.exe -i D:\Users\Videos\测试长视频\1538673501-1-192_原文件.mp4 -c:v hevc_nvenc -preset p2 -profile:v main -rc:v vbr -qmin 18 -qmax 26 -b:v 0 -multipass qres -spatial_aq 1 -temporal_aq 1 -qmin 20 -qmax 28 -c:a aac -b:a 128k -movflags +faststart -pix_fmt yuv420p -y D:\Users\Videos\测试长视频\1538673501-1-192_原文件_正在压缩.mp4
2025-05-24T08:05:16.508Z [ERROR] 处理视频 1538673501-1-192_原文件.mp4 失败: {}
2025-05-24T08:05:16.509Z [COMPRESS] 处理视频 1538673501-1-192_原文件.mp4 失败: GPU加速不可用：显卡驱动版本过低或硬件不支持，请更新驱动或使用标准模式
2025-05-24T08:05:16.509Z [LOG] 已删除未完成的输出文件: D:\Users\Videos\测试长视频\1538673501-1-192_原文件_正在压缩.mp4
2025-05-24T08:05:16.509Z [COMPRESS] 已删除未完成的输出文件: D:\Users\Videos\测试长视频\1538673501-1-192_原文件_正在压缩.mp4
2025-05-24T08:05:16.816Z [LOG] 所有压缩任务已完成
2025-05-24T08:05:16.817Z [COMPRESS] 所有压缩任务已完成
2025-05-24T08:05:53.958Z [LOG] 处理get-enum-values请求: collection
2025-05-24T08:05:53.960Z [LOG] 处理get-enum-values请求: actors
2025-05-24T08:06:53.959Z [LOG] 处理get-enum-values请求: collection
2025-05-24T08:06:53.960Z [LOG] 处理get-enum-values请求: actors
2025-05-24T08:06:57.852Z [LOG] 用户取消批量压缩任务
2025-05-24T08:06:57.852Z [COMPRESS] 用户取消批量压缩任务
2025-05-24T08:07:01.285Z 日志开始 - 2025-05-24T08:07:01.284Z - 应用版本: 2.1.2 - 运行环境: 开发环境
2025-05-24T08:07:01.285Z 系统信息: win32 x64 - Node.js 18.18.2
2025-05-24T08:07:01.285Z App路径: D:\code\cursor\looklook
2025-05-24T08:07:01.285Z 可执行文件路径: D:\code\cursor\looklook\node_modules\electron\dist\electron.exe
2025-05-24T08:07:01.285Z [LOG] 日志文件已创建: D:\code\cursor\looklook\userdata\logs\app-2025-05-24.log
2025-05-24T08:07:01.286Z [ERROR] 设置控制台编码失败: process.stdout.setEncoding is not a function
2025-05-24T08:07:01.286Z [LOG] 应用准备就绪
2025-05-24T08:07:01.286Z [ENV] 运行模式: 开发环境
2025-05-24T08:07:01.286Z [ENV] 应用路径: D:\code\cursor\looklook
2025-05-24T08:07:01.286Z [ENV] 可执行文件路径: D:\code\cursor\looklook\node_modules\electron\dist\electron.exe
2025-05-24T08:07:01.287Z [ENV] 用户数据路径: D:\code\cursor\looklook\userdata
2025-05-24T08:07:01.287Z [FFMPEG_COPY] 开发环境中无需复制FFmpeg和FFprobe
2025-05-24T08:07:01.287Z [LOG] 用户数据目录: D:\code\cursor\looklook\userdata
2025-05-24T08:07:01.287Z [LOG] 缩略图目录: D:\code\cursor\looklook\userdata\thumbnails
2025-05-24T08:07:01.288Z [LOG] 设置文件已存在，无需创建默认设置
2025-05-24T08:07:01.291Z [LOG] 打包状态: 开发环境
2025-05-24T08:07:01.291Z [LOG] App Path: D:\code\cursor\looklook
2025-05-24T08:07:01.292Z [LOG] Exe Path: D:\code\cursor\looklook\node_modules\electron\dist\electron.exe
2025-05-24T08:07:01.292Z [LOG] 应用目录: D:\code\cursor\looklook\node_modules\electron\dist
2025-05-24T08:07:01.292Z [LOG] 资源目录: D:\code\cursor\looklook\node_modules\electron\dist\resources
2025-05-24T08:07:01.292Z [TEST] 开始测试FFmpeg和FFprobe可执行性
2025-05-24T08:07:01.292Z [TEST] 打包状态: 开发环境
2025-05-24T08:07:01.293Z [TEST] App路径: D:\code\cursor\looklook
2025-05-24T08:07:01.293Z [TEST] 可执行文件路径: D:\code\cursor\looklook\node_modules\electron\dist\electron.exe
2025-05-24T08:07:01.293Z [TEST] 应用目录: D:\code\cursor\looklook\node_modules\electron\dist
2025-05-24T08:07:01.293Z [TEST] 资源目录: D:\code\cursor\looklook\node_modules\electron\dist\resources
2025-05-24T08:07:01.293Z [LOG] 检查node_modules路径: D:\code\cursor\looklook\node_modules\electron\dist\resources\node_modules, 存在: false
2025-05-24T08:07:01.293Z [TEST] 检查node_modules路径: D:\code\cursor\looklook\node_modules\electron\dist\resources\node_modules, 存在: false
2025-05-24T08:07:01.294Z [LOG] 检查node_modules路径: D:\code\cursor\looklook\node_modules\electron\dist\node_modules, 存在: false
2025-05-24T08:07:01.294Z [TEST] 检查node_modules路径: D:\code\cursor\looklook\node_modules\electron\dist\node_modules, 存在: false
2025-05-24T08:07:01.294Z [LOG] 检查node_modules路径: D:\code\cursor\looklook\node_modules, 存在: true
2025-05-24T08:07:01.294Z [TEST] 检查node_modules路径: D:\code\cursor\looklook\node_modules, 存在: true
2025-05-24T08:07:01.294Z [TEST] D:\code\cursor\looklook\node_modules 中内容: .bin, .package-lock.json, 7zip-bin, @derhuerst, @develar, @electron, @isaacs, @malept, @pkgjs, @sindresorhus, @szmarczak, @tootallnate, @types, @xmldom, agent-base, ajv, ajv-formats, ajv-keywords, ansi-regex, ansi-styles, app-builder-bin, app-builder-lib, archiver, archiver-utils, argparse, async, async-exit-hook, asynckit, at-least-node, atomically, balanced-match, base64-js, binary-search-tree, bl, bluebird, bluebird-lst, boolean, brace-expansion, buffer, buffer-crc32, buffer-equal, buffer-from, builder-util, builder-util-runtime, cacheable-lookup, cacheable-request, call-bind-apply-helpers, caseless, chalk, chownr, chromium-pickle-js, ci-info, cliui, clone-response, color-convert, color-name, combined-stream, commander, compare-version, compress-commons, concat-map, concat-stream, conf, config-file-ts, core-util-is, crc-32, crc32-stream, cross-spawn, debounce-fn, debug, decompress-response, defer-to-connect, define-data-property, define-properties, delayed-stream, detect-node, dir-compare, dmg-builder, dot-prop, dotenv, dotenv-expand, dunder-proto, eastasianwidth, ejs, electron, electron-builder, electron-builder-squirrel-windows, electron-publish, electron-store, emoji-regex, end-of-stream, env-paths, err-code, es-define-property, es-errors, es-object-atoms, es-set-tostringtag, es6-error, escalade, escape-string-regexp, extract-zip, fast-deep-equal, fast-json-stable-stringify, fast-uri, fd-slicer, ffmpeg-static, ffprobe-static, filelist, fluent-ffmpeg, foreground-child, form-data, fs-constants, fs-extra, fs-minipass, fs.realpath, function-bind, get-caller-file, get-intrinsic, get-proto, get-stream, glob, global-agent, globalthis, gopd, got, graceful-fs, has-flag, has-property-descriptors, has-symbols, has-tostringtag, hasown, hosted-git-info, http-cache-semantics, http-proxy-agent, http-response-object, http2-wrapper, https-proxy-agent, iconv-lite, ieee754, immediate, inflight, inherits, is-ci, is-fullwidth-code-point, isarray, isbinaryfile, isexe, jackspeak, jake, js-yaml, json-buffer, json-schema-traverse, json-schema-typed, json-stringify-safe, json5, jsonfile, keyv, lazy-val, lazystream, lie, localforage, lodash, lodash.defaults, lodash.difference, lodash.flatten, lodash.isplainobject, lodash.union, lowercase-keys, lru-cache, matcher, math-intrinsics, mime, mime-db, mime-types, mimic-function, mimic-response, minimatch, minimist, minipass, minizlib, mkdirp, ms, nedb, normalize-path, normalize-url, object-keys, once, p-cancelable, package-json-from-dist, parse-cache-control, path-is-absolute, path-key, path-scurry, pend, plist, process-nextick-args, progress, promise-retry, pump, punycode, quick-lru, read-config-file, readable-stream, readdir-glob, require-directory, require-from-string, resolve-alpn, responselike, retry, rimraf, roarr, safe-buffer, safer-buffer, sanitize-filename, sax, semver, semver-compare, serialize-error, shebang-command, shebang-regex, signal-exit, simple-update-notifier, source-map, source-map-support, sprintf-js, stat-mode, string-width, string-width-cjs, string_decoder, strip-ansi, strip-ansi-cjs, stubborn-fs, sumchecker, supports-color, tar, tar-stream, temp-file, tmp, tmp-promise, truncate-utf8-bytes, type-fest, typedarray, typescript, uint8array-extras, underscore, undici-types, universalify, uri-js, utf8-byte-length, util-deprecate, when-exit, which, wrap-ansi, wrap-ansi-cjs, wrappy, xmlbuilder, y18n, yallist, yargs, yargs-parser, yauzl, zip-stream
2025-05-24T08:07:01.295Z [TEST] ffmpeg-static存在于 D:\code\cursor\looklook\node_modules\ffmpeg-static
2025-05-24T08:07:01.295Z [TEST] ffmpeg-static内容: example.js, ffmpeg.exe, index.js, install.js, LICENSE, package.json, README.md, types
2025-05-24T08:07:01.295Z [TEST] ffprobe-static存在于 D:\code\cursor\looklook\node_modules\ffprobe-static
2025-05-24T08:07:01.295Z [TEST] ffprobe-static内容: bin, index.js, LICENSE, package.json, README.md, tests
2025-05-24T08:07:01.295Z [TEST] ffprobe-static/bin内容: darwin, linux, win32
2025-05-24T08:07:01.295Z [TEST] ffprobe-static/bin/win32内容: ia32, x64
2025-05-24T08:07:01.295Z [TEST] ffprobe-static/bin/win32/x64内容: ffprobe.exe
2025-05-24T08:07:01.296Z [LOG] 测试FFmpeg可执行性...
2025-05-24T08:07:01.296Z [TEST] 开始测试FFmpeg可执行性
2025-05-24T08:07:01.296Z [LOG] FFmpeg文件存在: D:\code\cursor\looklook\node_modules\ffmpeg-static\ffmpeg.exe
2025-05-24T08:07:01.296Z [TEST] FFmpeg文件存在: D:\code\cursor\looklook\node_modules\ffmpeg-static\ffmpeg.exe
2025-05-24T08:07:01.297Z [LOG] FFmpeg有执行权限
2025-05-24T08:07:01.297Z [TEST] FFmpeg有执行权限
2025-05-24T08:07:01.327Z [LOG] 测试FFprobe可执行性...
2025-05-24T08:07:01.327Z [LOG] FFprobe文件存在: D:\code\cursor\looklook\node_modules\ffprobe-static\bin\win32\x64\ffprobe.exe
2025-05-24T08:07:01.328Z [LOG] FFprobe有执行权限
2025-05-24T08:07:01.388Z [LOG] 注册IPC事件处理程序...
2025-05-24T08:07:01.388Z [LOG] IPC事件处理程序注册完成
2025-05-24T08:07:01.395Z [LOG] FFprobe执行测试成功: ffprobe version 4.0.2 Copyright (c) 2007-2018 the FFmpeg developers
2025-05-24T08:07:01.395Z [LOG] FFmpeg执行测试成功: ffmpeg version 7.1.1-essentials_build-www.gyan.dev Copyright (c) 2000-2025 the FFmpeg developers
2025-05-24T08:07:01.395Z [TEST] FFmpeg执行测试成功: ffmpeg version 7.1.1-essentials_build-www.gyan.dev Copyright (c) 2000-2025 the FFmpeg developers
2025-05-24T08:07:01.396Z [LOG] FFprobe执行测试成功: ffprobe version 4.0.2 Copyright (c) 2007-2018 the FFmpeg developers
2025-05-24T08:07:01.396Z [LOG] FFmpeg执行测试成功: ffmpeg version 7.1.1-essentials_build-www.gyan.dev Copyright (c) 2000-2025 the FFmpeg developers
2025-05-24T08:07:01.396Z [TEST] FFmpeg执行测试成功: ffmpeg version 7.1.1-essentials_build-www.gyan.dev Copyright (c) 2000-2025 the FFmpeg developers
2025-05-24T08:07:01.424Z [LOG] 已加载 12 个视频记录
2025-05-24T08:07:01.424Z [LOG] 开始检查是否存在重复视频记录...
2025-05-24T08:07:01.425Z [LOG] 没有发现重复视频记录
2025-05-24T08:07:01.427Z [LOG] 已加载枚举值[collection]: 4个
2025-05-24T08:07:01.427Z [LOG] 已加载枚举值[actors]: 0个
2025-05-24T08:07:01.428Z [LOG] 开始检查 12 个视频文件是否存在...
2025-05-24T08:07:01.440Z [LOG] 视频文件检查完成，共检查 12 个文件，发现 0 个问题
2025-05-24T08:07:01.440Z [LOG] 数据库模块初始化完成
2025-05-24T08:07:01.543Z [LOG] 处理get-videos请求
2025-05-24T08:07:01.546Z [LOG] 处理get-enum-values请求: collection
2025-05-24T08:07:01.547Z [LOG] 处理get-enum-values请求: actors
2025-05-24T08:07:01.565Z [LOG] 处理自定义协议请求: app://thumbnail/1748070913943-RDpcVXNl.jpg
2025-05-24T08:07:01.565Z [LOG] 缩略图路径: D:\code\cursor\looklook\userdata\thumbnails\1748070913943-RDpcVXNl.jpg
2025-05-24T08:07:01.566Z [LOG] 处理get-enum-values请求: collection
2025-05-24T08:07:01.566Z [LOG] 处理自定义协议请求: app://thumbnail/comp-1748073122633-f3kihgv8n6c86iyo.jpg
2025-05-24T08:07:01.567Z [LOG] 缩略图路径: D:\code\cursor\looklook\userdata\thumbnails\comp-1748073122633-f3kihgv8n6c86iyo.jpg
2025-05-24T08:07:01.567Z [LOG] 处理get-enum-values请求: actors
2025-05-24T08:07:01.568Z [LOG] 处理自定义协议请求: app://thumbnail/comp-1748072726293-i51fmaebsqt88nzo.jpg
2025-05-24T08:07:01.568Z [LOG] 缩略图路径: D:\code\cursor\looklook\userdata\thumbnails\comp-1748072726293-i51fmaebsqt88nzo.jpg
2025-05-24T08:07:01.569Z [LOG] 处理自定义协议请求: app://thumbnail/comp-1748072747057-wq4fbx0njxn8s029.jpg
2025-05-24T08:07:01.569Z [LOG] 缩略图路径: D:\code\cursor\looklook\userdata\thumbnails\comp-1748072747057-wq4fbx0njxn8s029.jpg
2025-05-24T08:07:01.570Z [LOG] 处理自定义协议请求: app://thumbnail/comp-1748072730442-ogkax688yi0cspdc.jpg
2025-05-24T08:07:01.570Z [LOG] 缩略图路径: D:\code\cursor\looklook\userdata\thumbnails\comp-1748072730442-ogkax688yi0cspdc.jpg
2025-05-24T08:07:01.571Z [LOG] 处理自定义协议请求: app://thumbnail/comp-1748072751152-ndf6a5td7g2rh9lr.jpg
2025-05-24T08:07:01.571Z [LOG] 缩略图路径: D:\code\cursor\looklook\userdata\thumbnails\comp-1748072751152-ndf6a5td7g2rh9lr.jpg
2025-05-24T08:07:01.571Z [LOG] 处理自定义协议请求: app://thumbnail/comp-1748072734525-ag0i8tsli4udj359.jpg
2025-05-24T08:07:01.572Z [LOG] 缩略图路径: D:\code\cursor\looklook\userdata\thumbnails\comp-1748072734525-ag0i8tsli4udj359.jpg
2025-05-24T08:07:01.572Z [LOG] 处理自定义协议请求: app://thumbnail/comp-1748072755241-kbf856ecf6i4lo0c.jpg
2025-05-24T08:07:01.573Z [LOG] 缩略图路径: D:\code\cursor\looklook\userdata\thumbnails\comp-1748072755241-kbf856ecf6i4lo0c.jpg
2025-05-24T08:07:01.573Z [LOG] 处理自定义协议请求: app://thumbnail/comp-1748072738637-2uf633jqrvers0jb.jpg
2025-05-24T08:07:01.574Z [LOG] 缩略图路径: D:\code\cursor\looklook\userdata\thumbnails\comp-1748072738637-2uf633jqrvers0jb.jpg
2025-05-24T08:07:01.574Z [LOG] 处理自定义协议请求: app://thumbnail/comp-1748072759364-g5cywbyun7jlop94.jpg
2025-05-24T08:07:01.575Z [LOG] 缩略图路径: D:\code\cursor\looklook\userdata\thumbnails\comp-1748072759364-g5cywbyun7jlop94.jpg
2025-05-24T08:07:01.575Z [LOG] 处理自定义协议请求: app://thumbnail/comp-1748072742770-hwtkhlvgq9qc070l.jpg
2025-05-24T08:07:01.575Z [LOG] 缩略图路径: D:\code\cursor\looklook\userdata\thumbnails\comp-1748072742770-hwtkhlvgq9qc070l.jpg
2025-05-24T08:07:01.576Z [LOG] 处理自定义协议请求: app://thumbnail/comp-1748072763454-1nlaofitsnz95hie.jpg
2025-05-24T08:07:01.576Z [LOG] 缩略图路径: D:\code\cursor\looklook\userdata\thumbnails\comp-1748072763454-1nlaofitsnz95hie.jpg
2025-05-24T08:07:07.598Z [LOG] 准备压缩 1 个视频
2025-05-24T08:07:07.598Z [COMPRESS] 准备压缩 1 个视频
2025-05-24T08:07:07.600Z [LOG] 开始处理视频: 1538673501-1-192_原文件.mp4
2025-05-24T08:07:07.600Z [COMPRESS] 开始处理视频: 1538673501-1-192_原文件.mp4
2025-05-24T08:07:07.679Z [LOG] 开始压缩视频: D:\Users\Videos\测试长视频\1538673501-1-192_原文件.mp4 -> D:\Users\Videos\测试长视频\1538673501-1-192_原文件_正在压缩.mp4
2025-05-24T08:07:07.680Z [COMPRESS] 开始压缩视频: D:\Users\Videos\测试长视频\1538673501-1-192_原文件.mp4 -> D:\Users\Videos\测试长视频\1538673501-1-192_原文件_正在压缩.mp4
2025-05-24T08:07:07.680Z [PATH] 尝试获取FFmpeg路径
2025-05-24T08:07:07.680Z [LOG] 使用配置的FFmpeg路径: D:\code\cursor\looklook\node_modules\ffmpeg-static\ffmpeg.exe
2025-05-24T08:07:07.680Z [PATH] 使用配置的FFmpeg路径: D:\code\cursor\looklook\node_modules\ffmpeg-static\ffmpeg.exe
2025-05-24T08:07:07.680Z [LOG] ffmpeg命令: D:\code\cursor\looklook\node_modules\ffmpeg-static\ffmpeg.exe -i D:\Users\Videos\测试长视频\1538673501-1-192_原文件.mp4 -c:v libx265 -crf 28 -preset medium -c:a aac -b:a 128k -movflags +faststart -pix_fmt yuv420p -y D:\Users\Videos\测试长视频\1538673501-1-192_原文件_正在压缩.mp4
2025-05-24T08:07:07.681Z [COMPRESS] ffmpeg命令: D:\code\cursor\looklook\node_modules\ffmpeg-static\ffmpeg.exe -i D:\Users\Videos\测试长视频\1538673501-1-192_原文件.mp4 -c:v libx265 -crf 28 -preset medium -c:a aac -b:a 128k -movflags +faststart -pix_fmt yuv420p -y D:\Users\Videos\测试长视频\1538673501-1-192_原文件_正在压缩.mp4
2025-05-24T08:07:13.608Z [LOG] 用户暂停压缩视频
2025-05-24T08:07:13.608Z [COMPRESS] 用户暂停压缩视频
2025-05-24T08:07:13.608Z [LOG] 终止当前压缩进程: 1538673501-1-192_原文件.mp4
2025-05-24T08:07:13.608Z [COMPRESS] 终止当前压缩进程: 1538673501-1-192_原文件.mp4
2025-05-24T08:07:13.661Z [LOG] 压缩已暂停，将当前任务重新加入队列
2025-05-24T08:07:13.661Z [COMPRESS] 压缩已暂停，将当前任务重新加入队列
2025-05-24T08:07:13.662Z [LOG] 已删除临时文件: D:\Users\Videos\测试长视频\1538673501-1-192_原文件_正在压缩.mp4
2025-05-24T08:07:13.662Z [COMPRESS] 已删除临时文件: D:\Users\Videos\测试长视频\1538673501-1-192_原文件_正在压缩.mp4
2025-05-24T08:07:14.070Z [LOG] 用户取消批量压缩任务
2025-05-24T08:07:14.071Z [COMPRESS] 用户取消批量压缩任务
2025-05-24T08:08:53.463Z 日志开始 - 2025-05-24T08:08:53.462Z - 应用版本: 2.1.2 - 运行环境: 开发环境
2025-05-24T08:08:53.463Z 系统信息: win32 x64 - Node.js 18.18.2
2025-05-24T08:08:53.463Z App路径: D:\code\cursor\looklook
2025-05-24T08:08:53.463Z 可执行文件路径: D:\code\cursor\looklook\node_modules\electron\dist\electron.exe
2025-05-24T08:08:53.464Z [LOG] 日志文件已创建: D:\code\cursor\looklook\userdata\logs\app-2025-05-24.log
2025-05-24T08:08:53.464Z [ERROR] 设置控制台编码失败: process.stdout.setEncoding is not a function
2025-05-24T08:08:53.465Z [LOG] 应用准备就绪
2025-05-24T08:08:53.465Z [ENV] 运行模式: 开发环境
2025-05-24T08:08:53.465Z [ENV] 应用路径: D:\code\cursor\looklook
2025-05-24T08:08:53.465Z [ENV] 可执行文件路径: D:\code\cursor\looklook\node_modules\electron\dist\electron.exe
2025-05-24T08:08:53.465Z [ENV] 用户数据路径: D:\code\cursor\looklook\userdata
2025-05-24T08:08:53.466Z [FFMPEG_COPY] 开发环境中无需复制FFmpeg和FFprobe
2025-05-24T08:08:53.466Z [LOG] 用户数据目录: D:\code\cursor\looklook\userdata
2025-05-24T08:08:53.466Z [LOG] 缩略图目录: D:\code\cursor\looklook\userdata\thumbnails
2025-05-24T08:08:53.467Z [LOG] 设置文件已存在，无需创建默认设置
2025-05-24T08:08:53.470Z [LOG] 打包状态: 开发环境
2025-05-24T08:08:53.470Z [LOG] App Path: D:\code\cursor\looklook
2025-05-24T08:08:53.470Z [LOG] Exe Path: D:\code\cursor\looklook\node_modules\electron\dist\electron.exe
2025-05-24T08:08:53.471Z [LOG] 应用目录: D:\code\cursor\looklook\node_modules\electron\dist
2025-05-24T08:08:53.471Z [LOG] 资源目录: D:\code\cursor\looklook\node_modules\electron\dist\resources
2025-05-24T08:08:53.471Z [TEST] 开始测试FFmpeg和FFprobe可执行性
2025-05-24T08:08:53.471Z [TEST] 打包状态: 开发环境
2025-05-24T08:08:53.472Z [TEST] App路径: D:\code\cursor\looklook
2025-05-24T08:08:53.472Z [TEST] 可执行文件路径: D:\code\cursor\looklook\node_modules\electron\dist\electron.exe
2025-05-24T08:08:53.472Z [TEST] 应用目录: D:\code\cursor\looklook\node_modules\electron\dist
2025-05-24T08:08:53.472Z [TEST] 资源目录: D:\code\cursor\looklook\node_modules\electron\dist\resources
2025-05-24T08:08:53.472Z [LOG] 检查node_modules路径: D:\code\cursor\looklook\node_modules\electron\dist\resources\node_modules, 存在: false
2025-05-24T08:08:53.472Z [TEST] 检查node_modules路径: D:\code\cursor\looklook\node_modules\electron\dist\resources\node_modules, 存在: false
2025-05-24T08:08:53.473Z [LOG] 检查node_modules路径: D:\code\cursor\looklook\node_modules\electron\dist\node_modules, 存在: false
2025-05-24T08:08:53.473Z [TEST] 检查node_modules路径: D:\code\cursor\looklook\node_modules\electron\dist\node_modules, 存在: false
2025-05-24T08:08:53.473Z [LOG] 检查node_modules路径: D:\code\cursor\looklook\node_modules, 存在: true
2025-05-24T08:08:53.474Z [TEST] 检查node_modules路径: D:\code\cursor\looklook\node_modules, 存在: true
2025-05-24T08:08:53.475Z [TEST] D:\code\cursor\looklook\node_modules 中内容: .bin, .package-lock.json, 7zip-bin, @derhuerst, @develar, @electron, @isaacs, @malept, @pkgjs, @sindresorhus, @szmarczak, @tootallnate, @types, @xmldom, agent-base, ajv, ajv-formats, ajv-keywords, ansi-regex, ansi-styles, app-builder-bin, app-builder-lib, archiver, archiver-utils, argparse, async, async-exit-hook, asynckit, at-least-node, atomically, balanced-match, base64-js, binary-search-tree, bl, bluebird, bluebird-lst, boolean, brace-expansion, buffer, buffer-crc32, buffer-equal, buffer-from, builder-util, builder-util-runtime, cacheable-lookup, cacheable-request, call-bind-apply-helpers, caseless, chalk, chownr, chromium-pickle-js, ci-info, cliui, clone-response, color-convert, color-name, combined-stream, commander, compare-version, compress-commons, concat-map, concat-stream, conf, config-file-ts, core-util-is, crc-32, crc32-stream, cross-spawn, debounce-fn, debug, decompress-response, defer-to-connect, define-data-property, define-properties, delayed-stream, detect-node, dir-compare, dmg-builder, dot-prop, dotenv, dotenv-expand, dunder-proto, eastasianwidth, ejs, electron, electron-builder, electron-builder-squirrel-windows, electron-publish, electron-store, emoji-regex, end-of-stream, env-paths, err-code, es-define-property, es-errors, es-object-atoms, es-set-tostringtag, es6-error, escalade, escape-string-regexp, extract-zip, fast-deep-equal, fast-json-stable-stringify, fast-uri, fd-slicer, ffmpeg-static, ffprobe-static, filelist, fluent-ffmpeg, foreground-child, form-data, fs-constants, fs-extra, fs-minipass, fs.realpath, function-bind, get-caller-file, get-intrinsic, get-proto, get-stream, glob, global-agent, globalthis, gopd, got, graceful-fs, has-flag, has-property-descriptors, has-symbols, has-tostringtag, hasown, hosted-git-info, http-cache-semantics, http-proxy-agent, http-response-object, http2-wrapper, https-proxy-agent, iconv-lite, ieee754, immediate, inflight, inherits, is-ci, is-fullwidth-code-point, isarray, isbinaryfile, isexe, jackspeak, jake, js-yaml, json-buffer, json-schema-traverse, json-schema-typed, json-stringify-safe, json5, jsonfile, keyv, lazy-val, lazystream, lie, localforage, lodash, lodash.defaults, lodash.difference, lodash.flatten, lodash.isplainobject, lodash.union, lowercase-keys, lru-cache, matcher, math-intrinsics, mime, mime-db, mime-types, mimic-function, mimic-response, minimatch, minimist, minipass, minizlib, mkdirp, ms, nedb, normalize-path, normalize-url, object-keys, once, p-cancelable, package-json-from-dist, parse-cache-control, path-is-absolute, path-key, path-scurry, pend, plist, process-nextick-args, progress, promise-retry, pump, punycode, quick-lru, read-config-file, readable-stream, readdir-glob, require-directory, require-from-string, resolve-alpn, responselike, retry, rimraf, roarr, safe-buffer, safer-buffer, sanitize-filename, sax, semver, semver-compare, serialize-error, shebang-command, shebang-regex, signal-exit, simple-update-notifier, source-map, source-map-support, sprintf-js, stat-mode, string-width, string-width-cjs, string_decoder, strip-ansi, strip-ansi-cjs, stubborn-fs, sumchecker, supports-color, tar, tar-stream, temp-file, tmp, tmp-promise, truncate-utf8-bytes, type-fest, typedarray, typescript, uint8array-extras, underscore, undici-types, universalify, uri-js, utf8-byte-length, util-deprecate, when-exit, which, wrap-ansi, wrap-ansi-cjs, wrappy, xmlbuilder, y18n, yallist, yargs, yargs-parser, yauzl, zip-stream
2025-05-24T08:08:53.475Z [TEST] ffmpeg-static存在于 D:\code\cursor\looklook\node_modules\ffmpeg-static
2025-05-24T08:08:53.475Z [TEST] ffmpeg-static内容: example.js, ffmpeg.exe, index.js, install.js, LICENSE, package.json, README.md, types
2025-05-24T08:08:53.475Z [TEST] ffprobe-static存在于 D:\code\cursor\looklook\node_modules\ffprobe-static
2025-05-24T08:08:53.476Z [TEST] ffprobe-static内容: bin, index.js, LICENSE, package.json, README.md, tests
2025-05-24T08:08:53.476Z [TEST] ffprobe-static/bin内容: darwin, linux, win32
2025-05-24T08:08:53.476Z [TEST] ffprobe-static/bin/win32内容: ia32, x64
2025-05-24T08:08:53.476Z [TEST] ffprobe-static/bin/win32/x64内容: ffprobe.exe
2025-05-24T08:08:53.477Z [LOG] 测试FFmpeg可执行性...
2025-05-24T08:08:53.477Z [TEST] 开始测试FFmpeg可执行性
2025-05-24T08:08:53.477Z [LOG] FFmpeg文件存在: D:\code\cursor\looklook\node_modules\ffmpeg-static\ffmpeg.exe
2025-05-24T08:08:53.477Z [TEST] FFmpeg文件存在: D:\code\cursor\looklook\node_modules\ffmpeg-static\ffmpeg.exe
2025-05-24T08:08:53.478Z [LOG] FFmpeg有执行权限
2025-05-24T08:08:53.478Z [TEST] FFmpeg有执行权限
2025-05-24T08:08:53.508Z [LOG] 测试FFprobe可执行性...
2025-05-24T08:08:53.509Z [LOG] FFprobe文件存在: D:\code\cursor\looklook\node_modules\ffprobe-static\bin\win32\x64\ffprobe.exe
2025-05-24T08:08:53.509Z [LOG] FFprobe有执行权限
2025-05-24T08:08:53.573Z [LOG] 注册IPC事件处理程序...
2025-05-24T08:08:53.573Z [LOG] IPC事件处理程序注册完成
2025-05-24T08:08:53.580Z [LOG] FFprobe执行测试成功: ffprobe version 4.0.2 Copyright (c) 2007-2018 the FFmpeg developers
2025-05-24T08:08:53.581Z [LOG] FFmpeg执行测试成功: ffmpeg version 7.1.1-essentials_build-www.gyan.dev Copyright (c) 2000-2025 the FFmpeg developers
2025-05-24T08:08:53.581Z [TEST] FFmpeg执行测试成功: ffmpeg version 7.1.1-essentials_build-www.gyan.dev Copyright (c) 2000-2025 the FFmpeg developers
2025-05-24T08:08:53.581Z [LOG] FFprobe执行测试成功: ffprobe version 4.0.2 Copyright (c) 2007-2018 the FFmpeg developers
2025-05-24T08:08:53.582Z [LOG] FFmpeg执行测试成功: ffmpeg version 7.1.1-essentials_build-www.gyan.dev Copyright (c) 2000-2025 the FFmpeg developers
2025-05-24T08:08:53.582Z [TEST] FFmpeg执行测试成功: ffmpeg version 7.1.1-essentials_build-www.gyan.dev Copyright (c) 2000-2025 the FFmpeg developers
2025-05-24T08:08:53.612Z [LOG] 已加载 12 个视频记录
2025-05-24T08:08:53.613Z [LOG] 开始检查是否存在重复视频记录...
2025-05-24T08:08:53.613Z [LOG] 没有发现重复视频记录
2025-05-24T08:08:53.614Z [LOG] 已加载枚举值[collection]: 4个
2025-05-24T08:08:53.615Z [LOG] 已加载枚举值[actors]: 0个
2025-05-24T08:08:53.616Z [LOG] 开始检查 12 个视频文件是否存在...
2025-05-24T08:08:53.641Z [LOG] 视频文件检查完成，共检查 12 个文件，发现 0 个问题
2025-05-24T08:08:53.642Z [LOG] 数据库模块初始化完成
2025-05-24T08:08:53.729Z [LOG] 处理get-videos请求
2025-05-24T08:08:53.732Z [LOG] 处理get-enum-values请求: collection
2025-05-24T08:08:53.734Z [LOG] 处理get-enum-values请求: actors
2025-05-24T08:08:53.752Z [LOG] 处理自定义协议请求: app://thumbnail/1748070913943-RDpcVXNl.jpg
2025-05-24T08:08:53.753Z [LOG] 缩略图路径: D:\code\cursor\looklook\userdata\thumbnails\1748070913943-RDpcVXNl.jpg
2025-05-24T08:08:53.753Z [LOG] 处理get-enum-values请求: collection
2025-05-24T08:08:53.754Z [LOG] 处理自定义协议请求: app://thumbnail/comp-1748073122633-f3kihgv8n6c86iyo.jpg
2025-05-24T08:08:53.754Z [LOG] 缩略图路径: D:\code\cursor\looklook\userdata\thumbnails\comp-1748073122633-f3kihgv8n6c86iyo.jpg
2025-05-24T08:08:53.755Z [LOG] 处理get-enum-values请求: actors
2025-05-24T08:08:53.755Z [LOG] 处理自定义协议请求: app://thumbnail/comp-1748072726293-i51fmaebsqt88nzo.jpg
2025-05-24T08:08:53.756Z [LOG] 缩略图路径: D:\code\cursor\looklook\userdata\thumbnails\comp-1748072726293-i51fmaebsqt88nzo.jpg
2025-05-24T08:08:53.756Z [LOG] 处理自定义协议请求: app://thumbnail/comp-1748072747057-wq4fbx0njxn8s029.jpg
2025-05-24T08:08:53.757Z [LOG] 缩略图路径: D:\code\cursor\looklook\userdata\thumbnails\comp-1748072747057-wq4fbx0njxn8s029.jpg
2025-05-24T08:08:53.758Z [LOG] 处理自定义协议请求: app://thumbnail/comp-1748072730442-ogkax688yi0cspdc.jpg
2025-05-24T08:08:53.758Z [LOG] 缩略图路径: D:\code\cursor\looklook\userdata\thumbnails\comp-1748072730442-ogkax688yi0cspdc.jpg
2025-05-24T08:08:53.759Z [LOG] 处理自定义协议请求: app://thumbnail/comp-1748072751152-ndf6a5td7g2rh9lr.jpg
2025-05-24T08:08:53.759Z [LOG] 缩略图路径: D:\code\cursor\looklook\userdata\thumbnails\comp-1748072751152-ndf6a5td7g2rh9lr.jpg
2025-05-24T08:08:53.760Z [LOG] 处理自定义协议请求: app://thumbnail/comp-1748072734525-ag0i8tsli4udj359.jpg
2025-05-24T08:08:53.760Z [LOG] 缩略图路径: D:\code\cursor\looklook\userdata\thumbnails\comp-1748072734525-ag0i8tsli4udj359.jpg
2025-05-24T08:08:53.760Z [LOG] 处理自定义协议请求: app://thumbnail/comp-1748072755241-kbf856ecf6i4lo0c.jpg
2025-05-24T08:08:53.761Z [LOG] 缩略图路径: D:\code\cursor\looklook\userdata\thumbnails\comp-1748072755241-kbf856ecf6i4lo0c.jpg
2025-05-24T08:08:53.762Z [LOG] 处理自定义协议请求: app://thumbnail/comp-1748072738637-2uf633jqrvers0jb.jpg
2025-05-24T08:08:53.762Z [LOG] 缩略图路径: D:\code\cursor\looklook\userdata\thumbnails\comp-1748072738637-2uf633jqrvers0jb.jpg
2025-05-24T08:08:53.762Z [LOG] 处理自定义协议请求: app://thumbnail/comp-1748072759364-g5cywbyun7jlop94.jpg
2025-05-24T08:08:53.763Z [LOG] 缩略图路径: D:\code\cursor\looklook\userdata\thumbnails\comp-1748072759364-g5cywbyun7jlop94.jpg
2025-05-24T08:08:53.763Z [LOG] 处理自定义协议请求: app://thumbnail/comp-1748072742770-hwtkhlvgq9qc070l.jpg
2025-05-24T08:08:53.764Z [LOG] 缩略图路径: D:\code\cursor\looklook\userdata\thumbnails\comp-1748072742770-hwtkhlvgq9qc070l.jpg
2025-05-24T08:08:53.764Z [LOG] 处理自定义协议请求: app://thumbnail/comp-1748072763454-1nlaofitsnz95hie.jpg
2025-05-24T08:08:53.764Z [LOG] 缩略图路径: D:\code\cursor\looklook\userdata\thumbnails\comp-1748072763454-1nlaofitsnz95hie.jpg
2025-05-24T08:09:00.003Z [LOG] 准备压缩 1 个视频
2025-05-24T08:09:00.003Z [COMPRESS] 准备压缩 1 个视频
2025-05-24T08:09:00.005Z [LOG] 开始处理视频: 1538673501-1-192_原文件.mp4
2025-05-24T08:09:00.005Z [COMPRESS] 开始处理视频: 1538673501-1-192_原文件.mp4
2025-05-24T08:09:00.107Z [LOG] 开始压缩视频: D:\Users\Videos\测试长视频\1538673501-1-192_原文件.mp4 -> D:\Users\Videos\测试长视频\1538673501-1-192_原文件_正在压缩.mp4
2025-05-24T08:09:00.108Z [COMPRESS] 开始压缩视频: D:\Users\Videos\测试长视频\1538673501-1-192_原文件.mp4 -> D:\Users\Videos\测试长视频\1538673501-1-192_原文件_正在压缩.mp4
2025-05-24T08:09:00.108Z [PATH] 尝试获取FFmpeg路径
2025-05-24T08:09:00.108Z [LOG] 使用配置的FFmpeg路径: D:\code\cursor\looklook\node_modules\ffmpeg-static\ffmpeg.exe
2025-05-24T08:09:00.108Z [PATH] 使用配置的FFmpeg路径: D:\code\cursor\looklook\node_modules\ffmpeg-static\ffmpeg.exe
2025-05-24T08:09:00.108Z [LOG] ffmpeg命令: D:\code\cursor\looklook\node_modules\ffmpeg-static\ffmpeg.exe -i D:\Users\Videos\测试长视频\1538673501-1-192_原文件.mp4 -c:v libx265 -crf 28 -preset medium -c:a aac -b:a 128k -movflags +faststart -pix_fmt yuv420p -y D:\Users\Videos\测试长视频\1538673501-1-192_原文件_正在压缩.mp4
2025-05-24T08:09:00.109Z [COMPRESS] ffmpeg命令: D:\code\cursor\looklook\node_modules\ffmpeg-static\ffmpeg.exe -i D:\Users\Videos\测试长视频\1538673501-1-192_原文件.mp4 -c:v libx265 -crf 28 -preset medium -c:a aac -b:a 128k -movflags +faststart -pix_fmt yuv420p -y D:\Users\Videos\测试长视频\1538673501-1-192_原文件_正在压缩.mp4
2025-05-24T08:09:07.164Z [LOG] 用户暂停压缩视频
2025-05-24T08:09:07.164Z [COMPRESS] 用户暂停压缩视频
2025-05-24T08:09:07.164Z [LOG] 终止当前压缩进程: 1538673501-1-192_原文件.mp4
2025-05-24T08:09:07.165Z [COMPRESS] 终止当前压缩进程: 1538673501-1-192_原文件.mp4
2025-05-24T08:09:07.219Z [LOG] 压缩已暂停，将当前任务重新加入队列
2025-05-24T08:09:07.219Z [COMPRESS] 压缩已暂停，将当前任务重新加入队列
2025-05-24T08:09:07.220Z [LOG] 已删除临时文件: D:\Users\Videos\测试长视频\1538673501-1-192_原文件_正在压缩.mp4
2025-05-24T08:09:07.220Z [COMPRESS] 已删除临时文件: D:\Users\Videos\测试长视频\1538673501-1-192_原文件_正在压缩.mp4
2025-05-24T08:09:07.557Z [LOG] 用户取消批量压缩任务
2025-05-24T08:09:07.558Z [COMPRESS] 用户取消批量压缩任务
2025-05-24T08:09:15.252Z 日志开始 - 2025-05-24T08:09:15.252Z - 应用版本: 2.1.2 - 运行环境: 开发环境
2025-05-24T08:09:15.253Z 系统信息: win32 x64 - Node.js 18.18.2
2025-05-24T08:09:15.253Z App路径: D:\code\cursor\looklook
2025-05-24T08:09:15.253Z 可执行文件路径: D:\code\cursor\looklook\node_modules\electron\dist\electron.exe
2025-05-24T08:09:15.253Z [LOG] 日志文件已创建: D:\code\cursor\looklook\userdata\logs\app-2025-05-24.log
2025-05-24T08:09:15.254Z [ERROR] 设置控制台编码失败: process.stdout.setEncoding is not a function
2025-05-24T08:09:15.254Z [LOG] 应用准备就绪
2025-05-24T08:09:15.254Z [ENV] 运行模式: 开发环境
2025-05-24T08:09:15.254Z [ENV] 应用路径: D:\code\cursor\looklook
2025-05-24T08:09:15.254Z [ENV] 可执行文件路径: D:\code\cursor\looklook\node_modules\electron\dist\electron.exe
2025-05-24T08:09:15.254Z [ENV] 用户数据路径: D:\code\cursor\looklook\userdata
2025-05-24T08:09:15.255Z [FFMPEG_COPY] 开发环境中无需复制FFmpeg和FFprobe
2025-05-24T08:09:15.255Z [LOG] 用户数据目录: D:\code\cursor\looklook\userdata
2025-05-24T08:09:15.255Z [LOG] 缩略图目录: D:\code\cursor\looklook\userdata\thumbnails
2025-05-24T08:09:15.256Z [LOG] 设置文件已存在，无需创建默认设置
2025-05-24T08:09:15.259Z [LOG] 打包状态: 开发环境
2025-05-24T08:09:15.260Z [LOG] App Path: D:\code\cursor\looklook
2025-05-24T08:09:15.260Z [LOG] Exe Path: D:\code\cursor\looklook\node_modules\electron\dist\electron.exe
2025-05-24T08:09:15.260Z [LOG] 应用目录: D:\code\cursor\looklook\node_modules\electron\dist
2025-05-24T08:09:15.260Z [LOG] 资源目录: D:\code\cursor\looklook\node_modules\electron\dist\resources
2025-05-24T08:09:15.261Z [TEST] 开始测试FFmpeg和FFprobe可执行性
2025-05-24T08:09:15.261Z [TEST] 打包状态: 开发环境
2025-05-24T08:09:15.261Z [TEST] App路径: D:\code\cursor\looklook
2025-05-24T08:09:15.261Z [TEST] 可执行文件路径: D:\code\cursor\looklook\node_modules\electron\dist\electron.exe
2025-05-24T08:09:15.261Z [TEST] 应用目录: D:\code\cursor\looklook\node_modules\electron\dist
2025-05-24T08:09:15.261Z [TEST] 资源目录: D:\code\cursor\looklook\node_modules\electron\dist\resources
2025-05-24T08:09:15.262Z [LOG] 检查node_modules路径: D:\code\cursor\looklook\node_modules\electron\dist\resources\node_modules, 存在: false
2025-05-24T08:09:15.262Z [TEST] 检查node_modules路径: D:\code\cursor\looklook\node_modules\electron\dist\resources\node_modules, 存在: false
2025-05-24T08:09:15.262Z [LOG] 检查node_modules路径: D:\code\cursor\looklook\node_modules\electron\dist\node_modules, 存在: false
2025-05-24T08:09:15.262Z [TEST] 检查node_modules路径: D:\code\cursor\looklook\node_modules\electron\dist\node_modules, 存在: false
2025-05-24T08:09:15.263Z [LOG] 检查node_modules路径: D:\code\cursor\looklook\node_modules, 存在: true
2025-05-24T08:09:15.263Z [TEST] 检查node_modules路径: D:\code\cursor\looklook\node_modules, 存在: true
2025-05-24T08:09:15.263Z [TEST] D:\code\cursor\looklook\node_modules 中内容: .bin, .package-lock.json, 7zip-bin, @derhuerst, @develar, @electron, @isaacs, @malept, @pkgjs, @sindresorhus, @szmarczak, @tootallnate, @types, @xmldom, agent-base, ajv, ajv-formats, ajv-keywords, ansi-regex, ansi-styles, app-builder-bin, app-builder-lib, archiver, archiver-utils, argparse, async, async-exit-hook, asynckit, at-least-node, atomically, balanced-match, base64-js, binary-search-tree, bl, bluebird, bluebird-lst, boolean, brace-expansion, buffer, buffer-crc32, buffer-equal, buffer-from, builder-util, builder-util-runtime, cacheable-lookup, cacheable-request, call-bind-apply-helpers, caseless, chalk, chownr, chromium-pickle-js, ci-info, cliui, clone-response, color-convert, color-name, combined-stream, commander, compare-version, compress-commons, concat-map, concat-stream, conf, config-file-ts, core-util-is, crc-32, crc32-stream, cross-spawn, debounce-fn, debug, decompress-response, defer-to-connect, define-data-property, define-properties, delayed-stream, detect-node, dir-compare, dmg-builder, dot-prop, dotenv, dotenv-expand, dunder-proto, eastasianwidth, ejs, electron, electron-builder, electron-builder-squirrel-windows, electron-publish, electron-store, emoji-regex, end-of-stream, env-paths, err-code, es-define-property, es-errors, es-object-atoms, es-set-tostringtag, es6-error, escalade, escape-string-regexp, extract-zip, fast-deep-equal, fast-json-stable-stringify, fast-uri, fd-slicer, ffmpeg-static, ffprobe-static, filelist, fluent-ffmpeg, foreground-child, form-data, fs-constants, fs-extra, fs-minipass, fs.realpath, function-bind, get-caller-file, get-intrinsic, get-proto, get-stream, glob, global-agent, globalthis, gopd, got, graceful-fs, has-flag, has-property-descriptors, has-symbols, has-tostringtag, hasown, hosted-git-info, http-cache-semantics, http-proxy-agent, http-response-object, http2-wrapper, https-proxy-agent, iconv-lite, ieee754, immediate, inflight, inherits, is-ci, is-fullwidth-code-point, isarray, isbinaryfile, isexe, jackspeak, jake, js-yaml, json-buffer, json-schema-traverse, json-schema-typed, json-stringify-safe, json5, jsonfile, keyv, lazy-val, lazystream, lie, localforage, lodash, lodash.defaults, lodash.difference, lodash.flatten, lodash.isplainobject, lodash.union, lowercase-keys, lru-cache, matcher, math-intrinsics, mime, mime-db, mime-types, mimic-function, mimic-response, minimatch, minimist, minipass, minizlib, mkdirp, ms, nedb, normalize-path, normalize-url, object-keys, once, p-cancelable, package-json-from-dist, parse-cache-control, path-is-absolute, path-key, path-scurry, pend, plist, process-nextick-args, progress, promise-retry, pump, punycode, quick-lru, read-config-file, readable-stream, readdir-glob, require-directory, require-from-string, resolve-alpn, responselike, retry, rimraf, roarr, safe-buffer, safer-buffer, sanitize-filename, sax, semver, semver-compare, serialize-error, shebang-command, shebang-regex, signal-exit, simple-update-notifier, source-map, source-map-support, sprintf-js, stat-mode, string-width, string-width-cjs, string_decoder, strip-ansi, strip-ansi-cjs, stubborn-fs, sumchecker, supports-color, tar, tar-stream, temp-file, tmp, tmp-promise, truncate-utf8-bytes, type-fest, typedarray, typescript, uint8array-extras, underscore, undici-types, universalify, uri-js, utf8-byte-length, util-deprecate, when-exit, which, wrap-ansi, wrap-ansi-cjs, wrappy, xmlbuilder, y18n, yallist, yargs, yargs-parser, yauzl, zip-stream
2025-05-24T08:09:15.264Z [TEST] ffmpeg-static存在于 D:\code\cursor\looklook\node_modules\ffmpeg-static
2025-05-24T08:09:15.264Z [TEST] ffmpeg-static内容: example.js, ffmpeg.exe, index.js, install.js, LICENSE, package.json, README.md, types
2025-05-24T08:09:15.264Z [TEST] ffprobe-static存在于 D:\code\cursor\looklook\node_modules\ffprobe-static
2025-05-24T08:09:15.264Z [TEST] ffprobe-static内容: bin, index.js, LICENSE, package.json, README.md, tests
2025-05-24T08:09:15.264Z [TEST] ffprobe-static/bin内容: darwin, linux, win32
2025-05-24T08:09:15.264Z [TEST] ffprobe-static/bin/win32内容: ia32, x64
2025-05-24T08:09:15.265Z [TEST] ffprobe-static/bin/win32/x64内容: ffprobe.exe
2025-05-24T08:09:15.265Z [LOG] 测试FFmpeg可执行性...
2025-05-24T08:09:15.265Z [TEST] 开始测试FFmpeg可执行性
2025-05-24T08:09:15.266Z [LOG] FFmpeg文件存在: D:\code\cursor\looklook\node_modules\ffmpeg-static\ffmpeg.exe
2025-05-24T08:09:15.266Z [TEST] FFmpeg文件存在: D:\code\cursor\looklook\node_modules\ffmpeg-static\ffmpeg.exe
2025-05-24T08:09:15.266Z [LOG] FFmpeg有执行权限
2025-05-24T08:09:15.267Z [TEST] FFmpeg有执行权限
2025-05-24T08:09:15.296Z [LOG] 测试FFprobe可执行性...
2025-05-24T08:09:15.296Z [LOG] FFprobe文件存在: D:\code\cursor\looklook\node_modules\ffprobe-static\bin\win32\x64\ffprobe.exe
2025-05-24T08:09:15.297Z [LOG] FFprobe有执行权限
2025-05-24T08:09:15.364Z [LOG] 注册IPC事件处理程序...
2025-05-24T08:09:15.364Z [LOG] IPC事件处理程序注册完成
2025-05-24T08:09:15.371Z [LOG] FFprobe执行测试成功: ffprobe version 4.0.2 Copyright (c) 2007-2018 the FFmpeg developers
2025-05-24T08:09:15.372Z [LOG] FFmpeg执行测试成功: ffmpeg version 7.1.1-essentials_build-www.gyan.dev Copyright (c) 2000-2025 the FFmpeg developers
2025-05-24T08:09:15.372Z [TEST] FFmpeg执行测试成功: ffmpeg version 7.1.1-essentials_build-www.gyan.dev Copyright (c) 2000-2025 the FFmpeg developers
2025-05-24T08:09:15.372Z [LOG] FFprobe执行测试成功: ffprobe version 4.0.2 Copyright (c) 2007-2018 the FFmpeg developers
2025-05-24T08:09:15.372Z [LOG] FFmpeg执行测试成功: ffmpeg version 7.1.1-essentials_build-www.gyan.dev Copyright (c) 2000-2025 the FFmpeg developers
2025-05-24T08:09:15.373Z [TEST] FFmpeg执行测试成功: ffmpeg version 7.1.1-essentials_build-www.gyan.dev Copyright (c) 2000-2025 the FFmpeg developers
2025-05-24T08:09:15.400Z [LOG] 已加载 12 个视频记录
2025-05-24T08:09:15.400Z [LOG] 开始检查是否存在重复视频记录...
2025-05-24T08:09:15.400Z [LOG] 没有发现重复视频记录
2025-05-24T08:09:15.401Z [LOG] 已加载枚举值[collection]: 4个
2025-05-24T08:09:15.402Z [LOG] 已加载枚举值[actors]: 0个
2025-05-24T08:09:15.402Z [LOG] 开始检查 12 个视频文件是否存在...
2025-05-24T08:09:15.416Z [LOG] 视频文件检查完成，共检查 12 个文件，发现 0 个问题
2025-05-24T08:09:15.416Z [LOG] 数据库模块初始化完成
2025-05-24T08:09:15.520Z [LOG] 处理get-videos请求
2025-05-24T08:09:15.524Z [LOG] 处理get-enum-values请求: collection
2025-05-24T08:09:15.525Z [LOG] 处理get-enum-values请求: actors
2025-05-24T08:09:15.559Z [LOG] 处理自定义协议请求: app://thumbnail/1748070913943-RDpcVXNl.jpg
2025-05-24T08:09:15.559Z [LOG] 缩略图路径: D:\code\cursor\looklook\userdata\thumbnails\1748070913943-RDpcVXNl.jpg
2025-05-24T08:09:15.560Z [LOG] 处理自定义协议请求: app://thumbnail/comp-1748073122633-f3kihgv8n6c86iyo.jpg
2025-05-24T08:09:15.560Z [LOG] 缩略图路径: D:\code\cursor\looklook\userdata\thumbnails\comp-1748073122633-f3kihgv8n6c86iyo.jpg
2025-05-24T08:09:15.561Z [LOG] 处理自定义协议请求: app://thumbnail/comp-1748072726293-i51fmaebsqt88nzo.jpg
2025-05-24T08:09:15.562Z [LOG] 缩略图路径: D:\code\cursor\looklook\userdata\thumbnails\comp-1748072726293-i51fmaebsqt88nzo.jpg
2025-05-24T08:09:15.562Z [LOG] 处理自定义协议请求: app://thumbnail/comp-1748072747057-wq4fbx0njxn8s029.jpg
2025-05-24T08:09:15.563Z [LOG] 缩略图路径: D:\code\cursor\looklook\userdata\thumbnails\comp-1748072747057-wq4fbx0njxn8s029.jpg
2025-05-24T08:09:15.563Z [LOG] 处理自定义协议请求: app://thumbnail/comp-1748072730442-ogkax688yi0cspdc.jpg
2025-05-24T08:09:15.563Z [LOG] 缩略图路径: D:\code\cursor\looklook\userdata\thumbnails\comp-1748072730442-ogkax688yi0cspdc.jpg
2025-05-24T08:09:15.564Z [LOG] 处理自定义协议请求: app://thumbnail/comp-1748072751152-ndf6a5td7g2rh9lr.jpg
2025-05-24T08:09:15.564Z [LOG] 缩略图路径: D:\code\cursor\looklook\userdata\thumbnails\comp-1748072751152-ndf6a5td7g2rh9lr.jpg
2025-05-24T08:09:15.565Z [LOG] 处理自定义协议请求: app://thumbnail/comp-1748072734525-ag0i8tsli4udj359.jpg
2025-05-24T08:09:15.565Z [LOG] 缩略图路径: D:\code\cursor\looklook\userdata\thumbnails\comp-1748072734525-ag0i8tsli4udj359.jpg
2025-05-24T08:09:15.566Z [LOG] 处理自定义协议请求: app://thumbnail/comp-1748072755241-kbf856ecf6i4lo0c.jpg
2025-05-24T08:09:15.567Z [LOG] 缩略图路径: D:\code\cursor\looklook\userdata\thumbnails\comp-1748072755241-kbf856ecf6i4lo0c.jpg
2025-05-24T08:09:15.567Z [LOG] 处理自定义协议请求: app://thumbnail/comp-1748072738637-2uf633jqrvers0jb.jpg
2025-05-24T08:09:15.567Z [LOG] 缩略图路径: D:\code\cursor\looklook\userdata\thumbnails\comp-1748072738637-2uf633jqrvers0jb.jpg
2025-05-24T08:09:15.568Z [LOG] 处理自定义协议请求: app://thumbnail/comp-1748072759364-g5cywbyun7jlop94.jpg
2025-05-24T08:09:15.568Z [LOG] 缩略图路径: D:\code\cursor\looklook\userdata\thumbnails\comp-1748072759364-g5cywbyun7jlop94.jpg
2025-05-24T08:09:15.570Z [LOG] 处理自定义协议请求: app://thumbnail/comp-1748072742770-hwtkhlvgq9qc070l.jpg
2025-05-24T08:09:15.570Z [LOG] 缩略图路径: D:\code\cursor\looklook\userdata\thumbnails\comp-1748072742770-hwtkhlvgq9qc070l.jpg
2025-05-24T08:09:15.571Z [LOG] 处理自定义协议请求: app://thumbnail/comp-1748072763454-1nlaofitsnz95hie.jpg
2025-05-24T08:09:15.571Z [LOG] 缩略图路径: D:\code\cursor\looklook\userdata\thumbnails\comp-1748072763454-1nlaofitsnz95hie.jpg
2025-05-24T08:09:15.572Z [LOG] 处理get-enum-values请求: collection
2025-05-24T08:09:15.574Z [LOG] 处理get-enum-values请求: actors
2025-05-24T08:09:22.213Z [LOG] 准备压缩 1 个视频
2025-05-24T08:09:22.213Z [COMPRESS] 准备压缩 1 个视频
2025-05-24T08:09:22.215Z [LOG] 开始处理视频: 1538673501-1-192_原文件.mp4
2025-05-24T08:09:22.215Z [COMPRESS] 开始处理视频: 1538673501-1-192_原文件.mp4
2025-05-24T08:09:22.302Z [LOG] 开始压缩视频: D:\Users\Videos\测试长视频\1538673501-1-192_原文件.mp4 -> D:\Users\Videos\测试长视频\1538673501-1-192_原文件_正在压缩.mp4
2025-05-24T08:09:22.302Z [COMPRESS] 开始压缩视频: D:\Users\Videos\测试长视频\1538673501-1-192_原文件.mp4 -> D:\Users\Videos\测试长视频\1538673501-1-192_原文件_正在压缩.mp4
2025-05-24T08:09:22.302Z [PATH] 尝试获取FFmpeg路径
2025-05-24T08:09:22.303Z [LOG] 使用配置的FFmpeg路径: D:\code\cursor\looklook\node_modules\ffmpeg-static\ffmpeg.exe
2025-05-24T08:09:22.303Z [PATH] 使用配置的FFmpeg路径: D:\code\cursor\looklook\node_modules\ffmpeg-static\ffmpeg.exe
2025-05-24T08:09:22.303Z [LOG] ffmpeg命令: D:\code\cursor\looklook\node_modules\ffmpeg-static\ffmpeg.exe -i D:\Users\Videos\测试长视频\1538673501-1-192_原文件.mp4 -c:v libx265 -crf 28 -preset medium -c:a aac -b:a 128k -movflags +faststart -pix_fmt yuv420p -y D:\Users\Videos\测试长视频\1538673501-1-192_原文件_正在压缩.mp4
2025-05-24T08:09:22.303Z [COMPRESS] ffmpeg命令: D:\code\cursor\looklook\node_modules\ffmpeg-static\ffmpeg.exe -i D:\Users\Videos\测试长视频\1538673501-1-192_原文件.mp4 -c:v libx265 -crf 28 -preset medium -c:a aac -b:a 128k -movflags +faststart -pix_fmt yuv420p -y D:\Users\Videos\测试长视频\1538673501-1-192_原文件_正在压缩.mp4
2025-05-24T08:09:28.926Z [LOG] 用户暂停压缩视频
2025-05-24T08:09:28.926Z [COMPRESS] 用户暂停压缩视频
2025-05-24T08:09:28.927Z [LOG] 终止当前压缩进程: 1538673501-1-192_原文件.mp4
2025-05-24T08:09:28.927Z [COMPRESS] 终止当前压缩进程: 1538673501-1-192_原文件.mp4
2025-05-24T08:09:28.975Z [LOG] 压缩已暂停，将当前任务重新加入队列
2025-05-24T08:09:28.975Z [COMPRESS] 压缩已暂停，将当前任务重新加入队列
2025-05-24T08:09:28.976Z [LOG] 已删除临时文件: D:\Users\Videos\测试长视频\1538673501-1-192_原文件_正在压缩.mp4
2025-05-24T08:09:28.976Z [COMPRESS] 已删除临时文件: D:\Users\Videos\测试长视频\1538673501-1-192_原文件_正在压缩.mp4
2025-05-24T08:09:29.384Z [LOG] 用户取消批量压缩任务
2025-05-24T08:09:29.384Z [COMPRESS] 用户取消批量压缩任务
2025-05-24T08:12:15.740Z 日志开始 - 2025-05-24T08:12:15.740Z - 应用版本: 2.1.2 - 运行环境: 开发环境
2025-05-24T08:12:15.740Z 系统信息: win32 x64 - Node.js 18.18.2
2025-05-24T08:12:15.740Z App路径: D:\code\cursor\looklook
2025-05-24T08:12:15.741Z 可执行文件路径: D:\code\cursor\looklook\node_modules\electron\dist\electron.exe
2025-05-24T08:12:15.741Z [LOG] 日志文件已创建: D:\code\cursor\looklook\userdata\logs\app-2025-05-24.log
2025-05-24T08:12:15.741Z [ERROR] 设置控制台编码失败: process.stdout.setEncoding is not a function
2025-05-24T08:12:15.742Z [LOG] 应用准备就绪
2025-05-24T08:12:15.742Z [ENV] 运行模式: 开发环境
2025-05-24T08:12:15.742Z [ENV] 应用路径: D:\code\cursor\looklook
2025-05-24T08:12:15.742Z [ENV] 可执行文件路径: D:\code\cursor\looklook\node_modules\electron\dist\electron.exe
2025-05-24T08:12:15.742Z [ENV] 用户数据路径: D:\code\cursor\looklook\userdata
2025-05-24T08:12:15.742Z [FFMPEG_COPY] 开发环境中无需复制FFmpeg和FFprobe
2025-05-24T08:12:15.743Z [LOG] 用户数据目录: D:\code\cursor\looklook\userdata
2025-05-24T08:12:15.743Z [LOG] 缩略图目录: D:\code\cursor\looklook\userdata\thumbnails
2025-05-24T08:12:15.743Z [LOG] 设置文件已存在，无需创建默认设置
2025-05-24T08:12:15.747Z [LOG] 打包状态: 开发环境
2025-05-24T08:12:15.747Z [LOG] App Path: D:\code\cursor\looklook
2025-05-24T08:12:15.747Z [LOG] Exe Path: D:\code\cursor\looklook\node_modules\electron\dist\electron.exe
2025-05-24T08:12:15.749Z [LOG] 应用目录: D:\code\cursor\looklook\node_modules\electron\dist
2025-05-24T08:12:15.749Z [LOG] 资源目录: D:\code\cursor\looklook\node_modules\electron\dist\resources
2025-05-24T08:12:15.749Z [TEST] 开始测试FFmpeg和FFprobe可执行性
2025-05-24T08:12:15.750Z [TEST] 打包状态: 开发环境
2025-05-24T08:12:15.750Z [TEST] App路径: D:\code\cursor\looklook
2025-05-24T08:12:15.750Z [TEST] 可执行文件路径: D:\code\cursor\looklook\node_modules\electron\dist\electron.exe
2025-05-24T08:12:15.750Z [TEST] 应用目录: D:\code\cursor\looklook\node_modules\electron\dist
2025-05-24T08:12:15.750Z [TEST] 资源目录: D:\code\cursor\looklook\node_modules\electron\dist\resources
2025-05-24T08:12:15.751Z [LOG] 检查node_modules路径: D:\code\cursor\looklook\node_modules\electron\dist\resources\node_modules, 存在: false
2025-05-24T08:12:15.751Z [TEST] 检查node_modules路径: D:\code\cursor\looklook\node_modules\electron\dist\resources\node_modules, 存在: false
2025-05-24T08:12:15.752Z [LOG] 检查node_modules路径: D:\code\cursor\looklook\node_modules\electron\dist\node_modules, 存在: false
2025-05-24T08:12:15.752Z [TEST] 检查node_modules路径: D:\code\cursor\looklook\node_modules\electron\dist\node_modules, 存在: false
2025-05-24T08:12:15.752Z [LOG] 检查node_modules路径: D:\code\cursor\looklook\node_modules, 存在: true
2025-05-24T08:12:15.752Z [TEST] 检查node_modules路径: D:\code\cursor\looklook\node_modules, 存在: true
2025-05-24T08:12:15.753Z [TEST] D:\code\cursor\looklook\node_modules 中内容: .bin, .package-lock.json, 7zip-bin, @derhuerst, @develar, @electron, @isaacs, @malept, @pkgjs, @sindresorhus, @szmarczak, @tootallnate, @types, @xmldom, agent-base, ajv, ajv-formats, ajv-keywords, ansi-regex, ansi-styles, app-builder-bin, app-builder-lib, archiver, archiver-utils, argparse, async, async-exit-hook, asynckit, at-least-node, atomically, balanced-match, base64-js, binary-search-tree, bl, bluebird, bluebird-lst, boolean, brace-expansion, buffer, buffer-crc32, buffer-equal, buffer-from, builder-util, builder-util-runtime, cacheable-lookup, cacheable-request, call-bind-apply-helpers, caseless, chalk, chownr, chromium-pickle-js, ci-info, cliui, clone-response, color-convert, color-name, combined-stream, commander, compare-version, compress-commons, concat-map, concat-stream, conf, config-file-ts, core-util-is, crc-32, crc32-stream, cross-spawn, debounce-fn, debug, decompress-response, defer-to-connect, define-data-property, define-properties, delayed-stream, detect-node, dir-compare, dmg-builder, dot-prop, dotenv, dotenv-expand, dunder-proto, eastasianwidth, ejs, electron, electron-builder, electron-builder-squirrel-windows, electron-publish, electron-store, emoji-regex, end-of-stream, env-paths, err-code, es-define-property, es-errors, es-object-atoms, es-set-tostringtag, es6-error, escalade, escape-string-regexp, extract-zip, fast-deep-equal, fast-json-stable-stringify, fast-uri, fd-slicer, ffmpeg-static, ffprobe-static, filelist, fluent-ffmpeg, foreground-child, form-data, fs-constants, fs-extra, fs-minipass, fs.realpath, function-bind, get-caller-file, get-intrinsic, get-proto, get-stream, glob, global-agent, globalthis, gopd, got, graceful-fs, has-flag, has-property-descriptors, has-symbols, has-tostringtag, hasown, hosted-git-info, http-cache-semantics, http-proxy-agent, http-response-object, http2-wrapper, https-proxy-agent, iconv-lite, ieee754, immediate, inflight, inherits, is-ci, is-fullwidth-code-point, isarray, isbinaryfile, isexe, jackspeak, jake, js-yaml, json-buffer, json-schema-traverse, json-schema-typed, json-stringify-safe, json5, jsonfile, keyv, lazy-val, lazystream, lie, localforage, lodash, lodash.defaults, lodash.difference, lodash.flatten, lodash.isplainobject, lodash.union, lowercase-keys, lru-cache, matcher, math-intrinsics, mime, mime-db, mime-types, mimic-function, mimic-response, minimatch, minimist, minipass, minizlib, mkdirp, ms, nedb, normalize-path, normalize-url, object-keys, once, p-cancelable, package-json-from-dist, parse-cache-control, path-is-absolute, path-key, path-scurry, pend, plist, process-nextick-args, progress, promise-retry, pump, punycode, quick-lru, read-config-file, readable-stream, readdir-glob, require-directory, require-from-string, resolve-alpn, responselike, retry, rimraf, roarr, safe-buffer, safer-buffer, sanitize-filename, sax, semver, semver-compare, serialize-error, shebang-command, shebang-regex, signal-exit, simple-update-notifier, source-map, source-map-support, sprintf-js, stat-mode, string-width, string-width-cjs, string_decoder, strip-ansi, strip-ansi-cjs, stubborn-fs, sumchecker, supports-color, tar, tar-stream, temp-file, tmp, tmp-promise, truncate-utf8-bytes, type-fest, typedarray, typescript, uint8array-extras, underscore, undici-types, universalify, uri-js, utf8-byte-length, util-deprecate, when-exit, which, wrap-ansi, wrap-ansi-cjs, wrappy, xmlbuilder, y18n, yallist, yargs, yargs-parser, yauzl, zip-stream
2025-05-24T08:12:15.753Z [TEST] ffmpeg-static存在于 D:\code\cursor\looklook\node_modules\ffmpeg-static
2025-05-24T08:12:15.753Z [TEST] ffmpeg-static内容: example.js, ffmpeg.exe, index.js, install.js, LICENSE, package.json, README.md, types
2025-05-24T08:12:15.753Z [TEST] ffprobe-static存在于 D:\code\cursor\looklook\node_modules\ffprobe-static
2025-05-24T08:12:15.753Z [TEST] ffprobe-static内容: bin, index.js, LICENSE, package.json, README.md, tests
2025-05-24T08:12:15.753Z [TEST] ffprobe-static/bin内容: darwin, linux, win32
2025-05-24T08:12:15.754Z [TEST] ffprobe-static/bin/win32内容: ia32, x64
2025-05-24T08:12:15.754Z [TEST] ffprobe-static/bin/win32/x64内容: ffprobe.exe
2025-05-24T08:12:15.754Z [LOG] 测试FFmpeg可执行性...
2025-05-24T08:12:15.754Z [TEST] 开始测试FFmpeg可执行性
2025-05-24T08:12:15.755Z [LOG] FFmpeg文件存在: D:\code\cursor\looklook\node_modules\ffmpeg-static\ffmpeg.exe
2025-05-24T08:12:15.755Z [TEST] FFmpeg文件存在: D:\code\cursor\looklook\node_modules\ffmpeg-static\ffmpeg.exe
2025-05-24T08:12:15.755Z [LOG] FFmpeg有执行权限
2025-05-24T08:12:15.755Z [TEST] FFmpeg有执行权限
2025-05-24T08:12:15.785Z [LOG] 测试FFprobe可执行性...
2025-05-24T08:12:15.786Z [LOG] FFprobe文件存在: D:\code\cursor\looklook\node_modules\ffprobe-static\bin\win32\x64\ffprobe.exe
2025-05-24T08:12:15.786Z [LOG] FFprobe有执行权限
2025-05-24T08:12:15.856Z [LOG] 注册IPC事件处理程序...
2025-05-24T08:12:15.857Z [LOG] IPC事件处理程序注册完成
2025-05-24T08:12:15.863Z [LOG] FFprobe执行测试成功: ffprobe version 4.0.2 Copyright (c) 2007-2018 the FFmpeg developers
2025-05-24T08:12:15.864Z [LOG] FFmpeg执行测试成功: ffmpeg version 7.1.1-essentials_build-www.gyan.dev Copyright (c) 2000-2025 the FFmpeg developers
2025-05-24T08:12:15.864Z [TEST] FFmpeg执行测试成功: ffmpeg version 7.1.1-essentials_build-www.gyan.dev Copyright (c) 2000-2025 the FFmpeg developers
2025-05-24T08:12:15.864Z [LOG] FFprobe执行测试成功: ffprobe version 4.0.2 Copyright (c) 2007-2018 the FFmpeg developers
2025-05-24T08:12:15.865Z [LOG] FFmpeg执行测试成功: ffmpeg version 7.1.1-essentials_build-www.gyan.dev Copyright (c) 2000-2025 the FFmpeg developers
2025-05-24T08:12:15.865Z [TEST] FFmpeg执行测试成功: ffmpeg version 7.1.1-essentials_build-www.gyan.dev Copyright (c) 2000-2025 the FFmpeg developers
2025-05-24T08:12:15.893Z [LOG] 已加载 12 个视频记录
2025-05-24T08:12:15.893Z [LOG] 开始检查是否存在重复视频记录...
2025-05-24T08:12:15.894Z [LOG] 没有发现重复视频记录
2025-05-24T08:12:15.894Z [LOG] 已加载枚举值[collection]: 4个
2025-05-24T08:12:15.895Z [LOG] 已加载枚举值[actors]: 0个
2025-05-24T08:12:15.895Z [LOG] 开始检查 12 个视频文件是否存在...
2025-05-24T08:12:15.913Z [LOG] 视频文件检查完成，共检查 12 个文件，发现 0 个问题
2025-05-24T08:12:15.913Z [LOG] 数据库模块初始化完成
2025-05-24T08:12:16.017Z [LOG] 处理get-videos请求
2025-05-24T08:12:16.021Z [LOG] 处理get-enum-values请求: collection
2025-05-24T08:12:16.021Z [LOG] 处理get-enum-values请求: actors
2025-05-24T08:12:16.039Z [LOG] 处理自定义协议请求: app://thumbnail/1748070913943-RDpcVXNl.jpg
2025-05-24T08:12:16.039Z [LOG] 缩略图路径: D:\code\cursor\looklook\userdata\thumbnails\1748070913943-RDpcVXNl.jpg
2025-05-24T08:12:16.040Z [LOG] 处理get-enum-values请求: collection
2025-05-24T08:12:16.040Z [LOG] 处理自定义协议请求: app://thumbnail/comp-1748073122633-f3kihgv8n6c86iyo.jpg
2025-05-24T08:12:16.040Z [LOG] 缩略图路径: D:\code\cursor\looklook\userdata\thumbnails\comp-1748073122633-f3kihgv8n6c86iyo.jpg
2025-05-24T08:12:16.041Z [LOG] 处理get-enum-values请求: actors
2025-05-24T08:12:16.041Z [LOG] 处理自定义协议请求: app://thumbnail/comp-1748072726293-i51fmaebsqt88nzo.jpg
2025-05-24T08:12:16.042Z [LOG] 缩略图路径: D:\code\cursor\looklook\userdata\thumbnails\comp-1748072726293-i51fmaebsqt88nzo.jpg
2025-05-24T08:12:16.042Z [LOG] 处理自定义协议请求: app://thumbnail/comp-1748072747057-wq4fbx0njxn8s029.jpg
2025-05-24T08:12:16.043Z [LOG] 缩略图路径: D:\code\cursor\looklook\userdata\thumbnails\comp-1748072747057-wq4fbx0njxn8s029.jpg
2025-05-24T08:12:16.044Z [LOG] 处理自定义协议请求: app://thumbnail/comp-1748072730442-ogkax688yi0cspdc.jpg
2025-05-24T08:12:16.044Z [LOG] 缩略图路径: D:\code\cursor\looklook\userdata\thumbnails\comp-1748072730442-ogkax688yi0cspdc.jpg
2025-05-24T08:12:16.045Z [LOG] 处理自定义协议请求: app://thumbnail/comp-1748072751152-ndf6a5td7g2rh9lr.jpg
2025-05-24T08:12:16.046Z [LOG] 缩略图路径: D:\code\cursor\looklook\userdata\thumbnails\comp-1748072751152-ndf6a5td7g2rh9lr.jpg
2025-05-24T08:12:16.046Z [LOG] 处理自定义协议请求: app://thumbnail/comp-1748072734525-ag0i8tsli4udj359.jpg
2025-05-24T08:12:16.047Z [LOG] 缩略图路径: D:\code\cursor\looklook\userdata\thumbnails\comp-1748072734525-ag0i8tsli4udj359.jpg
2025-05-24T08:12:16.048Z [LOG] 处理自定义协议请求: app://thumbnail/comp-1748072755241-kbf856ecf6i4lo0c.jpg
2025-05-24T08:12:16.048Z [LOG] 缩略图路径: D:\code\cursor\looklook\userdata\thumbnails\comp-1748072755241-kbf856ecf6i4lo0c.jpg
2025-05-24T08:12:16.049Z [LOG] 处理自定义协议请求: app://thumbnail/comp-1748072738637-2uf633jqrvers0jb.jpg
2025-05-24T08:12:16.049Z [LOG] 缩略图路径: D:\code\cursor\looklook\userdata\thumbnails\comp-1748072738637-2uf633jqrvers0jb.jpg
2025-05-24T08:12:16.050Z [LOG] 处理自定义协议请求: app://thumbnail/comp-1748072759364-g5cywbyun7jlop94.jpg
2025-05-24T08:12:16.050Z [LOG] 缩略图路径: D:\code\cursor\looklook\userdata\thumbnails\comp-1748072759364-g5cywbyun7jlop94.jpg
2025-05-24T08:12:16.051Z [LOG] 处理自定义协议请求: app://thumbnail/comp-1748072742770-hwtkhlvgq9qc070l.jpg
2025-05-24T08:12:16.051Z [LOG] 缩略图路径: D:\code\cursor\looklook\userdata\thumbnails\comp-1748072742770-hwtkhlvgq9qc070l.jpg
2025-05-24T08:12:16.052Z [LOG] 处理自定义协议请求: app://thumbnail/comp-1748072763454-1nlaofitsnz95hie.jpg
2025-05-24T08:12:16.052Z [LOG] 缩略图路径: D:\code\cursor\looklook\userdata\thumbnails\comp-1748072763454-1nlaofitsnz95hie.jpg
2025-05-24T08:12:21.059Z [LOG] 准备压缩 1 个视频
2025-05-24T08:12:21.060Z [COMPRESS] 准备压缩 1 个视频
2025-05-24T08:12:21.061Z [LOG] 开始处理视频: 1538673501-1-192_原文件.mp4
2025-05-24T08:12:21.061Z [COMPRESS] 开始处理视频: 1538673501-1-192_原文件.mp4
2025-05-24T08:12:21.167Z [LOG] 开始压缩视频: D:\Users\Videos\测试长视频\1538673501-1-192_原文件.mp4 -> D:\Users\Videos\测试长视频\1538673501-1-192_原文件_正在压缩.mp4
2025-05-24T08:12:21.167Z [COMPRESS] 开始压缩视频: D:\Users\Videos\测试长视频\1538673501-1-192_原文件.mp4 -> D:\Users\Videos\测试长视频\1538673501-1-192_原文件_正在压缩.mp4
2025-05-24T08:12:21.167Z [PATH] 尝试获取FFmpeg路径
2025-05-24T08:12:21.167Z [LOG] 使用配置的FFmpeg路径: D:\code\cursor\looklook\node_modules\ffmpeg-static\ffmpeg.exe
2025-05-24T08:12:21.168Z [PATH] 使用配置的FFmpeg路径: D:\code\cursor\looklook\node_modules\ffmpeg-static\ffmpeg.exe
2025-05-24T08:12:21.168Z [LOG] ffmpeg命令: D:\code\cursor\looklook\node_modules\ffmpeg-static\ffmpeg.exe -i D:\Users\Videos\测试长视频\1538673501-1-192_原文件.mp4 -c:v libx265 -crf 28 -preset medium -c:a aac -b:a 128k -movflags +faststart -pix_fmt yuv420p -y D:\Users\Videos\测试长视频\1538673501-1-192_原文件_正在压缩.mp4
2025-05-24T08:12:21.168Z [COMPRESS] ffmpeg命令: D:\code\cursor\looklook\node_modules\ffmpeg-static\ffmpeg.exe -i D:\Users\Videos\测试长视频\1538673501-1-192_原文件.mp4 -c:v libx265 -crf 28 -preset medium -c:a aac -b:a 128k -movflags +faststart -pix_fmt yuv420p -y D:\Users\Videos\测试长视频\1538673501-1-192_原文件_正在压缩.mp4
2025-05-24T08:12:29.871Z [LOG] 用户暂停压缩视频
2025-05-24T08:12:29.872Z [COMPRESS] 用户暂停压缩视频
2025-05-24T08:12:29.872Z [LOG] 终止当前压缩进程: 1538673501-1-192_原文件.mp4
2025-05-24T08:12:29.872Z [COMPRESS] 终止当前压缩进程: 1538673501-1-192_原文件.mp4
2025-05-24T08:12:29.921Z [LOG] 压缩已暂停，将当前任务重新加入队列
2025-05-24T08:12:29.921Z [COMPRESS] 压缩已暂停，将当前任务重新加入队列
2025-05-24T08:12:29.922Z [LOG] 已删除临时文件: D:\Users\Videos\测试长视频\1538673501-1-192_原文件_正在压缩.mp4
2025-05-24T08:12:29.922Z [COMPRESS] 已删除临时文件: D:\Users\Videos\测试长视频\1538673501-1-192_原文件_正在压缩.mp4
2025-05-24T08:12:30.371Z [LOG] 用户取消批量压缩任务
2025-05-24T08:12:30.371Z [COMPRESS] 用户取消批量压缩任务
2025-05-24T08:46:54.559Z 日志开始 - 2025-05-24T08:46:54.559Z - 应用版本: 2.1.2 - 运行环境: 开发环境
2025-05-24T08:46:54.559Z 系统信息: win32 x64 - Node.js 18.18.2
2025-05-24T08:46:54.560Z App路径: D:\code\cursor\looklook
2025-05-24T08:46:54.560Z 可执行文件路径: D:\code\cursor\looklook\node_modules\electron\dist\electron.exe
2025-05-24T08:46:54.560Z [LOG] 日志文件已创建: D:\code\cursor\looklook\userdata\logs\app-2025-05-24.log
2025-05-24T08:46:54.561Z [ERROR] 设置控制台编码失败: process.stdout.setEncoding is not a function
2025-05-24T08:46:54.561Z [LOG] 应用准备就绪
2025-05-24T08:46:54.561Z [ENV] 运行模式: 开发环境
2025-05-24T08:46:54.561Z [ENV] 应用路径: D:\code\cursor\looklook
2025-05-24T08:46:54.561Z [ENV] 可执行文件路径: D:\code\cursor\looklook\node_modules\electron\dist\electron.exe
2025-05-24T08:46:54.561Z [ENV] 用户数据路径: D:\code\cursor\looklook\userdata
2025-05-24T08:46:54.562Z [FFMPEG_COPY] 开发环境中无需复制FFmpeg和FFprobe
2025-05-24T08:46:54.562Z [LOG] 用户数据目录: D:\code\cursor\looklook\userdata
2025-05-24T08:46:54.562Z [LOG] 缩略图目录: D:\code\cursor\looklook\userdata\thumbnails
2025-05-24T08:46:54.563Z [LOG] 设置文件已存在，无需创建默认设置
2025-05-24T08:46:54.567Z [LOG] 打包状态: 开发环境
2025-05-24T08:46:54.567Z [LOG] App Path: D:\code\cursor\looklook
2025-05-24T08:46:54.568Z [LOG] Exe Path: D:\code\cursor\looklook\node_modules\electron\dist\electron.exe
2025-05-24T08:46:54.568Z [LOG] 应用目录: D:\code\cursor\looklook\node_modules\electron\dist
2025-05-24T08:46:54.568Z [LOG] 资源目录: D:\code\cursor\looklook\node_modules\electron\dist\resources
2025-05-24T08:46:54.568Z [TEST] 开始测试FFmpeg和FFprobe可执行性
2025-05-24T08:46:54.568Z [TEST] 打包状态: 开发环境
2025-05-24T08:46:54.569Z [TEST] App路径: D:\code\cursor\looklook
2025-05-24T08:46:54.569Z [TEST] 可执行文件路径: D:\code\cursor\looklook\node_modules\electron\dist\electron.exe
2025-05-24T08:46:54.569Z [TEST] 应用目录: D:\code\cursor\looklook\node_modules\electron\dist
2025-05-24T08:46:54.569Z [TEST] 资源目录: D:\code\cursor\looklook\node_modules\electron\dist\resources
2025-05-24T08:46:54.570Z [LOG] 检查node_modules路径: D:\code\cursor\looklook\node_modules\electron\dist\resources\node_modules, 存在: false
2025-05-24T08:46:54.570Z [TEST] 检查node_modules路径: D:\code\cursor\looklook\node_modules\electron\dist\resources\node_modules, 存在: false
2025-05-24T08:46:54.571Z [LOG] 检查node_modules路径: D:\code\cursor\looklook\node_modules\electron\dist\node_modules, 存在: false
2025-05-24T08:46:54.571Z [TEST] 检查node_modules路径: D:\code\cursor\looklook\node_modules\electron\dist\node_modules, 存在: false
2025-05-24T08:46:54.571Z [LOG] 检查node_modules路径: D:\code\cursor\looklook\node_modules, 存在: true
2025-05-24T08:46:54.571Z [TEST] 检查node_modules路径: D:\code\cursor\looklook\node_modules, 存在: true
2025-05-24T08:46:54.572Z [TEST] D:\code\cursor\looklook\node_modules 中内容: .bin, .package-lock.json, 7zip-bin, @derhuerst, @develar, @electron, @isaacs, @malept, @pkgjs, @sindresorhus, @szmarczak, @tootallnate, @types, @xmldom, agent-base, ajv, ajv-formats, ajv-keywords, ansi-regex, ansi-styles, app-builder-bin, app-builder-lib, archiver, archiver-utils, argparse, async, async-exit-hook, asynckit, at-least-node, atomically, balanced-match, base64-js, binary-search-tree, bl, bluebird, bluebird-lst, boolean, brace-expansion, buffer, buffer-crc32, buffer-equal, buffer-from, builder-util, builder-util-runtime, cacheable-lookup, cacheable-request, call-bind-apply-helpers, caseless, chalk, chownr, chromium-pickle-js, ci-info, cliui, clone-response, color-convert, color-name, combined-stream, commander, compare-version, compress-commons, concat-map, concat-stream, conf, config-file-ts, core-util-is, crc-32, crc32-stream, cross-spawn, debounce-fn, debug, decompress-response, defer-to-connect, define-data-property, define-properties, delayed-stream, detect-node, dir-compare, dmg-builder, dot-prop, dotenv, dotenv-expand, dunder-proto, eastasianwidth, ejs, electron, electron-builder, electron-builder-squirrel-windows, electron-publish, electron-store, emoji-regex, end-of-stream, env-paths, err-code, es-define-property, es-errors, es-object-atoms, es-set-tostringtag, es6-error, escalade, escape-string-regexp, extract-zip, fast-deep-equal, fast-json-stable-stringify, fast-uri, fd-slicer, ffmpeg-static, ffprobe-static, filelist, fluent-ffmpeg, foreground-child, form-data, fs-constants, fs-extra, fs-minipass, fs.realpath, function-bind, get-caller-file, get-intrinsic, get-proto, get-stream, glob, global-agent, globalthis, gopd, got, graceful-fs, has-flag, has-property-descriptors, has-symbols, has-tostringtag, hasown, hosted-git-info, http-cache-semantics, http-proxy-agent, http-response-object, http2-wrapper, https-proxy-agent, iconv-lite, ieee754, immediate, inflight, inherits, is-ci, is-fullwidth-code-point, isarray, isbinaryfile, isexe, jackspeak, jake, js-yaml, json-buffer, json-schema-traverse, json-schema-typed, json-stringify-safe, json5, jsonfile, keyv, lazy-val, lazystream, lie, localforage, lodash, lodash.defaults, lodash.difference, lodash.flatten, lodash.isplainobject, lodash.union, lowercase-keys, lru-cache, matcher, math-intrinsics, mime, mime-db, mime-types, mimic-function, mimic-response, minimatch, minimist, minipass, minizlib, mkdirp, ms, nedb, normalize-path, normalize-url, object-keys, once, p-cancelable, package-json-from-dist, parse-cache-control, path-is-absolute, path-key, path-scurry, pend, plist, process-nextick-args, progress, promise-retry, pump, punycode, quick-lru, read-config-file, readable-stream, readdir-glob, require-directory, require-from-string, resolve-alpn, responselike, retry, rimraf, roarr, safe-buffer, safer-buffer, sanitize-filename, sax, semver, semver-compare, serialize-error, shebang-command, shebang-regex, signal-exit, simple-update-notifier, source-map, source-map-support, sprintf-js, stat-mode, string-width, string-width-cjs, string_decoder, strip-ansi, strip-ansi-cjs, stubborn-fs, sumchecker, supports-color, tar, tar-stream, temp-file, tmp, tmp-promise, truncate-utf8-bytes, type-fest, typedarray, typescript, uint8array-extras, underscore, undici-types, universalify, uri-js, utf8-byte-length, util-deprecate, when-exit, which, wrap-ansi, wrap-ansi-cjs, wrappy, xmlbuilder, y18n, yallist, yargs, yargs-parser, yauzl, zip-stream
2025-05-24T08:46:54.572Z [TEST] ffmpeg-static存在于 D:\code\cursor\looklook\node_modules\ffmpeg-static
2025-05-24T08:46:54.572Z [TEST] ffmpeg-static内容: example.js, ffmpeg.exe, index.js, install.js, LICENSE, package.json, README.md, types
2025-05-24T08:46:54.573Z [TEST] ffprobe-static存在于 D:\code\cursor\looklook\node_modules\ffprobe-static
2025-05-24T08:46:54.573Z [TEST] ffprobe-static内容: bin, index.js, LICENSE, package.json, README.md, tests
2025-05-24T08:46:54.573Z [TEST] ffprobe-static/bin内容: darwin, linux, win32
2025-05-24T08:46:54.573Z [TEST] ffprobe-static/bin/win32内容: ia32, x64
2025-05-24T08:46:54.574Z [TEST] ffprobe-static/bin/win32/x64内容: ffprobe.exe
2025-05-24T08:46:54.574Z [LOG] 测试FFmpeg可执行性...
2025-05-24T08:46:54.574Z [TEST] 开始测试FFmpeg可执行性
2025-05-24T08:46:54.574Z [LOG] FFmpeg文件存在: D:\code\cursor\looklook\node_modules\ffmpeg-static\ffmpeg.exe
2025-05-24T08:46:54.574Z [TEST] FFmpeg文件存在: D:\code\cursor\looklook\node_modules\ffmpeg-static\ffmpeg.exe
2025-05-24T08:46:54.575Z [LOG] FFmpeg有执行权限
2025-05-24T08:46:54.575Z [TEST] FFmpeg有执行权限
2025-05-24T08:46:54.606Z [LOG] 测试FFprobe可执行性...
2025-05-24T08:46:54.607Z [LOG] FFprobe文件存在: D:\code\cursor\looklook\node_modules\ffprobe-static\bin\win32\x64\ffprobe.exe
2025-05-24T08:46:54.607Z [LOG] FFprobe有执行权限
2025-05-24T08:46:54.673Z [LOG] 注册IPC事件处理程序...
2025-05-24T08:46:54.674Z [LOG] IPC事件处理程序注册完成
2025-05-24T08:46:54.677Z [LOG] FFprobe执行测试成功: ffprobe version 4.0.2 Copyright (c) 2007-2018 the FFmpeg developers
2025-05-24T08:46:54.678Z [LOG] FFmpeg执行测试成功: ffmpeg version 7.1.1-essentials_build-www.gyan.dev Copyright (c) 2000-2025 the FFmpeg developers
2025-05-24T08:46:54.678Z [TEST] FFmpeg执行测试成功: ffmpeg version 7.1.1-essentials_build-www.gyan.dev Copyright (c) 2000-2025 the FFmpeg developers
2025-05-24T08:46:54.678Z [LOG] FFprobe执行测试成功: ffprobe version 4.0.2 Copyright (c) 2007-2018 the FFmpeg developers
2025-05-24T08:46:54.679Z [LOG] FFmpeg执行测试成功: ffmpeg version 7.1.1-essentials_build-www.gyan.dev Copyright (c) 2000-2025 the FFmpeg developers
2025-05-24T08:46:54.679Z [TEST] FFmpeg执行测试成功: ffmpeg version 7.1.1-essentials_build-www.gyan.dev Copyright (c) 2000-2025 the FFmpeg developers
2025-05-24T08:46:54.705Z [LOG] 已加载 12 个视频记录
2025-05-24T08:46:54.705Z [LOG] 开始检查是否存在重复视频记录...
2025-05-24T08:46:54.706Z [LOG] 没有发现重复视频记录
2025-05-24T08:46:54.707Z [LOG] 已加载枚举值[collection]: 4个
2025-05-24T08:46:54.707Z [LOG] 已加载枚举值[actors]: 0个
2025-05-24T08:46:54.708Z [LOG] 开始检查 12 个视频文件是否存在...
2025-05-24T08:46:54.729Z [LOG] 视频文件检查完成，共检查 12 个文件，发现 0 个问题
2025-05-24T08:46:54.729Z [LOG] 数据库模块初始化完成
2025-05-24T08:46:54.831Z [LOG] 处理get-videos请求
2025-05-24T08:46:54.834Z [LOG] 处理get-enum-values请求: collection
2025-05-24T08:46:54.835Z [LOG] 处理get-enum-values请求: actors
2025-05-24T08:46:54.872Z [LOG] 处理get-enum-values请求: collection
2025-05-24T08:46:54.873Z [LOG] 处理自定义协议请求: app://thumbnail/1748070913943-RDpcVXNl.jpg
2025-05-24T08:46:54.874Z [LOG] 缩略图路径: D:\code\cursor\looklook\userdata\thumbnails\1748070913943-RDpcVXNl.jpg
2025-05-24T08:46:54.875Z [LOG] 处理get-enum-values请求: actors
2025-05-24T08:46:54.875Z [LOG] 处理自定义协议请求: app://thumbnail/comp-1748073122633-f3kihgv8n6c86iyo.jpg
2025-05-24T08:46:54.876Z [LOG] 缩略图路径: D:\code\cursor\looklook\userdata\thumbnails\comp-1748073122633-f3kihgv8n6c86iyo.jpg
2025-05-24T08:46:54.877Z [LOG] 处理自定义协议请求: app://thumbnail/comp-1748072726293-i51fmaebsqt88nzo.jpg
2025-05-24T08:46:54.878Z [LOG] 缩略图路径: D:\code\cursor\looklook\userdata\thumbnails\comp-1748072726293-i51fmaebsqt88nzo.jpg
2025-05-24T08:46:54.878Z [LOG] 处理自定义协议请求: app://thumbnail/comp-1748072747057-wq4fbx0njxn8s029.jpg
2025-05-24T08:46:54.879Z [LOG] 缩略图路径: D:\code\cursor\looklook\userdata\thumbnails\comp-1748072747057-wq4fbx0njxn8s029.jpg
2025-05-24T08:46:54.879Z [LOG] 处理自定义协议请求: app://thumbnail/comp-1748072730442-ogkax688yi0cspdc.jpg
2025-05-24T08:46:54.879Z [LOG] 缩略图路径: D:\code\cursor\looklook\userdata\thumbnails\comp-1748072730442-ogkax688yi0cspdc.jpg
2025-05-24T08:46:54.880Z [LOG] 处理自定义协议请求: app://thumbnail/comp-1748072751152-ndf6a5td7g2rh9lr.jpg
2025-05-24T08:46:54.880Z [LOG] 缩略图路径: D:\code\cursor\looklook\userdata\thumbnails\comp-1748072751152-ndf6a5td7g2rh9lr.jpg
2025-05-24T08:46:54.881Z [LOG] 处理自定义协议请求: app://thumbnail/comp-1748072734525-ag0i8tsli4udj359.jpg
2025-05-24T08:46:54.881Z [LOG] 缩略图路径: D:\code\cursor\looklook\userdata\thumbnails\comp-1748072734525-ag0i8tsli4udj359.jpg
2025-05-24T08:46:54.881Z [LOG] 处理自定义协议请求: app://thumbnail/comp-1748072755241-kbf856ecf6i4lo0c.jpg
2025-05-24T08:46:54.882Z [LOG] 缩略图路径: D:\code\cursor\looklook\userdata\thumbnails\comp-1748072755241-kbf856ecf6i4lo0c.jpg
2025-05-24T08:46:54.882Z [LOG] 处理自定义协议请求: app://thumbnail/comp-1748072738637-2uf633jqrvers0jb.jpg
2025-05-24T08:46:54.882Z [LOG] 缩略图路径: D:\code\cursor\looklook\userdata\thumbnails\comp-1748072738637-2uf633jqrvers0jb.jpg
2025-05-24T08:46:54.883Z [LOG] 处理自定义协议请求: app://thumbnail/comp-1748072759364-g5cywbyun7jlop94.jpg
2025-05-24T08:46:54.883Z [LOG] 缩略图路径: D:\code\cursor\looklook\userdata\thumbnails\comp-1748072759364-g5cywbyun7jlop94.jpg
2025-05-24T08:46:54.883Z [LOG] 处理自定义协议请求: app://thumbnail/comp-1748072742770-hwtkhlvgq9qc070l.jpg
2025-05-24T08:46:54.884Z [LOG] 缩略图路径: D:\code\cursor\looklook\userdata\thumbnails\comp-1748072742770-hwtkhlvgq9qc070l.jpg
2025-05-24T08:46:54.885Z [LOG] 处理自定义协议请求: app://thumbnail/comp-1748072763454-1nlaofitsnz95hie.jpg
2025-05-24T08:46:54.885Z [LOG] 缩略图路径: D:\code\cursor\looklook\userdata\thumbnails\comp-1748072763454-1nlaofitsnz95hie.jpg
2025-05-24T08:47:00.929Z [LOG] 准备压缩 1 个视频
2025-05-24T08:47:00.930Z [COMPRESS] 准备压缩 1 个视频
2025-05-24T08:47:00.932Z [LOG] 开始处理视频: 1538673501-1-192_原文件.mp4
2025-05-24T08:47:00.933Z [COMPRESS] 开始处理视频: 1538673501-1-192_原文件.mp4
2025-05-24T08:47:01.041Z [LOG] 开始压缩视频: D:\Users\Videos\测试长视频\1538673501-1-192_原文件.mp4 -> D:\Users\Videos\测试长视频\1538673501-1-192_原文件_正在压缩.mp4
2025-05-24T08:47:01.042Z [COMPRESS] 开始压缩视频: D:\Users\Videos\测试长视频\1538673501-1-192_原文件.mp4 -> D:\Users\Videos\测试长视频\1538673501-1-192_原文件_正在压缩.mp4
2025-05-24T08:47:01.042Z [PATH] 尝试获取FFmpeg路径
2025-05-24T08:47:01.042Z [LOG] 使用配置的FFmpeg路径: D:\code\cursor\looklook\node_modules\ffmpeg-static\ffmpeg.exe
2025-05-24T08:47:01.042Z [PATH] 使用配置的FFmpeg路径: D:\code\cursor\looklook\node_modules\ffmpeg-static\ffmpeg.exe
2025-05-24T08:47:01.043Z [LOG] ffmpeg命令: D:\code\cursor\looklook\node_modules\ffmpeg-static\ffmpeg.exe -i D:\Users\Videos\测试长视频\1538673501-1-192_原文件.mp4 -c:v libx265 -crf 28 -preset medium -c:a aac -b:a 128k -movflags +faststart -pix_fmt yuv420p -y D:\Users\Videos\测试长视频\1538673501-1-192_原文件_正在压缩.mp4
2025-05-24T08:47:01.043Z [COMPRESS] ffmpeg命令: D:\code\cursor\looklook\node_modules\ffmpeg-static\ffmpeg.exe -i D:\Users\Videos\测试长视频\1538673501-1-192_原文件.mp4 -c:v libx265 -crf 28 -preset medium -c:a aac -b:a 128k -movflags +faststart -pix_fmt yuv420p -y D:\Users\Videos\测试长视频\1538673501-1-192_原文件_正在压缩.mp4
2025-05-24T08:47:10.231Z [LOG] 用户暂停压缩视频
2025-05-24T08:47:10.231Z [COMPRESS] 用户暂停压缩视频
2025-05-24T08:47:10.231Z [LOG] 终止当前压缩进程: 1538673501-1-192_原文件.mp4
2025-05-24T08:47:10.232Z [COMPRESS] 终止当前压缩进程: 1538673501-1-192_原文件.mp4
2025-05-24T08:47:10.280Z [LOG] 压缩已暂停，将当前任务重新加入队列
2025-05-24T08:47:10.281Z [COMPRESS] 压缩已暂停，将当前任务重新加入队列
2025-05-24T08:47:10.281Z [LOG] 已删除临时文件: D:\Users\Videos\测试长视频\1538673501-1-192_原文件_正在压缩.mp4
2025-05-24T08:47:10.282Z [COMPRESS] 已删除临时文件: D:\Users\Videos\测试长视频\1538673501-1-192_原文件_正在压缩.mp4
2025-05-24T08:47:12.209Z [LOG] 用户取消批量压缩任务
2025-05-24T08:47:12.210Z [COMPRESS] 用户取消批量压缩任务
2025-05-24T08:58:44.442Z 日志开始 - 2025-05-24T08:58:44.441Z - 应用版本: 2.1.2 - 运行环境: 开发环境
2025-05-24T08:58:44.442Z 系统信息: win32 x64 - Node.js 18.18.2
2025-05-24T08:58:44.443Z App路径: D:\code\cursor\looklook
2025-05-24T08:58:44.443Z 可执行文件路径: D:\code\cursor\looklook\node_modules\electron\dist\electron.exe
2025-05-24T08:58:44.443Z [LOG] 日志文件已创建: D:\code\cursor\looklook\userdata\logs\app-2025-05-24.log
2025-05-24T08:58:44.444Z [ERROR] 设置控制台编码失败: process.stdout.setEncoding is not a function
2025-05-24T08:58:44.444Z [LOG] 应用准备就绪
2025-05-24T08:58:44.444Z [ENV] 运行模式: 开发环境
2025-05-24T08:58:44.444Z [ENV] 应用路径: D:\code\cursor\looklook
2025-05-24T08:58:44.444Z [ENV] 可执行文件路径: D:\code\cursor\looklook\node_modules\electron\dist\electron.exe
2025-05-24T08:58:44.444Z [ENV] 用户数据路径: D:\code\cursor\looklook\userdata
2025-05-24T08:58:44.445Z [FFMPEG_COPY] 开发环境中无需复制FFmpeg和FFprobe
2025-05-24T08:58:44.445Z [LOG] 用户数据目录: D:\code\cursor\looklook\userdata
2025-05-24T08:58:44.445Z [LOG] 缩略图目录: D:\code\cursor\looklook\userdata\thumbnails
2025-05-24T08:58:44.446Z [LOG] 设置文件已存在，无需创建默认设置
2025-05-24T08:58:44.449Z [LOG] 打包状态: 开发环境
2025-05-24T08:58:44.449Z [LOG] App Path: D:\code\cursor\looklook
2025-05-24T08:58:44.449Z [LOG] Exe Path: D:\code\cursor\looklook\node_modules\electron\dist\electron.exe
2025-05-24T08:58:44.450Z [LOG] 应用目录: D:\code\cursor\looklook\node_modules\electron\dist
2025-05-24T08:58:44.450Z [LOG] 资源目录: D:\code\cursor\looklook\node_modules\electron\dist\resources
2025-05-24T08:58:44.450Z [TEST] 开始测试FFmpeg和FFprobe可执行性
2025-05-24T08:58:44.450Z [TEST] 打包状态: 开发环境
2025-05-24T08:58:44.451Z [TEST] App路径: D:\code\cursor\looklook
2025-05-24T08:58:44.451Z [TEST] 可执行文件路径: D:\code\cursor\looklook\node_modules\electron\dist\electron.exe
2025-05-24T08:58:44.451Z [TEST] 应用目录: D:\code\cursor\looklook\node_modules\electron\dist
2025-05-24T08:58:44.451Z [TEST] 资源目录: D:\code\cursor\looklook\node_modules\electron\dist\resources
2025-05-24T08:58:44.451Z [LOG] 检查node_modules路径: D:\code\cursor\looklook\node_modules\electron\dist\resources\node_modules, 存在: false
2025-05-24T08:58:44.452Z [TEST] 检查node_modules路径: D:\code\cursor\looklook\node_modules\electron\dist\resources\node_modules, 存在: false
2025-05-24T08:58:44.452Z [LOG] 检查node_modules路径: D:\code\cursor\looklook\node_modules\electron\dist\node_modules, 存在: false
2025-05-24T08:58:44.452Z [TEST] 检查node_modules路径: D:\code\cursor\looklook\node_modules\electron\dist\node_modules, 存在: false
2025-05-24T08:58:44.453Z [LOG] 检查node_modules路径: D:\code\cursor\looklook\node_modules, 存在: true
2025-05-24T08:58:44.453Z [TEST] 检查node_modules路径: D:\code\cursor\looklook\node_modules, 存在: true
2025-05-24T08:58:44.453Z [TEST] D:\code\cursor\looklook\node_modules 中内容: .bin, .package-lock.json, 7zip-bin, @derhuerst, @develar, @electron, @isaacs, @malept, @pkgjs, @sindresorhus, @szmarczak, @tootallnate, @types, @xmldom, agent-base, ajv, ajv-formats, ajv-keywords, ansi-regex, ansi-styles, app-builder-bin, app-builder-lib, archiver, archiver-utils, argparse, async, async-exit-hook, asynckit, at-least-node, atomically, balanced-match, base64-js, binary-search-tree, bl, bluebird, bluebird-lst, boolean, brace-expansion, buffer, buffer-crc32, buffer-equal, buffer-from, builder-util, builder-util-runtime, cacheable-lookup, cacheable-request, call-bind-apply-helpers, caseless, chalk, chownr, chromium-pickle-js, ci-info, cliui, clone-response, color-convert, color-name, combined-stream, commander, compare-version, compress-commons, concat-map, concat-stream, conf, config-file-ts, core-util-is, crc-32, crc32-stream, cross-spawn, debounce-fn, debug, decompress-response, defer-to-connect, define-data-property, define-properties, delayed-stream, detect-node, dir-compare, dmg-builder, dot-prop, dotenv, dotenv-expand, dunder-proto, eastasianwidth, ejs, electron, electron-builder, electron-builder-squirrel-windows, electron-publish, electron-store, emoji-regex, end-of-stream, env-paths, err-code, es-define-property, es-errors, es-object-atoms, es-set-tostringtag, es6-error, escalade, escape-string-regexp, extract-zip, fast-deep-equal, fast-json-stable-stringify, fast-uri, fd-slicer, ffmpeg-static, ffprobe-static, filelist, fluent-ffmpeg, foreground-child, form-data, fs-constants, fs-extra, fs-minipass, fs.realpath, function-bind, get-caller-file, get-intrinsic, get-proto, get-stream, glob, global-agent, globalthis, gopd, got, graceful-fs, has-flag, has-property-descriptors, has-symbols, has-tostringtag, hasown, hosted-git-info, http-cache-semantics, http-proxy-agent, http-response-object, http2-wrapper, https-proxy-agent, iconv-lite, ieee754, immediate, inflight, inherits, is-ci, is-fullwidth-code-point, isarray, isbinaryfile, isexe, jackspeak, jake, js-yaml, json-buffer, json-schema-traverse, json-schema-typed, json-stringify-safe, json5, jsonfile, keyv, lazy-val, lazystream, lie, localforage, lodash, lodash.defaults, lodash.difference, lodash.flatten, lodash.isplainobject, lodash.union, lowercase-keys, lru-cache, matcher, math-intrinsics, mime, mime-db, mime-types, mimic-function, mimic-response, minimatch, minimist, minipass, minizlib, mkdirp, ms, nedb, normalize-path, normalize-url, object-keys, once, p-cancelable, package-json-from-dist, parse-cache-control, path-is-absolute, path-key, path-scurry, pend, plist, process-nextick-args, progress, promise-retry, pump, punycode, quick-lru, read-config-file, readable-stream, readdir-glob, require-directory, require-from-string, resolve-alpn, responselike, retry, rimraf, roarr, safe-buffer, safer-buffer, sanitize-filename, sax, semver, semver-compare, serialize-error, shebang-command, shebang-regex, signal-exit, simple-update-notifier, source-map, source-map-support, sprintf-js, stat-mode, string-width, string-width-cjs, string_decoder, strip-ansi, strip-ansi-cjs, stubborn-fs, sumchecker, supports-color, tar, tar-stream, temp-file, tmp, tmp-promise, truncate-utf8-bytes, type-fest, typedarray, typescript, uint8array-extras, underscore, undici-types, universalify, uri-js, utf8-byte-length, util-deprecate, when-exit, which, wrap-ansi, wrap-ansi-cjs, wrappy, xmlbuilder, y18n, yallist, yargs, yargs-parser, yauzl, zip-stream
2025-05-24T08:58:44.453Z [TEST] ffmpeg-static存在于 D:\code\cursor\looklook\node_modules\ffmpeg-static
2025-05-24T08:58:44.454Z [TEST] ffmpeg-static内容: example.js, ffmpeg.exe, index.js, install.js, LICENSE, package.json, README.md, types
2025-05-24T08:58:44.454Z [TEST] ffprobe-static存在于 D:\code\cursor\looklook\node_modules\ffprobe-static
2025-05-24T08:58:44.454Z [TEST] ffprobe-static内容: bin, index.js, LICENSE, package.json, README.md, tests
2025-05-24T08:58:44.454Z [TEST] ffprobe-static/bin内容: darwin, linux, win32
2025-05-24T08:58:44.454Z [TEST] ffprobe-static/bin/win32内容: ia32, x64
2025-05-24T08:58:44.455Z [TEST] ffprobe-static/bin/win32/x64内容: ffprobe.exe
2025-05-24T08:58:44.455Z [LOG] 测试FFmpeg可执行性...
2025-05-24T08:58:44.455Z [TEST] 开始测试FFmpeg可执行性
2025-05-24T08:58:44.456Z [LOG] FFmpeg文件存在: D:\code\cursor\looklook\node_modules\ffmpeg-static\ffmpeg.exe
2025-05-24T08:58:44.456Z [TEST] FFmpeg文件存在: D:\code\cursor\looklook\node_modules\ffmpeg-static\ffmpeg.exe
2025-05-24T08:58:44.456Z [LOG] FFmpeg有执行权限
2025-05-24T08:58:44.456Z [TEST] FFmpeg有执行权限
2025-05-24T08:58:44.488Z [LOG] 测试FFprobe可执行性...
2025-05-24T08:58:44.489Z [LOG] FFprobe文件存在: D:\code\cursor\looklook\node_modules\ffprobe-static\bin\win32\x64\ffprobe.exe
2025-05-24T08:58:44.489Z [LOG] FFprobe有执行权限
2025-05-24T08:58:44.552Z [LOG] 注册IPC事件处理程序...
2025-05-24T08:58:44.553Z [LOG] IPC事件处理程序注册完成
2025-05-24T08:58:44.558Z [LOG] FFprobe执行测试成功: ffprobe version 4.0.2 Copyright (c) 2007-2018 the FFmpeg developers
2025-05-24T08:58:44.559Z [LOG] FFmpeg执行测试成功: ffmpeg version 7.1.1-essentials_build-www.gyan.dev Copyright (c) 2000-2025 the FFmpeg developers
2025-05-24T08:58:44.559Z [TEST] FFmpeg执行测试成功: ffmpeg version 7.1.1-essentials_build-www.gyan.dev Copyright (c) 2000-2025 the FFmpeg developers
2025-05-24T08:58:44.559Z [LOG] FFprobe执行测试成功: ffprobe version 4.0.2 Copyright (c) 2007-2018 the FFmpeg developers
2025-05-24T08:58:44.559Z [LOG] FFmpeg执行测试成功: ffmpeg version 7.1.1-essentials_build-www.gyan.dev Copyright (c) 2000-2025 the FFmpeg developers
2025-05-24T08:58:44.559Z [TEST] FFmpeg执行测试成功: ffmpeg version 7.1.1-essentials_build-www.gyan.dev Copyright (c) 2000-2025 the FFmpeg developers
2025-05-24T08:58:44.589Z [LOG] 已加载 12 个视频记录
2025-05-24T08:58:44.590Z [LOG] 开始检查是否存在重复视频记录...
2025-05-24T08:58:44.590Z [LOG] 没有发现重复视频记录
2025-05-24T08:58:44.591Z [LOG] 已加载枚举值[collection]: 4个
2025-05-24T08:58:44.592Z [LOG] 已加载枚举值[actors]: 0个
2025-05-24T08:58:44.592Z [LOG] 开始检查 12 个视频文件是否存在...
2025-05-24T08:58:44.604Z [LOG] 视频文件检查完成，共检查 12 个文件，发现 0 个问题
2025-05-24T08:58:44.604Z [LOG] 数据库模块初始化完成
2025-05-24T08:58:44.706Z [LOG] 处理get-videos请求
2025-05-24T08:58:44.710Z [LOG] 处理get-enum-values请求: collection
2025-05-24T08:58:44.711Z [LOG] 处理get-enum-values请求: actors
2025-05-24T08:58:44.744Z [LOG] 处理自定义协议请求: app://thumbnail/1748070913943-RDpcVXNl.jpg
2025-05-24T08:58:44.745Z [LOG] 缩略图路径: D:\code\cursor\looklook\userdata\thumbnails\1748070913943-RDpcVXNl.jpg
2025-05-24T08:58:44.745Z [LOG] 处理自定义协议请求: app://thumbnail/comp-1748073122633-f3kihgv8n6c86iyo.jpg
2025-05-24T08:58:44.745Z [LOG] 缩略图路径: D:\code\cursor\looklook\userdata\thumbnails\comp-1748073122633-f3kihgv8n6c86iyo.jpg
2025-05-24T08:58:44.746Z [LOG] 处理自定义协议请求: app://thumbnail/comp-1748072726293-i51fmaebsqt88nzo.jpg
2025-05-24T08:58:44.746Z [LOG] 缩略图路径: D:\code\cursor\looklook\userdata\thumbnails\comp-1748072726293-i51fmaebsqt88nzo.jpg
2025-05-24T08:58:44.747Z [LOG] 处理自定义协议请求: app://thumbnail/comp-1748072747057-wq4fbx0njxn8s029.jpg
2025-05-24T08:58:44.747Z [LOG] 缩略图路径: D:\code\cursor\looklook\userdata\thumbnails\comp-1748072747057-wq4fbx0njxn8s029.jpg
2025-05-24T08:58:44.748Z [LOG] 处理自定义协议请求: app://thumbnail/comp-1748072730442-ogkax688yi0cspdc.jpg
2025-05-24T08:58:44.748Z [LOG] 缩略图路径: D:\code\cursor\looklook\userdata\thumbnails\comp-1748072730442-ogkax688yi0cspdc.jpg
2025-05-24T08:58:44.749Z [LOG] 处理自定义协议请求: app://thumbnail/comp-1748072751152-ndf6a5td7g2rh9lr.jpg
2025-05-24T08:58:44.749Z [LOG] 缩略图路径: D:\code\cursor\looklook\userdata\thumbnails\comp-1748072751152-ndf6a5td7g2rh9lr.jpg
2025-05-24T08:58:44.750Z [LOG] 处理自定义协议请求: app://thumbnail/comp-1748072734525-ag0i8tsli4udj359.jpg
2025-05-24T08:58:44.750Z [LOG] 缩略图路径: D:\code\cursor\looklook\userdata\thumbnails\comp-1748072734525-ag0i8tsli4udj359.jpg
2025-05-24T08:58:44.751Z [LOG] 处理自定义协议请求: app://thumbnail/comp-1748072755241-kbf856ecf6i4lo0c.jpg
2025-05-24T08:58:44.751Z [LOG] 缩略图路径: D:\code\cursor\looklook\userdata\thumbnails\comp-1748072755241-kbf856ecf6i4lo0c.jpg
2025-05-24T08:58:44.752Z [LOG] 处理get-enum-values请求: collection
2025-05-24T08:58:44.753Z [LOG] 处理自定义协议请求: app://thumbnail/comp-1748072738637-2uf633jqrvers0jb.jpg
2025-05-24T08:58:44.753Z [LOG] 缩略图路径: D:\code\cursor\looklook\userdata\thumbnails\comp-1748072738637-2uf633jqrvers0jb.jpg
2025-05-24T08:58:44.754Z [LOG] 处理自定义协议请求: app://thumbnail/comp-1748072759364-g5cywbyun7jlop94.jpg
2025-05-24T08:58:44.754Z [LOG] 缩略图路径: D:\code\cursor\looklook\userdata\thumbnails\comp-1748072759364-g5cywbyun7jlop94.jpg
2025-05-24T08:58:44.755Z [LOG] 处理自定义协议请求: app://thumbnail/comp-1748072742770-hwtkhlvgq9qc070l.jpg
2025-05-24T08:58:44.755Z [LOG] 缩略图路径: D:\code\cursor\looklook\userdata\thumbnails\comp-1748072742770-hwtkhlvgq9qc070l.jpg
2025-05-24T08:58:44.755Z [LOG] 处理自定义协议请求: app://thumbnail/comp-1748072763454-1nlaofitsnz95hie.jpg
2025-05-24T08:58:44.756Z [LOG] 缩略图路径: D:\code\cursor\looklook\userdata\thumbnails\comp-1748072763454-1nlaofitsnz95hie.jpg
2025-05-24T08:58:44.757Z [LOG] 处理get-enum-values请求: actors
2025-05-24T08:58:51.817Z [LOG] 检查GPU编码支持
2025-05-24T08:58:51.818Z [COMPRESS] 检查GPU编码支持
2025-05-24T08:58:51.818Z [PATH] 尝试获取FFmpeg路径
2025-05-24T08:58:51.819Z [LOG] 使用配置的FFmpeg路径: D:\code\cursor\looklook\node_modules\ffmpeg-static\ffmpeg.exe
2025-05-24T08:58:51.819Z [PATH] 使用配置的FFmpeg路径: D:\code\cursor\looklook\node_modules\ffmpeg-static\ffmpeg.exe
2025-05-24T08:58:51.888Z [LOG] GPU编码支持检查结果: 支持
2025-05-24T08:58:51.889Z [COMPRESS] GPU编码支持检查结果: 支持
2025-05-24T08:58:51.890Z [LOG] 准备压缩 1 个视频
2025-05-24T08:58:51.890Z [COMPRESS] 准备压缩 1 个视频
2025-05-24T08:58:51.891Z [LOG] 开始处理视频: 1538673501-1-192_原文件.mp4
2025-05-24T08:58:51.891Z [COMPRESS] 开始处理视频: 1538673501-1-192_原文件.mp4
2025-05-24T08:58:51.996Z [LOG] 开始压缩视频: D:\Users\Videos\测试长视频\1538673501-1-192_原文件.mp4 -> D:\Users\Videos\测试长视频\1538673501-1-192_原文件_正在压缩.mp4
2025-05-24T08:58:51.996Z [COMPRESS] 开始压缩视频: D:\Users\Videos\测试长视频\1538673501-1-192_原文件.mp4 -> D:\Users\Videos\测试长视频\1538673501-1-192_原文件_正在压缩.mp4
2025-05-24T08:58:51.996Z [PATH] 尝试获取FFmpeg路径
2025-05-24T08:58:51.996Z [LOG] 使用配置的FFmpeg路径: D:\code\cursor\looklook\node_modules\ffmpeg-static\ffmpeg.exe
2025-05-24T08:58:51.997Z [PATH] 使用配置的FFmpeg路径: D:\code\cursor\looklook\node_modules\ffmpeg-static\ffmpeg.exe
2025-05-24T08:58:51.997Z [LOG] ffmpeg命令: D:\code\cursor\looklook\node_modules\ffmpeg-static\ffmpeg.exe -i D:\Users\Videos\测试长视频\1538673501-1-192_原文件.mp4 -c:v hevc_nvenc -preset p4 -profile:v main -rc:v vbr -qmin 0 -qmax 28 -b:v 0 -c:a aac -b:a 128k -movflags +faststart -pix_fmt yuv420p -y D:\Users\Videos\测试长视频\1538673501-1-192_原文件_正在压缩.mp4
2025-05-24T08:58:51.998Z [COMPRESS] ffmpeg命令: D:\code\cursor\looklook\node_modules\ffmpeg-static\ffmpeg.exe -i D:\Users\Videos\测试长视频\1538673501-1-192_原文件.mp4 -c:v hevc_nvenc -preset p4 -profile:v main -rc:v vbr -qmin 0 -qmax 28 -b:v 0 -c:a aac -b:a 128k -movflags +faststart -pix_fmt yuv420p -y D:\Users\Videos\测试长视频\1538673501-1-192_原文件_正在压缩.mp4
2025-05-24T08:58:52.616Z [ERROR] 处理视频 1538673501-1-192_原文件.mp4 失败: {}
2025-05-24T08:58:52.617Z [COMPRESS] 处理视频 1538673501-1-192_原文件.mp4 失败: GPU加速不可用：显卡驱动版本过低或硬件不支持，请更新驱动或使用标准模式
2025-05-24T08:58:52.617Z [LOG] 已删除未完成的输出文件: D:\Users\Videos\测试长视频\1538673501-1-192_原文件_正在压缩.mp4
2025-05-24T08:58:52.617Z [COMPRESS] 已删除未完成的输出文件: D:\Users\Videos\测试长视频\1538673501-1-192_原文件_正在压缩.mp4
2025-05-24T08:58:52.927Z [LOG] 所有压缩任务已完成
2025-05-24T08:58:52.927Z [COMPRESS] 所有压缩任务已完成
2025-05-24T08:58:57.619Z [LOG] 用户取消批量压缩任务
2025-05-24T08:58:57.620Z [COMPRESS] 用户取消批量压缩任务
2025-05-24T09:02:08.159Z 日志开始 - 2025-05-24T09:02:08.158Z - 应用版本: 2.1.2 - 运行环境: 开发环境
2025-05-24T09:02:08.159Z 系统信息: win32 x64 - Node.js 18.18.2
2025-05-24T09:02:08.159Z App路径: D:\code\cursor\looklook
2025-05-24T09:02:08.159Z 可执行文件路径: D:\code\cursor\looklook\node_modules\electron\dist\electron.exe
2025-05-24T09:02:08.159Z [LOG] 日志文件已创建: D:\code\cursor\looklook\userdata\logs\app-2025-05-24.log
2025-05-24T09:02:08.160Z [ERROR] 设置控制台编码失败: process.stdout.setEncoding is not a function
2025-05-24T09:02:08.160Z [LOG] 应用准备就绪
2025-05-24T09:02:08.160Z [ENV] 运行模式: 开发环境
2025-05-24T09:02:08.160Z [ENV] 应用路径: D:\code\cursor\looklook
2025-05-24T09:02:08.161Z [ENV] 可执行文件路径: D:\code\cursor\looklook\node_modules\electron\dist\electron.exe
2025-05-24T09:02:08.161Z [ENV] 用户数据路径: D:\code\cursor\looklook\userdata
2025-05-24T09:02:08.161Z [FFMPEG_COPY] 开发环境中无需复制FFmpeg和FFprobe
2025-05-24T09:02:08.161Z [LOG] 用户数据目录: D:\code\cursor\looklook\userdata
2025-05-24T09:02:08.162Z [LOG] 缩略图目录: D:\code\cursor\looklook\userdata\thumbnails
2025-05-24T09:02:08.162Z [LOG] 设置文件已存在，无需创建默认设置
2025-05-24T09:02:08.165Z [LOG] 打包状态: 开发环境
2025-05-24T09:02:08.165Z [LOG] App Path: D:\code\cursor\looklook
2025-05-24T09:02:08.166Z [LOG] Exe Path: D:\code\cursor\looklook\node_modules\electron\dist\electron.exe
2025-05-24T09:02:08.166Z [LOG] 应用目录: D:\code\cursor\looklook\node_modules\electron\dist
2025-05-24T09:02:08.167Z [LOG] 资源目录: D:\code\cursor\looklook\node_modules\electron\dist\resources
2025-05-24T09:02:08.167Z [TEST] 开始测试FFmpeg和FFprobe可执行性
2025-05-24T09:02:08.167Z [TEST] 打包状态: 开发环境
2025-05-24T09:02:08.167Z [TEST] App路径: D:\code\cursor\looklook
2025-05-24T09:02:08.167Z [TEST] 可执行文件路径: D:\code\cursor\looklook\node_modules\electron\dist\electron.exe
2025-05-24T09:02:08.167Z [TEST] 应用目录: D:\code\cursor\looklook\node_modules\electron\dist
2025-05-24T09:02:08.167Z [TEST] 资源目录: D:\code\cursor\looklook\node_modules\electron\dist\resources
2025-05-24T09:02:08.168Z [LOG] 检查node_modules路径: D:\code\cursor\looklook\node_modules\electron\dist\resources\node_modules, 存在: false
2025-05-24T09:02:08.168Z [TEST] 检查node_modules路径: D:\code\cursor\looklook\node_modules\electron\dist\resources\node_modules, 存在: false
2025-05-24T09:02:08.168Z [LOG] 检查node_modules路径: D:\code\cursor\looklook\node_modules\electron\dist\node_modules, 存在: false
2025-05-24T09:02:08.169Z [TEST] 检查node_modules路径: D:\code\cursor\looklook\node_modules\electron\dist\node_modules, 存在: false
2025-05-24T09:02:08.169Z [LOG] 检查node_modules路径: D:\code\cursor\looklook\node_modules, 存在: true
2025-05-24T09:02:08.169Z [TEST] 检查node_modules路径: D:\code\cursor\looklook\node_modules, 存在: true
2025-05-24T09:02:08.169Z [TEST] D:\code\cursor\looklook\node_modules 中内容: .bin, .package-lock.json, 7zip-bin, @derhuerst, @develar, @electron, @isaacs, @malept, @pkgjs, @sindresorhus, @szmarczak, @tootallnate, @types, @xmldom, agent-base, ajv, ajv-formats, ajv-keywords, ansi-regex, ansi-styles, app-builder-bin, app-builder-lib, archiver, archiver-utils, argparse, async, async-exit-hook, asynckit, at-least-node, atomically, balanced-match, base64-js, binary-search-tree, bl, bluebird, bluebird-lst, boolean, brace-expansion, buffer, buffer-crc32, buffer-equal, buffer-from, builder-util, builder-util-runtime, cacheable-lookup, cacheable-request, call-bind-apply-helpers, caseless, chalk, chownr, chromium-pickle-js, ci-info, cliui, clone-response, color-convert, color-name, combined-stream, commander, compare-version, compress-commons, concat-map, concat-stream, conf, config-file-ts, core-util-is, crc-32, crc32-stream, cross-spawn, debounce-fn, debug, decompress-response, defer-to-connect, define-data-property, define-properties, delayed-stream, detect-node, dir-compare, dmg-builder, dot-prop, dotenv, dotenv-expand, dunder-proto, eastasianwidth, ejs, electron, electron-builder, electron-builder-squirrel-windows, electron-publish, electron-store, emoji-regex, end-of-stream, env-paths, err-code, es-define-property, es-errors, es-object-atoms, es-set-tostringtag, es6-error, escalade, escape-string-regexp, extract-zip, fast-deep-equal, fast-json-stable-stringify, fast-uri, fd-slicer, ffmpeg-static, ffprobe-static, filelist, fluent-ffmpeg, foreground-child, form-data, fs-constants, fs-extra, fs-minipass, fs.realpath, function-bind, get-caller-file, get-intrinsic, get-proto, get-stream, glob, global-agent, globalthis, gopd, got, graceful-fs, has-flag, has-property-descriptors, has-symbols, has-tostringtag, hasown, hosted-git-info, http-cache-semantics, http-proxy-agent, http-response-object, http2-wrapper, https-proxy-agent, iconv-lite, ieee754, immediate, inflight, inherits, is-ci, is-fullwidth-code-point, isarray, isbinaryfile, isexe, jackspeak, jake, js-yaml, json-buffer, json-schema-traverse, json-schema-typed, json-stringify-safe, json5, jsonfile, keyv, lazy-val, lazystream, lie, localforage, lodash, lodash.defaults, lodash.difference, lodash.flatten, lodash.isplainobject, lodash.union, lowercase-keys, lru-cache, matcher, math-intrinsics, mime, mime-db, mime-types, mimic-function, mimic-response, minimatch, minimist, minipass, minizlib, mkdirp, ms, nedb, normalize-path, normalize-url, object-keys, once, p-cancelable, package-json-from-dist, parse-cache-control, path-is-absolute, path-key, path-scurry, pend, plist, process-nextick-args, progress, promise-retry, pump, punycode, quick-lru, read-config-file, readable-stream, readdir-glob, require-directory, require-from-string, resolve-alpn, responselike, retry, rimraf, roarr, safe-buffer, safer-buffer, sanitize-filename, sax, semver, semver-compare, serialize-error, shebang-command, shebang-regex, signal-exit, simple-update-notifier, source-map, source-map-support, sprintf-js, stat-mode, string-width, string-width-cjs, string_decoder, strip-ansi, strip-ansi-cjs, stubborn-fs, sumchecker, supports-color, tar, tar-stream, temp-file, tmp, tmp-promise, truncate-utf8-bytes, type-fest, typedarray, typescript, uint8array-extras, underscore, undici-types, universalify, uri-js, utf8-byte-length, util-deprecate, when-exit, which, wrap-ansi, wrap-ansi-cjs, wrappy, xmlbuilder, y18n, yallist, yargs, yargs-parser, yauzl, zip-stream
2025-05-24T09:02:08.170Z [TEST] ffmpeg-static存在于 D:\code\cursor\looklook\node_modules\ffmpeg-static
2025-05-24T09:02:08.170Z [TEST] ffmpeg-static内容: example.js, ffmpeg.exe, index.js, install.js, LICENSE, package.json, README.md, types
2025-05-24T09:02:08.170Z [TEST] ffprobe-static存在于 D:\code\cursor\looklook\node_modules\ffprobe-static
2025-05-24T09:02:08.171Z [TEST] ffprobe-static内容: bin, index.js, LICENSE, package.json, README.md, tests
2025-05-24T09:02:08.171Z [TEST] ffprobe-static/bin内容: darwin, linux, win32
2025-05-24T09:02:08.171Z [TEST] ffprobe-static/bin/win32内容: ia32, x64
2025-05-24T09:02:08.171Z [TEST] ffprobe-static/bin/win32/x64内容: ffprobe.exe
2025-05-24T09:02:08.171Z [LOG] 测试FFmpeg可执行性...
2025-05-24T09:02:08.172Z [TEST] 开始测试FFmpeg可执行性
2025-05-24T09:02:08.172Z [LOG] FFmpeg文件存在: D:\code\cursor\looklook\node_modules\ffmpeg-static\ffmpeg.exe
2025-05-24T09:02:08.172Z [TEST] FFmpeg文件存在: D:\code\cursor\looklook\node_modules\ffmpeg-static\ffmpeg.exe
2025-05-24T09:02:08.173Z [LOG] FFmpeg有执行权限
2025-05-24T09:02:08.173Z [TEST] FFmpeg有执行权限
2025-05-24T09:02:08.204Z [LOG] 测试FFprobe可执行性...
2025-05-24T09:02:08.204Z [LOG] FFprobe文件存在: D:\code\cursor\looklook\node_modules\ffprobe-static\bin\win32\x64\ffprobe.exe
2025-05-24T09:02:08.205Z [LOG] FFprobe有执行权限
2025-05-24T09:02:08.277Z [LOG] 注册IPC事件处理程序...
2025-05-24T09:02:08.278Z [LOG] IPC事件处理程序注册完成
2025-05-24T09:02:08.283Z [LOG] FFprobe执行测试成功: ffprobe version 4.0.2 Copyright (c) 2007-2018 the FFmpeg developers
2025-05-24T09:02:08.284Z [LOG] FFmpeg执行测试成功: ffmpeg version 7.1.1-essentials_build-www.gyan.dev Copyright (c) 2000-2025 the FFmpeg developers
2025-05-24T09:02:08.284Z [TEST] FFmpeg执行测试成功: ffmpeg version 7.1.1-essentials_build-www.gyan.dev Copyright (c) 2000-2025 the FFmpeg developers
2025-05-24T09:02:08.284Z [LOG] FFprobe执行测试成功: ffprobe version 4.0.2 Copyright (c) 2007-2018 the FFmpeg developers
2025-05-24T09:02:08.285Z [LOG] FFmpeg执行测试成功: ffmpeg version 7.1.1-essentials_build-www.gyan.dev Copyright (c) 2000-2025 the FFmpeg developers
2025-05-24T09:02:08.285Z [TEST] FFmpeg执行测试成功: ffmpeg version 7.1.1-essentials_build-www.gyan.dev Copyright (c) 2000-2025 the FFmpeg developers
2025-05-24T09:02:08.316Z [LOG] 已加载 12 个视频记录
2025-05-24T09:02:08.316Z [LOG] 开始检查是否存在重复视频记录...
2025-05-24T09:02:08.317Z [LOG] 没有发现重复视频记录
2025-05-24T09:02:08.318Z [LOG] 已加载枚举值[collection]: 4个
2025-05-24T09:02:08.319Z [LOG] 已加载枚举值[actors]: 0个
2025-05-24T09:02:08.319Z [LOG] 开始检查 12 个视频文件是否存在...
2025-05-24T09:02:08.332Z [LOG] 视频文件检查完成，共检查 12 个文件，发现 0 个问题
2025-05-24T09:02:08.333Z [LOG] 数据库模块初始化完成
2025-05-24T09:02:08.436Z [LOG] 处理get-videos请求
2025-05-24T09:02:08.440Z [LOG] 处理get-enum-values请求: collection
2025-05-24T09:02:08.441Z [LOG] 处理get-enum-values请求: actors
2025-05-24T09:02:08.476Z [LOG] 处理自定义协议请求: app://thumbnail/1748070913943-RDpcVXNl.jpg
2025-05-24T09:02:08.476Z [LOG] 缩略图路径: D:\code\cursor\looklook\userdata\thumbnails\1748070913943-RDpcVXNl.jpg
2025-05-24T09:02:08.477Z [LOG] 处理get-enum-values请求: collection
2025-05-24T09:02:08.478Z [LOG] 处理自定义协议请求: app://thumbnail/comp-1748073122633-f3kihgv8n6c86iyo.jpg
2025-05-24T09:02:08.479Z [LOG] 缩略图路径: D:\code\cursor\looklook\userdata\thumbnails\comp-1748073122633-f3kihgv8n6c86iyo.jpg
2025-05-24T09:02:08.479Z [LOG] 处理get-enum-values请求: actors
2025-05-24T09:02:08.480Z [LOG] 处理自定义协议请求: app://thumbnail/comp-1748072726293-i51fmaebsqt88nzo.jpg
2025-05-24T09:02:08.480Z [LOG] 缩略图路径: D:\code\cursor\looklook\userdata\thumbnails\comp-1748072726293-i51fmaebsqt88nzo.jpg
2025-05-24T09:02:08.482Z [LOG] 处理自定义协议请求: app://thumbnail/comp-1748072747057-wq4fbx0njxn8s029.jpg
2025-05-24T09:02:08.482Z [LOG] 缩略图路径: D:\code\cursor\looklook\userdata\thumbnails\comp-1748072747057-wq4fbx0njxn8s029.jpg
2025-05-24T09:02:08.483Z [LOG] 处理自定义协议请求: app://thumbnail/comp-1748072730442-ogkax688yi0cspdc.jpg
2025-05-24T09:02:08.483Z [LOG] 缩略图路径: D:\code\cursor\looklook\userdata\thumbnails\comp-1748072730442-ogkax688yi0cspdc.jpg
2025-05-24T09:02:08.484Z [LOG] 处理自定义协议请求: app://thumbnail/comp-1748072751152-ndf6a5td7g2rh9lr.jpg
2025-05-24T09:02:08.484Z [LOG] 缩略图路径: D:\code\cursor\looklook\userdata\thumbnails\comp-1748072751152-ndf6a5td7g2rh9lr.jpg
2025-05-24T09:02:08.486Z [LOG] 处理自定义协议请求: app://thumbnail/comp-1748072734525-ag0i8tsli4udj359.jpg
2025-05-24T09:02:08.487Z [LOG] 缩略图路径: D:\code\cursor\looklook\userdata\thumbnails\comp-1748072734525-ag0i8tsli4udj359.jpg
2025-05-24T09:02:08.487Z [LOG] 处理自定义协议请求: app://thumbnail/comp-1748072755241-kbf856ecf6i4lo0c.jpg
2025-05-24T09:02:08.488Z [LOG] 缩略图路径: D:\code\cursor\looklook\userdata\thumbnails\comp-1748072755241-kbf856ecf6i4lo0c.jpg
2025-05-24T09:02:08.490Z [LOG] 处理自定义协议请求: app://thumbnail/comp-1748072738637-2uf633jqrvers0jb.jpg
2025-05-24T09:02:08.490Z [LOG] 缩略图路径: D:\code\cursor\looklook\userdata\thumbnails\comp-1748072738637-2uf633jqrvers0jb.jpg
2025-05-24T09:02:08.491Z [LOG] 处理自定义协议请求: app://thumbnail/comp-1748072759364-g5cywbyun7jlop94.jpg
2025-05-24T09:02:08.492Z [LOG] 缩略图路径: D:\code\cursor\looklook\userdata\thumbnails\comp-1748072759364-g5cywbyun7jlop94.jpg
2025-05-24T09:02:08.493Z [LOG] 处理自定义协议请求: app://thumbnail/comp-1748072742770-hwtkhlvgq9qc070l.jpg
2025-05-24T09:02:08.494Z [LOG] 缩略图路径: D:\code\cursor\looklook\userdata\thumbnails\comp-1748072742770-hwtkhlvgq9qc070l.jpg
2025-05-24T09:02:08.495Z [LOG] 处理自定义协议请求: app://thumbnail/comp-1748072763454-1nlaofitsnz95hie.jpg
2025-05-24T09:02:08.496Z [LOG] 缩略图路径: D:\code\cursor\looklook\userdata\thumbnails\comp-1748072763454-1nlaofitsnz95hie.jpg
2025-05-24T09:02:13.231Z [LOG] 准备压缩 1 个视频
2025-05-24T09:02:13.232Z [COMPRESS] 准备压缩 1 个视频
2025-05-24T09:02:13.234Z [LOG] 开始处理视频: 1538673501-1-192_原文件.mp4
2025-05-24T09:02:13.235Z [COMPRESS] 开始处理视频: 1538673501-1-192_原文件.mp4
2025-05-24T09:02:13.346Z [LOG] 开始压缩视频: D:\Users\Videos\测试长视频\1538673501-1-192_原文件.mp4 -> D:\Users\Videos\测试长视频\1538673501-1-192_原文件_正在压缩.mp4
2025-05-24T09:02:13.346Z [COMPRESS] 开始压缩视频: D:\Users\Videos\测试长视频\1538673501-1-192_原文件.mp4 -> D:\Users\Videos\测试长视频\1538673501-1-192_原文件_正在压缩.mp4
2025-05-24T09:02:13.346Z [PATH] 尝试获取FFmpeg路径
2025-05-24T09:02:13.346Z [LOG] 使用配置的FFmpeg路径: D:\code\cursor\looklook\node_modules\ffmpeg-static\ffmpeg.exe
2025-05-24T09:02:13.347Z [PATH] 使用配置的FFmpeg路径: D:\code\cursor\looklook\node_modules\ffmpeg-static\ffmpeg.exe
2025-05-24T09:02:13.347Z [LOG] ffmpeg命令: D:\code\cursor\looklook\node_modules\ffmpeg-static\ffmpeg.exe -i D:\Users\Videos\测试长视频\1538673501-1-192_原文件.mp4 -c:v libx265 -crf 28 -preset medium -c:a aac -b:a 128k -movflags +faststart -pix_fmt yuv420p -y D:\Users\Videos\测试长视频\1538673501-1-192_原文件_正在压缩.mp4
2025-05-24T09:02:13.347Z [COMPRESS] ffmpeg命令: D:\code\cursor\looklook\node_modules\ffmpeg-static\ffmpeg.exe -i D:\Users\Videos\测试长视频\1538673501-1-192_原文件.mp4 -c:v libx265 -crf 28 -preset medium -c:a aac -b:a 128k -movflags +faststart -pix_fmt yuv420p -y D:\Users\Videos\测试长视频\1538673501-1-192_原文件_正在压缩.mp4
2025-05-24T09:02:18.123Z [LOG] 用户暂停压缩视频
2025-05-24T09:02:18.124Z [COMPRESS] 用户暂停压缩视频
2025-05-24T09:02:18.124Z [LOG] 终止当前压缩进程: 1538673501-1-192_原文件.mp4
2025-05-24T09:02:18.124Z [COMPRESS] 终止当前压缩进程: 1538673501-1-192_原文件.mp4
2025-05-24T09:02:18.172Z [LOG] 压缩已暂停，将当前任务重新加入队列
2025-05-24T09:02:18.172Z [COMPRESS] 压缩已暂停，将当前任务重新加入队列
2025-05-24T09:02:18.173Z [LOG] 已删除临时文件: D:\Users\Videos\测试长视频\1538673501-1-192_原文件_正在压缩.mp4
2025-05-24T09:02:18.173Z [COMPRESS] 已删除临时文件: D:\Users\Videos\测试长视频\1538673501-1-192_原文件_正在压缩.mp4
2025-05-24T09:02:18.795Z [LOG] 用户取消批量压缩任务
2025-05-24T09:02:18.796Z [COMPRESS] 用户取消批量压缩任务
